0,1,2,3,4,5,6,7,8,9,10,11,12,13,14,15,16,17,18,19,20,21,22,23,24,25,26,27,28,29,30,31,32,33,34,35,36,37,38,39,40,41,42,43,44,45,46,47,48,49
-0.17702895,0.23724246,-0.1110357,1.4603239,1.1571742,-0.35342252,1.1305501,-0.18979566,-1.8024757,-0.3510299,-0.21759224,-1.5538839,0.42974162,0.53718,1.5048686,-0.429742,1.3701935,-0.42863324,0.5536574,0.65415066,-1.4490957,1.4467787,0.07716891,0.24226277,-2.1358297,0.24691832,1.7279595,-0.61343104,-2.2367346,0.08626807,-0.3195673,0.16206335,-1.0134115,0.59884155,1.2113065,1.458784,-1.0754827,-1.5283642,-0.7192794,-0.05248349,-0.97245187,-1.8083853,-1.0838085,0.7307923,1.523976,1.945174,-1.5545082,0.15927508,2.535056,-0.5306151
-0.5640481,-0.845814,-0.8635329,-0.14446157,-0.8177258,-2.111898,-1.5457959,-1.1831343,-1.5875521,-0.74167746,-1.0287853,-1.5749602,-0.4152064,-0.4030833,2.1177905,1.6152312,-0.20054026,-1.9017026,-0.37960294,2.4184313,0.6629051,0.34465653,1.3137861,-0.3657953,-1.6592888,0.3638664,0.5810108,-0.44882324,-1.1038774,-0.9003816,-0.6637309,-0.13568263,0.61934733,-1.584009,0.62768626,2.1695514,-0.43636733,0.7037769,-0.5541624,1.1667328,0.6673628,-1.1764978,0.7758105,0.22604778,0.82072115,0.3162649,-2.475954,2.0672696,1.3113946,-0.6742258
1.0542797,-0.87290686,1.3122681,-1.552998,0.8522813,1.0536132,-2.347965,1.0719857,-1.3349243,-0.11550434,1.2866337,0.6651221,-1.6338632,-0.9686329,0.10061868,-0.5806363,-0.04687862,-0.7187624,-0.71367234,1.8631027,-1.4883617,-0.39912775,0.11033246,0.20233491,-0.1747198,0.39295343,-1.1526504,1.3029891,-1.5474595,-0.7031663,0.5486272,-1.8221978,0.8457522,0.063412786,-0.7756837,0.045583263,-0.4861879,0.55454886,-1.1567173,-0.21209012,-0.28976953,2.269628,1.5076326,0.8640589,1.3334737,-0.39793164,2.2454371,0.72626305,0.4869975,-0.035582285
-1.1751027,-1.5941886,-1.0011812,0.023901425,-0.56956565,-0.84539354,-0.92032355,0.15109278,0.19789612,1.2144923,0.1124255,1.2713969,2.3814528,-0.057632968,2.214707,0.5852041,0.31326026,-0.8918964,3.2512114,-1.8099309,-3.1442957,-0.47831056,-1.6743646,1.3624498,-0.7268412,-1.2369812,-0.026215566,-0.7064369,-1.9144398,0.87404966,0.5873728,-0.44340646,0.09378205,-0.3697644,0.36866447,-0.5095074,1.2547587,-1.6080602,1.089877,-0.40640712,-0.3320758,1.0427216,2.0960295,0.17787091,-0.04734643,-1.2491033,-0.0697997,0.21509084,-0.3216092,0.5100277
-0.026112223,0.30437365,0.67975605,0.9080895,1.7984684,0.2421004,-0.07513167,-0.36956584,-0.8479716,-0.85081077,0.94091177,-0.26707014,-0.44455895,-0.5989102,0.6561555,1.2791387,0.5716559,1.6381902,0.36165315,-1.7720413,1.5369612,0.43679884,-0.59953445,0.071463145,-1.555031,-0.07253447,-0.0025518774,1.4719176,0.09925056,0.9389832,-1.0453225,-0.97076076,-0.90132725,-0.09602632,-0.71733004,2.0092862,-1.0017171,0.28252724,0.30084524,-0.20790465,-0.5742939,0.469376,1.3869946,1.6282834,-0.85206014,-0.59686536,1.4394679,0.567118,0.5195371,0.9638153
0.06643108,1.2457093,1.6632732,1.264298,-1.2563916,0.32830602,-0.82540655,0.8458119,-0.91464674,-1.424497,0.035421465,0.74879885,-0.12611616,-0.7388747,-1.7943027,-1.4087464,1.2470908,-1.9887338,-1.2953231,-0.48648784,-1.045706,-0.7521469,-0.72042346,2.530465,-0.87767965,-1.2080839,-1.0982474,-2.1531463,1.0476403,0.5572763,2.2014399,0.5808279,-0.5864794,0.5380425,-0.23298673,0.26347622,-0.8582263,0.88315845,1.5168492,0.060611784,0.29815084,0.71771765,-0.987588,0.87584305,-0.124692075,1.1302944,0.3455589,-1.1307085,0.410369,0.723324
-0.12638023,-1.7212055,-0.3151729,-0.20815292,-0.5770172,0.6305084,1.134726,1.3463982,0.25656137,-0.24185723,-0.7434212,-0.29495788,0.90587986,-1.045097,-0.38722652,0.27247506,-1.1455104,-0.38148907,-2.131781,0.6790389,0.5565334,0.12601376,1.2059335,0.60493135,-0.9021389,1.2265637,1.0542665,1.2025892,0.58264,1.2468095,-1.2785072,0.7463954,-0.07739404,-0.7762469,0.21001382,0.1320904,-0.35642496,0.603352,0.009323286,-1.2912186,1.157854,-0.51586413,0.5262344,1.3105682,-0.9780474,-0.079934545,-0.36593163,-0.24155343,-0.13215011,1.3116066
-0.5568381,-0.9904306,1.974779,-1.0535907,-0.0797825,-0.07053042,0.54308814,-1.0912741,-0.8541249,-0.08830455,0.07446827,-1.9109184,0.0072230166,0.10485725,-1.6105059,1.2288327,-0.31834596,1.5585124,0.82646185,-1.0773765,-0.9918053,-0.23177522,-0.79188573,-1.1280758,0.021625245,0.47392878,-0.7523048,0.99876505,0.13787219,-0.40186203,-1.37061,1.1665444,1.0371435,0.027027115,-0.0011864974,2.2994378,1.1792557,-0.3950676,-0.37228364,-0.04320665,-0.9639105,-0.96101207,0.38284868,-2.8663313,-0.77839327,-0.19900683,0.02747415,-1.1956751,-0.8032612,0.45378178
-0.28684184,-0.15579662,1.1498574,-0.05119428,1.0466156,0.5845144,-0.35975364,1.3129246,-0.56399876,-1.5310175,-0.8969757,-0.50493723,0.5116104,0.27624252,-0.5770349,1.1621917,0.13791242,0.17739826,1.6452918,2.4118223,-0.42763543,-0.77483124,1.2074604,0.13671339,-0.76321477,0.5175584,0.31790093,1.2065483,-0.25498527,-0.5203736,-1.3759102,0.29074118,1.016249,-0.60060436,1.03834,-1.0060158,1.3178294,-0.6820592,1.0710897,-1.202101,1.1124198,-1.3966843,0.7036669,-0.15259853,-1.7853906,-0.2629588,0.40186775,-1.8048774,0.47169727,1.7374529
-1.1588179,0.6756001,-0.29582787,-1.7049395,-0.08808628,0.1559668,0.79283595,0.6134047,-0.4208301,-1.0653889,-0.0011962489,2.3954334,-0.3147862,-1.0594754,0.48406136,-0.839346,-0.23732272,-1.0081612,-0.6470133,-0.33521873,-1.8265789,0.08890886,0.5350504,-1.6356971,0.83639914,-0.4646567,-1.7313437,0.87553346,-0.14929608,0.6666675,0.64674115,1.7911754,0.57065505,0.5502005,-1.5416632,0.23525764,0.4468368,0.67531943,-0.17230535,-0.4256595,-0.28391495,0.34175238,0.63746774,-0.3962089,-1.2895631,-0.008417407,1.5225495,2.8928883,-1.9136664,0.6956908
1.0068126,-0.00034637918,-0.37940174,0.39602742,-0.51790565,-1.3053261,-1.3697715,0.043351736,-1.7269452,1.3964161,-1.8500525,0.4666014,0.7131287,-0.3206978,-1.2701676,-0.94400066,0.5771011,-0.8725948,-0.061249953,-0.5392484,0.93568295,2.0840585,1.049075,-0.36301014,-1.5341307,0.74460495,-0.41475564,0.9776658,-0.538726,0.25486192,1.0155076,0.45110855,-1.7527232,-0.5398366,-0.7083945,-1.9154949,0.31169882,1.1617224,-0.30722544,-0.4755052,-0.9947957,-0.77477235,0.46958023,-0.8453185,-0.58195543,-0.32876584,-0.17268008,0.44760966,-1.6203549,-1.2394236
0.6366932,1.3654556,-0.2907253,0.42329705,0.4539613,0.45998207,0.62951326,0.69640213,0.8606207,0.50254726,-0.03415905,-0.19607252,0.5249203,-0.034800965,-0.23199661,-0.48465303,1.6453614,0.38879436,2.4896822,-0.21533893,-0.6262187,-0.020959541,-0.8898425,-0.75235564,-0.5760058,-0.09629298,-1.41019,-0.49252385,-0.60910374,1.4622092,-0.7884409,0.46386096,-0.77009374,-1.7567301,0.042086903,-0.9934743,-0.268189,-0.09606975,0.4290228,-0.9777474,2.2625322,-0.3402627,0.1669092,-0.057523403,0.10481511,0.483908,-0.9428092,-1.332768,-0.6886209,1.0177836
0.13418837,0.73258823,-2.8986433,0.9021815,-0.589081,-0.99262416,0.43012354,-1.9781824,0.5503037,-0.5956004,1.7088385,-0.87612915,1.0437001,-1.472486,-0.36205894,-1.0416157,0.89042866,1.0264367,-0.91809994,0.1430754,-0.2648794,-0.9383882,-0.34304482,-2.145394,0.16987585,2.3893938,1.6625488,0.58392966,-0.83211213,-1.6846323,-0.25999162,-0.8904633,1.6328527,0.2044809,1.250662,-0.8373571,0.071894765,-0.37175718,1.1208107,1.5556604,-1.3865166,0.4544213,-1.0071621,0.5489286,0.7241719,-0.4203372,-2.1624572,0.63460743,-0.5583287,1.1756485
0.708868,-0.6907359,0.100177966,-0.428575,-1.7118459,0.29335687,2.132484,0.43239045,-1.4848505,0.9304859,-1.4177616,-0.44469953,0.86509186,0.46691903,1.345636,-0.7184209,-0.6599453,1.5124395,1.7027984,0.46492663,-0.44229442,-2.5252492,0.079285085,-0.79898703,0.15930271,-3.4260027,0.5608315,-0.235402,0.65057665,0.6841027,1.0330148,-1.0559298,1.0876135,0.6342678,-0.38461033,-1.3770784,0.8624783,-0.27634493,1.1394398,0.24302976,-0.86895037,-0.45224127,1.0290275,-0.5316607,0.48430535,0.08936525,-0.1080821,-1.5890336,-0.09600346,-1.1656662
-0.97536516,-0.014839048,0.6114948,-0.52619654,1.189087,0.22506467,-1.1941029,0.7386531,-0.9130807,-0.012540998,-0.9739261,1.030275,-0.19372694,0.94367874,-0.10892078,2.0765128,-0.31643552,-0.92625374,-0.14936984,-0.20537587,0.07050806,-1.4938717,-0.8194635,1.1818672,0.83842784,-0.46255875,-0.5464127,-2.2503,0.55813247,-0.15882225,0.157026,0.23043032,-0.47831777,-0.7441708,-1.5702226,-1.0685692,-0.76889414,0.77854556,0.09324189,0.72316676,-0.7136627,-1.3553175,-0.12582238,0.46265933,0.08906458,-0.13951983,-1.329861,0.84958196,-0.5723102,-0.59579086
-0.45587885,-0.6714741,-1.881472,-0.1584371,-0.94310874,2.9422038,0.15532792,-1.2511749,1.7553918,0.45674977,0.5128094,0.33197758,0.269805,-1.0450842,-0.81995076,-1.8374251,-0.030442184,1.3376045,0.13167931,0.2717468,-1.8461828,0.09101562,-0.09553048,-0.11429521,-0.6056289,-0.8204347,-0.6954258,0.48899367,0.3195052,0.23745485,-0.35404068,-0.43513554,1.645242,0.2931315,-1.1470239,-1.8310639,0.27579337,0.94833744,0.2954856,0.7002554,-1.1064059,-2.244806,0.28946117,-0.793852,-0.19325052,1.1613544,1.4199697,0.96587926,-0.54536474,-1.1543708
0.7982807,0.9416235,0.5240374,0.5993182,-0.44517857,-1.0647773,0.94983953,1.0485551,0.26696172,-0.53351474,0.643339,0.5501415,-0.70014393,-1.3775688,0.4546597,0.19365719,0.122692876,1.1151582,2.600648,-0.34750247,-1.0290511,1.627397,0.86674285,-0.6766207,0.2252695,1.2666059,0.55978066,-0.3871054,-0.38571706,1.5258739,1.07789,-0.5787806,0.18601528,-0.42552435,2.0571828,-1.1792058,0.0016217723,-0.69155735,1.333668,-1.2054484,-0.4968075,-0.73473746,-0.7064158,1.1393119,0.5267893,0.87224084,0.7794662,0.6729513,-0.44451413,0.5514869
-0.37057886,-1.9374579,-1.4750156,-0.010942961,-0.41877124,-0.8485512,-0.7144564,1.8060607,-1.7925156,1.412122,-0.73721725,-0.5892053,0.51774853,-0.076855265,-1.4591327,-0.21019691,-0.17796881,0.27837974,-1.0767728,-0.70769495,0.51199126,0.4762156,1.8991972,0.14056467,2.1590834,1.9789891,-0.2688583,0.95103794,0.33272463,0.6335903,1.3787676,-0.1690153,0.63936585,0.08467316,1.0170559,1.3336543,-0.06768455,-0.6013594,-0.7708179,0.14832406,-0.6447713,-0.6160956,0.32984388,-0.9635479,0.9881494,0.5742178,-0.02660326,0.7460354,1.5833985,-0.554361
-0.34816748,-0.7940446,1.4286788,-0.7075504,-0.020904537,1.6025996,-0.56741345,0.8304425,-0.55478895,1.8097993,-0.68616235,0.24555135,-0.6466949,-0.63227725,0.09832808,-0.6538304,-0.12816672,-0.4135019,0.36790654,0.35249332,-1.6239495,0.9957541,-1.7595857,1.0471786,-0.34304065,-1.2262931,-1.568598,0.9072185,-0.5772144,-0.02580005,0.6817857,-1.3655396,-0.46036053,0.013919763,1.1227463,-1.2077107,-0.15759453,-0.28630605,-0.6127515,-1.0017544,-0.6749186,1.020621,-0.3699564,0.36156473,0.798694,-1.629613,-1.6278707,0.4119067,2.504314,1.1333821
-0.2991322,-0.17145793,-1.1367991,-0.9189708,0.45995837,0.54704505,-0.20807424,0.41810387,-0.23357299,-0.95304215,-0.23701082,0.36318946,-0.5580091,0.035426553,0.19552617,0.7566357,0.14119361,-1.0433277,-0.24194895,1.4377517,-0.537002,-0.0052029737,-0.019002786,0.72612715,0.874222,0.61681384,1.8604583,-1.5821228,-0.17360446,0.9874171,2.39858,0.07830132,2.226701,-0.3704313,-0.5232716,-0.13911603,1.5713758,0.84413546,-1.0208868,1.2086006,-0.35752317,-0.7052063,0.16425478,-0.58950543,-0.26683506,0.19721729,-2.598626,1.1543462,0.20543972,-2.1837916
-0.508591,-0.934604,1.2506528,1.5721712,1.1211559,-1.5436271,-0.049203258,0.94616157,4.0904136,-0.51320946,0.778614,-1.4512413,0.4370103,-0.15158412,0.13552952,-1.3598932,-2.1201966,-0.51940364,-0.9228219,-0.44161153,-0.09572863,-2.8322499,1.198744,-1.1136645,-0.61174536,0.5862472,-0.26846305,1.4929745,0.4094353,-0.8702247,-1.6853714,1.1666204,-0.017622972,0.39352006,0.4138953,0.20870584,-1.2023649,-1.0115963,-0.0002078909,1.6460913,-0.013302935,0.72246206,0.86029613,-0.14554042,2.5247097,-0.55692965,-0.20515773,0.14044613,-0.35631564,1.7216927
-0.6871914,-1.175234,-0.22687943,1.1494886,0.35898924,0.6974306,0.68384564,-1.8273662,0.6915324,-0.17002286,-1.9080509,-0.23390023,-1.3317336,-0.55092764,-1.4562162,-0.32596308,0.3175358,0.012548218,0.15245081,2.147314,-2.7025132,1.0680013,0.83256346,-0.14085008,1.5418103,1.1743687,-2.6845586,0.89670813,-0.04532631,0.49046314,-0.10920837,-1.0698731,-1.0311614,0.6994148,-1.7650456,0.64629793,1.6842043,-1.366228,-2.6089156,-2.2707872,0.68385553,0.12302898,-0.24213496,-0.39195657,0.9794554,1.1510677,-0.72259057,1.1672639,-0.66228914,-0.40969205
-0.5805813,0.2506583,-1.6053486,-1.2297429,-0.041595858,1.0913855,1.4799768,1.0174665,0.5897466,1.1848329,0.030081164,-0.02867653,-0.13763209,-1.4061756,-1.0208731,-0.45015085,0.07884032,-0.97670835,1.2485734,0.94344604,-0.4839876,0.4464555,0.006916751,1.5200951,-1.6817064,1.6408056,-0.33256358,0.4274499,-0.43673962,-0.16696654,-0.98153484,-0.031028567,-0.78206074,0.73321396,1.8752207,-0.55528903,-0.21604498,0.7952599,1.2781887,0.73805344,0.5992009,2.709087,-1.615342,1.4292798,0.6440361,0.3520129,-1.8653361,0.17654897,1.2371637,-0.26719698
-0.9130727,-0.7729875,0.70427907,-0.9568947,0.27459085,-1.8936244,-0.9556631,-0.054594893,1.9865079,-0.5357181,1.4168872,-0.57820547,-0.25707716,0.51010084,-0.1671987,0.66725844,-0.3010826,0.014374137,-0.57393664,-1.6691662,1.908176,-2.2906601,-0.90611464,0.2557058,-0.84540915,0.5552748,-0.8942669,-0.8722503,0.30717358,1.055108,0.7848401,1.1631716,-0.6264387,2.0764074,2.9904387,-0.7572449,0.033487853,-1.3970331,-0.6195484,-0.7337345,-0.21393946,-0.49982673,-1.8859477,-0.6182025,-0.57659733,-0.5093196,0.8950814,0.081144854,0.93859136,0.27129284
-0.1326842,1.9923664,0.5377051,-0.2039562,-0.50870407,-0.7263563,-0.292277,-0.8878892,0.14765728,-0.7650324,-1.3554724,0.6308985,-0.563374,0.20342997,0.2159374,2.260512,0.42294076,-0.03699628,-1.4982768,-1.4425131,-0.4269494,-1.6071032,-1.2941084,0.5891199,2.1647704,0.9967484,-0.8674275,-0.085224636,0.36014548,-0.47809288,-0.3419267,0.6476898,-0.9898267,-1.2336015,1.4844841,0.7441625,0.815973,1.3067594,-1.4170781,-0.4919576,0.3041302,1.1435449,1.5059731,1.4824545,0.1129381,0.3283245,-1.4487659,-0.2881349,-0.84011936,1.5670462
-0.15853707,0.11979058,1.587238,0.13134268,-1.0960344,-0.77275056,-0.18316981,-0.5584975,0.52647763,-0.7220155,0.3042136,0.37656692,1.1423222,-0.8923631,-0.48007587,0.2878357,0.13337691,-1.2744724,0.32470495,0.44844234,0.36111185,-1.2393785,0.0464723,-0.38587546,-2.4197927,-0.961201,1.4652034,-0.35641772,-0.52539486,-2.4613721,0.26746663,1.3555223,1.010858,-0.8682837,0.5851066,0.019994352,-0.7034065,0.17660093,-0.25085202,0.20703124,1.1126378,-1.6842178,0.88033986,0.542428,-0.027961418,-1.0744683,0.40576178,0.44761804,0.6963651,0.31686467
-2.1468148,1.7137535,0.06869456,0.49278122,-1.7515262,-0.40592098,0.64171916,1.3861624,-1.0774778,-0.44554603,-0.9284501,-0.10783203,0.64936495,0.5548337,-0.07853592,-1.9872212,1.3035231,-0.8642979,0.64993787,-0.2411985,2.317412,0.6842845,0.89994013,-0.9281487,0.819106,-0.71347535,-1.030764,-0.15937336,1.2193904,0.6557556,-0.027833138,-0.31125197,0.9024099,-0.6767124,0.18437989,0.09860601,1.1406085,-0.1387531,-0.58614373,0.042006854,-1.3918443,-2.3950274,1.5073687,0.055956658,-0.96289927,1.6539351,-0.9059211,-0.29394296,-1.5369316,-0.5782984
-0.20363925,1.0167274,-0.77722317,-1.2250384,-1.451386,0.49132988,-0.39886814,0.111601524,0.10014092,-0.007264853,-0.35786185,0.104294844,-0.6202456,0.24071315,0.50003195,0.27375233,-0.89045,-1.3836211,-1.769948,-2.1901772,-1.3077711,0.6657865,-0.11810175,-0.10012754,1.9348631,-0.4977282,0.4727616,-1.8148644,-0.23020685,-0.38699907,-1.5646819,2.3844063,-1.0827006,1.2689266,1.355058,-0.74993145,2.1663592,1.4918593,-0.0076294797,-0.124568775,1.1738333,-0.94420195,-0.38383436,-1.5027907,-1.0095799,1.5572412,0.36904985,-1.0211866,0.87165433,2.4905334
-0.8804058,0.6770666,1.4590704,1.0046017,0.33809623,-0.77081907,0.77260417,-1.0647142,0.8127836,-0.09806285,1.1033523,-0.036678527,1.5917027,-1.7816038,-0.30767772,-1.596361,1.3573924,0.6350746,-1.1399244,0.06767701,1.1965526,-1.3526268,1.7027421,0.82526255,-2.1366804,0.45632356,0.13569857,-0.8704933,1.0180975,-0.6736178,-0.084397845,-0.4047205,2.3161879,-1.0014577,-1.3477448,-0.38790315,-0.5553869,2.1958456,-0.22462937,-1.0808784,1.512958,0.76295465,0.4610373,0.77448386,0.61824,-1.2009275,0.7995176,-0.40628088,-0.43625665,0.5923522
-2.2288854,2.6763358,2.155882,0.7994647,-2.3855004,0.72587705,0.25291127,0.19261107,-1.0662432,-0.027800594,-0.24355492,0.12374664,0.3736632,0.880099,-0.07172834,0.940434,2.0728853,-0.65112936,1.2000028,0.045875993,0.53822535,1.0327107,0.014938758,1.4308101,-0.48343518,1.1413589,0.5038904,-0.5523716,1.80811,-0.41146627,-0.6232769,-2.0304322,0.5356192,1.216637,-0.19151975,0.4093103,-1.7346047,0.24153447,-0.17386961,-0.3144752,-0.3400873,0.9410656,1.9814993,0.9751107,-1.0541975,-0.27225566,0.29403478,-1.0440264,0.15969706,-0.6118675
-0.40622008,0.62828463,0.5749609,-0.42840335,-0.47798467,-0.2235698,-0.60953796,-2.0046635,-2.36755,1.4136544,0.09191884,-0.47616985,0.7215137,1.670813,-0.41526312,-1.6035432,-1.6448598,-0.24701178,0.3461954,0.05849916,-1.3252289,1.3317958,-0.7033052,-0.3365205,0.37820253,0.6552443,1.9010704,0.68660885,-0.3206955,0.7508876,-2.6709204,-1.8016952,0.22898622,0.3162108,0.0067808107,0.09838687,-0.36638334,-1.1255819,-1.1152486,0.00997136,-0.6504348,-0.7721022,2.2352583,0.03464159,-0.094867036,-1.4478669,0.22730918,0.30074987,2.0960362,1.5069728
-1.6850766,-0.7458639,0.77462846,0.008830747,-0.07830589,0.69891196,-0.2356183,0.41108304,0.3343277,-0.799756,-0.82261276,-0.13797605,1.7486914,1.3311034,2.4046779,0.7230343,-0.026790632,-1.4453828,0.05997148,-1.3885981,1.3660891,1.1046922,1.3251194,-1.4167855,1.0811107,-1.2009953,-0.65510654,-0.11650757,-1.2741808,-0.8049467,1.7293435,0.84435123,1.2835854,-0.5781609,-0.9875236,-1.0043784,1.2263352,0.90375,-0.97993565,-0.15694492,0.3983424,-0.047020745,0.1332206,0.11402999,0.3788897,-1.0379236,1.87078,-0.87156415,-1.2674327,1.0670367
0.24428445,-0.09557629,-0.7964056,-0.7894427,-0.010771697,-0.721217,0.86862475,-0.31413507,0.837,-0.1948478,-1.1087537,-0.8716569,-2.1699793,0.25793597,0.87248516,-1.760818,0.41289026,1.1569582,1.6081861,1.2341958,-0.45181867,1.033719,-0.7675989,-0.8906881,0.06503856,-0.94550735,0.33315933,0.5004638,-2.0452437,-1.7901623,0.27607137,-0.052704547,0.77389216,1.5447651,2.0529027,0.42505273,0.3869784,0.8449519,-0.7895623,-1.3209388,0.21734774,-0.681315,0.026660295,2.1280036,-1.242572,2.2526946,-0.82456285,0.6596159,-0.1465561,1.102841
-0.43926764,1.3010832,-1.0824518,0.5180795,-1.5301719,-0.09146231,0.6889084,0.5063377,-0.9660142,0.8204867,-0.9602585,-0.5554267,1.345328,-0.62775874,-0.6430352,-0.3557033,-2.3063114,-0.2932063,-0.8745547,1.0838958,-1.145963,1.1387718,-0.37847954,1.3671229,-0.5221207,1.0812131,-2.1740513,-1.1975428,-1.0957829,-1.078039,-1.0489942,-1.0474861,-0.0626667,0.39293218,0.41540918,-0.6524795,0.1048387,-1.9078609,0.17483076,-0.4387272,-0.48124784,1.4104396,-0.42800638,1.4344546,-1.2254864,0.82682306,-0.8084864,1.1472249,1.5229243,-1.0104493
-2.2186828,1.8306113,-0.39398855,-0.70625937,1.0489938,0.46292335,0.6580604,-0.13724884,-0.79613185,0.44680548,1.1549383,2.9600718,0.49198875,0.96379733,-0.30003873,1.3499568,0.6682624,-0.10944631,0.59786975,-0.33281446,0.037485424,-0.24265736,0.64778286,0.09606943,0.42389113,1.7290362,1.6743928,0.36449057,-1.9355022,0.20124175,0.9084964,1.789177,1.2594557,0.37901008,-0.8179288,0.038263027,0.31884295,1.1984797,0.13887997,-2.4323635,0.31896785,-0.05098225,1.2034043,-1.1231285,1.0039457,-1.1974231,1.8392769,0.4576328,0.12849364,1.0632697
2.6859698,0.6961106,-1.1391293,1.6619792,-0.3310654,-0.8240186,-0.09116947,0.075033,-1.2059191,0.18001285,-0.49632105,0.11161907,0.099226624,-0.38583654,0.51970655,0.3220919,0.39555994,-0.6602646,0.82561415,0.9959583,0.16819243,-1.4446648,-0.867727,0.45463082,0.46785474,0.033006605,-1.07449,0.47010708,0.75359917,-0.9845266,1.1191857,1.0682145,0.21759109,0.4169444,0.5103949,0.50401783,1.4981866,1.3165197,0.7475366,-0.6574829,1.1848238,1.2290189,-1.2241191,0.19895214,-0.19447605,0.44240046,-0.7143923,-0.8736675,0.006916911,-0.8386886
0.91201764,1.3376497,1.3716305,-0.8638502,-0.18365845,1.591626,0.62247443,0.7834588,-0.6174305,-0.3968707,-1.0360248,-0.13570902,0.6766278,0.12813812,-0.44867295,0.12758526,0.44469008,1.159472,-1.147363,-0.81157476,-0.2194857,-0.45850593,1.7010528,0.011145103,2.1934524,-0.08577989,0.30609795,-0.44457307,0.28260761,-1.1821779,-2.6827695,-0.80964065,-0.7757475,0.6281508,0.62416947,1.8977175,0.66518974,-0.9044094,1.2927314,-1.352494,1.4313744,-1.8062577,-0.1762851,1.4100795,-1.376566,1.5574541,-0.53749037,1.2520508,1.5152807,1.5944725
-0.09784253,-0.8715242,-0.7599647,0.5005843,0.53440166,-0.70943606,-0.4670758,1.540706,1.263298,1.6531684,-0.50099945,-0.49528003,0.3809962,0.68975955,1.1881374,-0.37289917,-0.8845474,0.13893303,-0.4786896,-0.29743403,0.6019087,-0.29781833,2.9089909,-0.9425649,1.2058942,-0.19133268,0.8711413,0.6864887,0.020496907,-1.0621544,0.64162457,1.5330433,2.0979042,1.1340293,-0.17892121,1.1241157,0.24414055,-0.0706067,-0.2827497,0.41066605,1.5334588,-0.94073045,-0.87141794,-0.4129369,-1.17448,-1.171261,1.3879722,-0.24732746,-0.1665344,-0.15053864
0.055079117,1.8128221,1.4030373,1.0405898,0.25871268,0.24627611,1.180507,0.37232187,-0.89360684,1.0578184,0.61257625,-0.598586,1.2836857,-1.4163945,0.010246178,1.4528611,1.3004105,-0.5864276,0.8926814,0.5631985,0.49363178,-1.0352821,-0.17790118,-0.43838504,1.5419214,-0.7857407,-0.61102885,0.29015285,0.61890477,-1.1228709,-0.33079243,-0.0131231,-0.26591435,-0.6949033,-1.2172093,1.1455024,-1.3254855,-0.9402024,1.843279,-1.046213,0.27258217,-1.1961186,0.38481578,1.5257237,-0.021382853,0.9843235,0.6870473,-1.5101802,0.33068344,-0.30005315
0.27427125,1.1592705,0.55119705,0.2679508,0.34954628,1.3740306,-1.1473205,-0.48610663,-0.16884083,1.0408229,-1.0157771,0.37121275,-0.6125643,-2.1976125,0.25633508,-0.30707222,1.056898,0.82767683,-0.8337055,0.8423624,0.4076879,-0.9162377,-0.36610276,-1.2973155,0.4123124,0.26742572,1.7764543,-0.56252843,-1.1111621,-0.0668303,-1.4868962,0.075965196,-0.786123,-0.9403194,0.6820156,0.0664838,1.1200032,0.373903,0.22763292,0.6528306,1.7494786,0.005580344,-0.061635163,0.86201453,1.1998506,0.64433324,1.9001923,-0.18114477,-0.73005086,0.49207795
1.447199,-1.1406347,0.7008356,-0.35500348,-1.3728938,-0.28563046,0.577138,0.34154013,-0.84625214,0.9096815,-2.0356545,-0.02752658,0.81035703,0.091519915,-0.56309015,-0.3062296,0.17900756,0.11538421,-0.21281596,1.2315346,1.020598,-1.6637572,-1.9439096,0.029417502,1.5610454,-2.1603,1.0635166,0.8528289,0.7426022,0.55558217,0.37833524,1.0741848,1.2575568,1.9535314,0.3693446,-1.9896388,-0.91551995,1.7757281,1.4984651,-0.8277091,-1.636434,1.4815016,0.76614153,-0.5263573,0.031736728,-0.67533815,-0.2360917,-0.72265524,-1.6409761,-1.1223658
0.04484842,0.36260986,0.51330316,0.08953383,-0.11572946,0.2899602,-1.8190323,-0.11288099,-0.5403268,0.23964807,1.5667671,0.1809824,0.17577335,-0.11860145,1.1443176,0.8296803,-1.1125944,0.08533526,-0.422118,-0.13800406,0.07429943,-1.0681108,-0.39344683,0.4066618,0.32400525,-0.48959208,1.7039587,0.42235404,0.3875816,-0.3664039,1.2784206,-0.53263915,1.581342,-0.26201525,0.6829084,0.8608625,-1.2050835,1.4979316,-0.25327632,-0.15341727,-1.552254,-2.0808454,1.1975166,-0.70060974,-0.56307185,0.46930778,0.69538146,0.93008506,1.6286794,0.27296907
-0.8158219,-0.8886778,0.11441838,-0.5698312,1.1956794,-0.37391075,-0.9788934,1.4548416,0.17921588,-1.7670431,0.30704537,-0.43759143,-0.5306343,0.15204394,0.8918301,0.25534353,0.2240442,0.031499498,0.62660694,1.1985918,0.63261,0.45292497,-0.80883414,-0.9382901,-0.5777787,0.75070095,-0.9664596,0.20919998,0.9461044,-0.6499575,-0.67438275,-0.9615648,-0.81287974,-1.4880601,-0.58340573,-0.07011993,-0.5557225,-0.7996879,-0.25947618,1.1001173,0.5174246,-0.9582037,1.0714754,-0.71333665,1.6288542,-0.46140718,-0.020564469,-0.8828983,1.4612784,-0.46508926
-1.3738879,-1.1739205,0.35436344,-1.6704743,1.087296,0.024187388,-0.8821522,-0.27063054,-0.34810203,-0.4470505,0.62060314,0.50441515,0.11090896,-1.4528681,0.16451022,-0.13933958,-1.1644492,-0.7084283,0.3612642,-0.7123984,-0.7180029,-1.4746792,0.6895889,-1.0516428,-0.178885,0.99074876,-1.4386431,1.5825125,2.1969464,1.2480947,0.9588461,1.6832007,-0.7486579,-1.5108678,-1.2366807,1.5000639,-0.608888,0.30867195,-0.34771365,0.20751627,-0.16936632,0.87993085,-0.4426947,-0.51495725,0.28619695,1.5554899,-0.06515597,0.6602818,-0.84124154,-0.114096105
0.03164839,-0.78695714,0.52899665,0.3245054,1.0314198,-1.0636902,0.4994091,1.4490417,-0.76328456,-2.0312476,-1.4829978,0.7236634,0.44012558,-2.4344926,1.7944125,1.3309255,1.4614089,-2.4420912,0.28488034,0.26160836,-0.4801717,-0.8826291,0.2944714,-1.9669156,-0.2668222,0.85985,-0.511146,-1.1676878,0.34962127,-0.8993588,-0.21247485,0.7468749,-0.7613742,-1.4375739,0.24330756,0.5282426,0.8729673,0.7830545,0.39712855,1.8282758,-0.40654334,-0.84087735,0.2619883,1.3353457,0.70684963,0.7725089,-0.71595573,1.0771976,-0.14204921,-2.1953728
-0.985266,1.7768304,0.047433525,-0.51338047,-1.7605631,0.97716194,-1.1472158,0.73652804,-1.0214188,1.5982137,-0.96650547,-2.1093502,-0.18590073,-0.80666137,0.5353668,-1.6880255,0.55963784,0.033404134,-0.8292023,-0.54729325,-0.3812325,0.20016022,1.4547694,1.3181745,0.6027857,-2.5855653,-1.2242916,0.54223067,-1.6771352,1.2332016,1.3017215,0.042281236,0.42499524,-1.1261259,-0.071254864,1.496517,-1.8474628,1.4373399,-1.0064139,1.5292864,-1.3725156,-1.0934615,0.28289822,0.2704,0.03687081,-0.6277432,-0.40329802,0.76666576,0.36676893,-0.3221776
-0.28000912,1.1673537,0.5894367,0.5498839,-0.004818525,0.54981434,-0.4154299,-1.0348088,-0.36931574,-1.6786119,1.6845709,-0.85337603,0.8251737,0.027131887,1.158868,0.9087389,0.18067172,0.8062561,0.17409265,-0.45596823,-0.13207227,1.8696597,-0.2950169,-0.74900466,1.6731042,0.7908223,1.6043695,-0.7086436,1.3877183,1.4440247,-0.014767992,-0.70244306,-0.9391834,0.40083027,-0.21188895,1.0286413,-1.4566091,-0.50971884,0.45915872,0.4683849,-1.5117829,0.9300614,-0.9568253,-0.15670422,-1.9247644,-1.4045004,0.6426126,1.0537096,-0.31194288,-0.6497653
-0.9746204,-1.5529152,0.2487446,-1.1972824,1.3210776,0.31019458,-0.21506977,0.093125425,-2.018349,1.3225156,0.22870801,0.59600484,0.20262097,-1.071031,-0.6308141,-1.552018,-1.0246065,2.4443104,1.6111639,1.6748613,-1.6205443,1.3371775,-0.43872938,0.93633014,1.9612668,0.638075,2.0728219,0.9166772,0.7636157,0.45709723,0.38092232,-0.7038034,0.83932346,-1.2421303,-0.02346083,0.35440946,-0.071849644,0.50145596,1.7982384,-1.9268025,-2.1385775,-0.6760629,0.7484144,-0.040952228,0.75790095,0.17664509,0.18830864,0.25812784,-2.1888282,1.6061021
-0.0802111,-1.7408034,-0.89386994,0.4443501,-1.2442958,-1.2232653,0.07591311,0.32894623,0.28399092,0.94596463,0.0111268135,0.6992299,-1.0283886,0.7938698,-0.4425989,0.67175704,-0.22105984,1.0576849,0.44058424,-1.3509551,1.1864369,-0.9949569,0.90161216,0.15686613,-0.0016981373,-1.4044648,0.94425344,-0.34353676,0.12769301,0.3603676,-0.07736647,-0.010119941,-1.0248175,-1.7517335,-0.71701413,2.1486173,1.7044594,0.7595169,1.1896229,0.31454518,-0.14519244,1.9133273,2.027501,-0.048782233,2.0406554,1.1297272,0.09514685,1.1205075,0.42078793,0.19358253
1.8870405,1.8269869,0.53669894,-0.57473433,-1.0271277,0.73205566,-0.3971646,-0.5911296,-0.09453041,0.14019243,2.4813993,2.441498,0.63415533,0.30007583,1.0911076,-0.29222396,-0.48923948,0.29588524,-2.2030835,0.67560154,-0.24833459,-0.26836574,-0.98948586,3.1158633,-0.46016094,-0.31029943,-2.3168237,-1.1812918,-0.5649227,0.3493983,-0.837193,0.29033417,0.5345151,-0.54090667,-0.5959811,-1.0055065,0.83026224,1.8917308,-1.1508667,1.2363124,0.47611812,0.17100875,-1.5416512,-0.7738819,1.8314828,1.9363503,-1.496234,-0.80666524,1.7171246,-1.3169038
0.1932647,-2.508026,1.1553652,-0.4064129,-0.92435527,1.2885265,0.5794989,0.33750576,-0.15125094,0.90174544,-1.4436285,-1.1889113,-1.210167,0.7970551,-0.1962439,-0.9517489,-0.6444263,0.102398425,-0.5545507,0.2436359,-0.5002362,0.56128234,1.0793155,0.18806076,-1.3993518,-0.19845107,-0.7719872,1.7607594,-0.6986985,-0.22321779,2.3960264,0.35701686,-1.7005712,-0.08110616,0.7321577,-2.1392045,-1.0102102,0.49936894,-0.29662544,1.6223142,-1.188122,-1.527814,-0.82847947,0.27551422,0.40210614,-0.18708667,0.7602829,-0.5274926,-1.4909444,1.5757279
0.45935676,0.29666078,0.4199505,-0.14126499,1.3796558,0.94862825,-0.81209314,-1.2803789,1.298214,1.8085964,0.8221284,-0.65687567,2.5630865,0.09429959,-0.44275123,-0.20173018,-1.228725,-0.9725511,-0.29657784,1.7926729,-1.1536444,-0.70525473,-1.9915601,0.7556397,-0.8566741,-0.38710803,-0.5502013,-0.67529136,1.15698,1.1637295,1.0309595,0.3567384,-0.4602651,-0.3306161,-0.051464096,1.6880883,0.10405604,-0.6634977,0.31689355,2.7734368,-2.0168803,-0.7649795,0.42457673,-0.021480873,0.57135254,1.732913,0.3004856,-0.18670952,0.8379346,0.95852727
1.2568681,1.0616211,0.82663864,0.2651424,-1.4465303,0.18221495,0.1770889,0.17256698,0.07568793,-1.3244138,-1.3679589,0.037171654,-1.3978456,0.4460165,1.0713037,-0.15161322,-1.5502042,0.14436528,0.062163506,1.5375025,0.51976603,1.4292057,0.44579086,0.2703368,-0.8203429,0.18864869,0.07351795,-0.7917961,-1.5663074,-0.24414189,1.4565182,0.5840014,-0.3436382,-2.1885347,-0.75150204,-2.0983493,0.37327218,-0.568901,0.6710897,-0.49528578,0.44478858,-1.4058955,1.5898862,0.37443647,-1.1397128,0.29121646,-0.18162562,0.43634668,0.053171977,-1.3142576
1.4153473,0.83808744,0.7626388,2.3725774,-0.18235984,-0.11029004,-0.47682947,-0.55689424,2.5700052,-0.70259124,0.4256346,1.7493736,0.9893598,-1.1460024,1.3773036,-1.1150426,0.51450664,1.4462022,1.3826284,1.185306,-0.5636332,0.8170489,-0.7591099,-0.6660564,-0.85945415,2.3761356,1.0856912,0.9148013,-2.509324,0.705418,-0.9176839,0.5932346,0.6055306,1.6891785,1.0873612,-0.6381208,1.05784,0.36327285,1.3501508,0.70148885,0.055256054,-0.5811651,0.12705293,-0.5844048,0.60593706,-0.90537083,-1.8100282,1.4872642,0.38698053,-1.5670503
-0.8613271,1.533622,0.84802413,0.054115254,1.3262954,0.8724536,-1.1544012,0.33150733,1.2412684,-0.28812927,0.62440515,-0.98612845,0.037247762,-1.0333557,0.4215693,-2.1886432,1.6168151,-0.24951732,-0.7773832,0.43050456,-0.37418085,-1.1495086,-1.221681,-0.7409498,0.42884395,-0.0649585,-0.5808678,0.43551084,-0.3752879,-1.0133033,0.63264185,-0.74858963,0.57392377,-0.479322,-0.38756278,0.021484926,1.0011337,-0.70815027,0.1929957,-1.01153,1.4532123,0.677983,1.8955855,-0.17394406,-0.4644149,0.87988263,1.1568401,-0.10855448,0.22081913,1.6770464
1.043633,1.8339243,-1.13793,-0.96259993,-1.0235763,1.772376,1.2432731,0.4295744,1.8296832,0.5854666,-2.126817,0.67864776,0.8546056,0.32708445,-0.2286001,1.820886,0.07743271,0.45944077,1.1619092,0.9690715,-0.3084165,-0.7339727,-0.18922494,0.21758288,0.5185133,-0.5296354,-1.868656,0.7055633,-0.3997525,-1.7116748,0.5731491,-1.8378583,1.1516482,0.2231837,-0.8621126,0.19894372,1.4592918,-0.84839773,0.499264,-0.54277223,1.2276177,0.2496313,-0.48712376,0.40320158,0.3027689,-0.03973252,-0.09027106,-1.6015139,0.4630262,1.1078789
0.47246316,1.1401676,-0.18769862,1.3444741,-0.67892,-0.76230156,0.86104286,0.87477106,-0.55647284,0.1373331,0.6207946,-0.83320487,-0.7123798,-0.119106285,-1.7718896,0.4003561,-0.4822062,0.09021262,-0.49808985,-0.24583851,-0.7275918,-2.088364,0.38546142,-0.11533989,1.0963084,-1.0833997,2.7965548,-1.2585124,0.53607726,1.2309704,-0.89990526,-0.89921564,-1.5146158,-2.1978748,0.12919202,0.69606394,0.14044283,1.3423003,-0.114427395,-0.1604065,-0.9358922,1.6176242,0.07379637,-0.29150295,1.2837079,-0.40389466,0.2759824,-0.11011948,-2.4286065,-1.0476997
-0.10254909,0.60439885,1.2493739,0.98078674,0.48254004,-1.1374704,-0.6162998,0.092540964,-0.9658875,-0.81864244,-1.4569808,-1.2079736,-2.0510066,-0.16467476,0.94709736,0.880036,-1.07594,1.2599808,1.8977422,0.5599403,-0.935853,0.16030551,0.5343732,-1.109324,0.84042984,-1.1157533,1.3616228,-0.58596486,-0.8189896,0.057044752,0.04170691,0.9928155,0.028508896,-0.6884187,0.94330466,0.46925274,-0.17870103,0.17636119,-0.9090333,0.31691188,1.9107081,2.5006287,-0.7960543,-1.5052054,-0.036609855,1.0807801,1.0776772,-0.5259512,1.6749605,-1.3617733
0.9128175,2.3824668,1.917527,1.0031041,-0.721874,-0.13591509,0.051121783,1.5047592,1.8414171,-0.26423347,-0.5303034,0.16465047,-0.9128374,0.22203454,-0.28174707,-0.29353866,-0.42961794,0.8817472,-0.80992746,-0.06888937,0.6356262,0.4115537,-0.37160516,-1.5362369,-0.020289324,-0.5137643,-0.5314575,-0.34987643,0.31784382,0.016793251,-0.16012335,0.82225704,1.8787298,0.20732602,-1.9723833,0.8357439,-1.4849211,0.6313259,1.1209927,-1.73948,-0.67248195,-0.35439095,0.41632637,0.005197876,-1.8903638,-0.36697638,-0.5986518,1.2923592,-0.4951779,-0.67871565
-0.6031317,-0.10609376,-1.1164131,-1.4641337,1.0016354,1.5230432,-3.008572,0.6770261,0.45502257,0.6841866,0.058469705,1.5479963,0.3323205,1.5119373,0.15360579,0.5462412,1.300405,2.2961452,1.2040894,0.22544305,-1.4037681,0.16603386,-1.4418844,-0.12867752,-0.2804342,-0.39733237,-0.3717044,-0.6362947,-0.65765685,1.2272551,-0.72862005,0.05384855,1.1727073,0.17180586,-0.88177073,0.80563504,1.2217541,1.1536589,1.3080055,-0.21023016,0.9458178,-1.6056846,1.108494,-1.2384067,-0.038684063,0.8532834,-0.85298127,-0.80485255,0.21736181,0.5166525
-0.50887,0.13551563,1.376209,-1.6028314,1.1539868,-0.09767838,0.21973331,0.57768446,-0.43884367,-0.9917504,0.10548357,0.67719966,-1.3440169,-1.2463193,1.180943,1.0648735,-0.61054975,-0.4079199,-0.9235182,0.67471,0.9476387,-1.4272377,1.3296593,2.2406502,-0.7769487,1.6967818,0.011756958,-0.8221614,-0.946478,-0.31305662,-0.95569116,-1.0698379,-0.5666903,1.6595635,-0.62615186,-0.32511315,-0.17576812,0.13139313,2.4921637,0.55621946,-0.78479314,-0.91827065,0.8741491,-0.41149965,2.14106,1.8028632,-0.29538563,-0.69394124,-0.40513238,1.0114838
1.6194551,-1.1081712,1.1502184,0.9433324,-2.352711,0.46903598,1.1058198,0.5059718,0.17630683,0.21045491,-0.7130632,1.826479,-0.55790275,0.7596744,-1.0749378,0.9115593,-0.21981178,-0.74092275,2.5499406,0.71434915,0.28210026,-1.3197626,0.053970683,-1.2299936,0.18069714,-0.021761332,-0.6780457,-1.8590971,-1.2097296,1.1480168,-2.1276107,-0.28947505,-0.5452027,0.7921777,-0.75260055,0.57305956,-0.2875224,0.53392905,0.059498735,1.0102885,0.3855701,0.3859589,0.48467016,-0.7424748,-0.63498795,0.32582137,0.59583753,-1.3770787,0.36814347,1.1892856
-0.05023194,0.0056795804,-0.21635799,0.9861858,0.46385244,-2.4262109,-0.374058,-1.4382846,0.7169617,0.21743613,-0.5585966,0.64835894,0.5601392,1.0163286,-0.9881898,1.1528945,0.61435455,0.54009444,-0.11402646,-0.39782757,-0.8175917,-0.61538875,-0.36411983,1.265384,-0.095881805,1.078543,1.668554,0.9733035,-0.76478636,0.38506413,2.0204952,-0.5266734,0.10804362,-0.6608901,-0.9539841,-0.014208104,0.4062274,-0.24781778,1.3033029,0.92207724,0.7250584,0.944326,0.7629147,0.40183145,0.25324672,-0.20277444,0.41344303,-1.0571604,-2.512226,-1.1147928
0.7345414,0.37067395,1.6951506,0.6383355,0.53115016,-1.3553067,0.96183276,-1.3737376,-1.052994,0.4345046,0.8585754,0.11156587,-0.24345616,0.8325575,-1.8034924,-0.67696255,-1.638548,-1.7703829,-0.26701352,1.0206962,2.1800444,-0.08910447,-1.6225668,-0.8176388,-1.3630008,0.34760672,0.55257964,-0.5042808,2.189091,0.37413135,-0.5357788,0.6405385,0.38077736,-0.6745646,-0.26588893,0.41542056,0.73549676,0.9323175,-2.1504738,1.409,-0.75604457,-1.7051331,2.1925719,-1.077108,1.0699104,-0.8726434,0.657841,0.46741876,-1.0262784,-0.022635536
0.5593837,0.42632964,1.980643,-1.1698633,0.57590747,-0.9761723,-0.40464708,1.3528112,-1.838187,-0.0051892498,0.13766335,0.48744258,1.1642841,1.5693368,1.1346766,0.022710148,-1.3459588,-0.6678417,0.9485817,-0.3267778,0.7856196,0.54434466,-0.08931,-0.2508324,-2.4095712,0.759378,0.17181528,0.02192551,-0.60543877,0.6808862,0.2708141,-1.0325257,0.7979646,-0.45482308,-0.4190494,1.2753359,0.96004313,0.15473366,-0.58686537,0.5750024,2.8607156,0.6957289,0.28730512,-0.42341453,1.4305861,-1.2495688,0.7981806,-0.49043226,1.4262549,-1.1589452
-2.3333902,-0.82318693,0.08560982,-0.51531065,0.06031674,0.67113936,-2.3322203,0.09825177,-1.3353698,-0.61886483,1.558375,-0.12578943,1.5263413,0.29932633,-0.34917995,1.2628933,0.067401335,-1.6542094,-1.1222684,-0.7668816,0.011275127,0.069339655,-0.9656151,-0.65224963,-1.9464844,0.6460856,0.71661776,0.3191879,1.5654333,-2.2610757,0.63885796,0.59962493,-0.77905643,-0.36109582,-1.2196538,0.95406365,-0.6329925,1.8475633,-1.261687,-0.92202675,-0.20319302,0.4731542,0.60423404,1.1393583,0.67869425,0.3818868,0.7624075,1.7214105,-0.6980187,-0.5854008
-0.22394826,0.0008015663,0.36675802,0.64294744,-0.9646458,1.3489996,-1.298927,1.0011519,-2.9566052,2.1305687,-0.75968623,-0.6393995,-2.091698,0.39554447,1.2479377,-1.4713179,0.7520575,0.03132142,0.13718903,-1.2083211,-0.3314322,1.3194487,0.08656971,-0.013971551,-1.2429692,0.24719086,-0.14091434,-0.19587146,-0.4104148,0.37546617,-1.2255129,0.2597525,-0.07013297,0.51456404,0.623058,2.4649043,-2.2358356,-0.07415773,-1.1704121,0.6116557,-0.26372984,-0.24428125,-1.6372707,-1.2406505,0.8997248,-0.80034024,0.74176896,0.7086945,-0.397624,-1.6881572
0.78822625,0.2690554,-2.2513754,-0.5538953,-0.5606035,0.6062117,1.9042722,1.7041134,-2.5064425,0.1707392,0.66679376,0.56190836,-0.401533,2.344782,-0.4377691,0.9495734,-0.5589852,-1.3986464,0.8168879,-0.102618456,2.0572414,0.1642164,0.10458479,-1.3260286,0.48010793,-0.64294446,1.6815087,0.953398,0.09994718,-0.66744727,-0.4365661,0.18982181,0.18910037,1.2977452,1.4636283,-1.6534427,-0.5872065,-1.4956301,1.8926181,0.19204944,-0.015382342,-1.0667834,0.49125245,0.030370247,0.4586911,-0.15154903,-0.7631101,-0.7795991,-0.67545503,0.645625
-0.69933283,-0.49455324,0.5172605,-0.25867254,-0.94732845,-0.34754172,1.2839437,1.5402745,-2.1614735,0.96313447,-1.2184117,0.15043443,-0.25133857,1.1298511,0.4217021,-0.6068659,-0.39929777,0.011180789,0.26387182,0.081883624,0.3312716,0.4314998,-0.13982955,1.7080027,-0.11604815,0.35804757,-0.09679945,0.8490581,0.7310389,0.6466769,0.0018504444,0.11691773,-0.15596265,0.9301447,-0.84259677,1.8398259,1.8611255,0.12519157,-0.43010736,1.140801,-1.0423487,-3.0638545,1.1874497,-0.85956985,0.7146812,0.72556394,1.7307106,-1.113899,1.4739704,1.3361845
-0.35548273,-1.2485148,0.01717959,0.36158174,-0.23714675,0.23235038,-0.6971545,0.13863885,0.10700173,0.70201874,0.68646693,-0.19683933,1.1275786,0.9134048,1.3905846,1.0520926,1.0556847,1.7660488,1.0500356,-1.8534633,-0.825707,-1.2223843,-1.3520125,-0.7006869,-0.4434148,0.16893114,0.025129642,0.4529011,1.2763773,1.231164,-0.42733893,2.1920342,-0.9116465,0.94468683,-0.78946847,-0.2682045,1.9235053,0.623271,0.84562725,0.11078528,-0.6180121,-1.083097,0.70071656,0.77407026,1.8735712,-1.2804359,-2.0530956,0.8173718,0.50628424,-0.39145148
0.42328215,-0.08531201,0.8991058,0.8850962,-1.0239984,-2.2152638,1.0030078,0.73381865,0.5919767,0.74150807,-0.39630753,-0.19780865,-0.31212765,0.5181411,-0.80996627,1.9573722,1.5378193,1.7213607,0.6702448,-0.202254,-0.78312105,-1.5060447,-0.38472694,-0.43255123,0.16761431,2.0875673,-0.21050029,-0.98680365,0.15311511,-0.565039,1.5771018,1.3455501,-0.38649738,1.6682371,0.9941612,1.3453902,0.2305752,0.4700725,-0.08252139,1.08857,0.8450562,0.5120695,0.23894769,-0.48657596,-0.25357538,-0.55206484,-1.3601987,-1.6185734,0.009970742,0.7691177
-1.07563,1.6973943,-0.31425056,-1.6143208,-0.24083039,0.7223117,-0.042924736,-0.7088873,1.3846059,0.3890198,1.4356438,-0.75012964,-1.7041681,1.2603835,-1.2223718,0.30398786,1.2390858,-1.0572846,0.7850943,0.5040542,-0.020863313,-0.31174228,-1.4726985,1.1523095,-1.1474668,-1.2006851,0.6658298,-0.45345622,-0.18178155,-1.5246959,0.32988822,-1.4188529,2.34713,-0.13824508,0.9356421,0.14241196,-1.9497888,-0.13028878,-0.9926666,-1.2865257,1.1153015,0.14510657,-0.8252753,0.15945576,0.41294026,-1.310434,0.6478548,1.7436739,1.185686,1.2751698
0.4992285,-1.0532082,0.62611943,0.36327448,0.5199792,-0.13854434,1.0160009,-0.08940451,1.181349,-0.50368786,-1.642956,-1.5661521,0.3409785,-0.33502108,0.020753628,-0.38278824,-0.48399916,0.24419098,0.276347,0.20005082,1.7320886,-1.6641629,1.0808711,0.1961236,-0.6950778,-0.60147554,0.043944355,-0.2302808,-0.67349917,0.2567363,0.5001759,-0.5342026,1.0802357,-0.4630426,1.1229962,0.48983467,1.3932579,-2.2453449,1.8136804,-0.48614332,-0.12674083,-1.404779,-0.10711827,-0.51061714,-0.07457554,1.465524,-2.038592,0.9747418,-1.061767,-1.4300902
-1.5827279,-0.98161983,-1.6296,-0.3592126,-1.2938281,0.3736637,-0.5818414,-1.298666,-0.03835553,0.5887781,0.5466771,-1.1380558,2.7774112,-0.8908054,0.4004752,0.25418028,0.73298997,0.30386123,0.63115686,0.8966627,-0.2665455,2.9062743,1.0926068,0.092646934,1.3482741,-0.196724,0.5408263,0.17174904,0.10337532,-0.49562392,-1.8047159,0.1361251,-0.18108182,-0.7519864,1.0603987,1.1725162,0.4381425,0.046327118,-1.2748868,0.91023326,-0.038785722,-0.1793954,-0.47051406,1.9131835,0.6950829,-0.34720102,-0.15558498,0.6949314,1.2723535,-0.9897752
-0.29868144,-0.792936,0.09837095,0.19566044,-1.2914461,1.4137263,-1.3398503,-1.2234852,0.5762299,0.21244831,-0.5963957,-0.12962617,0.91044116,-0.08134865,0.7014109,0.50626844,-0.69381016,-0.86036813,-0.8623221,-1.4497743,-0.59357685,-0.8593523,0.08890955,-0.9307069,0.63361406,0.694107,-0.48399696,0.049156237,-0.045116156,0.21613707,1.5770731,-1.0838473,-0.2838267,0.567744,-0.88804144,-0.6345436,-0.36589697,0.5987318,1.8180724,-0.691678,0.987497,-0.58598846,-0.81224906,-1.6218731,0.44089195,-0.6546746,-0.35692388,0.38464952,-1.0149688,-1.2124997
0.3852496,-1.1551015,0.4635315,-0.73142034,1.2122989,-0.1145754,1.2599436,-0.1806261,-0.24501453,1.0108223,0.3549707,1.2926083,2.085642,-0.17231607,-1.5575733,0.39919853,-1.6847177,-0.508021,0.18098918,-0.52533907,0.21001095,0.48719668,0.6600332,0.75070167,0.39899936,-0.23606876,0.8679439,-0.43655425,0.010917869,-1.3629434,-3.131619,0.015724944,-1.1469706,0.42506278,-1.638846,-0.7059856,-0.20391805,1.2910049,-0.59732825,-1.0535916,0.7378572,0.25261062,-0.74401957,-0.002856973,0.684497,-0.18349995,0.4707171,0.55683035,-0.62417805,0.43933246
-0.94865173,0.9004791,-0.14851591,0.22905363,0.41641933,-0.15624481,-0.03842654,-1.9940792,0.26401258,0.102682926,1.5965583,-0.12744363,-0.32231694,-1.2488371,-1.265715,-2.051688,1.0381746,0.71966606,0.09713751,0.012099917,-1.2538047,1.6961796,0.8040876,1.2606914,-0.66268754,-0.35147578,0.036410477,0.10970675,0.6294152,0.1518027,0.4067025,0.36745113,1.0167162,1.1420879,0.60065717,-0.1235676,-1.052964,-0.5075615,0.31985292,0.7075694,-1.182395,-0.7367032,-0.3266732,0.4540599,1.0188187,0.3632384,0.7824189,0.055878233,-0.8464213,-1.2503344
1.4199095,-0.26230904,-0.4696351,0.5582985,-1.5905129,2.0396008,0.7618741,0.121108264,-0.54607725,0.13610236,-1.2215918,-0.6617086,-0.00037482928,-1.4887122,0.33289486,0.06733856,0.44939208,-0.31224623,-0.557944,-0.5490472,2.8319743,-1.1879069,1.7292719,-0.2352996,-0.5777422,-0.35433173,0.3477207,-0.11422059,1.2321616,1.3069359,-0.27362263,1.7573562,0.7391031,2.363004,-1.945669,-0.38713688,-1.3299176,-0.24381301,-0.9654565,0.23690106,0.38205755,-0.019862622,0.49286768,-0.0730073,-1.9730455,1.2112451,0.14608042,0.47769305,0.9761989,0.45442462
-0.6035586,0.44885242,0.1213235,1.5334864,1.9290903,0.2771783,-0.57851577,0.6364697,-1.2336216,-1.7586265,-1.5673598,0.16273668,0.21470958,1.8885729,-0.4513614,-0.6200969,-1.3217088,-0.40286386,-1.3272144,0.7672127,-0.7440091,-0.23526353,0.6151239,-0.5188989,-1.8810909,-0.2823645,1.0119228,1.2337106,-0.20574373,0.9298997,1.1049076,0.45271415,-1.4191607,-0.6497891,0.18628104,0.5350149,0.6269962,1.5649946,0.81749064,1.7906246,0.22029436,-1.1632088,1.4697319,0.7184916,-0.14184642,1.1950562,0.99804723,1.195554,2.8965666,-0.7015338
1.4796206,0.72124577,-0.4948491,-1.0937037,-1.0649887,0.060820717,-0.8968274,0.62873393,-1.6199373,-0.12174446,-2.6026905,-0.9200049,2.6602774,-0.5561973,-0.7197173,1.3554243,-1.622194,1.4500386,1.4362843,-0.16451289,-0.13620709,1.5007244,-0.9017562,-0.3547536,-2.0599372,-0.1576513,0.21580131,-1.1260442,0.90772504,-0.35339653,1.8492,-0.27068338,0.08320398,0.3200204,-0.7644296,1.4271626,1.2805343,-0.099369936,-0.8980258,1.3692455,0.3295297,1.7718341,0.0655164,-0.5044336,-0.4090532,2.413281,1.8445106,0.7107382,0.73044723,-0.29327738
-0.5926297,-0.5242887,-0.3105988,-0.06322779,1.8608282,-1.1362183,0.14989416,0.7136784,0.73183995,1.6308874,0.5713568,1.3757031,-0.0831169,-1.4800434,0.33441475,-0.35674083,0.12343264,-0.8614586,-1.1077753,-0.88515383,0.60061604,1.3862896,-0.1691878,1.5718601,-0.13918585,-1.04251,-1.5461352,0.7923163,-0.09104916,-0.705709,0.6121921,-0.595446,-0.73442864,0.91679925,1.3477134,-0.2047659,1.9313663,0.5723783,2.1899676,-0.6329024,0.3556774,-0.6958531,-1.1329994,-0.7057294,-0.5069397,1.6500227,0.86838865,0.2786489,-0.7903978,-1.8783537
0.3273927,2.0517657,0.16423635,-0.0035632264,1.4723438,0.99736893,-0.5025465,-1.14564,-0.27639544,0.80509126,-0.15024707,-1.1965259,-1.0399194,-0.106864184,3.033184,-0.6668563,-1.369178,1.7507662,-0.7254819,1.1477573,1.6829188,-1.9993919,0.22906551,0.93963236,0.21756312,0.5395108,-1.4636378,-1.3863639,-0.39485368,-1.1036435,0.7439944,-1.5010042,0.7091451,-0.13405277,-1.9145392,-0.56252104,-3.1104596,-2.7159486,0.2330406,0.6913217,0.25100765,0.25238696,-1.1550614,0.636667,0.6972121,1.7470069,-1.5638919,1.5470294,0.37909067,2.1860492
0.09269799,-1.7209681,-1.013603,0.1424045,-0.39125857,0.8140623,-0.35317478,-0.5309039,-0.7852161,0.5304978,-1.5787488,0.85027313,0.4063386,-0.44230425,-1.076586,-0.7505927,-1.1021911,1.0487853,-1.3011484,-2.105098,-0.65284926,1.0395682,0.26913804,1.0049603,0.12968744,0.72711676,1.0214854,-0.6847201,1.2479628,-0.8439453,0.25144204,-0.12510006,0.31550747,-0.55494004,0.3615014,-0.64019066,-0.93174756,0.63440186,0.99403054,0.24242052,1.6961623,-1.8995063,-0.82957286,1.2051152,1.3284807,-1.3179001,0.77524745,-0.805386,-0.82744426,1.6695564
1.1812018,0.034304317,0.74776834,-0.27278236,-2.1715117,-1.5891857,-1.6887045,-0.044002686,-1.6404989,-0.18627076,-0.42663306,0.9615541,0.67218983,-0.07434317,1.0009863,-0.385078,-0.9185831,0.6440663,-1.892455,-0.77050173,-0.5392424,-1.5415913,0.14661482,-0.101226866,1.7741526,1.9910713,1.0353264,-2.5047433,0.55526257,-2.9674778,-0.61836195,0.65091276,-0.35911778,1.304797,-0.95066166,-1.6395179,0.21055757,0.75011593,-1.193896,-0.027761653,0.538727,1.5600486,1.3628502,0.93440115,-1.018966,-2.1628637,-0.2017532,0.073513374,-0.4725615,1.9030324
0.27949557,-1.4318806,1.3912253,-0.6892225,0.50905067,-1.6746181,-0.3032811,0.9944628,1.1095861,0.51080525,-0.7552059,-0.46387038,0.4229456,1.1106604,-0.88896567,-1.2013204,1.4483567,-0.018994533,0.4577163,0.235122,-1.3738768,0.024184663,0.21620566,0.6213367,-0.62458843,1.6122668,0.23508145,-0.78821987,-0.5445138,0.33650377,-1.2359403,0.28560552,1.63925,1.6722527,1.0371665,0.6404663,-1.0596666,-1.0962542,1.4452745,2.1191216,0.85796154,0.68712634,1.6687,0.20526549,0.09599875,0.66364664,0.36835048,0.2122699,-0.013252886,-0.8035076
1.0171288,-1.0792199,-0.871258,-1.8149406,0.81594855,0.045025595,1.0058024,0.34930086,-0.9361313,2.1270711,1.6399076,0.956315,0.012201333,-0.2273101,0.07424139,-0.45595595,0.25732115,-0.036674473,-0.3722348,0.3581029,-0.62973577,0.57073814,1.2110271,-0.47963408,0.4606689,-0.1491898,0.28328276,-0.22794145,0.17066437,1.4783909,-0.3826534,0.6378557,-0.9923771,0.05832282,0.080340326,0.84999365,-1.0658906,-0.026278038,-0.17177348,-0.33964106,0.39087567,1.5953767,-0.47349685,-0.5384015,0.06556592,-1.1855844,0.45790488,0.47630858,1.2748576,-0.005654504
-1.6108434,1.2827556,0.3550485,0.66704506,-0.2186467,-0.6039717,2.0829313,1.378732,-0.2089307,-0.60921305,1.4943542,-1.2914445,0.1388646,0.9841723,-0.11201359,0.69043815,0.6313477,-3.3092186,1.2102956,0.31425834,-0.9898199,-0.24364702,0.43545884,-0.8674883,0.444523,1.8084632,-0.059858367,1.3171859,-0.38056216,-0.4633264,-0.0031906036,-0.9987794,0.66416097,0.27811432,-0.20024379,1.2054645,0.71168983,-0.8576185,-2.3285654,-1.0154824,-2.964972,-0.38777944,-0.061884295,1.6713117,-0.087473884,-0.7358641,-0.062462136,0.052451756,1.5088341,0.34318584
0.6245777,1.5841247,-0.6234195,-1.14662,0.85270655,-0.78469306,0.4694428,0.84834594,1.2749639,1.3134468,2.2515357,-1.2129294,-0.30337352,-1.1073682,1.417047,-1.3184413,0.50420076,0.14146256,-0.7829351,1.6426667,0.8682989,-1.0030886,0.80931306,0.63890254,-0.11801441,0.8145941,-1.9580231,0.060493875,-1.1459445,-2.3296952,-0.36823308,-0.1420351,-1.1234432,0.27919477,-0.9224451,2.5457087,0.5475117,1.2356739,-1.174427,-0.35158542,1.5561178,0.17288023,-0.9713917,-2.1422777,-1.4294443,0.24434975,1.4843545,0.9311126,2.6371305,0.977499
0.50274897,-0.5458458,1.752724,2.451158,-1.4925039,0.28954834,-1.3520226,0.65006727,-1.6798055,1.2476947,-0.9790924,0.046347633,0.17888981,-0.15800728,-0.17327589,0.42709237,1.3344202,0.017177017,-0.2784311,-0.71172005,-0.15971984,0.3168877,0.14601699,-1.7567294,-0.8018071,-0.41233233,-0.11749281,0.37887782,2.7446792,-0.23875059,-1.3078743,1.0148649,0.18398719,-1.3172966,0.8912637,0.6488544,-1.2139838,-0.10814394,-0.30940965,-0.29668614,-0.48339412,-2.4731631,1.0917885,-0.6163386,1.0649908,0.6512393,-0.29123372,-0.6847326,-0.6141181,-0.37421164
0.8056017,-0.3891047,2.157653,-1.5913148,-0.6148733,-0.19273423,-1.9436961,-0.35437492,1.1128126,-0.97024846,0.34437117,-1.5660186,-1.0683484,-0.7788323,-1.1355782,-0.31939912,0.09025954,1.701875,0.17129748,-1.4265195,-0.948794,1.461149,-1.4563336,0.6451914,-2.0244763,1.6748893,0.7502046,-0.5883486,-0.635964,-0.89164364,0.11393799,0.18930875,-0.08129314,-0.5290328,1.5567334,0.39045185,0.6172741,-0.7768613,-0.14928716,-0.6126708,-0.67293507,-1.9656118,0.07454203,1.6629096,-0.5906534,0.9385744,0.54352367,0.24110177,1.3831552,1.1910791
-0.22435553,-1.1382339,0.2604878,0.80772865,0.9357893,-1.0281205,-2.2766762,-0.4610168,0.09227354,0.13232675,-0.7850125,-0.3591467,0.88416153,-0.34712377,-0.5398404,-1.6621788,-0.68624055,1.4305917,-0.16252209,0.74447656,1.4317503,0.575457,1.423882,-0.18156163,-1.021695,-0.14355007,1.7764621,1.5552311,0.24971841,0.29250672,1.5345043,-0.91725445,-0.9135122,-0.5684487,0.74294263,0.3703316,-1.1443976,0.36538532,0.52408177,0.08192811,0.41437826,-0.8321501,-0.5090086,0.5544976,0.43782488,0.79038626,-0.73551404,0.9299148,-0.4056623,-1.1266112
0.59263754,-0.19263825,0.02592825,-0.039272353,-0.20197159,0.032577995,-0.33097517,-1.104852,0.20831874,-0.08011349,0.88627917,0.08255088,0.4861546,-0.3447537,-1.0258679,1.3616956,-0.34969375,1.183073,0.68839127,-1.0000348,0.23102504,1.2614448,-0.22697416,-0.84103835,1.5197043,0.74255705,1.6153512,1.9217087,-0.3217297,0.92766213,-1.2342106,-2.2744942,-0.12161595,-0.23933494,-0.23104547,-1.7607354,-0.36312312,-1.8489025,0.7634082,-1.598765,0.14429861,-0.059584763,-1.522658,-0.54308844,0.1507206,-0.6466063,0.2628607,-1.3108217,-1.1702877,0.20809318
-0.03274548,-0.5998216,2.102226,-0.4838495,-0.38469416,0.15266716,-0.99042255,0.66360295,-1.4362938,-0.790166,-0.7719758,-0.15182297,1.0917114,-0.08410467,0.2528915,0.54992014,0.61035854,-0.69732046,-0.3839081,-0.13819848,-1.7244169,-0.5602835,0.47378612,1.1438338,0.912144,0.09137819,0.09070776,0.2704377,0.006088278,-3.471257,0.61938286,0.46406037,0.4644585,0.03225952,-1.2076797,-1.3478085,-1.0919508,-1.2443324,0.48427647,0.84982204,-1.4729167,0.35080114,-0.6307198,-0.93076134,-0.38880235,-0.40366498,-0.16671748,-0.73593146,-0.68171006,-0.0531983
-1.090804,0.1564101,-1.257652,-0.57243913,-1.6332906,-0.17017464,-0.027996944,2.6613724,-1.7516856,-0.87327445,0.002358073,0.0972609,-0.6685714,-1.5688289,0.01414708,-0.019583056,0.6415287,-0.41335768,-0.57671493,-0.03569442,-1.6213639,-0.43519244,0.42606312,2.6662135,1.173697,-2.615584,2.8801625,0.5140908,0.20132734,0.12358094,-0.15306458,0.33271834,-0.26969317,0.11637156,0.922082,-0.7452257,0.3242422,1.7028311,0.8208657,0.98502463,0.060216993,0.34372485,-1.1546949,1.4708315,-0.4532603,1.8144072,-0.8316318,0.08587465,1.4642633,-0.82282
-0.38089275,1.2228603,0.45503214,0.27810547,0.62065357,-0.7216861,-0.8478115,3.032315,-0.9081025,1.0651382,-0.89169955,-0.7675689,0.6613145,0.61761916,-1.1802375,-0.7424629,0.35073698,1.758112,0.572877,-1.1340039,0.96149635,0.11786679,1.5395828,0.39656678,-0.774641,-1.8469943,-0.17258587,-0.17023623,0.2183049,0.19252922,-0.318142,1.3265063,-1.8498803,1.6220264,1.4038709,0.84048486,-1.3332094,-1.901267,-0.7575655,-0.5909821,0.67713684,0.615129,-0.48555973,-0.61327887,0.038689192,-0.09178961,0.42954412,-0.08804073,-1.8595082,0.21670441
1.2186655,0.19922589,0.482646,0.39939928,-0.7516986,-1.0471652,-0.89328,-0.35225987,-0.119956285,0.26998866,0.26815745,1.4408083,1.3952341,-0.5313458,-0.13038872,-0.55113614,-1.3841931,0.7701944,2.2997086,0.42974928,0.8882387,-1.5890255,0.13185567,-0.6676154,0.28509545,0.5771267,-1.3843783,0.9365779,0.59662217,-0.5784675,-0.32307035,0.46371385,0.7679639,-0.81508714,0.5897716,-0.69589514,-0.4511864,-1.4422127,1.7469758,-0.99585086,-0.3645123,1.5761596,0.45165807,1.5470638,-0.12238583,0.4723653,0.40539646,0.105738916,-0.995238,-1.098603
0.034643497,2.279509,1.3488137,-0.41058514,-0.20357671,-0.5992331,-1.5715499,-0.027027749,-1.0056446,-3.1684566,0.120102145,1.2703305,-0.5550636,-0.1052667,-1.2278152,0.59941566,-0.41689077,-0.35395554,0.2726168,-0.91654104,0.05927977,0.86624277,-2.2393339,0.7318357,1.20191,1.7049361,0.39347705,0.12885758,0.15159664,-0.027899817,-1.7714108,-0.021915026,-0.5861421,-1.6867963,2.4853404,-0.24959958,-1.1242162,-1.8095727,-0.03807538,0.2892824,0.14804502,1.9968984,-0.6200425,-0.0023351547,0.22258309,0.36429548,-1.498172,0.34447145,0.8689135,0.9444942
-0.699471,1.7442266,-0.015168958,-0.10472989,1.1469796,-0.041830655,-0.36980262,-1.6024754,0.5172867,-0.32961604,-0.29426703,0.45828453,-0.46919465,2.5268843,-0.38154685,-1.1587495,-0.46594602,-0.810993,0.7888953,1.1928349,-0.66090256,-1.18758,0.20616409,1.233932,1.8972619,-2.1759157,-1.6473198,-0.1314201,0.6110038,0.4054883,-0.7783656,1.0303622,1.5388119,0.030282637,-1.2095625,1.5390874,2.2778068,-0.53318787,-0.17463812,0.6642343,-1.0727338,0.84063673,0.9993672,-0.6901216,0.025822308,1.4382854,0.26507932,0.17918563,0.9444728,0.7721345
0.33448595,0.7274371,-1.9618436,-0.88015425,1.9923822,1.1724602,-0.7892364,0.28850633,1.4837418,1.3523076,1.4879131,0.73086184,0.53178775,-1.0037103,0.8822931,-0.9037528,-0.012301358,0.79985934,1.478878,1.8044982,-2.035593,0.6936119,0.68100464,1.2819651,0.124190785,-0.9590242,-0.40538383,0.070037715,-0.3386279,-0.30761796,-0.80618477,-0.7911314,-0.9855726,1.6881534,0.37255627,-0.53698456,1.1118492,-0.71305454,0.2246667,-0.10189647,-2.24492,-0.569257,0.8756372,1.8360282,-0.06831795,-0.0582678,-0.367374,-1.2512773,-0.6161896,0.54823375
0.6000644,-0.68175864,-0.8487609,0.3075108,1.0164709,0.099665076,2.2346213,0.36670464,-0.31955782,-0.84324026,-0.7920346,1.0000567,0.17317745,-0.006047742,0.833052,1.3029859,0.8851653,-0.29032132,-1.8747767,1.5701056,0.6271697,-1.8374103,0.03210774,-1.9401369,1.2784766,2.326109,-1.8231599,1.0065215,0.22620142,0.46451876,-0.01699002,-0.57476586,2.3481672,1.0256813,-0.5071355,-0.21358651,-0.28752258,0.5036248,1.3766619,0.57373786,-0.7128912,-2.7082453,2.143823,-0.5214256,0.9972331,-0.28125128,1.1679978,1.5992337,0.11757446,0.4943824
-1.3460734,-0.3775371,0.8165417,-1.3467366,1.3234613,0.660395,3.460335,0.46747914,0.73774326,-0.64037055,-0.75784427,-0.19480786,-0.013997419,1.2295132,0.257027,-1.0461222,1.1601119,1.5036575,-0.7677445,0.10699653,0.6661039,-0.88541645,-0.2981969,0.17052223,-0.6002154,-0.59901327,1.1176188,-1.4242212,-0.15573472,-1.4152439,-1.6212782,0.38162243,2.0456011,-0.14032562,-0.42526218,-0.4206065,1.0934108,-0.35595253,0.8638362,-0.6166407,2.3196487,0.6244727,0.3927795,-1.0122359,1.231233,-0.1036245,0.78484035,-1.704297,-0.38124928,-1.2766398
0.18967038,-0.2396383,2.039676,-0.9388231,-0.046117075,0.33256337,0.7759405,1.3168228,0.15501644,-0.31266394,0.6589968,-0.4002868,-0.9313849,-1.5013222,-0.69767725,-0.48127714,1.2242788,-0.025945565,-2.6569269,-1.7053537,-1.667353,1.6979518,-1.7596084,-0.68567085,0.073307686,-1.0270902,-0.6904812,0.21587136,-1.4038774,0.71471095,0.29045698,-0.8613695,-0.8600897,-2.5151682,1.7372391,-0.6985391,-0.015243879,0.4806191,-0.569018,-0.5512247,-0.6871905,0.6758471,1.2212434,-0.50590277,-1.6611987,-0.26493612,0.9326567,1.0309272,2.045546,-0.979365
-0.3216139,-0.890349,-1.4634582,0.6394741,0.0811387,0.94353324,-1.1857979,0.49000698,0.25501722,-0.879446,0.1688463,1.3094907,-0.73887527,0.4004653,-1.2097658,0.06464527,-1.4674784,-1.2545929,-0.40927997,0.51984,1.0326517,0.09784997,-0.7112983,-0.5403809,1.0480758,1.5274985,2.2165189,0.5610532,-0.80288976,0.8158273,0.89666015,1.1621331,-0.22729807,0.86337006,-0.5881511,-0.77910876,1.5175705,0.70597607,-1.4025899,-1.3444448,2.0009246,0.60327435,-2.1716478,0.55286366,1.836514,1.7999609,0.7928147,0.60512525,-0.70873034,0.27323717
-0.3310492,1.5834982,1.4476027,0.64769495,0.038624488,0.27462867,-0.6359262,1.8006399,0.25485653,0.9960362,0.7287,-0.54774195,-1.3725101,0.2392028,0.2919516,0.89859456,-0.7543103,0.7396646,1.5632107,-0.61465675,0.46149307,-0.5639641,2.3002079,0.829753,-0.4517895,-0.19903919,2.1725547,0.35363474,1.0345381,1.550304,-1.1029867,-0.06055549,2.5039496,0.8195456,0.351025,1.1235199,0.39083105,-0.8511071,0.2598668,0.90971005,-0.1186359,1.4734172,-0.41415647,-0.15198804,0.3409777,-0.64488155,1.8015974,-1.317783,-0.38450828,-0.35501307
-1.0030321,0.10503194,0.7437213,1.0643076,-0.47931954,-0.13504168,-0.12680368,0.017933466,0.583372,-0.46853477,0.14978509,0.143115,-0.706926,-0.5041503,-0.6438053,-0.6447908,-1.0643219,0.009985237,0.82200444,-1.906372,1.0576746,-0.41492784,-0.84531254,-0.77602345,-3.044849,0.084945686,0.3687009,2.1124783,-0.12649992,-0.15606569,-1.949107,0.5398068,0.97056025,-0.40245807,0.35271817,-0.07227406,0.48766086,-0.5950046,1.2108381,-0.019194897,-1.203158,-2.32445,-0.41657272,0.552883,0.05567081,-0.55627817,-0.38703355,1.6490642,-0.20648932,0.26495346
2.0039313,0.08929423,2.6108806,-0.31899965,1.1730494,1.5920862,-1.6150568,-0.99474263,-1.5192322,-1.0034562,-0.00199534,0.27772757,-1.7919195,0.41768327,-0.11466232,-1.2140578,-0.46496737,1.8103508,-0.26101992,-0.39447907,-0.2488001,1.1919392,-0.17840935,-0.5723695,0.09660194,0.9581553,0.36988539,0.47228307,-1.4354781,-1.6878587,0.39728823,0.10748291,-1.2144554,0.1799792,0.59060585,0.3136219,2.6004863,-0.08436469,-0.39747176,-0.16957548,0.54743993,-0.9593136,-1.3416955,0.6204928,1.752419,-0.34939712,-0.7061904,1.0458804,-0.99785084,-0.14607133
0.48852125,0.6205789,0.24266167,1.3566489,0.24300648,-2.1966293,-0.13786688,0.79294676,-0.69520295,-0.8424967,1.8841988,0.37221855,-0.6285956,1.0242401,-0.7850737,-0.8220246,-0.28613588,-0.7512203,-0.32196167,1.1936626,0.94031054,0.056375716,-0.17465383,0.28721,-0.4127439,0.6954888,1.7819699,-0.8877988,0.84737456,1.2054753,-0.47257715,-1.1787598,-0.061867863,-0.09039047,0.8217204,0.3478591,-0.7436961,1.3106072,-0.59488845,0.8770873,-0.766066,0.8827807,0.0036515286,-0.5847212,-0.8517915,-0.39036632,-0.81711584,-1.1143095,-0.39224163,-0.15096626
0.30068904,-0.546428,1.3427556,-0.26034462,-0.7325883,-0.58019537,0.11730657,0.2849928,-1.0192451,0.73866796,-0.50304097,1.1482078,0.6216576,2.094747,0.051621992,-0.70337546,0.122003764,0.8507305,0.19511308,0.8037663,0.5101685,-1.3991532,-1.0458947,0.18111159,1.1124061,-0.90016747,-0.7179072,0.5342054,-2.5268085,1.0236462,0.542995,0.06375659,-0.34912378,-0.9392077,-1.0127482,-0.83624285,-0.1404774,-0.5214459,1.3863522,-0.8190599,-1.0939167,-1.2087581,-0.3923409,-0.37428156,-0.11374285,0.3385199,-2.0901246,0.2793363,-0.12350371,-0.5316595
-0.5733728,-0.6943347,-0.04585455,-0.95242244,-0.7640461,0.34950116,-1.1373011,-0.10577071,-0.090375364,0.21572125,1.2902128,-1.3453296,-0.36715686,-0.2583412,0.5567694,-1.8530351,-0.51598984,0.8433934,0.09207687,-0.5529813,-0.64247364,0.07885394,-1.6625854,-0.44400597,1.4653258,-0.9843325,1.3078574,0.05980046,-1.0824836,-0.9527991,0.98652023,-2.2289917,0.22177052,-0.2364193,0.37806875,1.3964778,-1.2171656,-0.06484336,0.6599575,1.3454238,0.6748136,-0.39722657,0.5040738,1.4640641,-1.4200088,-1.0588663,-0.8549495,-2.004908,0.17598219,2.5354419
0.19842522,-0.0034729354,-1.2453504,0.92882806,-1.2477401,1.4244279,0.07686478,0.36986345,-0.66529584,0.2568111,-0.23985998,1.0997267,-0.82866037,-0.054639,0.8719159,1.2978587,2.7935371,-1.3778011,0.92256665,0.4095438,-1.3785126,1.895931,-1.5309582,0.2701302,-1.3233657,0.4029174,0.8749927,2.2982605,-1.5215626,0.08540319,1.0406923,-0.8796598,-0.46992937,-0.04468547,-0.16166972,0.11930256,1.500218,0.21610549,1.0366461,-0.61057454,0.46916297,-1.2053223,0.33487347,-0.013167463,-0.5399772,0.19856888,-0.5634687,0.3575303,0.17430376,0.5244051
0.49290934,1.4442194,1.4425586,0.15882882,0.08944674,-0.047918964,0.6886071,-1.0455068,-0.8796367,-1.3016901,0.0003518402,0.67832494,0.6442692,-1.0509025,-0.8514654,0.059260875,1.5525205,-0.1524109,0.7869502,0.4734647,0.04936156,0.008931512,-1.413804,1.2435375,-1.367394,0.64463055,-1.482,1.8896194,-1.2424828,2.110139,-0.17890888,-1.2357385,-0.34411767,0.8298866,-0.40071014,-1.6873149,1.3339282,0.10596344,-1.7958242,-0.0023980283,-0.0084799295,0.5890775,0.6498016,0.9221602,0.14304085,0.65984464,1.7789928,-0.4360249,1.5575573,-0.36250907
-0.53573406,0.18250057,-0.17888276,0.5032412,-0.81285053,-0.55618775,-0.66107494,1.0805441,0.6155389,0.053805005,-1.2334963,-1.6448218,0.7391979,1.3349473,-0.35060367,1.1472486,0.24216153,-0.40381587,2.1726587,-0.96550125,-1.4247085,0.89453214,-1.0588152,-0.4708681,-0.33186212,-1.1125966,-0.08411442,0.0047559887,0.6579873,0.41394022,-0.70626825,0.9780053,2.1319954,-1.4277974,0.07985544,0.07503737,2.8169343,-1.5608219,-1.3308557,-0.7682548,0.0242101,-0.004461526,-0.038930755,-1.0940888,0.90360147,1.212851,-1.0466261,0.10146425,-1.1867682,-0.5581523
-0.55650306,0.4455828,-1.1693082,-0.06307711,-1.1765054,1.1696861,-0.42979667,-0.012055971,0.38418612,0.120832585,-0.20617771,0.18045703,0.564635,1.1446317,1.4919474,0.80756193,0.61333746,-0.34788516,0.05448312,-1.4231055,-0.4137285,0.6328835,1.3340905,-0.9752882,-1.2519407,1.9277612,-1.5896485,0.96828276,0.8874226,0.9493928,-0.18701003,1.2866392,1.731457,-2.4190128,-0.83068967,-0.8032198,-1.5570018,-0.6635141,0.58080643,-2.4709005,0.9685516,0.39969623,-0.2942276,0.9368403,-1.7430528,1.0845869,1.0210732,-0.86014104,-0.008692218,0.61305296
-0.5084476,0.74927783,0.68680555,0.7497751,-0.59811413,-1.2962152,-0.6828015,0.7890649,2.3541033,0.8077189,0.97580934,0.48364475,-1.0166558,0.70565957,-0.18077958,0.5791795,0.74539083,0.38538978,0.5391317,-1.251286,1.618188,0.13226281,0.083267346,-1.2504908,1.1966066,-0.22457604,0.25078586,0.30934542,-0.70990866,-0.58059746,1.167212,2.2181487,-0.09913768,0.25130552,-1.7672639,1.0327675,-1.6270622,0.0762869,-1.7715957,0.91120636,1.5895203,-0.63998044,1.2754225,-0.41737184,-0.052952792,-0.22757818,1.5079433,-0.39543983,0.48318902,0.98063695
-0.46866947,-0.039182305,1.8033671,1.0107063,-1.1334245,-0.25021312,-1.2705704,1.5376351,0.87855965,-0.8046825,-1.0858079,-0.4567217,-1.7425848,1.0766367,-0.8585593,-0.07594706,1.3174427,-0.2966776,0.6638565,0.402996,0.6419213,0.91020644,-1.6826456,-1.2426469,0.59276736,-1.2203685,-0.1860756,-1.3283314,0.62402534,0.0563873,0.41999602,1.3852396,-1.6524086,2.3954108,-0.29931813,-1.9154702,-1.6109734,0.31012833,0.043512374,-0.7430922,0.61276084,-1.6039612,1.2618085,0.9221979,-1.9057457,-2.1324275,0.24577229,1.2687078,0.91295516,0.8194493
-1.3632635,-0.9064442,0.10013964,2.2184377,1.5121428,0.5378742,0.97302836,0.97321475,-0.94214857,0.11930124,-0.1470321,1.279029,-1.6649573,-1.4300395,0.39458796,-0.98729825,-0.010767916,-1.3959981,1.3388822,-0.38451943,1.1245936,1.2499031,-0.037315913,-0.396798,0.543621,0.5833369,-2.0546572,1.1781042,-0.16047552,1.1599469,0.8866202,-0.26984185,-0.9942685,-1.1333427,-0.86780745,-0.2328497,0.44671473,0.43130642,0.6434084,-1.2026293,0.5184365,1.8814157,-2.0568483,0.6055548,-0.033100024,1.6177547,1.1193024,1.3177797,1.0169326,0.100163735
0.41492483,1.5063403,-0.8158793,-0.3009105,-0.26686975,0.21407524,1.2067317,-2.21597,-1.8593373,-0.65677655,-0.6229846,-0.39094985,-0.9054211,-0.10493348,0.56415075,0.22207746,1.4749106,2.1481035,-0.7916973,0.77456856,0.26101157,-0.29619643,0.19055375,-0.12459951,-0.30241966,0.45959333,-1.568636,1.6042323,0.6932325,-0.32768494,0.73256016,0.43344957,-0.054142136,1.192342,-0.24351777,-1.3824476,-0.3585685,1.198898,1.0008194,-0.63502735,-0.8966739,0.042420823,0.56404674,0.3124772,-0.07450597,-2.0297635,-0.9381644,-0.9989636,0.6714612,-0.44589716
-0.23975287,0.5852182,0.36815548,-1.3445312,0.6535477,-0.56004757,0.33637372,-1.3739861,0.6086499,-0.55040985,0.00044726912,1.5624129,0.9169176,1.984142,-0.59745455,0.54929936,0.58844525,-0.69430435,-0.4935152,-0.5766557,0.17029355,-0.6684157,-2.2805781,-0.25734094,-0.11037053,-0.6828476,-0.25562468,-0.54629385,0.59158677,-1.4919708,-0.7751452,1.8214291,-2.684516,0.907564,-0.50882083,0.06997316,0.85730016,-0.7690848,0.37524775,-0.016963141,-1.508993,1.1686605,0.54196215,0.6381946,1.121892,-0.69830596,1.1440755,0.028717844,-1.1155553,0.95100623
1.1938,1.2984304,0.77684116,0.77928096,-0.8022976,-0.17231697,1.3625747,-1.1225835,1.3252096,-2.2380433,-0.16070494,0.4374232,-2.2307253,-1.2597688,0.6663116,1.0704924,-1.5653025,0.59269583,0.15394731,2.593232,0.47316286,-1.4579308,-0.008044825,-0.96999943,0.043216236,1.6501623,0.027460998,1.2067869,0.5658922,1.036832,-0.361211,0.50549316,-0.18283255,1.0384889,-0.39216778,0.561357,1.0503742,-1.0072216,-2.0939019,-1.718061,2.0064101,-1.6716077,-3.1941764,-0.05238097,-0.7916393,-0.70882785,-0.7399807,-0.87594795,1.280567,-1.4363451
0.86765337,0.23497592,1.224547,0.052362505,-0.7751728,0.5672034,0.6357307,0.37908563,-0.05959158,1.518743,0.47168308,1.6514127,-1.9372749,-0.10790026,0.44517243,0.6341523,-0.05952214,-0.027671847,0.581369,-0.60948837,-2.76176,0.9956182,-0.5423884,-1.3827604,0.5516437,1.0217507,-0.59102464,1.4841925,-0.6019493,0.2797795,-1.7145602,-0.42990658,0.8227497,0.648744,-0.2908062,1.1285843,0.47685665,-0.52820975,-0.821345,1.1072742,-1.9547043,-0.7587234,0.80415463,-2.0313895,0.9980737,0.69808656,2.7859511,-0.1586139,1.1022551,-1.479324
0.61583906,0.030190377,-0.42231894,0.22066782,1.1693976,0.02491755,0.31559277,-2.486752,-0.030552808,-0.40765604,-1.0842289,-1.0927976,0.71936494,-1.9407474,0.56704134,-0.3686794,-1.299663,0.5038955,-0.34496406,0.17507099,-3.0972292,1.9555894,-1.1205137,-1.240729,-0.17995115,0.6089338,-1.9259521,-0.8155534,0.17179137,-0.56775373,-0.54930055,-1.6169353,-0.0955902,0.15736409,2.4042244,1.5774887,0.31901756,0.17411524,2.3716593,0.3912162,0.029162347,-0.2943949,-0.33129305,0.71782655,-0.11728248,-0.655269,-0.83899266,0.478586,-1.1958522,-1.5238484
0.03437317,0.8911404,-1.0540781,-1.3258921,0.08707527,-1.356115,-2.3767035,1.2542101,0.3942768,0.49707958,-0.08798672,1.0784582,0.58484894,-0.7471498,-0.69357353,1.774531,0.022536172,-1.2597805,0.09240187,-0.85190433,1.1846141,0.38573992,-1.5139241,0.2504864,0.0952558,0.29584756,0.39142126,-0.40013188,0.3796314,-0.14925614,2.3106318,0.58677566,-0.13908684,0.19871071,1.9064041,-0.61155266,0.18426661,-0.30108887,-0.31502122,0.040342465,0.5269948,0.9242999,0.16915654,0.69796294,1.7415283,1.3311373,-0.5367995,0.92397505,-0.55847067,0.5638127
0.03674858,1.8961474,-0.9292646,0.24069415,-0.5218193,3.0686624,-0.27509913,-0.003393557,0.37298366,0.37380326,-0.9627363,2.1909604,0.86596674,-0.07346709,-1.7874069,0.19568568,-0.57988733,-0.38774216,-1.375147,0.56811917,-0.6998105,0.7861346,-1.5544947,-0.3282961,0.8130558,-1.0132875,-0.6978612,0.44941643,-0.675528,-0.27729478,-0.8315269,-1.6024717,0.3076947,0.81067425,-0.20775415,-0.48501042,0.40173945,0.24192357,0.1469451,0.49091226,2.0340726,-0.48766965,-1.5415744,-1.5046599,0.48343787,-0.33639413,-1.4782465,2.36046,0.5357259,-0.4902545
-1.5836856,0.26977903,-1.6583275,0.9995897,0.7060749,0.86540014,1.9085664,0.78224283,0.03387045,1.5738732,0.9742076,-0.20235467,1.9761478,0.29203779,0.36778328,-0.34553617,1.1803336,1.4078687,-0.2867891,1.7097774,0.61888593,0.066780895,-1.3878176,1.2008024,-0.23112252,0.10728297,1.0597405,0.25703362,1.1505939,0.72648686,2.0401947,-1.4065416,0.63939077,0.053042047,-0.6960246,0.4625698,0.21695909,0.9843122,-0.2938048,1.0028272,-0.34207487,2.0940256,0.30981526,-0.39136449,0.0702939,0.04913799,1.4547904,-0.4080479,-0.0515998,0.4346021
-1.1243563,0.71240574,0.33927724,-0.04577289,1.8396796,-0.46185943,0.14654793,-0.45063886,-0.945751,0.16315345,2.405331,-1.763738,-0.3102442,0.14077714,-1.4273264,1.1954827,-0.60590005,-0.8390139,1.2262639,1.616991,-1.801726,-0.5744258,0.09585847,-0.6401401,-0.3927552,0.563301,-0.06511831,-0.059957437,1.1885132,-1.7120577,1.581766,1.8921447,0.37348548,-0.23933071,0.6433287,-0.30237624,0.54623806,-0.42707855,-0.8979843,-0.46131918,0.39448678,1.831358,1.807154,-1.210833,-2.0448737,-0.9048676,0.4611051,1.8776075,-0.14807293,-0.5970629
2.6921942,0.47496963,-0.68732715,0.012681892,-0.10349851,-0.48675242,-0.87825394,0.81738645,-0.5302897,1.3524574,-0.8715337,1.4623778,-0.3978208,-0.7053246,-1.2217832,-1.1156456,0.47400433,-0.5570472,-0.934379,-1.5787098,-1.4811542,-0.18075843,-0.044699352,-2.159098,-0.12345571,1.0535771,-0.4983873,0.01160232,0.900922,0.5109639,-0.24560454,0.64056873,0.055757396,-0.26870587,-1.1666839,2.481887,0.73961145,1.987479,0.85466087,1.407019,-0.8453889,-0.27621865,1.8380622,0.57611674,0.8674008,-0.53570384,1.5507414,-0.4749922,-1.5652466,2.1925192
-0.8629133,1.4141974,-0.8214112,-0.7351022,-0.37263998,0.89019847,0.16920973,0.08635404,-0.22622424,-0.6178496,-0.4346789,1.27463,-0.48124263,-0.5469399,-1.1421441,-1.1270983,-0.25002986,0.38921732,-1.2440947,-0.10816858,0.3808567,2.0302348,1.1081035,0.8533769,-0.5179524,-0.6301614,0.02754948,0.12352905,0.22986199,0.60919374,-0.014744363,-1.4905912,0.2779063,-1.3331667,-0.21784693,0.2633941,-1.1478862,-0.73516536,-0.13945204,1.4977926,-0.105245665,-0.36239848,-0.2883743,-0.85038024,1.1674668,-1.3435905,-1.8588557,-0.13727711,-0.24306987,1.3340615
-0.54024315,0.4078555,0.02893729,0.34720874,-0.5725134,-0.39553717,-0.694124,-0.5847825,1.9378157,1.0936358,0.12459826,1.1754013,0.18285058,-0.24198467,0.61605054,-1.7033461,-0.5637372,0.53396046,1.5045791,0.31940177,-1.7906917,-1.520433,-1.1769873,0.31455684,-1.1100703,1.2280189,1.4977868,-0.37852648,0.23805884,0.99811226,-1.1914709,1.9410383,-1.2360505,-1.5921954,-0.88738924,0.88106155,1.6691229,-0.34207237,0.91262585,-1.4687321,1.4772288,-1.0996732,0.9750992,0.17778529,0.11141475,-0.577098,1.6591085,0.87497556,-0.23728947,0.38165188
0.33783877,0.36934012,-0.70846814,-0.84147394,-1.003889,0.121094845,0.084470175,0.16163693,-0.20470804,-0.28623104,-1.2487662,-1.3086444,-0.06956038,-0.15557815,-0.100168385,-0.15178993,0.8793811,-0.8879253,0.5479453,-0.67797244,-0.9023359,-1.2113546,1.4641308,1.0111388,-1.3717668,0.7989642,-0.5864777,0.4816516,-0.3553303,0.98463976,-0.03857414,0.8831905,0.0832909,-0.32092348,0.65873826,0.28882197,-1.6335516,1.3053999,-0.12717171,0.73321086,-0.5673377,0.24893427,-0.7690582,-1.6032631,0.9955544,-0.59712017,0.009880753,-0.6897995,0.19267713,-0.0434708
0.6731869,-0.6039506,-0.45616493,0.34534988,-1.0712239,-1.2438357,-0.85199887,-1.6589347,0.10330651,0.5259802,-1.5990312,0.2414894,1.6426222,1.0322524,-0.26677227,-0.051387277,-0.7524537,1.4294385,-2.5572474,0.44503337,1.116974,-0.31835464,0.107140526,0.4966196,-1.3562398,0.41401273,0.5346719,1.310498,1.1889987,-0.4354518,-1.602903,1.5115553,-0.4087916,-0.097671926,0.31288198,1.8205551,-0.70463014,-0.8135514,1.8227017,-0.20505907,0.25583002,0.22204688,1.4797434,-1.2881756,-0.8904827,0.26481977,0.32689235,-0.10005497,-0.24989238,0.46470672
-0.41355503,-0.46162504,1.6392974,0.5863746,1.3795488,-0.122949004,-0.7843416,2.6497462,-1.3659904,0.13609886,-0.088888876,-1.1559832,-0.6339605,-0.66534925,0.79160875,0.23548937,-0.57551944,0.8588646,-0.41539726,0.2672515,-0.7871129,0.8091306,0.15651967,0.06748895,-0.060071528,-0.15844044,-2.0172653,-0.12678173,-1.1236148,-0.85248744,0.5769628,1.6929512,0.16093743,-2.0683537,0.11822339,-0.2308741,0.6002812,0.6062725,-1.3244612,0.24740136,-0.45084256,1.4565666,-0.29486972,-0.37022164,-2.1740983,-0.56100243,-0.40325022,0.9250209,-1.3808959,-0.5462188
1.5115014,0.59027344,-0.5462372,0.06839097,0.6383046,0.37592363,-0.18987957,0.3923698,-0.31331378,0.96975636,-0.3145165,1.3772224,-1.4881359,0.18686923,-0.17524697,-0.9366967,0.3804307,-0.94484055,0.032508906,0.41146767,1.3662925,-1.2952814,0.6236016,1.4385284,0.5570803,1.0542072,0.7513072,-0.18288197,0.6949483,-0.45404455,-0.7290057,0.6106564,-0.15331961,-0.82730204,0.5325511,-0.5199688,-0.08038563,-1.2700341,-0.53636354,-1.2381725,0.5277638,-1.5038568,0.1327918,-1.3751872,0.023375962,1.7022144,-0.5452003,-0.871183,0.61640376,0.5262923
1.3685678,1.6385702,-0.4187126,-1.3766656,0.9270039,-0.15747897,-1.2756661,-0.9097971,0.80410117,-0.04787805,-0.0141718695,-1.5619602,-1.431231,-0.7229699,-0.8494884,0.75778705,-0.49771646,0.58584034,0.40318877,-0.3594154,-0.4188403,0.8330403,1.7825832,-0.3330893,-0.15160242,-0.065511465,0.5577824,-0.33149177,1.3725811,0.67858493,1.088942,-1.1305294,0.44880256,-0.50440514,-1.7817883,-1.5144622,-0.5576562,0.47815618,-0.4688199,-0.13787264,-1.7487851,0.6539833,1.6989633,0.9037423,-0.16867538,-0.59755254,-0.19853471,1.8113626,0.009305992,-0.021264566
-0.90318316,-1.9544328,0.83930933,0.9199054,1.9352111,-0.52938485,-0.73354304,-0.29072705,-0.1622113,-1.8613843,-0.59026945,0.37415895,0.20057233,1.2669603,-1.3339605,-0.53580904,1.5999206,-0.26972622,-1.1050881,-0.1837399,-0.33285072,-0.17093155,1.3044387,1.1541721,1.4721131,1.9104313,-0.0012461543,-1.1689589,1.8010187,0.65747887,1.2488828,1.113148,1.0500319,-0.3141562,-1.5857936,0.18644597,0.5562395,1.1240742,-0.64356756,-0.1574252,1.1406657,0.26890153,1.5597018,-0.9275433,0.16038777,0.534374,-1.6937021,-0.94791055,1.1290613,1.0733258
-0.9229551,0.17217255,1.3910245,0.57420796,0.40172338,-0.93711334,1.520064,0.15715587,0.7737972,-1.1953347,0.2417652,0.5464674,-0.41487873,0.82083625,1.7292942,-2.2329416,-0.90317863,1.1061847,-1.9545488,-0.113477826,-0.059322722,-0.36277127,-0.758622,-0.6682529,0.5197044,2.5234485,1.4319137,-0.3198019,0.97829676,0.47356007,-0.22910073,1.3270884,-0.6992921,-0.9073576,-0.25497982,0.775911,-0.25750965,0.5708573,-1.3153017,-1.1657152,-1.950814,0.33990517,0.4369551,0.06630684,0.04979925,-0.75795186,0.81229824,-2.9965546,0.68384176,0.70364475
0.48166594,-0.34995902,0.005636324,-0.22571553,-1.5188439,-1.155075,1.1367743,-0.88147974,0.6116026,1.0915003,1.2183982,-0.63821065,-1.7733203,0.3317532,1.643192,0.6626931,-0.46192694,-0.08810312,0.97138304,0.31784505,0.25635257,0.93249136,-0.048603382,2.4825702,-1.8748572,-1.9773815,0.43668023,-0.17446049,0.26958504,0.87725985,-0.59099793,-0.8250516,-2.1810627,0.39123574,-0.4051561,-0.7901093,-0.8242096,-1.0281717,-1.0681578,-0.7694305,1.0876433,-1.7116044,0.6475569,-1.260248,-0.14302261,-0.8053294,2.1022336,0.5056605,1.0762713,1.3223382
-0.13214268,-0.69164664,1.4396504,-1.3699415,-0.844918,-0.751172,0.46367896,1.040632,0.11052331,-1.5840193,-0.530781,0.53636724,1.0724189,-0.39847738,-0.3850029,0.97362936,0.18032698,0.64369136,-0.69107246,-1.675045,1.3171084,-0.17086223,2.6488526,-0.88860255,0.08881148,-0.11466491,0.6651823,0.54343766,-0.49042827,0.90777314,-1.4957156,0.53478056,0.14516598,0.17496233,-2.3034437,0.6551644,1.4378189,0.37931594,-0.7048257,-0.96604973,2.0731494,0.3395125,-0.34132683,1.1384729,-1.8644679,0.14879443,-1.2296962,-1.5341501,0.79643613,0.66220933
-0.47657138,-1.213267,-0.73605967,0.84666616,-0.9746319,-1.2381694,0.71934295,0.8560477,-0.6657648,-1.1631383,-0.1563074,-1.5634935,1.0440483,1.1384708,0.8447607,-0.998414,-1.5514605,0.28529865,1.326806,0.021496005,0.116037115,0.7784263,-0.062595636,1.5763359,1.02926,0.13853776,-0.2926366,0.8246378,-0.9552757,-0.29761195,-0.83391106,-0.8857854,1.9628488,-0.81970793,0.37741774,-0.048430413,0.016144902,0.47479007,0.1853734,-0.1883534,-3.5628731,1.2489489,1.5001155,-1.3079153,0.8734011,-0.8552338,1.5285963,-0.45829028,0.3365345,1.2292498
-1.1165901,0.11645246,-1.1915901,0.21245526,0.917659,0.09679487,-1.1600168,0.44598666,0.7817846,1.021812,-1.8814875,-1.5277442,-0.947228,1.555104,-1.863107,0.3791187,1.1174937,-0.7877422,1.8017058,-1.8379347,0.14961977,1.3208851,2.1789644,0.21113652,1.4317793,-0.1986354,1.1683909,-0.8465521,-1.7732651,0.061674513,-0.0700952,-0.14794722,-2.1085615,-0.28387758,-0.030018272,0.69227016,0.28897,-0.108958445,0.455735,1.087237,0.8369035,-1.591256,0.49846324,0.6986867,1.1312395,-0.52343035,1.1356454,0.5111346,-0.21776278,0.08736362
2.5788343,1.0847774,-0.5221932,-0.11970355,-0.80096805,-0.7074621,0.010186287,1.1367922,1.8300127,0.16976799,0.15886623,1.6859322,-1.0344042,1.3675302,-0.42534456,-2.2416377,-0.3161111,-1.3389584,0.43282798,-0.2834432,-0.8593069,0.30734277,0.6440073,-0.34984285,-1.3508584,-0.7559843,-0.58463734,0.57023793,0.69184774,-0.27839798,-0.6138343,0.09184886,1.9326668,0.5638555,1.0730199,1.036526,0.8939673,0.6172049,0.21013728,-1.2162735,-1.0892138,1.3764521,-0.35050383,-0.472703,1.6583244,-0.084277876,0.39467064,-0.38950244,-0.4755881,0.4884615
0.53969693,-0.109424084,-0.61710066,-0.58863914,-1.5584772,-0.27177235,-0.9216811,-0.9873081,0.5196039,-0.12063876,-0.1593637,0.5347966,0.5189747,-0.7250331,-1.6213363,-1.422625,0.007378841,-1.4810374,0.176206,2.2437906,0.2499953,-1.0966855,1.9320633,1.656439,1.4375209,0.0067430027,1.1992837,-1.4960643,-0.6221482,-1.5072129,-1.2581075,0.99034566,0.47872797,0.5420962,-0.043886486,-0.43374485,-0.7889937,0.590663,0.57776785,-1.2735461,0.76807946,0.8006523,1.0600933,1.2105931,-1.0864989,1.280892,-0.7062082,-0.26597345,-1.7665218,-1.0861546
-1.5056691,-0.81870335,-0.4011096,-0.17128836,-0.3329761,0.12339475,0.8079719,-0.7662255,0.21528892,0.20289537,0.4686256,-0.59540457,-0.3867197,-0.31583214,-0.6897693,-0.1702262,-1.0265807,0.23056881,-0.7645262,0.8752303,-0.7847552,-0.23060904,2.6989105,0.31608513,-0.3014077,1.1994728,0.573895,0.7696934,0.15239014,0.65251756,-0.6512622,-1.2848779,-2.1946027,0.03960552,0.80408627,0.27069578,-0.7189717,0.23010711,0.73986566,-1.2386879,0.57534003,0.220258,1.1522799,-0.19168168,-0.63775706,1.1456805,1.3125204,-0.49991256,-1.4507849,0.58241075
-1.8443112,-1.4991642,1.021377,0.20028,0.4602788,0.73325294,1.0251869,1.0035852,0.7922238,2.2352803,-0.6723469,-1.5421797,-0.7009164,0.42079303,0.97457,-0.10708198,0.38836527,-1.1417836,-1.6564041,-0.17985867,0.68548334,0.4157567,-0.8116446,0.57718635,-0.7669896,0.6478862,-0.19795193,-0.77212083,-0.74909073,-0.2707799,-0.38217023,1.6814314,0.20391987,-0.61938006,-0.91525024,-0.6618518,1.2565393,-0.023037693,1.7740563,-1.0118084,-1.3388759,-1.5378563,-0.958373,-0.54842263,1.1412158,-1.6330658,-0.43168333,0.7042838,-0.21730408,2.0931942
3.2475975,-0.28265926,-0.15236636,1.2387509,-1.0973026,0.6060211,-0.7219857,0.5575907,1.1472365,-0.5387072,1.0551469,-0.7490267,-1.3691024,1.5808889,0.8125416,0.9254317,0.1987775,-0.32838976,-1.517685,0.64041257,-0.38728958,1.016819,1.0066457,-1.5360465,-1.5335286,-1.3758961,-1.7827837,-0.49910274,-1.8358767,-0.49356547,-0.22598538,-0.45129514,-0.07331327,-0.70307827,1.5208713,0.35052446,-0.04759256,-0.49131736,-1.0364143,0.41149786,-0.7310829,0.1621447,0.14634323,1.0490166,-0.781456,-0.23508161,0.08764045,-1.2613306,-2.3528976,-0.52763176
0.7460493,1.0116398,2.1610544,0.98877335,0.31822908,0.5710355,0.66345453,0.63912034,0.28604385,1.8076743,0.7314125,1.5490812,0.123883665,-1.9181478,0.7113078,-0.86855334,0.87802184,-1.0446119,0.41423702,1.9998132,-0.17215621,-0.40004563,1.0409787,-0.024711398,-0.29442304,-0.74054736,-0.30503437,2.32422,0.2992532,1.1699605,-0.5059419,-0.46627608,0.22422114,-0.48113889,0.24837047,-0.29018074,-0.27871585,0.1999779,0.005378722,0.88339293,-1.80564,0.21850622,1.285305,-0.8307085,-0.70353985,0.34853783,-1.2509898,0.21567687,-0.63041186,0.8325439
-2.2882135,-0.24284038,0.3075512,-0.35798794,0.0077446722,-0.2215968,0.55643964,1.6582378,1.1904223,-1.5206234,-0.030743629,0.16293634,-0.8871159,-0.860334,0.7370718,1.8842287,0.8028237,-0.10015582,-1.321326,-2.281901,-0.09235413,-0.07523252,1.1595824,1.3499482,-0.25461692,0.7964035,-1.8122677,-0.29807907,-0.8166484,-0.28467783,0.2051754,1.5297353,-0.97259134,-0.34720978,0.42380732,-0.46882477,0.19670483,-0.6210947,-0.3234476,-0.32302815,-0.42945918,0.18921338,-1.1276715,1.4139026,0.99059963,0.98512626,0.07757156,0.104589045,-0.28349832,1.0173826
-0.57083505,-1.2069833,-0.83761054,-0.608041,0.24118564,0.91119087,0.9491231,0.06751377,1.3527342,0.39399114,0.677769,1.2747732,2.062452,1.3254863,-0.7194306,2.1255026,-0.008006579,-0.37860328,-0.35570177,-0.3682662,-0.34809974,-0.19603664,0.5433826,-1.1405383,-0.8865252,-0.45292926,-1.328062,-1.5942518,-0.9505354,0.7839128,0.43043128,0.9158728,0.21660478,0.51367956,-1.1718174,-0.6305892,0.9487781,1.0703126,0.7984425,-0.648593,-0.54656506,-0.525255,-0.6291326,-0.68355256,0.2868335,0.21132144,-1.0916232,1.3433818,-0.45853916,0.2763054
0.4833909,-1.5212221,0.107617825,0.5902221,-0.8076732,-1.1663013,-1.080339,-0.59073776,-0.22724958,1.6250108,-0.24639519,1.0070862,1.2859454,1.0961531,0.12836066,-0.20664056,1.0630513,-1.873039,-0.5564241,-0.6748002,1.2715795,2.422743,0.050172567,0.92365056,-2.1673808,-0.96769893,-1.9329718,1.3059493,1.1549296,-0.5317435,-0.8059809,0.8419048,-1.3341261,0.5562337,-0.63554513,1.9735861,0.6382098,-0.2707518,1.5169877,0.062782854,-0.66952413,0.74382377,0.18685146,1.8144946,0.03188898,-1.0815742,1.4710003,0.6694984,-0.19705208,-0.4607103
-0.12904122,1.7137483,0.5076777,0.19230779,-0.71514374,0.7140227,-1.0154164,-1.2587006,-0.090285815,-0.8964193,-1.9943583,-1.8699867,1.2140013,0.55694884,-0.76308936,0.90432423,-0.14354311,-0.8595473,0.49825513,0.4154279,0.31658402,1.3111284,-1.2637331,1.1272131,-0.8182869,-0.16431539,0.6978239,1.1404494,0.13534018,-0.9197361,1.4423468,0.36355454,0.022172969,-0.008017118,0.929708,0.693274,0.25482208,-1.5995052,0.35417858,-0.7393831,1.3659154,-0.31528863,-0.2245031,-0.86075014,0.17701845,-0.1111872,-0.97313756,-1.31796,-0.748705,-0.29558867
0.6752067,-0.890324,-0.3309956,0.47225177,-2.5697434,-1.5447487,-0.07038888,-0.43660825,-0.086473845,-0.39760268,-0.9067698,-0.8885542,-0.028646177,1.4595759,-2.4913445,0.90121114,-0.5769509,-0.25270477,0.41221252,0.78694266,0.02656242,-0.029954474,0.21420361,-0.9547889,-0.10180371,-1.0439656,-1.0077127,0.32741547,0.19114019,-0.06427746,-0.19690794,1.3254478,0.3406259,0.17131327,-0.20494026,-1.304299,-0.06793963,0.3536585,0.83197045,1.1641809,-0.49199808,-0.45311022,-0.7980453,0.012768003,-1.0157228,-0.7010053,-1.388014,0.67766136,0.26908815,0.6277469
-0.6647112,-1.7643253,0.3558335,1.3135134,-0.5764293,1.085257,-0.42607558,-1.0012106,-0.39910716,0.86144257,-2.5877059,-1.0488502,0.7678407,-0.29264957,1.9938176,0.5564148,-0.3818858,-0.55324405,0.25900996,-0.42451203,-1.0339828,-0.8309242,-0.67511064,1.7403419,-1.3636701,0.7482365,0.5279348,-2.586404,-0.022591913,-0.3415907,-0.45584536,1.2089939,0.54585695,-0.7730243,1.3835706,-0.88870263,1.1587521,0.6084515,1.1845107,0.025806671,2.970094,0.24352914,-0.31047043,-0.60152006,0.3125084,-0.5645477,-0.5109203,-0.19768387,-0.09565886,0.14509362
0.23795857,0.02281013,-0.7403156,1.6410929,0.21882643,0.82406837,0.52051985,-0.5118927,0.14685977,-0.83829844,0.46256414,-0.12519151,0.88465744,1.1196557,1.6244477,0.79695165,0.49996176,-1.9727002,0.9381227,0.6850009,0.32345048,-0.71596813,-0.3708757,0.72058576,0.71751314,0.18507297,1.1974027,0.4061305,-0.26153666,0.082001776,-0.43668535,0.13282019,0.18246134,0.89394677,0.78323776,0.70509267,-0.5561616,-1.6328617,-1.789499,0.12823758,0.43880892,1.0001336,-0.3202842,-0.026929239,-0.37715656,0.6804055,0.18618293,-0.06736502,-1.0494064,-0.8996414
0.76850927,-0.7103123,0.19121554,0.86259013,0.29879612,1.5819174,-0.5685252,0.6827644,-1.2659113,0.9023778,-0.45212463,-0.93410736,-1.2460493,-1.3800454,1.475523,0.17000571,-0.33471152,-0.6957092,-0.91528034,-1.255443,0.22235568,-0.95634884,0.2797654,1.5590026,0.3500668,0.83010966,-0.08783817,0.02163335,1.4114488,0.74631816,0.4504975,-2.7100158,0.8129142,-1.5111213,-0.34809235,1.2785358,-2.1915975,-0.56731904,-0.106577076,-0.8570177,1.040783,0.42039025,-0.60911137,-0.46533558,0.40050712,-0.55514824,0.8898439,1.416971,-0.009471642,0.35648993
-0.34615296,-1.4906017,1.398131,-0.19645487,-1.9280269,-2.447128,0.08786147,-1.0614283,-1.5357983,0.15336184,0.780842,0.49535987,0.49107102,-0.3481749,1.0098324,-0.5667122,0.32523772,-0.8956409,1.109477,-0.14797355,1.420718,0.76255417,0.03902919,0.96327275,0.38970307,-1.0592481,-0.0714182,1.1901768,-0.80307984,0.6431435,1.2851565,-2.1246133,-1.1978239,1.3833213,0.49330854,-0.69486356,1.8084719,0.455011,0.5724674,0.077304505,1.3048381,0.31674078,1.3181564,0.945507,-0.64358336,0.10331871,0.19631112,2.1740417,3.8333256,-0.3098895
-0.9917795,-2.5305152,0.104934454,1.1717981,0.70418876,0.8092823,2.5170014,0.49064347,-1.1650513,0.1268903,0.82690024,-0.70549536,-0.7698029,-0.9431934,0.62989354,0.4241993,2.3374739,-0.39050108,-1.2467386,-0.42514804,-1.8637208,0.15134181,-0.44170764,-0.63122225,-0.6511107,0.6899711,-1.6705278,-0.87601525,-0.05238304,-1.5327148,1.024531,-0.70437014,0.10821476,0.13239452,0.7793705,0.000559388,0.26611304,-0.23183233,0.72601485,0.90226513,2.983911,0.14466023,0.60958946,1.222463,0.9194934,1.066963,0.7123627,0.09509027,0.32743287,-1.1708977
1.8981271,-1.7342876,2.194775,0.98263264,0.42982608,2.3397844,0.6652171,-1.9923626,1.4589039,-1.5721769,0.24645652,-1.3945795,-0.6958797,0.15664157,0.69862014,-0.72033924,-0.9450615,-0.88782465,0.46457294,2.0794258,-1.3978117,0.88490546,1.8738418,0.03919315,-2.469237,-0.889223,0.9130287,-0.30053255,0.3253482,0.2772775,-0.7952722,0.26548657,0.79400283,0.28043953,1.4984589,-0.9619656,-0.3539957,0.15019675,-0.32433864,2.2718985,-0.4833774,-0.06737451,-0.7806684,0.12080617,-0.7234089,-2.304978,0.10099421,-1.7456133,-0.31525955,-0.28991666
-0.8287556,0.7798951,-0.9947193,-0.7473602,-0.5743269,-1.598173,0.970009,-0.80605435,0.004597051,-0.5561828,0.7436919,-0.31676462,-1.1816154,0.9511953,-1.0287473,0.042175326,-0.17607935,-1.2525582,-0.06020054,-0.3518097,0.09042663,-1.8359766,-1.279592,0.99784434,0.47985125,-0.4009848,-2.5854623,0.6832661,0.37716624,-0.7617074,-0.43669736,0.618562,1.9451559,2.5006948,-1.8678265,0.11016471,-0.9321697,1.7494462,-0.2153095,-0.7112154,1.0592715,1.983246,0.3421731,0.86766225,1.0482945,-2.2698493,0.1523218,-2.2177517,-0.3978078,-2.2321136
0.51585656,0.7925877,0.3629143,-0.16212898,-0.34130633,-2.0145094,1.5667988,0.75001884,1.7075413,-1.7130841,1.1207453,0.33158395,0.38673446,-0.8472013,0.87726164,1.8418092,0.30421582,-0.9368071,0.70511144,-2.0620646,0.8543768,-0.18874228,1.2784665,0.14165375,1.7436625,-0.67662483,-0.3075081,-1.3593813,0.59479094,-0.68390644,-0.3588547,-0.6809496,0.46437687,1.4857726,0.048983138,-1.5147744,-0.43928543,-2.531055,0.08256193,0.5314516,0.5181815,0.15195297,0.9609416,0.18547684,0.50159144,1.2392603,-2.565229,-0.7913641,0.4681067,0.10215055
1.1497456,0.25612608,0.54976094,-0.8503642,-1.6412315,1.2337602,-0.3633933,-1.6928587,-0.9828085,-0.6341219,0.40137544,-1.1651556,-0.24386707,1.5788237,-1.2488031,1.6485282,0.21482912,-0.06393892,0.08376541,1.2673953,1.6500161,0.3583154,-1.172167,-0.44684437,0.77826405,0.3046284,-0.9261884,-0.25535125,1.3737531,-0.3277929,0.85837907,-0.22110942,-0.13888952,1.4027255,-0.12052746,-0.09988503,0.04722604,-0.39720044,1.062717,0.4817378,1.513361,0.36695015,0.855353,0.9164695,1.0558771,-0.83196735,0.71283543,-0.92779857,-0.47346103,2.1512992
-0.2849817,0.025112413,-0.5005852,-0.46401736,1.9653666,0.9710357,-0.20681746,-2.3921063,-0.79517627,-0.7693197,0.9684523,0.3940119,-1.5893058,-1.6501794,0.77594763,0.92940366,0.52840674,0.842725,-1.3245962,0.12386474,-0.6658315,-0.28587493,-0.4464081,-1.3220899,1.8151073,0.71201503,-0.59047115,-1.1034133,1.8384502,0.22207463,-1.9979678,0.4837928,-1.3790114,0.46073702,1.1240093,-0.9554124,-0.3740555,1.4636788,-0.97806334,2.2483492,1.7152723,0.22612485,1.0655105,-1.3853371,1.1398613,-0.31624854,-0.121748015,1.5894356,-0.57120657,0.7085803
-1.2388704,1.50616,0.5501715,-0.056254305,-0.9247492,2.1726458,-0.07907328,-0.627598,-0.72935426,0.16183652,-0.5286523,0.45166698,0.48619047,0.26243722,3.5009081,-0.04960925,0.3929679,-0.69246143,-1.0788364,0.7806837,1.0513176,-1.3674787,0.9205154,0.56186455,-1.2256861,1.1717969,-2.397403,-0.02436178,0.4521459,0.6844296,1.7222011,1.6890619,-1.4072173,0.9776804,-0.7409904,0.7899831,0.81940013,-0.19800484,1.0393207,0.9189234,0.49963266,-0.4553823,-0.22950126,-0.95210284,0.48261437,0.9496334,-0.54523313,0.28918374,-0.9450169,-0.5816032
1.4390429,1.1718085,0.2749912,-1.2235816,0.036658503,-0.0821993,0.37429607,0.35340926,0.13377367,-0.2260408,-0.9288787,-0.128413,1.1202447,-0.46052143,1.11178,0.48214754,-0.38067508,-0.3805646,-0.0004897115,-0.08809658,-0.7717224,2.1285696,-1.9637316,0.55059624,-0.60022473,0.85097224,-0.044688553,0.61962724,-0.59266376,0.4672447,1.623445,1.3565811,-0.5872895,0.024879435,1.0349934,1.2118949,0.79334354,2.5480406,-1.9218506,1.217819,-0.55818874,0.11760794,-0.29423383,-0.49414805,1.1702677,1.6090919,-2.7524128,-0.22753039,0.93758184,-1.3741387
-0.4447344,-1.0110914,0.39459687,-0.65112776,1.5738683,-1.0575442,0.26624328,-0.10675838,0.9880728,0.10149384,0.5911612,-1.8014652,1.483111,0.41051322,-0.15051775,-1.7400163,0.4084781,1.124622,0.35206002,-0.6745176,-0.2494648,-1.6700885,-0.7219774,-1.2383106,-0.26502585,-1.5259567,0.02209431,0.64317185,0.68028957,-0.5209718,0.8781467,0.6615139,0.7715545,-1.0478642,0.14376539,1.1453679,0.33160588,-0.65515876,-0.13858645,-0.92555654,0.8894962,0.82120025,0.32408372,-0.87458766,-0.29408497,0.4408008,1.0002688,0.6318995,-0.8554175,-0.1729113
0.38860112,-0.05733717,0.0063986084,-0.7904032,0.14521578,-1.1829636,-0.4486266,1.423321,0.6826272,-1.6970277,0.384898,0.1501879,1.3677101,-0.080864534,-0.12541647,0.76105344,-0.7785377,-2.0500352,-0.42612654,2.0081282,0.14143875,-1.1585532,-1.1531595,-1.6468346,-1.0715715,0.063156895,0.5419303,-0.5023704,-0.59773237,-0.7930576,0.71015966,0.07679108,0.20546626,-0.5972277,0.43660763,-2.109295,-0.13351949,0.050512183,-0.44082984,0.97325414,0.09907285,-0.7941261,0.19531094,0.20253077,-0.6560929,-0.83520514,-0.06785055,-0.25923723,1.0581714,-0.9521948
0.33499932,-0.64901066,-0.46213356,0.41304508,0.87744415,-1.7360266,1.6126662,1.400294,0.16251802,1.7047087,-1.6172569,-0.16842727,0.034648914,1.166818,-1.2054443,0.14550193,-0.7702773,0.7231602,-0.38945004,-1.1931316,-0.5602063,0.9369579,0.0676752,0.33477086,0.3603248,-0.1308473,-0.8606488,1.0231053,-1.4700407,0.60411996,-1.1521834,-1.0807488,-0.72063833,-1.1806643,1.154388,0.33755004,-0.78789705,-2.127953,0.58472824,-0.32021752,0.088955626,1.1249456,0.12364164,-0.08645409,-1.0148871,0.408533,0.10469751,-0.63904566,-0.36452538,1.0728697
0.04515129,0.38061094,-0.2923122,-0.0955362,0.16750897,-1.1436589,-0.12419776,-0.3288897,0.27523685,0.17888504,-1.0887926,-0.3559879,0.88999456,0.6268635,-0.14336342,0.46439826,0.59842235,0.31169286,-1.1944379,0.88659143,0.55142915,-0.7008403,-0.98660445,-0.7568196,-0.82262367,-0.7919701,-0.4366368,-0.3857991,-0.39618105,-1.2821281,0.23814175,-0.06648468,0.9732133,1.3405223,-1.5589001,-1.2394098,0.86322325,1.4074649,0.30953202,-1.4760704,-1.2710825,-0.38134772,-0.24918544,-0.12692636,0.2715506,-0.65526515,0.66320246,-1.3118145,-0.785422,-0.724532
0.07163919,2.3679605,2.7253907,0.9982193,-0.12324355,-1.5977125,-1.625123,-0.83980167,0.558676,-0.46682838,0.64718026,-0.046715148,0.6941609,1.7475498,0.8179808,-1.1022373,-1.2093945,-0.252926,0.566082,-0.09669595,-0.18254063,-0.53630257,-1.1618632,1.0592785,-0.43766132,1.8228105,0.06764651,0.08022426,0.16017182,-1.3694155,-0.112433106,-0.99777365,0.31088674,0.93860805,-0.062996976,-1.0405816,0.040628828,-1.1492615,0.2275199,0.04182053,0.77006114,0.4013697,0.3983438,-0.79652375,-0.22560024,1.0712136,1.2095376,0.1763315,-1.4854594,-1.6756184
-0.36288908,-0.08245169,-0.03525443,0.51584756,-0.43366835,0.75509995,-0.7460027,-1.3722975,0.48857662,0.28933793,-0.99124604,0.21622694,-1.3621565,-0.7010791,0.22415726,-0.301729,-2.2240906,-1.150618,0.65396637,-0.5555645,0.62526876,0.5952026,-0.40065548,1.2721212,0.92024595,-1.5239049,-2.1686025,-0.6577154,2.1439714,0.45758927,0.23108344,-0.0037254475,-0.42401195,-0.20046724,0.06532307,1.7099994,-0.1954653,-0.45881292,1.7454419,0.1570028,-0.22842535,0.11680504,-2.7058234,-0.5283457,1.0860249,-1.0873139,-0.5665692,-0.5330494,0.9203143,2.1979928
0.1680146,1.0651809,-0.6245997,-0.45314097,-0.30700564,-0.37587574,1.2077863,-0.39436707,-0.9857954,-0.8553765,0.4816085,1.7728381,-0.11122563,-0.24437328,1.6404489,0.18171096,-0.023171615,0.2877703,0.7502747,-0.24761145,-1.3904413,-1.0986543,-0.46068066,0.05717526,1.4404229,-0.26481846,0.7449429,0.07507298,0.5017704,0.079993986,-0.61535597,0.11993591,1.0738908,-0.19224636,0.10722696,0.047887497,-0.047132276,1.2135597,0.61426604,-0.4225561,0.7165489,0.39108205,-0.32756928,1.1700187,0.8322843,-0.19681074,-0.29964456,0.02422701,0.038131945,0.93536943
-0.36484763,-0.47733796,-0.11009037,0.469479,-0.32735935,1.3510132,1.3764538,0.9657975,-1.6539247,-0.3148625,-0.8299319,-0.4011778,-1.0083023,0.997581,0.3446936,1.581104,0.85898376,0.36842924,-0.15310577,0.38013375,1.0299126,0.4158416,1.1772577,0.3644311,1.0817577,-0.7238645,0.31304756,-0.31139454,-2.8601055,-0.45284826,1.7340393,-0.24711938,-0.21140492,-0.079194956,-0.20740412,0.48090342,-0.23220724,-0.33687815,-0.6298289,-0.9984393,0.19290628,-1.2153604,-1.925311,1.1512835,2.3573294,0.68464833,-0.58777195,0.8650631,-0.5009108,2.2355669
0.8654892,0.22063579,0.66232204,-0.78116626,1.4148154,-0.93996173,-0.70167845,-0.8506147,2.182791,0.002275609,-0.75159055,1.5649264,0.50331765,1.3165385,-2.0996726,0.0055779237,-1.4654313,-0.7886175,-0.0049410895,1.2856667,0.3014991,0.48668224,1.710174,-0.10398565,-1.0949585,1.1361609,0.7328357,1.0787704,1.0539756,0.1260934,0.60968107,0.19616371,-1.6093593,-0.8112539,1.0339636,-1.4362493,1.6403491,0.18556525,0.30976605,0.55379313,0.79213035,-1.9885906,1.2622905,-0.9131405,0.48996985,-0.75857884,0.8167133,0.29371285,-0.027660824,-1.0605148
-0.6195447,1.0702422,0.32081452,0.8961223,1.0597646,-0.08507906,-0.7519772,-0.7051563,2.47112,0.0930204,0.1200789,0.023899905,-2.9961505,-0.74172926,0.36782676,-0.557818,1.8055544,0.23530874,-0.21623372,0.87440586,0.17571548,0.24623714,1.0568157,-2.0208116,0.030913724,1.9616346,-1.2365546,0.28970084,-0.7175192,0.763539,0.20410933,-0.050323114,0.72400874,0.48547336,0.92265314,-0.028980521,-3.1604965,-0.45771816,-0.14026488,-1.0300688,-1.498917,1.3902941,-0.5619822,-1.3874341,0.018027952,0.532522,-0.42334178,0.11629343,1.2330997,2.0954323
0.81248724,-0.6683277,0.16709192,-1.3089784,0.27121207,-0.40177006,-1.8249292,1.0138373,1.2421787,-0.21382709,-0.5232124,0.5248308,0.30747682,2.3149307,1.6307448,-0.34209192,-0.666939,0.8232191,-1.8665354,-1.1028019,0.16023818,-0.46951017,2.7359374,-1.103024,-0.19483422,-0.52170336,-0.40929878,0.21023126,-1.5533608,0.108346,-0.8740644,-0.0008522902,-0.35354957,-0.14462739,-0.41411686,-0.34391186,1.2426054,-0.14075239,-0.17621045,-1.3748357,-0.28327855,-2.3510377,1.3672665,-0.24715257,0.5963949,-1.5699754,-0.25969386,-0.06574077,0.46786472,1.5951513
-0.014153609,-0.79979736,0.59299576,-0.2574364,-1.3178394,0.6155442,1.3869244,-1.4408457,-0.26229942,-0.86180454,-0.18195334,-0.642954,0.65812194,-0.30204976,-1.8036968,1.1208137,-1.565236,-1.314301,0.4016334,1.0248858,-0.9725948,0.6473625,0.42518213,-1.2574465,-1.155338,-1.150056,-0.38252795,-0.7870124,-0.011882219,-1.1300522,0.9607891,-0.29594183,-1.1406914,-2.8319886,0.58335406,-0.6130429,1.3972862,-0.5317249,-0.8058841,1.0047324,-1.4973975,0.7811955,-1.0694692,0.054678325,-1.6246992,-0.99851465,0.12409208,-0.28994712,-0.89433795,0.6276741
-1.6303356,1.7395103,-1.3058851,-2.290912,0.65169466,-0.54807764,-0.94570893,-0.28821385,0.20815495,0.1795309,1.7076558,-0.11991883,0.3601284,1.6607122,1.6290224,1.5636749,1.5205995,1.2948843,0.13909245,-0.20229894,-0.2292533,0.041459255,-1.202739,-0.7935369,0.6507388,-0.67044294,0.7500499,1.4964972,-1.5338113,-1.9997523,1.1990695,-0.31775215,1.0471513,-0.30346572,1.6340324,-0.34078315,-0.77984405,-0.49559242,-0.9921794,0.26798707,1.3130118,1.4001656,-0.58005,-0.63681155,-0.37837395,0.97086436,-2.357175,-0.38217622,1.5805752,-0.25372815
-0.11812606,-1.1598135,1.4982526,-1.8289691,-0.33231527,0.15432876,-1.3645664,-1.0898223,-1.3868791,-0.11247854,0.9728408,-0.7755978,0.26922908,-1.1773324,1.8347455,0.30295292,1.5945377,0.49596375,3.4359019,2.1908038,0.61991537,-1.302241,-1.9355025,-0.75863355,-0.14441004,0.12467487,-1.9950975,-1.5803633,-1.6447952,-0.9553733,-0.310357,0.4566466,-1.0727993,-0.32833523,-0.086608626,0.29483598,0.2389964,-0.28871274,0.9290437,-0.18247922,-1.1332595,0.07077285,-0.044133533,0.4568003,0.62635374,0.06797182,0.42336205,-0.5798064,0.83648765,-0.29554862
0.25084335,-0.0052590114,0.37713072,-0.86769384,2.4457476,-0.09144238,-0.49611956,0.06538334,-0.5561893,-0.15543374,-1.4388511,0.3736401,-0.8479186,1.1524471,-1.6770422,-1.5852371,-1.4868108,0.5651437,0.08751769,-0.71445173,-0.533715,-1.7596085,-0.60370106,0.12570351,0.5007497,-0.49325114,-0.6036031,-1.3886614,-1.3260587,1.2646027,-0.32745692,-0.033264104,0.8343668,-0.20229633,2.586053,0.768019,-0.87621176,-0.117421,0.729681,0.7789974,-0.57474655,1.1736096,1.6963292,-0.7915908,1.2008054,1.3850777,-0.86942583,0.6689515,1.6451069,1.0005854
0.4971047,-0.49770355,-1.6689687,0.15696467,-0.1061079,1.4213622,-2.2251034,-0.48730886,-0.674649,-1.8570652,-0.52382714,-1.4688677,0.070379846,1.5066117,-0.4709079,-0.17381595,-1.2993393,1.1504539,-1.1874602,-0.3635241,-0.039417382,-0.22137892,0.030262914,0.3008511,-1.8777452,0.049236163,-0.38411257,0.62467754,0.69985116,0.43681234,-0.6707895,0.58576006,-1.2066212,0.2886515,-0.6128813,1.1841618,-1.2479328,-0.9684988,0.44777596,-0.3676751,-0.6006321,0.02228069,-0.033675194,-0.7724748,-0.83259845,0.69830436,0.75769067,0.06370853,0.89828604,-0.7030955
0.4444241,0.1384976,0.49948758,-0.89966565,-0.4594687,-0.5226793,-1.2168152,-0.0892347,-0.054727677,0.577851,-1.2143947,0.9353736,-0.53896517,-1.8878517,-0.34540606,0.30394134,-1.9929334,0.26433527,0.22023118,1.5226597,-0.8388467,-1.6655773,-0.25731483,0.9302746,-0.60356927,1.0973861,-1.3446658,-1.0446507,0.4885743,-1.7205564,0.013187448,-0.56377375,0.8275064,1.3003436,2.9199436,0.0922188,0.48524883,-0.98282874,-1.4239411,-0.4485012,-0.11657176,0.9729443,-1.7081457,-0.49754083,-0.48035014,-1.0423837,0.09818686,-0.457258,-0.7015923,-1.1339579
-0.19196877,-0.013361567,-0.19163422,0.4760386,0.42269272,0.26369992,-1.0629784,0.18868853,0.23772913,-0.12308563,0.21428803,0.11803836,-0.8139619,-1.1888831,1.3806099,-1.1025554,2.545341,1.027356,1.0212473,0.08324508,-0.08578416,-0.73724645,0.77023137,-0.63591087,0.22231127,1.9215446,-1.3874947,-0.5286734,1.8369364,-0.9381673,0.92679334,0.5280028,-1.3853804,-0.8474732,-0.12672928,-0.07465218,-0.8571146,1.4293649,-1.5037382,1.3422416,1.4370456,0.6742949,-0.4012395,1.4137518,2.2765903,1.2059242,0.19489981,0.82964784,-1.8444465,0.9551714
-0.21225849,1.2856154,-0.48281935,-0.19498418,-0.7551488,-0.22974284,-2.010661,0.013813466,1.0748018,-0.7427881,0.45027408,0.8373983,-1.6558952,0.99051815,-2.1413722,-1.8326279,0.55707467,1.0172867,-0.43025386,0.81662714,-1.8470004,-0.67057604,0.26804337,2.5408425,0.39179203,1.0056043,-0.049656678,1.2939054,0.40970308,1.4264143,-0.35700646,-0.4137786,0.8421938,0.33387148,-1.0267755,-0.1444795,0.2731772,1.4601182,0.9635349,-0.15348658,-0.17110026,1.9025387,-0.056977447,-1.0137036,0.4496262,0.92885745,0.74078804,-1.3838322,0.10309555,-0.74226743
-1.2443246,0.4910217,-0.6879008,0.8407941,-0.5027506,-0.87179786,0.06979635,0.2705577,1.5896525,-0.750107,0.8972681,0.08582731,-1.3660133,-0.930129,1.0952066,1.1839193,-0.30240634,2.287619,2.1325698,-1.101466,1.0715017,0.083249584,2.506639,-1.3958584,-2.4885287,-0.1598558,-0.613879,0.4694421,0.84973,-0.243282,0.38461104,-1.3591926,-0.3328201,0.1733002,-1.3631706,0.47285727,-0.12319789,-0.068333305,0.540033,0.59178585,0.6962274,-0.57907856,-0.27678588,-0.7190526,2.4298348,-0.57663864,-0.80695313,1.2071394,-1.8440316,1.4178969
0.25136864,-1.3683382,-0.9550335,-0.9086951,0.14317992,-1.354062,-0.35850498,-0.3607644,-0.7474402,1.0123646,-0.3584478,0.08699218,-0.95513755,2.7138634,2.2106671,0.16981365,-0.51978844,-0.031233313,-1.3582911,-1.1960866,-0.48102304,0.56412536,-0.9792185,0.5893866,-1.1434981,1.498293,0.7486016,-0.11984593,0.32028544,1.2308655,-1.325157,-0.10027634,0.5134987,0.07637117,1.9552715,1.3399097,-1.3608576,1.2162274,-2.2110837,0.4169541,0.7405325,-1.4711152,0.07220256,-2.3965106,-0.49580938,0.31464115,-0.4238817,-2.6032715,0.30408132,-1.2940409
0.67309916,1.9593112,0.04790579,0.83367586,2.279125,-0.60064065,-0.43719238,0.7184737,2.5518148,-1.4803678,-0.7913513,0.20458107,-0.26820576,0.6941514,-0.31745842,2.1628313,0.05948606,1.105443,0.44154766,0.35356444,-1.5065031,-0.8256846,1.6469469,-0.07106064,0.30905476,0.000626773,0.06458183,1.0658333,0.7086149,1.5553142,0.40976274,-0.86964196,0.112716965,-0.1689617,0.48290172,-1.5218556,-1.2881043,-2.5030692,0.74016714,-0.108971305,-0.7633801,0.16320065,0.80771023,0.06787514,0.6528973,-0.70406044,0.4594707,-1.31156,0.83238393,-0.55601937
0.94153804,1.5208844,-0.93995863,0.2507123,-0.21140975,-1.257111,-1.8780819,0.6338595,-0.14714672,-1.7000743,-0.624042,0.38321364,1.467048,0.00065513776,0.6844358,0.65661997,-0.29118517,0.27847263,0.53954333,1.1715703,0.79934853,1.1431471,-0.39604732,-0.9815831,0.8557626,0.061971035,0.8032422,0.7845653,1.4808694,1.2509773,-0.60363203,-1.0404648,1.340984,0.35064968,-0.8048929,-1.3549957,-0.0056207753,-1.4131142,-0.13926367,0.5013115,-0.2799592,-0.63596654,-0.62317115,2.0837948,0.13974917,-1.3729602,0.484907,-0.18567787,-2.065145,0.008763086
-2.6688359,0.43626267,0.65473354,-0.3151524,-0.5908132,1.2129152,0.7355501,-0.46920606,-0.99044806,0.2711828,1.2721864,0.83740294,0.010835327,0.8468725,-0.74552244,0.33590162,0.22404589,1.4144008,0.25525883,1.3736174,1.7154415,-0.15182804,0.4674754,-0.36729622,0.13058926,-1.5106784,-0.42414463,-1.3823016,-1.3215827,-1.3580583,-0.6766299,0.91319364,1.5704683,0.35148147,0.4052337,-0.72766674,-0.10201436,-1.5475966,0.33408737,-0.053904425,1.6411594,1.7617897,-0.4700303,-0.45618156,0.37190387,0.9624656,1.4725567,-2.8198626,0.41283578,-0.12501714
-1.3279127,0.30934826,0.21886484,1.5206139,1.9445599,-0.69458026,0.6456594,0.7892515,-1.4652649,-1.0069523,0.12604529,-0.22295502,1.0545696,-0.4282487,0.5232012,0.56263995,-0.68309563,0.31254995,0.8361469,-0.9389586,0.5546396,1.3672264,1.507207,-0.6218248,-0.5742145,-0.12057878,1.0253044,-0.5552603,0.67181623,1.4977565,-1.3945255,-0.65441924,0.61868644,-0.33552104,-2.1376932,0.1428929,0.34033462,-1.0183728,2.5929468,-0.1422194,-0.10358056,-1.7844423,0.86024785,0.45747405,-1.1589458,0.25715452,1.6923336,0.7343419,0.08473398,0.89366853
0.8159338,0.35924038,0.56822777,-0.6809906,0.15061525,0.8208046,0.6286537,0.1378076,0.4589005,-0.17020966,0.53513557,-0.13944213,-0.3641284,0.3777274,0.12799291,1.9588962,-0.32350057,-0.43911713,-0.18241028,0.9245041,1.3332832,-0.55813926,0.0043757046,0.32377037,0.51462793,-0.96331084,-1.1568191,-1.097046,1.3541032,-1.2777011,0.54452205,0.4606423,0.39723092,0.115870334,0.85070527,0.77192277,1.5722057,0.24961735,-0.876935,-0.23818716,0.5044927,-0.64735204,1.4224159,-0.28122923,-1.288929,-0.66661775,-0.9649673,-1.1686627,1.6709704,0.012734797
-0.35284296,0.6225428,-0.10556667,0.3190652,2.4870584,-2.3990211,0.5612876,-1.7311333,-1.6715006,-0.28885806,0.10191386,0.20983061,-2.5895033,0.90190715,-0.22352579,1.1293881,-0.06146475,0.03786163,0.9697246,-2.4817302,1.0942067,-1.8537296,-0.78157246,-0.41348854,-0.6136282,0.03774818,-0.029464183,0.7818284,-2.2815428,0.06472288,0.7129003,0.37146068,0.85389364,-0.58178484,0.48160034,0.029610537,-2.355639,1.1916866,-0.2454868,1.0484846,0.2781806,-0.9268298,0.4789669,-0.3156133,-1.7522252,0.31368575,-0.1931712,0.6928959,0.047640014,0.74503815
1.4801642,-0.6490971,-2.40345,-0.3637846,-0.9519886,0.37201288,-1.2485343,1.0877855,-0.18425836,0.055900235,-0.6503097,1.0391893,1.4798506,-0.53737444,-0.14369623,0.70210814,-0.8027439,1.8561119,0.10434173,1.2538984,1.4180642,-1.9141173,1.7286414,0.38263783,1.0226455,-0.4243882,-0.1495994,-1.6802068,-0.070797876,-1.2015055,1.9882042,0.1700688,-0.3402221,0.56641287,0.51275545,-0.37579396,-1.2758093,2.0908837,1.5242842,0.49419004,-2.0147924,0.3122399,-0.6230865,-0.023866506,1.9519287,-1.4354894,0.18961763,-2.0091124,-0.5399923,-1.1137064
-0.094192415,1.6656452,-0.75029093,0.99092185,-1.0487877,-0.8487495,0.11805895,-1.8118459,0.35861877,-0.9299306,-0.84610265,0.345227,0.17377988,0.093671724,0.11629057,-1.6074082,-0.19801886,0.1964202,-0.8969957,-0.75274587,-0.910027,-0.09084633,-0.85205346,-0.26338467,-0.29121217,-0.27049276,-0.1571305,-0.6866611,0.30609956,-0.9995465,-1.4627972,0.52031994,0.89946854,0.82335883,0.31592304,0.2044267,0.72290707,-0.27995133,-0.14505872,-0.8845333,-0.9963177,-0.057272375,0.829813,0.15616103,1.6833415,-0.21208163,0.9100703,1.3581796,0.07346552,0.2748019
-2.8259711,-0.1817603,-0.12739274,-0.54636174,2.1971974,0.26382867,-0.18256296,-1.7931005,-1.0850524,-1.7972585,-1.3224024,0.008703771,-0.065315604,0.9651663,1.141889,-0.9070405,-0.9435706,2.2753944,0.4897236,1.9238386,-0.15048422,-0.474527,-1.2252928,-0.03474619,-0.5961936,-0.2468495,-0.91268164,-1.1494012,-1.7892557,1.5170779,1.4908663,2.1815476,0.8021012,0.59893835,1.1504858,0.9128415,1.1013633,-1.4095986,-0.92337877,0.93002605,-0.444788,-0.19570918,-1.2287868,1.2131909,0.50848687,-0.02546243,-0.32225296,0.49325722,-0.5359814,-0.06819544
2.1536539,0.8162701,-0.78495383,0.4553128,1.1755104,-0.12932119,0.4101555,-1.4783019,0.3311963,0.12098414,0.6418018,0.21984828,-0.29905683,0.4939294,-0.8542621,2.3293183,-1.5661741,-0.33315322,0.8421193,-1.9780756,0.7102542,-1.4516789,-0.3572533,-1.8563976,0.927072,0.035949517,0.016683338,0.09669145,-0.1003112,0.047126666,-1.3465357,-1.3607494,-0.115181044,-0.108939506,0.49368316,1.030298,-0.7295653,-0.12006079,1.0775802,1.1654514,-0.5942015,-1.070865,-0.42106217,0.05626646,-0.2742884,0.97056526,0.48281416,-0.84176695,-2.5537226,-0.9895711
2.068719,-1.5402913,-1.2844584,1.962016,-0.10815588,0.4984185,0.53426486,0.7341486,-1.7551874,0.9793237,0.17012636,-0.409041,-0.21067351,-0.07735517,0.21269126,0.4700217,0.17440513,-0.5174075,1.2400959,-0.25810805,0.48582327,2.2263882,0.014930569,-0.5309634,-0.52289903,1.3720622,0.19805615,0.39824563,-1.0258534,-0.5095508,0.49569172,0.73327607,0.99301904,0.71708316,-0.80780536,-0.76522326,-0.269222,0.07012656,-1.5130129,1.3905848,-1.7866673,1.0761417,-1.0567664,0.35524917,-1.7614222,-1.2014978,-0.43122125,2.3800597,0.52481395,0.12679437
0.05550565,0.26972082,0.8543564,1.5363327,0.70083725,-1.7985833,-0.24547943,1.5516938,-1.9723579,0.75732374,2.715392,1.9948201,0.1631897,0.6726063,-1.840508,-0.6934446,0.15330456,-0.21960796,1.0227066,0.54859644,0.2071557,1.215444,0.35310954,-2.0174212,0.1906246,0.4446605,-0.24593557,-0.2623294,0.12958844,0.45481566,1.2910914,0.060774155,-0.5115154,-1.345846,-0.46356317,0.16158885,0.8587219,0.88419986,-0.5834727,-0.926203,0.914881,-0.14416523,1.3868144,0.54006696,-1.3744136,-0.5264111,-2.3426259,0.37808916,0.5588424,-0.9300945
-0.068752885,1.2665534,-0.09618887,2.1345043,1.9590638,1.2951785,-0.35583463,-0.026934154,1.0268226,1.1726907,-0.6875561,-1.2175252,-0.91454035,0.47364226,1.0960971,1.1247005,-0.29558346,-1.7650242,-0.21557589,-0.6871528,0.18764417,-1.3676404,-1.6740088,1.5519007,0.58765966,1.2115344,1.3010664,-0.83118886,-0.961489,0.15573347,-1.9106439,0.06431982,-1.7776611,1.7690067,-0.31361774,0.6764324,-0.2710614,-0.73963195,0.2022002,-0.2929922,0.79919404,-1.6897007,0.029628009,-0.57759774,-1.8262428,0.0016371253,-1.4191582,-0.35841793,-1.8406436,-0.04553535
0.25180563,-0.59641737,0.9619586,-0.37525398,1.0432651,-0.43395138,0.08493566,0.7366884,-0.4384178,-1.2776877,-1.0712945,0.14766045,1.7606798,-0.47314367,-1.1915405,0.84832746,-0.5488034,-1.96185,0.3151198,-0.2656559,-0.15864617,-1.4656415,0.17986049,0.24840476,-0.61436546,0.3706033,-1.1733816,-0.1484546,0.77514136,-0.5278218,0.34953356,0.47430524,1.069037,0.45308605,1.0103528,-0.5102517,-0.089736104,-0.21058053,1.8390872,0.11528855,-0.013457406,-0.96332747,0.42080447,0.028645135,-0.050951615,0.640425,0.6905654,0.53621346,0.4382245,-0.2430135
-0.52638686,0.77856123,-0.25373572,-1.7385247,1.316056,1.1320039,0.66665304,-1.5891798,0.15131555,0.40792245,0.9855195,-0.7471616,-0.27618355,1.8518672,-0.5737691,-1.0096575,0.34263247,-0.13585734,-0.25260282,0.93415946,0.3994663,-1.1499205,0.9293587,-0.5538391,-0.07836668,-0.2767695,-0.9523329,0.23430492,1.1949388,-0.29992542,1.2476931,0.9698315,0.21772595,-0.8898214,0.036296792,-1.0945892,-1.2622234,-0.57848954,-0.30762023,-0.6893246,-0.5393219,-0.069728486,1.9038773,-0.41223085,-0.7190388,0.17782514,1.2123698,1.2373552,2.641547,1.8259101
-0.20262828,0.45662504,-1.6131058,1.3720027,0.083641574,-1.4086149,-0.058186825,-1.0634344,-0.6154321,-0.31823862,0.9698235,1.3010155,-1.2305468,-0.5453043,-0.019776484,0.35588428,-1.0486263,1.9278151,-0.27204484,-0.22894707,0.57733256,-1.6402434,0.33897996,0.41714343,1.2092956,1.9465879,-0.003212053,-0.43976915,1.7736657,0.4150776,-0.32059607,-0.009503023,0.13411427,-0.5773022,0.52251107,2.5412455,-1.3199536,-1.0298272,0.8879816,-2.3721159,0.45947224,-1.7658738,-0.030508652,0.58963174,0.23009229,-1.1031272,-0.499077,0.082481965,-0.5139805,-1.5695933
-1.5435314,-0.40420574,0.4430495,1.8536377,-1.5655196,0.01713012,0.08369946,1.607352,0.3694686,1.1116039,-0.64806205,-1.263513,0.48806223,0.31084156,0.6124152,-1.3608117,1.1038934,-0.47536036,-1.4480051,-0.79256725,0.28880876,-0.71972054,-0.8971277,-1.2433763,-0.81924045,0.45916224,0.28625748,1.6413074,-0.09253633,1.0125161,-0.35438642,0.06443814,0.11187906,-0.55976534,0.65680265,0.7860635,-0.81015927,0.06202051,-0.5036626,-1.9569546,-0.75219387,-1.1382666,0.46423197,-2.4876904,-0.9615764,-1.0217125,1.0284352,0.63900673,-1.7158475,0.5280228
-0.22206496,-0.14397225,-1.4999146,0.43340442,0.7937198,-1.3515233,0.26671746,-2.0547774,-0.68596566,0.46992567,1.3746952,-1.1950461,-1.6289257,1.9923934,-1.3652102,-0.94662154,1.0598365,1.6742156,-0.4162751,-1.508413,0.4950424,-0.63303095,-1.0512563,0.10003516,0.050641876,-0.7049357,2.0427449,0.3172063,-0.5860427,-1.899426,-2.7805796,-0.4523534,1.2604165,-0.52423006,-1.1778563,2.3822162,-0.46300536,1.3363649,1.4394547,0.9600208,0.7203578,0.03913117,-0.5584718,-0.43672875,-0.26530325,-2.160139,1.5451757,0.19363639,1.0836401,-0.2552943
-1.3933022,0.81243217,-0.91062176,-0.95947915,0.29715765,-1.1824331,0.70597285,0.70802635,-0.29804033,-0.26333457,-0.87240374,-0.13256621,1.3393518,1.0091757,-1.1516073,-1.4894927,-1.0404592,-0.21185382,0.88769704,0.37879848,0.27599415,0.30353463,-1.9002992,0.17533785,0.6128654,0.8996889,-0.50018805,0.19873634,0.61198795,1.5530837,0.49358937,0.6585202,0.8877803,0.3770418,0.8683768,-2.3205347,1.4462241,-1.2556341,-1.213178,0.73666877,-0.5728763,-0.9142096,-0.9430081,-0.16654937,0.26096815,-0.7889445,-0.052042678,0.80775464,-1.6083583,-1.405698
-1.4144362,1.6291195,0.7127909,-0.018475136,-0.17530054,-2.21893,-1.6776205,-0.36081213,-0.9565494,0.25137055,-0.5453825,1.8815761,0.057785798,1.3249735,2.028557,1.8739924,1.2620363,0.27090758,-1.812099,1.4857807,2.0545418,-0.14015089,0.083606236,-1.6419913,0.8239862,1.4588958,0.75840133,-1.2675687,-0.13026118,-0.6908637,-0.21993726,-1.6633135,-2.5172727,1.4123085,-1.0736251,-1.4123354,0.47981367,0.8641891,-1.5147297,-0.325973,0.91557825,1.2524495,1.3307222,-1.2326936,0.23951004,0.18521515,-0.49307838,-0.9448981,-0.46546888,-1.2125754
-0.50405145,0.27276945,-0.20380045,0.593776,0.3084598,0.5814852,-2.3102524,0.55294645,-0.9316559,-1.6466175,-0.072078034,-0.90604883,-0.2564852,-0.6032099,0.3350537,-0.8754029,-1.9061096,1.5223739,-0.2282587,0.40462908,-0.41426778,0.6465531,0.13361542,0.29763812,-0.1774823,1.9382977,0.38434833,-1.1335452,1.1525517,-0.49478278,2.8422341,-0.17634287,-1.3460177,0.7691678,1.0176073,-0.16478775,0.5432811,-0.30638748,0.4804521,-0.467185,-0.60134,-0.050027464,0.99754155,-0.003198698,0.4560594,0.40489715,0.2142078,1.6831797,-0.24964209,0.8443044
-0.28051636,0.44477355,1.5079561,0.37671837,1.0371832,1.428838,0.60207075,1.6155066,-0.41856876,0.4030499,-1.4805855,-0.35802287,1.2452583,-1.0096306,-0.30855864,1.8675417,-0.29196376,-0.5945967,0.6596663,-0.054337285,0.7061672,-0.34151357,1.0007719,-1.2466301,-0.545119,0.81267625,-0.64043266,1.2091587,0.0325224,-0.110611364,2.7162414,-0.15542202,0.49485862,1.9007933,1.7434351,-0.27255845,0.6860607,1.3758069,0.12997231,0.13585319,-1.9535706,-2.162058,-0.44394886,-1.9310675,0.6838605,0.2078107,-1.2589394,0.7368431,-0.8703793,1.5132445
0.06632144,-0.5477561,-1.244439,0.3521057,0.22156274,-0.28864408,-1.5420239,-1.8313905,1.0759197,0.008375854,-0.5240034,0.357102,0.45691207,0.62891406,1.2026947,-1.1344926,0.4665038,0.98145235,-0.23204121,-0.76466125,0.3348224,-2.1569874,0.071586266,-0.37172142,1.6011357,-0.15149494,0.30603772,-0.49835595,-0.61739546,0.83330905,1.4297725,1.5777364,0.12720425,-0.34293684,1.0860149,-0.21442407,-1.3251772,0.8019565,0.14623915,0.22144873,0.7338921,-1.3465111,-0.42200232,-1.5654695,-0.84677523,-0.17224966,-0.88297266,-0.45953918,-1.0774808,0.18237318
1.3993354,0.4107664,0.48286217,1.6747221,-0.33444512,0.19498491,1.0303664,-1.0296847,1.2020053,1.3670545,-0.22784102,-1.1396718,-0.5032809,-0.42855445,0.2670465,0.9425982,1.9737586,-0.5877163,2.301915,0.0604811,-0.80143803,0.20538399,2.597922,-0.6551709,0.80172044,0.8552575,1.4887874,1.1880196,1.0798126,0.30564427,0.79245096,0.0073245266,-1.0175947,-0.48139805,1.2419679,0.26343748,-0.38507006,-0.3155521,-1.7357428,-0.806047,-0.15780504,0.4915402,-1.0356536,-0.10725475,-0.15777427,-1.4395505,1.0855865,0.1564087,-1.3125219,0.0165936
0.19106448,1.3101666,-1.5488182,0.23726425,0.41695678,-0.00652585,0.505011,-1.8795534,-1.5362911,-0.9315569,0.56498724,-0.44868913,-1.011216,0.53943336,-1.6627308,0.45108837,0.9347683,0.7437733,-0.030377053,-0.85043263,0.11112968,2.215916,1.0769688,0.7041963,0.07953537,1.4884636,-0.51957405,1.3576831,0.40851504,0.26493573,0.24810277,0.50160444,-1.1063123,-1.2921449,0.54506695,-0.30604696,-1.3094364,0.013953691,0.79228854,-2.0668428,0.28901708,-0.2528331,-0.039248567,0.1687246,0.653106,0.23577525,-1.4635516,0.07648067,0.493902,-0.9489584
0.31547207,0.33362663,0.76537526,-1.2771783,-1.5196369,0.04055386,0.6576736,-1.6457765,0.16881844,1.2903918,1.427172,-0.39418468,0.0135022625,1.4014859,-1.0787364,-0.64446175,0.9166099,-0.26948756,1.5974752,-0.39071822,-0.13581063,-0.42045128,1.1822662,0.31555566,-0.34554994,1.0592024,-0.62011904,-0.58368266,-0.054437388,-1.1707432,-0.6767852,-0.70897543,-1.7918056,0.22577673,-0.5429161,0.66031456,1.2393497,-0.8491825,1.571865,1.4781698,-1.0457287,-1.2506057,-0.5987639,-1.9205757,0.78015375,0.1364024,-0.2100852,0.18950851,0.88129807,0.42028424
-0.094602294,1.0249064,0.67278796,1.1967447,-0.27875522,-0.8518741,0.20590852,-0.8701456,-1.4807607,0.2649202,0.16850315,-1.4701797,-0.14042497,-0.23120062,-1.3289976,-0.57630044,-1.403372,-0.4666422,0.12054388,-2.070711,-0.5863163,0.6288934,-2.36235,-0.110038884,-1.0626045,0.12823188,-0.22608821,1.4781566,-0.14537604,0.24392585,0.9012695,0.63567936,0.42438218,1.1873358,0.35114205,-0.25196105,1.98082,1.4198836,0.4701241,-0.16249299,-1.5922341,-1.7939137,1.1919857,0.13420846,-0.74750644,0.8328646,-0.19948775,1.2327777,-0.011574495,-1.2970775
1.7328967,-2.0325477,-0.31823218,0.18578525,1.5927645,0.87044287,-0.3019916,-1.1644688,-1.7392207,-0.61099887,-0.46935943,0.34041893,0.75439256,0.033681326,1.7086794,0.7041547,-0.31314966,0.6380018,-1.021764,-2.671047,-0.6524793,0.54066974,-1.2929345,1.1491383,0.44821095,0.37044543,1.5380834,-0.6184513,0.9405738,0.19680575,-1.0198672,-0.44737822,0.05874029,-1.0364982,-0.11236001,-0.27173197,2.842965,0.38536072,0.8528612,2.5389793,1.4180853,1.1748707,-0.24780682,1.0306425,-1.4226238,-0.5984152,-0.06705364,-0.28682584,-1.665743,1.4224293
0.6643824,0.28261003,-0.8495832,0.362913,-0.28253624,0.46727887,0.5540745,0.18952402,-0.18922122,-0.8798639,-1.8909075,1.1097504,-1.8473701,1.1922362,1.12877,1.6790831,-2.1513581,-0.5030269,0.56294566,0.8231123,0.5923518,1.5500118,2.3421237,-0.9073959,-0.05173374,1.2011876,0.95632553,1.1047314,0.09413047,0.012160442,-0.6280863,-1.2006253,1.7910982,0.031411093,-0.8633255,-1.2863605,-0.65691096,0.5782558,0.049823914,-0.9207754,-1.5883523,0.61670375,0.25714484,-0.24647206,0.15257995,-0.97376055,-0.30745953,0.37067068,-1.2341313,-0.7109234
0.5523247,-0.6625253,-0.79690874,-0.7406139,0.9923006,1.7598577,-0.23628291,-0.45159063,0.868931,0.89742374,-0.030430336,3.0716217,1.7333704,-1.5456798,2.151026,0.33525136,0.051680148,-0.47627726,0.7131634,-0.36287338,0.73647666,0.5495917,1.0817487,1.7058125,1.0279583,-0.13059223,-0.4270645,0.79841465,0.13742384,-0.30430666,0.49813175,0.17348218,-0.67232543,0.33645368,0.6051043,0.08810764,-0.49709195,1.0158212,0.20992084,1.6046035,0.9195305,0.24275559,0.62734455,-0.22591963,-0.74101853,1.303343,0.8365989,1.3024544,0.2729692,-1.868543
1.335997,-1.1726915,1.0922685,1.8216453,-0.9371189,-1.0166836,1.1454288,1.2258542,0.60565925,0.50341105,0.567798,0.15736812,-0.8767344,2.1627479,0.25126806,-0.0019341714,-2.0402296,-0.2773438,0.25872564,0.7815232,2.2521,0.8283032,0.58789325,-0.6585968,-0.66271555,-0.88882023,1.1451492,-0.33708763,1.6935384,-0.1722539,0.40070072,-1.0580586,-1.1102026,0.93437177,0.56785685,-1.7668608,-0.08567406,0.80161643,-1.003265,0.48197585,-0.6615638,0.7776582,2.9718034,-0.8080216,0.7446236,0.014313222,-0.10071592,-0.10025312,1.1910977,0.7849058
1.533316,-1.0509642,-1.6654284,-0.90770984,0.36076224,0.256955,0.8854252,-1.0343319,-0.20276284,1.7539636,-1.151188,-0.60171294,0.6938726,0.99366474,-0.59307647,-0.9162412,-0.76252323,-1.2246523,0.15368035,1.0660571,1.5329518,-0.6870964,0.4799158,-2.624285,1.06372,1.3696531,2.090868,0.98476535,0.77538335,1.053047,-1.9085666,0.19844542,-0.5116273,-0.36640975,0.66852516,-1.8394736,-0.37964854,1.8512695,0.50544316,-0.85085475,-1.2382601,-0.6053955,-0.20749615,0.7158708,-0.101572566,-0.550968,-0.60531,1.2432054,0.7621445,0.5963549
-0.43197837,0.45638224,0.16028164,1.1417314,-0.6037497,-0.80213505,0.06685759,0.09342362,-1.1436682,-0.2621374,0.5472023,1.9648355,0.56350195,-1.0309162,0.6561862,0.412601,-1.0552708,0.60335124,1.2858348,-0.4297312,0.15732142,-0.6655744,-0.9948179,0.99479216,1.826174,-0.1567934,1.0206468,-0.20559709,-0.3500869,-0.14333162,0.5609127,-0.016961858,-0.08615916,0.80666703,-0.050858635,-0.9567821,-1.3277581,0.15588172,-1.0640996,-0.7331534,0.41143733,-0.9775521,0.6827108,-0.40076482,0.03905054,0.2889965,0.45980155,0.3458031,0.6328763,-0.2576924
0.101806305,0.23665474,-0.0019276647,-1.7160882,0.37653342,0.44805005,-0.794951,0.055633374,0.18223979,-0.6181424,0.38179365,-1.3981888,0.47450376,0.46827886,-1.344758,0.518925,-0.75892437,-0.029066345,1.1143001,-0.72526497,-0.18894808,1.1751635,-1.4769801,-0.63309026,0.44811097,1.7251315,-0.016851872,2.5386431,-2.431096,1.3165213,-0.11563537,1.1441246,-0.3851736,-1.4871911,-0.7009236,0.022351101,0.86987543,-0.1959357,-1.1547699,1.8904375,-0.24909535,-0.5703917,-0.29390833,0.70923775,1.4842776,-1.5363941,-0.7768023,-1.5907916,-1.3695276,-0.058052644
-2.6897924,0.804184,-0.62856424,-0.42371562,2.0133555,-0.66082096,0.8990952,-1.348894,1.4470748,-0.28759924,0.015985766,0.68147177,0.394222,-0.31359982,-0.268834,-1.5431267,0.021928769,-1.7282668,-0.23013233,2.1320577,0.35916334,0.1998743,-1.2675879,0.14331403,0.41584417,0.76935667,1.8035212,-0.64807034,-0.63898057,2.1714606,-0.7512012,-0.1889847,1.3558596,-1.6890988,-0.59024996,1.2823689,-0.3321692,-1.0499021,-1.5758029,1.7976215,0.22675411,-1.7813575,2.0440388,-0.71751666,0.08971411,0.33162034,2.6133974,-1.9893347,1.3494251,0.4779252
0.186753,1.3919214,0.005176961,0.5973072,0.07541865,0.81497586,0.9027524,0.2866193,-0.39564875,-0.18846962,0.8820373,0.5341342,-0.110153005,-1.702242,1.8561376,0.48283583,0.91732585,0.31937152,0.7185514,-1.5191816,0.11113299,2.0301843,0.6639138,0.18960387,-0.7458662,-0.5157339,-1.4959786,1.0838948,0.9655504,1.3947515,-1.04448,0.9775214,0.85925496,1.1529562,0.06078703,0.5014636,-1.3647054,1.1629759,0.0215489,0.3834043,0.8276562,-0.50728244,-0.04144199,0.5647403,-0.06341118,-0.925278,1.7435523,-0.8808969,0.71148086,-0.80770624
0.08496547,1.1519526,0.5551771,0.48186618,-0.55630404,0.0891106,-0.44140816,0.6831221,-0.17589372,-1.422414,1.1586102,0.42845085,2.0700343,0.580259,-0.37736616,-0.5757084,-0.10334917,0.40854543,1.0015507,-0.20536865,0.68228686,0.37806022,-0.6639669,0.59371185,1.0037942,-1.1489652,-1.4235675,-0.035520896,1.5812486,0.0074411896,0.20463419,0.4535486,-1.5458858,-0.13758433,-1.6575052,-0.39692053,-0.20770758,0.21790655,-0.21442348,0.50822717,-0.47042108,1.4465053,-0.8058247,0.11758935,-0.1155969,-0.963559,-0.5209619,-0.4110113,-0.48655862,1.1632388
0.15947828,2.7981837,1.3667173,1.4581158,0.6575364,1.3601848,-0.34017316,-0.37238193,-0.28743565,0.5175609,-0.3334227,0.11353508,0.5247949,2.4601278,0.21529603,0.8404467,-0.5654613,0.03203007,-1.1543174,-0.03790871,0.8385552,-0.76171887,0.037803937,-0.6445308,1.5075288,0.3145621,0.9607928,0.9093753,0.39153224,1.3543437,1.2760115,-0.98801214,0.5426565,-1.3001788,-1.1906449,0.34019655,1.7034718,0.92696244,-0.09778695,-1.7394248,-0.29199657,-0.31980214,0.54116255,-1.3741568,-1.524249,0.4331188,-0.44570312,-1.4578716,-1.1479858,0.297423
-2.0676687,0.26508915,1.5145034,0.3689158,-0.9408976,-0.17664957,-0.18516126,-0.9617522,0.4513364,0.4535689,-0.43108928,0.792554,0.7415466,0.039360486,-1.1827137,2.236955,-0.5200916,0.5225262,0.16086984,0.48138064,-2.8078983,-1.4027984,-0.26999584,-0.32147962,-0.353546,0.49527925,0.6761777,-0.7515248,0.1848395,0.7128407,1.0759786,0.15018637,0.41026172,-0.63497615,0.61012703,-0.2830522,-0.1304446,0.36552867,1.0504487,-0.18718655,0.24499479,1.0160364,0.90415764,0.65936685,0.588338,0.8411647,-1.6474806,-0.7462999,-1.2368003,-1.0821073
-1.0598286,-0.690272,-0.018643329,-0.026120199,-0.3000369,1.395043,0.037911482,0.021854257,0.35766762,-0.040659748,0.08038546,-0.98101014,-0.32158247,0.7569441,0.0027677556,-0.23987034,-0.01036172,1.7885108,0.14898954,-0.51622546,-1.5834931,-0.49390402,-1.6603637,0.44699404,-0.6942892,0.91161215,-1.8607441,0.2174253,0.30474445,0.0807513,-0.9490406,0.8584139,1.735699,0.70007575,0.56943786,0.7890877,-0.3863543,0.7393486,0.20554748,0.21642427,0.17758372,1.0914828,-1.2915313,-0.39870423,-0.1608323,0.3120502,0.7169268,-1.7065309,-1.9888052,2.550753
0.16182241,-0.897563,2.4965398,1.1969148,-0.033415355,-0.2147693,1.2016549,-1.2689897,0.51929134,-1.6324363,0.06270699,0.4766613,-0.667774,-0.19175224,0.023277901,-0.99206126,-0.5808808,0.24039541,0.80284315,0.8254077,-0.32425603,0.30337888,-1.0422071,-0.40808448,-0.86385626,1.0630113,-0.56930673,-1.5789381,0.29350182,-0.405773,-1.7676069,1.0920326,0.4709153,-0.2853702,0.62819153,1.1364793,2.530189,-0.47107524,-0.85659707,-0.32320312,-0.9012498,-0.9795964,-1.0276898,-1.4358022,-0.13854781,-0.2604195,-0.09925174,-0.18162493,-0.06657667,0.16924097
-0.5261243,-0.7398021,-0.6118189,0.15471774,0.018967109,-0.5183473,-0.34406486,0.9193287,0.5884477,-0.43404636,0.5366664,-0.774413,-0.8348502,2.2203333,0.07060159,-0.78855884,-1.5878974,1.5244896,-1.019573,-0.12806435,-1.427843,0.1424502,-0.45951378,0.11533054,-0.954102,-1.5035802,-0.065584876,1.3570069,0.021839716,-0.20319341,0.14438874,0.6666173,-0.6066765,0.53885746,-1.0156047,-0.13669738,1.1539698,-1.7140049,0.3358224,-0.19571282,-0.81779736,0.61318046,-0.86304677,0.8751001,-1.0945301,0.12752461,0.42257702,-0.6100686,-0.56192905,-0.31454223
-1.9181879,0.18340237,-1.0961728,-0.9336002,-1.2862692,-1.4062179,-0.87065953,-0.19913529,-0.33715582,-0.85873324,1.5763743,1.0493653,-3.805902,-0.92153805,-2.350834,1.0581299,-1.1455164,-2.1590815,-0.87128067,0.38006657,-0.19921404,0.24402095,-0.76650745,0.0550686,-2.0272431,0.08687435,-0.6910679,1.0572362,0.9955816,-0.99144775,0.1497722,-0.8598028,0.34875408,-1.3126882,0.71383166,0.95945597,0.79321015,2.4122953,0.96388906,-0.17390262,-2.4722831,0.3113633,0.32963628,0.38161364,0.56562954,-0.14279805,1.7481223,0.38661948,-0.29410413,0.16883563
0.3171029,-1.9569296,-0.26706994,-0.61275494,0.5760862,2.3294134,-1.2790796,-0.519915,-0.4768738,-0.45009464,0.80137545,-3.6737132,-1.2320901,0.8168433,-1.2799516,0.5439441,-0.37599704,0.17846256,0.85581356,-1.4656184,-0.9872714,-0.61916476,-0.07248916,0.89626354,-0.17018645,-0.9053875,-0.21431208,-0.48811176,0.4028847,1.0851493,0.6764038,2.4087079,1.7692751,0.028672935,-0.9085943,-0.4983772,0.050262228,0.45628187,0.07335611,-0.068209976,0.14094307,-1.5930578,2.9169388,-0.21228716,-1.5851618,0.21697448,-0.31460023,-0.28552464,0.2588285,-1.1358297
-0.7546966,-0.41721523,-1.6019664,0.48706806,-1.6438913,-0.044199962,-1.5546831,-0.34136468,-0.5576496,-0.17287612,0.23180716,1.1532153,-1.3210474,1.6560766,1.1242052,0.35150132,0.40323085,-0.14303015,0.050597418,-0.31129685,0.077997275,-0.37452868,-1.1213425,1.1831723,0.51474994,-0.9593251,1.3650076,-0.062058643,0.38308853,-1.0103767,-0.26965895,-1.4567112,0.5800196,0.3178264,-0.46523172,-0.15627892,0.5925317,-0.015933903,1.6252223,0.5737903,1.1848804,1.7528477,-0.25259835,0.854022,0.45921403,0.012077968,-1.1664673,0.5985819,0.10930572,0.6311037
0.77067286,-1.0413511,0.35368726,1.0968444,-0.7721605,-0.5473592,0.09127369,0.14080045,-0.29225948,0.31342128,-0.0739798,1.0291846,-0.23767963,-1.2328023,-1.0244977,0.41974658,-0.66926104,0.25687483,-2.891342,1.1368424,0.3439838,-0.72443545,-0.77614623,0.29579568,0.046381444,0.5488309,0.5104462,0.5954902,0.20694475,-0.95377594,0.4474214,-0.6520029,-0.24766122,0.51286864,-0.12775417,-1.3961612,0.3669734,-0.18625905,0.67441946,-1.1736051,0.1547258,1.2263125,-0.62879395,-1.1550236,-0.7743848,-1.6654506,1.58866,0.84538436,0.48191014,-0.7710704
1.2629466,0.28699908,1.4603839,0.42427346,0.10648124,-1.2398267,0.15935788,-0.5887034,-0.42747247,0.3326543,-0.017748479,-1.6198256,0.37782824,-0.8641093,-0.19831762,-0.39499557,-0.61285096,-0.11043262,-2.024823,1.4596045,-0.63498694,-0.4497339,0.82959586,0.55698645,-0.6463737,-0.7632147,-0.045061674,0.68433434,1.2645946,0.16297546,-1.8667152,0.31621832,1.1841445,-1.8614125,-2.2632704,-0.2824183,-0.6639832,-0.60117084,0.1994449,0.97222143,0.62691516,-1.4599239,1.1408092,-0.7068353,-3.5409627,-0.11607705,1.8403069,-0.23264806,0.05628881,0.026494239
0.021242578,1.1345971,-0.71769977,0.29073036,-0.06579443,1.8340764,1.6333449,2.6408513,-0.52460545,0.11881042,0.13507234,-1.950522,0.12747444,0.62451065,-0.4765127,0.17473114,1.8635035,0.46025705,0.3013128,-0.52927107,0.4013814,0.5324482,0.090569675,-0.33435538,0.097471274,-1.6135981,0.38930237,0.29090577,-0.99398804,0.7489466,-2.3081272,-0.81253487,0.29289582,2.9650114,1.82502,-0.6171273,0.49873644,0.42080784,0.17212401,1.6573025,-1.1743187,2.2859163,-1.4193207,0.9852674,0.8114758,0.54993784,-0.12181306,-0.94928783,2.1701689,0.7456295
1.3126462,-0.15191284,-0.24199553,1.4860076,-1.9496877,0.12023399,0.85501415,-0.17697427,-0.9410864,-0.31461602,2.0074055,-1.503965,-0.9272584,-0.5585452,-0.009568481,-1.4007221,0.70723146,-0.5043217,0.67715895,-1.1372726,1.8131785,-0.15067285,1.126821,0.9446817,-0.32126078,-1.8985142,0.47922853,0.5393854,-0.29672983,0.23857094,-0.5140038,0.51487887,0.98230034,-1.2632811,-1.738018,-0.243403,-1.3998181,-1.2568647,0.44038126,1.4615841,-0.8515299,1.0104698,-0.16193607,0.9183815,0.036285657,0.42140448,-0.8462233,-0.24936065,0.20115313,1.3399743
-1.2674289,1.0935423,0.34577107,-0.28385687,-0.7847075,0.8166638,0.490429,1.3767116,0.63701874,-1.185443,1.1812994,0.2568061,-1.1101516,0.4389957,1.0813009,1.2172939,0.5230152,1.2120427,-0.76680964,-0.9669319,-0.87451565,-1.3587987,-0.18301223,-1.2076201,0.19982278,-0.39725527,-1.5026166,-1.5827782,1.0704606,-0.4921661,0.11762321,-0.374571,-0.9859099,-0.42308825,0.7375699,1.6256677,-0.18816137,-1.9520241,-0.5011214,0.35340142,-0.16840352,0.37093988,-1.1330556,1.2011542,-0.45362565,-1.1601737,0.9282043,-0.11486311,-0.39346594,0.39606646
-0.076426335,1.4828721,-0.3849826,-1.5444177,0.6432774,2.1592073,0.6144025,1.831942,0.96068877,-0.10607963,0.3161892,-2.4190114,-1.0452145,-1.4274234,-2.5623817,-1.0601356,0.88703525,0.8756864,0.37037447,0.6536117,-0.49094236,-0.37255287,-0.041645687,-2.1102648,-0.3900483,0.42120066,-0.38264278,-0.418033,0.91503996,0.35619086,-1.3889977,0.6612003,-0.3427275,-1.3162868,1.3750674,1.1558546,0.9603582,0.3129909,-0.00055858126,0.27535462,-0.13101418,0.8774723,-0.019546123,-1.0807841,-0.50293267,-1.0167266,0.653303,-1.0293418,1.8261827,1.4050251
-1.5313542,-0.189032,-0.0947491,0.19111252,1.0448737,-0.42970207,0.46616033,-0.65643823,-0.22218068,1.6520755,2.123253,2.2720337,-0.5133197,1.1977737,-1.4337124,-1.862967,0.17196897,0.22549964,0.70778006,-0.36528662,1.3385841,0.38407612,-0.34571108,-1.1844068,0.5135555,0.065281175,-0.67206496,-0.06572399,-0.5706729,-2.7108395,-0.3611381,-2.1279695,0.35941595,0.4839907,-0.95586854,0.106169075,-0.7572384,-0.6340491,0.36287692,1.0979437,1.520108,-0.15415984,-0.19254987,-2.6723392,-1.0694926,0.64980644,-0.25395513,0.9840887,2.1074224,1.2290046
-1.6823313,-0.03796855,0.79724675,-2.0873833,-1.0700077,1.0391624,-0.06203359,0.10745071,-0.7797385,-2.003935,0.14423761,-0.5200366,0.7971619,0.61912423,-1.481667,0.16652343,0.6035805,-0.7498575,0.5532579,-1.7885149,-0.31780922,-0.5558049,-0.7603664,0.8781762,0.7059513,0.44413322,0.48207688,0.19124275,-1.182828,1.5372982,-1.6850457,-0.5285484,-0.9470631,0.53207994,2.5135026,0.21577987,0.65072185,0.021117771,-0.10076599,-0.8348699,-0.5148624,-0.845374,-1.752333,1.1426523,-1.2619953,0.7741822,0.8088924,0.65164304,-1.7949262,0.28746384
0.11473265,0.9679932,-1.0048014,0.47269714,0.4719185,-0.5694514,1.4323093,0.23162992,-0.15876798,0.09170811,-1.9485561,-1.159137,-0.62776035,-2.0753071,-0.06326383,-1.3944827,0.8567152,0.12335412,0.90508366,-0.07575927,-0.68419576,-0.5100606,-1.5678259,-2.1113076,0.00466059,-0.2680091,0.38500774,0.55130494,-0.50963277,0.6823191,-0.58847135,1.3661454,-0.08577441,-0.04340549,-0.6684633,0.45261037,-2.1211557,1.6334087,0.5138473,-2.0718746,0.8334551,-2.2417643,0.25542375,-0.031844497,0.4028357,0.021280523,0.87115276,0.8535296,0.7475946,-0.17214288
-0.7514603,-0.012161927,1.0329852,0.004275229,1.9004797,0.25213268,0.3490919,1.2866634,0.15182881,0.9640867,-1.1673201,-0.43630257,-0.43195108,-0.38799125,-0.1759438,-0.25199917,0.059480045,-2.0410733,1.4766166,0.34609237,-0.13357046,0.3722838,-0.14784037,-0.09469094,-0.098576404,-0.47948205,0.09638076,-1.2002568,0.8198136,-0.47823524,0.8892687,-0.23902158,1.1009455,0.0008195561,0.9627795,-0.017847376,0.6385138,-0.25789097,-0.9524938,0.33238748,0.2536014,0.90569115,1.0835744,1.2644315,0.37748328,-0.06953755,0.11579577,-0.29673144,0.486294,-0.011397168
-1.901721,0.25809348,0.3651679,0.24147245,-0.8262744,-1.471045,0.048012987,-0.5511751,-0.5196402,-0.5804935,1.1284959,-1.3796239,-1.0780702,0.58882153,-0.20594923,0.9598144,0.5741265,0.6525513,0.21114208,-1.1510599,-0.6643393,-1.6596342,-0.20583756,0.5380026,-0.16030985,1.2339797,0.79872066,0.41364163,-0.09929295,1.4535514,0.66361696,1.7342691,0.13633543,-0.92526776,0.18216348,-0.4052714,0.80069906,-0.48052305,-0.13126278,-0.8444021,0.4331777,0.88217115,0.3995686,0.87715757,0.9158205,0.46774393,-2.5223577,-0.7817108,-0.23739126,-1.2360554
0.635282,-1.7575135,0.5825341,-0.19881013,1.211362,0.5770054,-0.058824398,-0.37900755,0.9580972,-0.91855353,-1.3965194,-0.22723638,-0.67157334,-0.874284,-2.303451,-0.1340042,-0.3277923,-1.6183066,-2.2887876,1.4047359,0.788179,1.9919586,-2.2271507,0.72063386,-1.4962108,-0.17008677,-0.031620033,0.5588315,-0.37993193,1.7881863,0.2627163,0.8064851,0.34083733,0.47232562,0.27836725,1.6035972,-0.12717673,0.7062942,1.2443995,0.25785148,2.1857786,0.0069507104,-0.09765341,0.95426476,0.1783332,-0.94578236,0.7380137,0.7150577,1.1363845,1.2097355
0.9801258,-0.46741995,-1.8256927,1.1355975,-0.32160392,0.7945392,1.2793612,1.6276872,-2.0069208,0.8723938,1.5303475,1.4895592,0.12277056,-1.7338514,2.669576,-0.72320735,0.54577523,-1.231162,-1.3420136,-0.31601563,0.048866503,-0.5142225,0.8619863,-0.31959143,1.2928059,-0.26883614,1.9871947,0.37028828,0.08353998,-1.4896001,1.5045686,0.90361804,0.52722985,-0.5430862,0.5877475,0.43966663,0.022206299,0.8560779,0.21371704,-0.8916796,-0.96935886,-2.0813422,-1.1443454,1.5266324,0.1260402,1.1959363,1.399073,0.3369736,0.095152386,-0.2616166
-0.088185616,-0.38743448,0.50676405,1.1213984,-0.38288602,-0.057387937,0.08919304,1.5782866,0.782377,-0.337513,0.22695471,-0.7398398,-0.4651028,0.16012678,0.37279978,-0.33827573,0.13150328,-0.15981592,0.11624707,-0.2084903,-1.1351101,-1.3267218,-2.0326052,2.3423228,-1.0156249,1.3417356,2.8102603,-0.6703527,0.5896814,-0.89771944,1.0588473,-0.40343043,-0.8194138,0.3478501,1.1905797,0.89530253,-0.14681476,1.2336549,0.029379655,-1.5895357,2.5647297,1.9135014,0.75591755,-0.7361885,-0.36872852,-0.14610393,0.754153,0.20369071,-0.40413803,0.1635995
2.7507577,2.249895,0.17770395,0.20950212,0.309006,0.56077105,-1.0806218,0.6674224,0.38526982,-0.08059759,0.24230596,-1.3857342,-1.1233469,-1.2340566,-2.4226916,-0.5528359,-0.44110915,1.0052477,-0.742166,0.46989197,1.2769856,0.73978037,0.769179,-0.6587914,-0.4363001,-0.7155503,0.62860805,-1.587186,-1.5016052,-0.98249185,1.0373642,-0.21237986,0.3420319,0.20649616,0.17986555,0.33300447,1.9148594,0.08987451,0.43870535,-1.0602605,0.5895747,0.27463832,1.3212439,0.01664637,-0.99231344,0.38474298,0.6281399,-2.2489452,-0.69614804,0.030364472
-2.8612661,0.05462384,-0.19407058,-0.03014422,1.1766562,0.39877984,0.12927337,0.7903785,1.1432446,0.00722242,0.58908325,1.7228633,-2.0529907,0.64804727,0.028625049,0.46560434,0.48353598,-2.413074,1.0535868,-2.2520864,0.20733358,-0.47513244,0.5643337,1.6478153,-1.1057686,1.1155834,-3.1098223,0.50266206,-1.4364706,-1.6959244,-0.35853842,-1.7738458,0.76248205,-0.48157018,-0.37830058,-0.15601347,-1.2563354,-0.11855551,-0.4097269,-2.3051202,-1.1993582,-0.7551276,-0.40381485,0.77058446,0.2446446,-0.4857698,0.57010853,0.38580593,-1.6301363,-1.2149895
0.13694355,-0.22523484,0.50885034,2.5378077,-1.1903096,-0.5698434,0.074234925,-0.5084047,-0.12023827,0.10172208,0.6887452,1.3280448,-0.36719766,0.7452862,0.9471287,-1.60178,-0.8724471,0.12387179,-0.14796118,-1.007423,1.7564209,-0.90912205,-2.2587051,-0.40388483,0.50389016,1.095855,-2.3619788,-0.218973,-0.07552436,0.076425694,0.38442576,-1.5729923,-2.5933378,0.81739414,1.613451,1.2136892,1.958906,1.2000848,-0.63340026,0.24055427,0.68737215,-0.06000476,-1.2852453,0.86884606,2.6302028,0.6969825,1.6348926,-1.5929078,-0.13396311,0.15687868
-2.2384498,-0.7017966,0.8181059,-0.14196391,-0.6046541,0.20409678,-0.15659545,0.0072813453,0.42649302,0.69308054,-0.6471158,0.6618781,0.68265694,0.68897444,-0.55024135,0.17781897,0.29916236,0.204079,0.7418274,0.43439096,0.4775719,-1.3308206,-0.18863738,0.84309995,-1.7172368,0.75102437,-0.4111299,-0.56220025,0.008776624,-2.704744,-0.3262414,-0.015858013,2.9091837,-0.9293646,0.6092665,0.8938002,-0.08445171,-0.0646161,-0.6742905,-0.88417304,0.63387877,-1.2568984,-0.45038196,-0.022446565,0.7147052,1.2604891,-0.106747046,2.0244353,-0.68475163,1.3663238
1.1196736,-0.995065,-0.14601609,0.5326672,0.5910455,0.49516517,-0.50348383,0.96265614,0.0024599489,-0.04280235,-0.34101087,0.3132477,0.668292,-0.44533995,0.3921174,0.35096216,0.24069132,-0.983673,0.6200871,-0.30085483,-0.57633233,0.07645198,-0.16078281,-1.4745104,-0.13332134,0.55676347,-0.120208316,0.14921458,-1.4712873,0.05739447,-0.26246482,-0.30666095,-0.30602524,1.177879,0.34840575,-0.62047726,0.15774244,-0.28308293,1.4442751,-1.0051237,-0.20260946,-1.2540475,1.31791,0.4551197,-0.86860925,-0.22542359,0.29959977,-0.2916628,0.2858379,-0.26204544
0.7053489,1.2458607,-0.859222,-1.9448159,0.5466633,2.1338413,-0.3922695,-1.8645473,-0.13030188,-0.023842713,-0.47917882,-1.3938472,0.07528846,0.29922098,-0.1481304,-0.9061511,1.0033556,0.24728389,1.6622777,0.24520896,-0.4721513,-1.6449368,-1.5065638,1.2953383,1.02158,-1.4649936,0.8110407,1.781188,0.6656861,0.49250054,0.5463559,0.031902663,0.3415943,0.4898336,-0.14776976,-0.29525256,-0.17458881,-1.5327673,0.8041795,-0.35548085,-0.61102,0.6983821,-0.024828484,-1.2432916,2.9353595,0.22776558,-0.36042646,0.28087953,-0.9519362,1.3107814
-0.6259549,0.22885494,0.41783634,-0.03654242,-0.37622756,-0.7874576,-0.62362313,-0.75407225,1.5446297,1.3836517,0.2653965,0.06274619,-0.27365828,-1.3818312,0.7743527,0.79242194,0.058388013,0.41099524,-0.047522515,-1.1001065,0.77966565,-0.37960178,1.7474114,-1.0605574,-0.6756028,-0.699832,-1.53853,0.6008388,-0.7676072,-1.0283767,1.8849552,-2.0665097,-0.5253602,-1.5194049,1.2226833,-0.41525525,-0.5335178,-0.3027481,1.4599501,-0.8231694,-0.9925885,0.26107767,-0.6261344,-0.6000858,-1.3359368,-2.3769767,0.5608286,1.4816091,-0.32872143,-1.2211359
-0.6638484,0.5925843,0.34611115,0.33218217,0.80596757,0.34742066,0.9317624,-0.83516186,0.40597153,1.266531,0.15419006,-0.877043,-1.2161227,-1.1418496,0.12499013,0.9218314,0.98428106,-0.25385058,-1.1866432,0.5847699,-1.3985292,-0.3811718,0.17256604,0.4919912,-0.8762762,-0.84174764,1.2458074,-0.023102388,0.63835543,1.0368086,0.22414303,0.6925655,-0.43510738,0.54261726,2.4690423,2.1244686,-0.64056444,-0.39739442,2.2678597,-1.0831549,0.93354666,0.3025403,-0.49042082,-1.9396185,0.88086903,0.13285469,0.53757876,0.8931404,0.12470058,1.5117161
-0.8493793,-1.3632619,-0.06611131,1.4326714,0.096655585,1.8986466,2.2854245,-0.5468658,-0.3109153,-0.9443197,0.07713502,-0.021550748,2.0709047,-0.23331209,0.47427693,-0.09080723,1.16298,1.4926103,-0.4632081,-1.1625926,-1.0134217,-0.046065778,-1.3669761,1.9678978,0.22655967,0.24684788,0.5197265,-0.81965935,-2.433653,1.6282241,-0.6781273,0.10828929,1.3211222,0.54533345,1.550311,0.9263426,0.5171222,1.6546433,-0.23257053,-0.47918996,1.4762036,-0.022383563,0.641851,-0.738314,-1.7769161,0.3926467,-1.8890789,-1.062584,0.46252552,0.18753202
1.1511163,1.871382,-2.286124,-0.96411175,1.2689018,-0.45177373,1.0165312,0.17007636,0.55196565,0.30061224,-0.4992371,0.046393145,0.23224957,1.3336738,-1.8973377,-0.02280917,-0.8543645,-0.08868576,-1.0832795,0.36339617,0.25014237,1.5221586,-0.106098324,-0.1426572,1.0185635,-0.68472296,-1.7270325,1.6712794,-0.46813262,-0.48801294,-0.47083268,-0.46879205,-0.64481187,-1.3079208,-0.28567147,0.33467382,-1.7143536,-0.7669556,0.5753734,-0.25192246,0.64044297,0.43696126,-0.18032004,-0.34466818,-0.13425553,-0.41870835,-0.43591914,-0.5196996,-0.57423574,0.8619706
-2.5733352,0.5618935,-0.30371204,0.3613056,1.2564424,1.3996468,-0.7458879,0.3508613,0.45607936,0.974694,0.50912803,0.45925573,0.0014852362,0.28120136,0.6088543,0.20660944,0.47567683,-1.4431276,1.3550621,1.511147,0.4240827,0.7433565,-0.21770854,-0.448557,0.46198463,0.6910779,0.25424966,0.15641393,-2.362208,0.008464573,-2.0030549,0.35113913,1.2436339,1.2112248,-0.48972428,-0.39603764,-0.29300955,0.39888784,-0.5260003,-0.464804,0.7838823,-1.4499868,0.82791245,0.48695156,-0.33019608,-0.25229475,-0.13205492,0.37710032,-0.0567283,-0.73585695
1.8865627,-0.0642196,0.94894886,1.5250102,0.61132556,1.2501084,-0.5043477,1.7120658,-2.1048653,0.46036452,-1.2471892,0.8105937,1.1952673,0.67600965,0.5221984,0.5906651,0.95076,-0.054291073,0.8820192,1.2582245,-0.88168895,0.6057482,-1.3574669,-0.25557968,0.69824785,-0.6408544,0.30984113,1.6976604,3.1985376,0.2359418,1.4621992,-0.6908359,-1.1155722,0.23159213,0.15443423,-1.3940943,1.2296301,-1.657253,-1.362483,0.804129,-0.043245904,-0.31351817,-0.28982553,0.23263593,0.2725017,-0.07996903,0.8870552,0.060628403,1.0395132,-0.38485116
0.060391705,-0.5972645,2.059128,-1.5710858,0.046665736,-1.2232437,0.5796933,-2.225872,-0.7455115,-1.44099,0.86732715,-0.1889219,0.5961449,1.2369716,0.38724577,1.700571,0.9452063,0.6750845,-0.20045434,-0.32764223,0.2754714,0.30053395,1.4823402,-0.09352937,-0.6443543,0.6004811,0.30626753,0.2057014,-0.54205406,1.7030058,-0.7219994,1.751685,-0.29241392,1.4566487,-1.2475405,0.7610509,-1.4109201,0.17940453,1.1015918,-0.94829684,0.054348085,1.4023181,0.04627522,-3.0153406,-2.210521,1.1844273,-0.440549,-1.0923438,-1.2378364,1.3141416
0.7444555,0.50268453,0.36347803,1.1288513,-2.178542,0.68856424,-0.6083169,0.47918764,1.488347,-0.19232967,0.16244492,-1.1634984,-0.44633067,-0.6155603,-1.0981499,-2.050562,-0.9882376,-0.028281704,1.3301109,0.1537769,0.14316428,0.49614713,0.9910767,1.7606242,-0.3058877,-0.5798521,1.1093042,1.1080935,0.5493764,-2.3499203,-0.9321372,-0.12972441,-0.37879196,-0.73820275,-0.38601816,0.8553681,-0.51598746,-0.11280118,-0.5680459,0.6020867,0.8708452,-1.1308613,-0.6171918,0.45417857,0.28770185,0.6006767,-1.1254646,-0.72377473,-0.119639546,0.016268246
1.0295595,0.32482722,1.1326026,-0.93040323,-1.0735738,-0.39430308,-1.544886,-0.6575382,-1.1992959,-0.9528943,-0.78900325,-0.8816299,0.69349366,0.18177445,0.08192237,0.7638634,-1.2524266,-0.4708383,0.48834687,-0.32317373,-1.6553632,-0.75170016,-1.3539201,0.37189797,-0.16355388,1.578585,1.6062863,-0.55265695,-1.82143,0.75433147,0.8372877,-0.76080066,-0.38421348,0.5373505,0.52763146,1.0004297,0.19123839,-0.41466105,0.8000125,1.0891203,1.3657129,1.0913929,0.6458827,-1.2568585,0.17480955,1.4189951,1.1358057,-0.91614705,-1.1951039,0.7367737
0.17301534,-1.6191359,-0.15628392,-1.734064,1.1569498,1.4242445,0.28281975,-0.22122918,0.53798777,-0.5191245,-0.17392944,0.3495552,-0.78577983,-0.46696725,-0.5693272,0.58236015,1.3852967,0.82499033,0.9235569,1.9365999,-0.82980937,1.1748441,0.93447423,-1.0654569,-1.8522214,-0.0962096,1.9887426,0.46527743,0.9206718,1.2168391,-1.5110264,-0.092925645,-1.4873953,0.46453726,0.08871437,1.0898186,-1.5912578,1.0104839,-0.62540096,-0.8145014,-2.4328785,-0.07095293,-0.14467871,0.9003073,-0.83056134,-1.7642769,1.1319367,0.5718095,0.8584806,-1.9503009
-0.09154258,1.1873039,0.36693403,-1.8058167,-1.0211437,0.9301417,0.008585603,0.25304815,-0.68413436,1.0973145,1.1426547,-0.4194198,-0.40429074,0.20395501,-0.5501216,0.39521116,0.2057201,-0.26925102,-0.7393166,-1.0007446,1.0689291,-1.6652906,-0.941507,0.21503025,-0.2752162,0.5259698,-0.4807239,1.0969026,0.6050884,-0.4184676,1.015016,0.62348974,0.14650278,-0.6406728,1.2447677,1.603686,-0.18022159,0.7143019,-1.493671,-0.79826355,-1.2299271,-0.52698547,-2.348554,0.82973427,-2.3225148,1.4688529,-0.31007338,2.3752024,-0.08676287,0.43764362
-1.0737426,0.47291717,1.0078979,-0.19352789,0.38226038,-1.2732576,0.081209645,-0.56694907,-0.080422215,-1.1466513,0.025723018,-1.4838841,-0.5193193,-0.6293362,0.69066054,2.2024896,0.14860867,0.7736434,0.027703848,0.65304863,-0.73664033,0.8758905,-1.9681432,0.20651755,-0.14881565,-1.9367577,0.56151015,-0.8068491,0.34980828,0.2828753,-0.57054806,-1.7873822,0.6372137,-0.14299726,0.46448,-0.26075333,0.046789054,-0.40066546,0.066657394,-0.76182395,0.5605995,2.004688,2.2904828,-0.91276634,0.2506682,-0.22416882,0.56207293,-0.22527118,-1.1517212,0.65344095
0.63770145,1.3494636,0.1462023,0.6808182,1.4798156,-0.12924469,-0.71088547,2.3270957,-0.33632672,-0.031789448,-2.0932941,-0.3479883,-1.9066314,-0.8445738,-0.12270427,1.1338589,-0.2443189,-1.0969856,1.5649385,-1.3958535,0.65483904,1.145885,-0.23285334,-1.6610303,0.9353349,0.0055113668,-0.14151466,-0.054250497,0.8010758,-0.13372216,0.46065062,1.0124139,-0.20703618,1.7384006,-0.5779092,-1.0745801,-0.36814824,0.78928,-2.1569118,0.7204542,-0.32704195,-0.48924026,-1.1219207,-1.8398297,-1.8485632,2.1496518,0.7245231,1.0354626,-0.3300744,-1.0576048
0.08514442,1.1559978,2.2666895,0.10836948,1.5383391,-0.6901989,0.7714104,-1.3076149,-1.1193889,-1.0560545,-1.0346481,1.700335,0.08094763,-0.9858378,1.0492887,-0.34899962,0.354889,0.6167908,0.83586484,-0.7582505,0.76786685,-1.1852777,-0.41891378,1.2343624,-0.348058,1.9221011,0.13366227,0.5248241,0.2434869,-0.519523,-0.22165848,-0.74614036,-0.62912,0.22404669,-0.043412827,1.014006,0.18255585,2.0206566,0.15860589,-0.7589654,-1.5770236,1.382722,-2.2888298,-0.049306862,-0.17482746,1.4977176,-0.0603621,0.9674591,-0.06626406,0.33031282
-0.8208511,1.3649125,-0.00017289263,-0.9267802,-1.8343359,0.8516531,-0.4754781,-0.7152314,-0.16037114,-0.20578897,-1.9427662,1.1180412,2.0164254,1.3794308,-0.16290726,-0.24888791,0.27600774,-0.543953,0.97113764,0.29988262,-0.9992179,1.7747308,0.81550413,0.7732721,1.644416,0.7287352,-0.7346548,0.4235802,-0.67672473,-1.7104484,-0.039184626,-0.76724166,-0.41648644,-0.6573235,0.74960417,-0.21834351,1.6415843,-0.29808837,0.03659765,-1.4503453,0.96520245,-0.4528269,0.7603711,-0.5406391,-0.08713185,0.72608197,-2.6087313,-0.4972391,1.4186482,0.66894436
0.85440886,-2.4578261,0.70066726,0.4165875,1.3124926,0.5067053,1.0166206,-1.2199084,-0.73747385,0.43487296,0.64738667,0.46161324,-0.6509806,-1.0002642,-0.7944564,-0.2763877,-0.0948086,-0.5113838,-0.06915295,-0.7322204,-2.037798,-0.122173704,0.18878946,0.66097456,-0.61916775,1.5895236,-0.13104671,2.1579936,0.41944626,1.3468755,1.5644054,-1.253794,1.0726275,-1.5083107,0.6574177,-0.9240906,-0.9618398,-1.1363214,2.0713391,-0.23022786,2.5834076,-0.14273077,-0.5629121,1.5212625,0.21428086,-0.99994236,-0.3658038,-0.7736596,0.08977136,-1.3146236
0.17634085,-0.2792028,0.956342,-2.358328,0.07450373,1.5688485,-0.80930763,0.38819003,-2.3334682,0.18981153,1.5764413,-1.5411409,1.358348,0.14279439,0.741465,-0.84032464,-1.2743323,1.3507785,-0.023484541,0.91511405,-0.72748506,0.020461006,0.66832554,0.3224504,0.19872859,1.5949384,-0.24838811,-0.86408406,0.11852844,0.494418,1.9958781,-1.2909337,-0.6020859,-0.61277443,0.9038314,-0.96708053,0.26084226,-0.13253614,0.27510157,0.17100678,-1.8111074,-1.096129,-1.3064063,-1.14845,-0.12718458,-0.91683847,0.9209886,0.11309088,1.1044888,-1.3001454
0.45888478,-2.4763472,-0.0569991,-0.9663667,0.6039399,-2.2611098,-0.06565707,-2.3116918,1.460715,0.14010233,-0.3243315,0.4426657,-0.16988419,1.2103802,1.0796654,-0.2588139,-0.9229704,0.9332411,2.0854487,2.0157454,0.834891,-0.26588273,0.9383293,1.1492054,-0.77642435,0.90857166,-0.018543368,-0.28086513,1.0443227,1.2755477,-0.27316844,0.65365887,0.42658976,-0.05436763,-0.093220815,-0.038647834,-0.24111257,0.44083866,-1.0596533,-0.26160067,-1.5679662,0.19038512,0.14685036,1.6433804,-0.9067465,0.1845743,-0.6935027,0.5493157,0.74346477,0.13940737
-2.6455414,0.08828434,1.3346671,0.77861834,-0.32318166,-0.10148974,0.93800443,0.6450814,0.37650806,0.12844545,0.4051108,1.5703914,-0.43059,1.0251087,-0.17248327,0.0423364,0.6935367,0.9036159,1.0693512,0.34785903,-0.13143565,0.10437086,-0.29182234,0.92709255,-0.8841627,-0.65023506,-1.2212012,1.2572176,-0.22123769,2.0414925,0.21958688,-2.3675792,-0.6136811,1.77863,0.6140793,0.6790601,0.34997374,1.7756655,-0.7280797,-0.06477159,-0.22694224,-0.55962086,-0.71526486,0.7835892,-1.0956632,0.19776466,0.29064968,0.6580686,-1.2610459,-1.955079
1.7302241,0.26412585,-0.2838784,0.78147084,0.4811608,0.40144005,0.68387616,-1.3249314,0.073064536,-1.8742086,1.3012564,-0.69969165,-0.25019434,0.16315906,0.91954875,0.3065732,-1.4593412,-0.87993175,-0.40164408,-1.8326356,1.1813426,1.3411778,0.3306056,0.44247004,-1.672296,-0.06377491,-0.46066275,1.2972872,1.0257294,1.7514626,-0.41090927,-0.07644012,1.2564943,-0.9476849,0.75523955,0.9534888,1.0656614,0.20621495,-0.4934692,1.7126877,-0.32565856,0.9553978,0.4813766,0.3365366,0.713934,-0.061333995,-0.14483586,-0.50270146,0.4123442,-0.32950994
-1.4551116,0.4619262,0.35376275,1.7496156,2.2319372,-1.0179662,1.3122227,-0.28788075,2.2150962,0.9849211,-0.49156702,-0.38707823,-0.266353,1.5258764,-0.60890955,0.44138438,-0.86146975,0.5482511,0.16682266,0.3692899,-0.35714304,-0.1805049,-0.37392643,0.3741911,0.6027458,-1.4473218,-0.5372269,-0.57414806,0.037326127,1.6267081,0.32788914,0.5082376,0.15998095,-0.11091348,-0.6384614,0.57190096,-0.11579501,1.4862697,1.0023727,0.58503145,-0.7968693,0.3791306,1.434806,-0.47270063,-1.1986073,0.3824152,0.019085858,-0.51847243,0.5512193,-2.1027088
1.5015229,0.07201281,0.6163103,0.1766201,-2.2546597,-0.30133846,0.57346994,-0.72757196,-0.30014727,-2.1083212,-0.6009466,0.18728474,-0.816356,0.5516692,0.052839123,0.9358204,-0.66519964,1.0118202,-0.9282152,-0.8067855,0.1496211,-1.159168,-0.5172489,-1.3179026,1.3156188,0.5458583,-1.3490765,-0.07903404,-1.5883234,0.68805945,-0.34424144,-0.6870586,1.2466555,0.14399497,0.08246217,0.61331993,-0.36938804,-0.8310173,1.2246183,1.0600069,1.2182306,0.03450586,-0.18135509,-0.50256115,-0.0710346,-0.126261,-1.214348,-0.3479538,0.07218314,0.085426435
-0.095948696,0.56620073,1.5059581,1.3737109,1.4710943,0.114321955,0.64789087,1.2025746,-1.5384531,-1.1776649,0.9588708,-1.0411679,-0.59840834,-0.15855715,0.8190023,0.030887714,1.2598144,-0.022882838,1.4206865,-0.28981268,0.27463153,-0.5556763,0.2852,0.09254295,-0.2696045,0.51866454,-0.81371117,-1.2327579,0.5550762,-1.0112966,-0.9029432,1.9146123,-1.1762668,-0.07743552,-1.1469091,1.4832108,0.69162667,0.17841122,-1.3967773,0.282319,0.63375235,-0.3545526,-0.9520871,0.84292805,-0.6468085,-0.46435273,0.22906728,1.2993033,-1.2934117,0.0755078
-0.29691923,-0.23582824,1.5215801,0.645293,0.16251385,-1.0707672,0.27639458,0.93362844,-0.53702515,-2.4645464,-0.13659209,-1.0965568,0.038251862,-0.5425427,-0.40405256,-1.3632635,0.37777314,1.1471423,0.34866026,-0.2905915,-0.22548918,2.5185578,1.0387897,-1.045974,0.7310295,-1.0472927,-0.4961238,0.084418796,0.07376043,-1.2156359,0.039930843,2.6531975,-0.66158444,2.351204,0.1339568,-0.90362334,-1.1226245,0.3715157,-1.9079038,-0.91792166,1.7936479,0.7930124,-1.6062578,-0.19529022,-0.13155052,-1.743763,-0.5114594,-0.6748714,1.8051151,0.061797604
-0.2975644,0.41562384,0.9741621,1.5208071,0.34228924,0.32736322,-1.5295916,0.67026955,0.08636148,-0.7653782,0.58569974,-1.2603238,0.11259153,-0.6973923,-0.23018654,-0.2501287,1.5821921,0.4579218,0.5225043,0.7390882,0.55012274,-0.6095765,0.9918644,0.6229335,0.4826729,-0.15264314,-1.5094744,-1.1093118,1.0612785,0.60347384,-0.44374776,0.18972288,-1.8897225,1.256395,-1.6644256,-0.29139736,-0.026163178,0.2638941,-0.32605138,-1.8365428,-0.10829445,-0.18318343,2.0890913,1.6864792,0.27929252,-0.08829194,-1.3247815,-0.16808347,0.9991395,-1.1784309
1.7302321,1.132072,0.19065896,-1.0286423,0.6073105,-1.8606324,-0.05382375,0.15933558,0.4428814,-0.9990443,-1.1014587,-0.7491291,-1.6400051,-1.6825585,-0.014705518,1.0420548,0.533333,-1.6349671,1.5729276,-0.05855209,-0.91038287,-0.88269657,0.7760358,1.9995235,0.7976304,-0.9505445,-0.17300001,1.3531121,0.8995304,-1.8801725,1.15688,0.057840884,0.7877227,-0.7510484,0.6298748,-0.47874126,-2.6505387,-1.4441448,-1.4125675,-1.2709279,-0.077991426,0.4122918,-0.9051377,1.1317744,-1.7028215,-0.849088,-0.59703946,0.29394302,-0.6767864,0.4424482
-0.18252207,-0.82833177,-1.6191043,0.4410771,1.0373148,-1.2029725,-0.9061263,-0.62952167,-1.469677,-0.9318093,0.7092641,0.2758279,-0.07169123,-0.57431495,-0.78640026,-0.7511063,-0.34716764,0.5928717,0.94423723,-0.09293241,-0.22399913,-1.0470719,0.22690946,-1.013452,0.7292419,1.0598178,0.75127184,1.7368622,-0.25594378,-0.2849323,-1.105858,-0.42355996,0.8245964,-0.12810645,0.38068798,-0.78048074,0.6021679,-0.43792653,0.12975542,0.7345047,-0.85389745,0.25964963,-0.35915345,-0.558448,-0.2842682,0.6361438,0.3132869,1.0218673,-0.55828816,-0.5244038
0.43359828,-0.6183491,-0.57897514,0.63307273,0.093822144,0.98841465,-0.87898195,-1.0246104,0.32130352,1.5429341,1.5024331,-0.14054818,-0.8796523,1.1265799,0.255479,-0.3163899,1.5969981,-0.123585,-0.29479942,0.44787583,0.3610234,-0.71360123,-0.577617,0.084602445,1.5718375,0.8985383,-0.128468,1.1271347,-1.2319812,0.013121658,1.9990221,-1.1161257,0.42598513,-1.2987449,1.5956914,0.08165499,0.80845976,2.595711,1.3894156,1.2062266,-0.92692524,-0.9414822,-0.16354834,1.2362912,-1.7659047,0.3954091,0.6694449,1.3036876,0.7760176,2.2146306
0.118997365,2.9349375,0.42267838,0.27479008,1.4911504,-1.618702,1.7561506,0.37928745,1.8261493,-0.21748497,-0.20048068,0.41100323,-0.65376383,0.33222058,-0.9791842,-0.3673448,0.5889443,-2.8337214,-0.7752471,1.5555804,-0.7567484,-1.6055108,-0.5820649,-1.1379331,-0.07100083,1.6994815,1.9788088,-0.49804124,-0.33092055,-0.8141404,-0.7645146,0.059700616,-0.35365984,0.110051475,0.114680514,0.11246262,-0.7800899,-0.72514343,-0.3418992,-1.16552,0.43899852,-2.3038354,1.1788547,-0.25937098,-0.43849656,-0.28916466,0.72788656,-0.5259749,-0.3264844,0.010833535
2.482889,1.4005828,1.4881821,0.38609707,-0.2571503,-0.9958233,-0.22222936,-1.463297,-0.9441336,-1.4101138,1.6088274,-1.1230179,1.8420932,0.09226656,0.7259809,0.16762759,-0.4080558,-1.3102553,0.5396564,0.17048006,-0.519031,1.2131269,1.6944921,1.5036182,0.19950885,-0.58875173,-2.1732717,-0.34494233,-0.084691726,0.8137428,-0.015858168,0.22918871,-0.64602804,-1.0472859,1.2697052,0.3376072,-0.7118628,-1.7632962,0.060202193,-0.18653154,-0.17956236,-1.1828403,-2.4394298,-0.37076563,-2.232673,0.80150914,0.42367986,-0.5787211,-1.9385998,-1.0978243
-0.46489692,0.852146,0.120899394,-0.7614549,-0.31124568,-0.24055237,-0.53308517,-0.95468307,0.36931622,-1.259437,0.795075,1.0789224,1.0940108,0.31241086,-0.89021784,-1.8537014,0.25466508,-0.7715735,-1.2920302,0.24062386,0.93384385,0.18274385,0.28157735,-1.0509582,-0.4311756,-0.16005419,-0.9646422,0.38314787,-1.8322647,0.6234426,-0.6861619,-1.7034022,0.36959115,0.3113742,-0.14184147,0.6948691,0.051906534,-0.6610239,-1.5900284,0.19441234,0.68207264,0.03774913,0.43244335,-0.7935809,1.6080648,0.167354,0.7013734,1.2279186,0.08968672,1.2855822
-0.4587367,1.3750372,-0.20391311,-1.5165403,0.28912476,0.14391136,0.5156163,-0.8166196,-0.9259363,0.8517323,-0.3827493,0.87507206,-0.6082607,0.035195798,0.68614435,0.15057144,-0.50833356,-0.1873174,0.57472086,-0.09048735,0.5325698,0.10928878,0.29336616,-0.11990971,0.21837692,-1.4531727,-0.043535426,-1.6676536,1.2537848,-0.526443,0.03742996,0.33260244,-0.8888471,0.39175698,-0.49106687,-0.009057354,-2.6408165,2.001439,-0.3037103,0.10144014,0.04120916,0.455997,0.23795755,2.3903532,-0.42776698,1.0515889,-0.38140804,-0.48753652,0.529702,0.29049307
-0.031221088,-0.8496909,-0.36246818,-1.5911305,-0.12134991,0.33229324,-0.27525,0.56238633,1.2918224,-1.9046514,-0.5837911,0.38501158,-0.1747812,0.6253116,1.6313192,-0.41339132,0.97619617,1.3056431,-0.43427235,1.321057,-0.98228043,-1.8481755,0.81438434,-0.56261,-0.9860772,-0.3795076,-0.7466227,0.07036282,-0.9213269,1.4491286,0.41840494,1.8986139,0.55703235,-0.31826624,1.4092166,0.6071559,0.3158644,-0.18923487,0.5155962,1.0644758,1.3355309,0.14930664,-0.50671345,2.7481422,0.40609267,0.5722687,-0.39507627,-0.26712334,1.1380619,-0.10474194
-1.1922361,0.38216823,0.3688023,2.3285353,1.0840256,0.5442278,-0.43789592,-0.9437202,1.2941853,0.5011422,-1.8084031,1.1006429,-0.34227562,2.6155484,-0.45824695,-1.9457874,2.230122,1.4913224,1.0820618,0.5847635,1.1110585,0.6287491,-0.9067061,1.4963495,0.03304054,0.78539,1.3191829,0.3523605,-0.3464815,1.4627376,1.0611465,-0.6846549,-0.2246244,0.3982097,0.7437361,-1.2461511,-1.3611516,-0.6993305,0.106069624,1.287736,-0.9619474,-0.7313863,0.41851628,1.253115,-0.2284494,1.7126992,-0.010461685,-0.36101457,-0.9517756,0.4347185
-0.29404336,-0.59491247,1.8784312,0.25550354,0.89043653,-2.6493285,-1.8612854,-0.55239016,1.5413747,0.034950398,-0.15329333,-0.58352005,-0.18589726,-0.8739673,-0.19226126,-0.006276274,-0.031929016,0.29589853,0.73174286,1.2876747,0.4745409,-1.1355377,-0.14175656,-0.5054271,0.20798582,0.40020105,-0.14990455,-0.18069126,0.33754972,-0.5524548,-0.15468255,0.095490165,0.25676677,-0.45860896,-0.15472922,0.15043634,-0.42299044,-0.1441894,0.20650096,-0.0992719,-2.5571694,-0.5300629,-1.7618854,0.31502149,0.08721496,0.054545026,0.6843637,-0.64314294,0.07636173,-0.13227691
-1.2591234,-0.24359956,0.19422749,-0.25284743,-1.1156204,-1.1578032,-0.5602493,0.11192764,-1.0553976,0.03647711,0.005138218,-0.21750209,-0.12611128,0.24280842,1.4904126,-0.20087142,1.2294616,0.8912962,0.32197714,0.71809757,0.82879794,-0.33945346,-0.2396122,0.34881604,-0.9286331,-2.2752523,0.46997866,0.10553664,-0.8289893,-1.0389462,-1.7345623,-0.70408905,1.0272492,-0.7540854,0.39699095,0.5956342,0.98057234,1.7826351,0.983593,-0.627816,-0.059380747,-0.41212097,-0.46681982,0.87355274,0.8825159,0.6037518,1.3054831,0.933042,-2.2113867,-1.779312
-0.4471475,1.127602,0.9730333,-1.1597387,0.15156537,0.9666285,1.263836,1.0478578,-0.9525616,1.289195,-1.1653969,0.59980893,0.7123981,0.6074328,0.6934993,-0.64126885,2.0686207,-1.0698794,0.5864983,-0.7753637,1.8738139,0.57772833,-1.0324322,-2.304096,-0.37284493,-0.8464213,1.9110248,0.2681422,1.6836734,-0.32700524,-1.5664511,0.20810814,1.6316978,-1.0269953,-1.1223005,-1.5466037,-0.50009006,1.1385262,-1.7863923,1.6846591,-0.0421593,-0.61636096,0.52306443,-0.9798831,0.33137244,-0.4916048,-0.3861254,-1.147863,-1.505158,0.3653966
0.69593376,-1.1190913,1.1982969,-0.07563777,-0.8895639,0.5616565,0.04219349,-0.06719795,-0.48780397,0.43965372,0.6063275,-0.22886185,0.79372656,-2.078973,-0.7598339,0.29053485,-0.3027488,0.81011707,-0.0049406392,-1.8850018,0.43655905,0.90375644,-1.0788201,0.46297124,-0.19497184,-2.342566,-1.4607571,-0.31912914,-0.09283104,0.5135654,0.2742597,-0.26426682,0.80331194,0.5113116,0.20609707,-0.09272319,-0.5478848,-0.21254328,-0.21500446,-0.9632513,0.313031,0.14271389,-0.652169,1.0891969,1.0902553,1.1038978,0.0063197375,1.2219031,-0.3139817,-2.476849
-0.5989964,-0.68752146,0.07114486,1.4227406,1.3674879,-0.7947138,0.83858275,-0.22745167,0.40166163,0.003294012,-0.009609558,0.9936842,-0.8736372,0.8131319,-1.2477424,0.7682567,-0.26192623,-0.2504089,-0.25464028,1.0850127,1.0743326,-0.420299,1.0112252,1.4125049,1.122507,0.72560084,-0.6106471,-1.4609818,0.05412111,1.4027692,0.059158824,0.36371678,-0.65866446,-0.9220647,0.9119071,0.20107,-0.5557999,-1.1806061,-1.2697675,0.36457908,-0.027770478,-1.3163364,-0.2629659,-0.65804315,0.6220516,-0.4357944,0.30023363,1.2127051,1.2112453,0.61820483
1.8327706,0.32871568,-1.2359105,1.3214213,-2.225327,-0.6189902,-1.3152494,-0.4767207,0.4558557,-0.62794656,-0.057619605,-0.18580736,0.8209646,-0.36320385,0.6646175,-0.7352681,1.1382916,-1.0465696,-0.58235574,-0.28237912,1.2313244,1.0366197,1.5595527,0.49367544,-1.8071893,0.018169124,-0.06140281,-0.33920258,1.6907946,0.68013775,-0.31987497,0.34740865,2.2194197,-1.5850818,-1.3976719,-0.29044214,0.4498589,0.97829455,2.1758173,-0.55822474,-0.668624,0.0016236017,-0.71574044,-0.17154625,-0.22420622,1.127662,-0.1798685,-0.19691837,-0.96237916,-0.7346577
0.4829544,-1.1949973,-0.41441482,1.0641752,0.657789,0.45396864,-0.5930835,-0.055833016,-1.5737733,1.3601389,-0.046953663,0.33441058,0.686864,0.42024577,-0.64588743,-0.3933819,0.28418535,0.78589034,0.18018112,0.64840376,0.44709432,-0.5516031,0.08187576,-1.0093209,-0.58320576,0.6456217,1.3480556,0.662014,-1.140859,-0.10831733,1.2956587,-0.96939987,-0.54957885,-0.8764539,0.8686749,1.3400855,-0.08518109,-0.110323995,1.5723121,-1.2753608,0.8601504,-0.40052032,-0.30127457,-0.7498575,-0.4217372,2.5911152,1.7361488,0.7296339,0.97298485,-1.6689069
0.25464413,-0.17592156,-1.5394775,0.678362,0.90763104,0.36020863,1.588054,1.0915917,0.63801724,-0.7392889,-0.7151213,1.0183799,-0.34146687,1.3903706,-1.1922411,1.3253884,1.4296335,0.39681366,0.2681152,-1.21204,-1.0114347,-0.0819487,-1.1818526,-0.053536005,-0.24342842,0.5194493,-0.41582164,-0.48469537,0.7707776,0.8617818,0.1855574,-1.6472573,2.2081738,-0.58035433,-0.6779338,0.6572215,-1.4417785,-0.29724807,-1.2503844,-1.2259254,0.45844504,1.6219121,0.5777484,0.0705028,-1.1284055,-0.34011406,0.119287044,-0.66445,0.15884554,2.1999044
-0.9937871,0.0764704,0.48622265,-0.025525603,-0.8873498,-0.7464124,-0.29728326,1.4380091,-0.62068725,0.23991826,-0.8119535,-1.38222,1.6882461,0.77472955,-1.2758654,0.1528083,1.7798924,0.59240705,0.2576021,0.61227345,0.7791857,0.82867527,-0.30781743,-1.1343365,-0.55105895,0.6084342,-1.4257196,0.2786618,0.60779667,-0.5923399,3.2181478,0.40159306,-0.7610054,1.1454965,0.4350216,0.47448575,0.63113576,-0.12564054,-0.522285,1.7628458,0.6316449,0.8879832,1.7616856,0.3483738,1.9363152,-0.5938312,0.498936,0.35347646,-1.7063146,1.6268691
-0.38192526,0.7982625,-1.9696952,0.39026526,1.0720782,0.055108618,0.3763644,1.0257636,0.016598634,-0.6541386,0.2099544,-0.46671307,0.7405202,0.99199265,-0.3982038,-0.9505894,-0.1570972,-1.6933427,-0.08899361,0.6616503,0.5888215,-0.6954756,-0.980336,-0.44485083,1.7729368,0.011844188,0.16393842,-0.50440556,0.9010915,0.5208368,1.7495564,0.98420537,2.1114383,0.8577077,-0.648069,1.0272326,0.44962448,-0.49552843,0.82567877,-1.0323112,-1.1620109,0.1174552,0.33719084,-0.42125905,0.019066451,-0.8195755,0.3663464,-0.37078077,-0.69096756,0.89887524
1.1235207,1.6010534,0.024040973,-1.3133172,1.4363683,0.36190552,0.017562611,0.0060324734,-1.4151005,-0.27197158,-0.58826965,-0.6615574,0.92893404,0.25402975,-0.5226831,-0.7197601,-0.10526527,0.8283122,0.4540293,0.7810004,1.3088083,-1.1622692,-1.8474191,0.09568004,0.5408691,0.0042103864,0.2910828,1.4337105,0.12297254,0.447497,1.5487092,-0.040129147,0.8172651,-0.58454573,-0.5663499,0.55836356,-0.7291026,1.0034627,0.19327256,0.68679315,-0.8071134,0.72783744,1.705045,-0.6217085,0.9986294,-1.3653136,-0.8315084,-0.17723346,-2.302789,0.06800436
1.207512,0.52761143,0.8515953,-1.4087992,-0.5239497,-1.1301807,-0.11907954,0.7485132,0.15339804,-0.7339167,-0.22552656,0.7261055,0.23085931,2.199374,0.71580404,1.4200462,0.13784766,0.28647205,2.3882124,0.06011434,-0.39638966,-1.3843651,-0.031900153,0.90040857,0.24035648,-0.4614741,0.7208318,-0.48141557,0.8470011,-0.9868272,1.8963455,1.5201747,-2.1440156,1.055291,-0.9893615,0.55958825,-1.0822091,1.3737056,0.5859319,-1.2616557,0.18244815,0.53129804,2.3033996,1.1781086,0.33175725,0.044809356,1.585441,-0.06481869,1.2403117,0.1396744
-0.27136758,0.54683715,-0.26717362,-0.31788802,0.15081634,1.5782087,0.1177717,-0.049812965,-1.5833014,-0.11213305,-2.1173186,-0.0062084105,-0.76899827,-0.033485387,0.37185746,0.045711245,-2.4051623,-0.21880183,0.40000302,-0.056721833,-0.38108882,1.3893379,0.7797516,0.16661455,2.4457865,0.3722432,-0.60362035,0.39043537,1.2422854,-0.13740148,0.63921374,0.2902323,0.03245676,1.4128478,0.5280325,2.927777,-0.3514625,1.7111099,-0.29603824,-0.07903444,-0.6866318,0.99076456,0.008228624,1.1142538,-0.6445145,1.6101376,-0.14959419,-0.56118435,0.35669315,2.1071439
-0.86829966,0.07181711,0.9031336,0.86228484,-0.6294229,-0.6842576,2.5085664,0.88370097,-1.6287888,2.2677307,0.14657788,-0.73652,-1.3255978,1.1936373,-0.4631322,0.8896218,0.57637334,1.0627003,-1.2479821,0.10320893,-0.5523261,0.8900213,1.3894316,-0.66739506,0.28829542,2.0479164,-0.7074353,-0.109613255,0.017931554,-0.19481122,0.38542458,0.40591168,0.023929188,-0.7123402,-0.4259533,0.13501707,-1.2287903,1.0207909,-0.101055846,0.18117961,-1.0058296,0.39016968,0.75938994,0.90506357,1.598462,-0.29965177,1.6280175,-1.1224716,1.1627518,1.0062912
0.56737757,-1.192521,-2.1951056,0.5577611,0.2057985,-0.6380513,-1.4377724,-1.9647229,0.47762778,-0.8002521,-1.9707443,-2.2255561,-1.3527793,-0.7214624,0.40736783,0.51664805,1.6757938,-0.6704419,-0.9702034,1.1125666,0.42077288,-1.6468939,-1.3955997,-0.19606784,-0.7485916,-1.2029557,0.2659066,-0.6006827,0.9710714,0.74587095,-0.6096321,-1.1262523,-0.35636252,-0.37704527,1.0858268,1.5377107,-0.24624163,-0.69689786,-0.11496762,-0.12806827,0.3433478,1.564452,0.89147526,-1.989084,1.0531574,-0.8507918,0.52973396,1.2781057,-2.0583422,-0.15791534
2.6000388,1.0292939,0.9274175,0.66065544,0.050311577,1.5435572,-0.76289487,0.46260273,-1.9641196,-0.7051919,0.5585435,-0.859946,0.0025590328,-0.14643872,-0.5159863,1.2849507,1.1108899,-0.29037327,0.37493056,-0.66038007,0.5739186,0.11226233,0.8820657,0.1998112,0.71400154,-0.17412186,1.580534,-0.40727627,-0.19619565,0.96767825,-0.78059757,-0.9187584,-0.2744592,-3.0314255,-1.1215643,0.64678323,-0.19724995,-1.7026387,-1.4064392,-0.9824665,1.1036334,0.3050732,-0.19893017,-0.72458327,0.83896565,-0.8829771,-1.5327041,-1.0386343,-1.7128105,0.30508757
1.153941,-0.15490867,-0.3564698,-0.13341288,0.44379205,-0.12418619,1.5668874,-0.6851508,0.5921933,0.96477073,-0.24368405,0.82650644,0.37913015,0.9191243,1.6344842,0.79943365,0.09093578,0.46398598,-0.108988814,-0.114319175,-0.8779111,0.68270373,1.099391,-0.8450189,-0.41859674,0.62829524,1.0513018,-0.8346992,0.18056743,-0.26817086,-0.5701838,1.2545699,-1.1665218,-1.7635846,-2.830554,0.7256233,-0.46678245,0.17760493,0.22582509,-0.015269868,1.6046355,-0.030719494,2.4834726,0.43822214,-0.67992777,-1.3319298,-1.0329291,0.6552246,-0.39801222,0.14577048
-0.93778205,0.85706455,0.8158909,-0.19105381,-1.233313,-0.04877058,0.1677075,-1.1065235,-1.9842544,0.48386806,1.1210432,-0.34582794,1.3321692,-0.59357554,0.11024637,0.8026694,1.9154491,0.3585437,0.7927297,-0.6222575,2.0055373,-0.8694387,0.057410255,1.1849349,0.8138192,-1.5279788,-0.5197157,-0.5941277,0.8311784,-0.14549886,-0.50617933,1.4273672,-1.6209939,-0.6162647,-0.49872038,0.5745647,0.25753772,0.585165,0.3226273,1.0940605,1.9463843,-0.4654529,1.6252342,0.3928716,1.4114425,1.8505523,0.4445284,0.17284255,-0.2617919,-0.97913945
1.1329612,0.6657595,-0.14159787,0.9437913,1.183843,-0.10002151,-0.94177,0.24334025,-0.7529611,0.08658302,-0.48305413,0.14197128,0.008727033,-0.27787095,-1.0601206,0.75135666,0.18418673,1.7748504,-0.046170756,-1.4310969,0.5149381,-0.64896023,1.4184971,1.886116,-1.0760019,0.053846356,-2.3475761,0.48748377,-0.29247937,0.52483624,2.319752,0.49050808,0.82797647,-1.6631346,-1.5161177,1.8441918,0.37640724,-1.530364,-0.46169755,1.1204568,-0.8935207,0.24300526,0.85744673,-0.14359389,-0.57379925,1.5779243,0.12206219,0.33019766,-0.1962231,0.05012945
-2.023802,-0.75950444,1.3751552,0.22839665,2.287979,0.4402776,-0.6205156,-0.48227957,-0.15397881,1.5709554,1.1864938,0.22143489,0.99702966,-0.26077414,-0.3042473,-1.4937809,1.8512648,-1.3568591,1.0462117,1.5470326,0.9972303,-0.531031,-0.3768003,0.022003414,1.1638612,-0.86849993,-1.257731,-0.4220922,-0.06575733,0.44157243,-0.500084,-0.39874345,0.24968563,-0.009774615,-0.23594666,0.34268695,-1.6562461,1.0470839,0.050130304,-1.5468286,1.0715159,-0.33655554,0.1111057,0.13371216,-0.23769276,-1.0444369,-0.15993147,0.23778832,-0.47344556,-1.0804832
-0.8646489,-1.5128222,0.38774106,1.0217019,0.09325842,0.28467822,-0.04942729,-0.13677703,1.5561739,-0.454497,-0.014473301,1.0454106,0.011263613,0.6948653,-0.052762896,-0.061032735,-0.06378877,0.04305712,-0.7649475,-1.0377227,-0.19061783,0.738957,-0.13570185,-0.4026577,0.7607952,-1.3922783,-1.5274783,0.015573346,-0.65154135,-1.9531919,1.8450408,0.35722798,0.66124713,1.4894569,0.0015020397,0.42357692,-0.92019445,1.104396,2.0993123,-0.17894855,-1.0127025,-0.55866086,1.501024,0.9390505,-2.1885612,0.47434327,-0.011129396,0.8855865,-0.66688246,0.32503423
-0.75794977,1.0127336,-0.5976635,0.7076381,-0.2547046,-0.7603303,2.7700553,-0.52028674,-0.584876,-0.1350828,-1.1618608,0.28685316,-1.3340747,0.9992797,0.71062946,-1.0470151,0.7262883,-1.3333728,-0.4765276,-0.4644394,0.86426103,0.20063248,-0.030729037,0.20536055,-0.5170012,0.24701841,0.7038867,0.64138615,0.67647815,-1.043648,-3.3046556,0.13676432,-0.16880347,-0.5797686,-0.30839956,2.7298012,-0.3654514,-0.3941875,-3.52334,-0.07545272,-2.1353824,-0.7403658,0.5040609,-0.4044299,2.4966757,0.46920937,-1.1617957,0.124223426,0.9022569,1.4182854
-1.0863518,0.68795425,-0.5701926,0.7034752,1.7434999,-0.041821554,-1.8841997,0.16358629,1.5365477,-0.7104636,-0.13062337,1.0016059,1.328223,2.17878,-0.5326672,-0.14244239,0.38552892,0.6722373,1.186455,0.5888758,1.7671585,-0.22216523,-1.3344795,-0.6888118,-0.7853509,-0.70140004,0.0065757358,0.73862654,-1.4434611,-0.6344234,-0.09942294,-0.51528865,-1.0334265,1.5806522,0.80162555,-0.365112,0.11969172,2.1723886,-0.21228242,-0.0059655397,0.28824732,0.9547927,1.1541343,0.21196672,-1.8183862,-0.27662438,-0.38089582,-1.1610312,-1.3344976,-0.071560845
0.622221,0.35283858,-0.23679377,1.7757767,-0.35537016,-0.94283456,0.56729275,1.5965394,-0.20627859,-2.574665,0.81232065,0.44676214,-0.5459744,-0.34960797,0.057007357,-0.77276236,-0.9418878,0.30558667,0.028982718,2.5644114,-0.39333737,0.084097184,0.5104665,-0.4267491,-0.059620503,1.1406355,-0.40374076,-0.103985295,-0.2098074,1.1836008,0.13193068,-0.08307112,1.4593761,1.3098584,0.90721154,1.2026919,-0.39024392,0.47912452,1.1526496,-0.019503219,-0.34521547,1.0082711,-0.09853224,-0.37444216,-2.096531,-0.9134717,-0.8434004,-2.1939428,-0.54592645,0.6212315
-0.9057232,0.6828717,1.3265959,0.40492028,1.4305074,-0.7497585,-0.5521604,0.084205784,-0.6499228,0.93158084,0.3719956,0.68344784,1.8195857,0.79480594,0.2945203,1.2847086,-0.5473917,-1.780922,-2.029727,0.838603,0.49147046,0.94761586,-0.44488084,0.617132,-0.16555284,-1.0075895,1.911349,-1.1011328,1.0982221,0.9053604,0.90691954,0.40392718,1.2646415,-1.106665,0.81184304,1.5732096,0.15651943,1.7000171,-0.1416354,0.3694791,-1.6127082,1.1658959,-0.0023861032,0.81680334,-0.19546823,0.7274088,-0.51340073,1.9399465,-1.2991145,-1.6503336
-0.08776345,-0.82130396,-0.044086788,1.0802693,0.18632759,-0.6541956,0.24006046,-1.3589176,0.36266434,-1.5626799,-0.4824418,-0.26786438,2.0765061,0.16116828,-2.4436653,0.74378663,-1.8914298,-0.10140725,-1.2170875,0.41037115,-2.740518,-0.929734,-0.015266024,1.2581598,-0.7543411,0.49179316,-1.2653295,-0.5646032,-0.47808996,1.2177427,0.35198975,0.93624943,0.90649194,-0.40945688,-0.344502,-0.47231862,-0.2784966,1.0423871,-1.1029669,0.2988374,0.16105959,0.18889168,0.13572453,0.32866105,0.4157942,1.4615128,-1.1848514,0.5867545,-0.76980704,-0.33997533
-1.4994439,-0.5077871,-0.17740904,-0.3808306,-1.1622335,0.9428375,1.8634685,-0.5867627,-1.0481236,0.006143769,0.93522596,-0.03663297,-1.5405099,-0.80242527,-0.81030434,-0.78457737,-0.90454316,-0.058199126,1.7525418,1.478148,1.1026264,1.466985,1.218131,-1.761851,0.55990887,-1.7357107,-1.8798492,0.6295102,0.5805945,0.5519948,0.11747378,0.3018645,0.5096471,0.41252896,0.48222587,-0.42962956,1.569335,-0.6875357,-1.0984381,-0.3553604,-0.18619129,0.32362044,-0.13437295,0.5015411,-0.93890667,-1.020475,0.18011263,1.26119,1.0789007,0.26101682
1.0289135,-1.4094057,-0.13460962,0.76696825,1.2922823,1.5984999,1.264616,1.1644976,0.30716735,-0.61336297,0.8450741,-0.9179925,1.233291,-0.019422201,0.35118037,0.17366736,0.025982996,-1.1857674,-0.2996273,-1.1879178,0.80694723,0.83327675,0.20757776,-0.9676641,-0.83968955,0.16010338,1.6641395,-0.8216775,-0.2353001,0.5512619,0.32044286,-1.3990674,0.19654845,1.8696153,-0.06628355,-1.9330822,2.704061,-1.7249017,0.6820141,-0.011688251,0.64276016,-1.5566515,0.8447675,-2.178878,1.7474048,1.6463519,-1.2314286,-1.6675723,-0.048162766,-1.376725
1.1852233,0.14762841,-1.4643149,-0.8422547,-1.1124358,-0.36981723,0.33115143,1.0933764,0.7971768,-1.0455023,-1.267184,1.0089079,2.0914924,-0.40429783,-0.6488419,1.512953,0.744529,-0.4827314,-0.22821851,-0.61724144,-1.5618106,-0.14125615,0.3528613,0.39487526,-2.2522047,-0.6203445,-0.51112956,0.5887571,0.10195103,-0.5270251,-1.3230786,-0.6952805,-1.3361826,-1.0320771,-1.5982976,0.41977486,-0.14058699,-1.8072835,1.860115,1.0001146,-0.041908927,-0.63042057,0.42884576,1.1793383,-0.90816164,0.95607513,0.49785557,-0.96832126,1.0400285,1.0552857
-0.9291092,1.0213544,0.9878553,-0.920322,1.4771881,-0.57152814,0.18544953,-0.5810969,0.8026438,-0.02029649,1.0726452,-1.9712067,-0.034714643,0.14330514,0.40376,0.97694683,-1.6660581,-0.38960755,1.1218462,0.5633032,0.41485798,0.98013806,-1.7609636,-0.50794894,-0.74797684,-0.3626038,-0.63397735,1.1931332,-1.4411952,0.83672047,-0.41919863,-0.42933854,-0.000502179,-0.29562834,-0.5061053,1.3872952,-0.7227968,0.43103185,-0.78452146,-1.1433382,0.7699285,-1.9028213,-0.34202188,-0.5000237,0.5401568,1.7618023,-1.2216352,0.42459527,0.53988683,-1.0787985
-0.34527296,1.8943915,1.3472283,1.2254722,-0.365107,0.059707753,-0.97045463,-1.5789031,-0.049125228,-1.0281134,-0.3805589,1.7668011,-1.2483468,0.02648655,-0.9713247,0.09717695,0.5747775,-1.2498362,-0.0667415,-0.1978757,-0.69315934,0.77636915,0.05254805,1.2403297,-1.8889195,0.9518712,-0.3543782,-1.7702266,-2.1482604,0.2804227,-0.5081999,-1.5300684,-0.41320658,0.3050742,-0.013746968,-0.473008,0.71868384,-0.23991543,-0.16369462,0.21576121,-0.47927463,-1.2253307,-0.8688504,1.3907877,-0.7737701,-0.68951035,-0.31046036,1.5751523,-0.21568218,0.62696916
-0.61501396,-1.574216,1.0828283,-1.3889353,-1.239099,0.026786583,-0.5047538,0.6254785,0.264061,-0.2643635,-1.6387218,-0.73999006,0.118709244,0.74860275,0.61386824,0.7768248,-0.22337563,-0.35241643,0.29204702,-0.8587892,-1.5270528,-1.1468922,1.4418086,-0.024805736,-0.24327387,0.9096335,0.04338867,0.61132526,-0.7782995,-0.78919256,0.6093388,-1.2510573,-1.313369,-0.645987,-1.8258008,-1.0595156,-0.11160672,-1.4751395,-0.2873612,1.2992526,-0.5708126,0.252318,-1.0425874,-0.30174863,-0.94274217,-1.0780411,0.7767625,1.2140348,1.0990766,1.2685632
2.3793142,1.1539466,0.88473684,1.6572424,-0.030758502,0.57807887,2.1075103,-1.3072841,0.29279622,1.0312126,-0.50652456,-1.3094914,0.42386234,-1.8537943,-0.6779781,0.0643648,-0.5327478,-3.328267,0.3458795,0.7152105,-0.55632114,0.484905,-0.51378036,0.0611311,-1.3026689,-0.7112262,0.41734305,-0.10946836,-0.56830627,-1.5245013,-0.10804181,0.53608006,-0.93834513,-0.7908117,-0.8531396,-0.7190913,-0.87459624,1.0994608,1.0973548,1.4862425,1.037445,0.9164749,0.050752066,-0.1089539,-1.1623402,-2.4233203,-0.0393714,0.85737944,0.3190897,0.29027382
1.9027413,-0.11020309,-1.3979596,1.426078,-0.7204099,-1.7451754,-1.1627109,0.01670862,0.8815667,0.09355858,-0.9821122,0.5154663,0.5370569,0.43537936,-0.67929935,-0.78645474,0.7063912,-0.94071037,0.5740665,-0.28401107,0.7103035,0.76482904,1.7195233,0.30990842,-0.43489462,-1.4173771,2.2933404,-2.0055408,-0.19038835,-0.3252827,-1.4659442,0.14196306,1.0753375,1.271489,0.2436678,-1.1150601,-1.2063727,-0.5527103,0.5214041,-1.644174,0.41002414,0.26548147,0.72073615,1.9507248,0.68463653,-1.8933262,-0.09081993,-0.98807085,-0.5752638,-1.4239703
0.19973603,0.16543214,-1.2987486,1.0217756,0.27410704,0.9425336,0.52625114,-0.6003135,-1.4739827,-0.72436136,1.4376127,0.44823477,0.5599028,0.8561409,0.82060325,0.06812108,0.4809595,0.99510723,0.09138761,1.5196853,-1.8975444,-0.09722545,0.04681131,0.40287784,-1.3191965,0.010832425,-0.93438345,1.1471927,-0.4392585,0.049223818,-0.07578015,1.7291232,-0.72340983,0.30191898,-0.6014285,0.6143262,0.38807523,-0.22990653,-0.07084272,0.9308113,0.2473861,-0.60428965,-1.1653348,0.8540107,-1.370097,0.7271061,-0.5575395,-0.38052744,0.45905,1.8570904
1.083323,-0.2830005,-1.5128094,-0.24937902,-0.3248685,0.6137279,-1.6899469,0.7152205,-0.36319497,-0.58113885,-1.0109451,-1.5192908,-0.9967342,1.4775856,-0.31144378,-1.5270177,-1.5469148,0.36065072,-0.02697166,-0.2479654,-0.070839524,0.9227475,1.6695359,0.88988256,-0.023179805,0.21559715,1.5172013,0.7859211,0.24104568,-0.7583241,0.123525724,0.5218615,1.054344,3.035407,-0.61577725,1.7891293,-0.07140294,0.48205566,-3.1361475,-0.9495786,0.95506454,0.35744128,-0.046729527,0.518809,-1.0699694,-1.3083583,0.97345567,-0.4463935,-0.12695387,0.006656676
-1.2937844,-1.9590836,-1.5318404,-0.6438719,-0.6690571,2.2598443,1.9470885,0.13807903,-0.5006415,-0.12148514,-0.39849555,-0.26378828,0.39735207,-0.102667585,-1.0561668,0.95697653,2.1348915,-0.8634232,0.5291776,-0.4525473,0.46068707,1.0339274,1.5582281,0.68406016,0.5866065,-0.24992588,0.052518435,0.21273607,-0.6962657,0.36417547,0.21772324,-0.052706126,1.2513028,0.9913915,1.1466323,0.47634128,0.49924797,-0.24664147,1.115082,-0.8345605,0.49640098,-0.28815168,0.10220352,-0.12059004,1.6142192,-0.07407855,0.6428026,0.46008578,-0.25089896,2.2412987
-0.68878454,0.43698797,1.0622333,-0.49150518,0.13432732,-0.9026255,0.2874698,1.0712471,2.1426747,-0.29181525,-0.04177711,-0.35489756,-0.842695,-1.5645242,-0.98527974,1.6549121,-1.3198336,1.0196794,0.6828273,-0.9569872,-0.6228169,0.74385065,-0.11664397,0.19466169,-1.02685,-1.2885141,-1.940613,1.4970846,0.9276775,0.4295487,0.22142445,0.7967179,-0.42107737,0.22504258,0.5918492,1.1203784,-0.34773058,0.6624941,-1.3846943,1.0137947,-0.44446942,-0.7574097,0.098086804,-2.191534,0.651077,-2.6672268,-1.6033726,0.1593822,-0.16456716,-2.8564398
0.7641348,1.412089,-1.2977226,0.7435221,0.24254085,-0.6670238,1.6695447,-0.20656635,-1.3846428,-1.549411,-0.9792952,-1.1036029,-0.62263405,-1.928734,-0.48036537,1.3693812,0.26848644,-0.5115372,-0.25264782,1.1210271,-0.4897059,2.3513904,-0.06832606,-0.5315292,0.528185,0.15604207,0.4422388,-0.33861876,-0.0772314,1.7639008,0.83212113,0.67882305,1.2796559,-0.016170567,0.33207616,0.82452065,-0.21457648,0.1852001,-2.2019188,-0.8081822,-0.88015115,0.2743188,0.41415733,0.711433,-0.5713209,0.47858027,-1.4186373,0.46052545,0.6914999,1.8460491
-0.5314009,-1.102787,-1.5082132,2.0475388,-1.2152753,-0.7814458,-1.3063822,-0.92983556,-2.0713956,0.6399616,-0.9360029,0.100670315,-1.4584827,1.6276393,0.5121507,-1.3542843,1.2027367,-0.7709031,-0.39240912,1.8350507,-0.14405389,-0.5266472,0.8547411,1.1190399,-0.33781973,0.731729,2.880826,-0.13129747,-1.3519194,-1.0670321,0.5108056,0.24727903,0.10136876,-1.1161742,0.88929844,0.19293492,0.53516024,-0.77051437,0.055702377,0.38990763,0.56638134,1.5614356,0.26304457,-0.08498863,-2.0415847,0.20604888,0.45136598,-0.27922028,1.1931481,-2.5216067
0.029263958,-0.13436455,-0.87783337,0.62868726,-0.40343162,-1.7971314,0.28351158,1.1008067,-0.11411823,-0.5790334,1.2110395,-0.843282,0.8379693,0.08818273,0.48756462,-0.7015701,1.1581676,2.4485726,0.45999125,0.27042863,-0.2973617,-1.2128677,-1.6296158,-0.07634964,-0.12334852,-0.41729015,1.3239747,0.75563854,-0.69776976,1.195729,-0.58057445,0.5710386,-0.7412721,0.5008285,0.24267326,-1.493997,-0.06140177,0.02088123,-0.6207719,0.99039286,-0.65429413,0.106156416,-0.44930246,-1.6179022,1.8917465,0.42391294,-0.86091745,0.6449113,-0.88435173,0.003533833
0.13545156,-0.7835443,0.2033413,-0.16223225,0.25414103,-0.6625359,-1.2843821,-0.16879907,0.9791585,0.07823523,0.9767522,2.025745,-1.581618,0.22576682,-0.07372864,0.6340879,-1.0504875,-0.58329076,0.64034885,-0.3781658,0.4529977,-1.5984646,2.8581405,0.70508796,-0.14288208,0.5923063,2.0262744,-1.3153484,1.5928987,-0.4900553,-0.29541853,0.48661697,-0.33038846,-0.47112447,-1.6536405,0.76985294,0.40130728,0.19994625,-0.11186514,-0.19475654,2.455402,0.022483999,-1.6098934,-0.41038918,-0.4077805,1.6452755,-0.46708074,-0.28340864,-0.77903956,0.333512
0.13853885,0.3088296,-0.14364718,-1.7087115,0.36943793,1.7479736,0.3231828,-0.3865431,-1.0907273,0.46157506,-0.8968068,-0.672984,0.64249045,0.5104173,0.9636233,0.21964955,0.99388576,1.0627377,-1.1499207,-0.15761101,1.1072434,1.2709233,-1.3086334,-0.16223443,-0.33981645,1.4242344,1.4061823,-0.047159415,1.2911195,-0.91778326,0.6313137,1.1995752,-0.7004611,0.30336305,0.39022797,-0.43050075,0.92872345,-2.3538692,-0.23717639,0.19662796,-0.08276094,-1.1023769,0.43987438,1.4553431,0.93490595,1.7462945,0.5216144,0.24841756,0.21129537,1.1568285
0.38368973,0.45050892,0.064274885,1.879855,0.12576573,-0.52117145,-0.08999142,1.4578284,2.3955264,1.3575082,-0.67323357,-0.41282293,-1.3686955,-0.95835185,-2.4884675,1.4170164,-1.39852,-0.5480965,-0.67334354,-0.3563479,2.2657685,0.09135956,-1.6840117,0.08830933,0.09921831,0.046269786,0.4021146,-0.33380136,0.7713892,1.0733997,0.027036719,0.15919861,-0.17154749,-0.43268403,0.20507878,-0.7994286,-1.4250417,0.37584406,1.6095937,-0.520189,0.37077606,-0.88648313,1.6197262,0.37186742,0.52204514,-0.031763792,-1.8663298,1.1864959,0.21079819,-1.32466
-0.5527626,0.19071345,0.37999335,0.97521234,-0.8893265,-0.9587428,-1.006969,-0.5783452,0.8722162,1.1270415,1.4442941,0.38977468,-1.7822478,-1.7442282,1.4092677,0.48633763,-1.8351473,1.5302117,-0.38389727,1.9178717,-0.12461391,-1.7082739,1.8431191,-1.5574685,-0.2470265,1.5525178,0.27346438,0.096455425,0.1179376,-0.15197465,-0.09156097,0.4283011,0.063339576,1.3094839,-0.8358025,0.58152395,-2.9201386,0.13535231,1.5605356,-0.290957,-0.9059952,-1.8110586,-0.96926916,1.147097,-1.8768272,0.21523611,-0.2585852,-0.6659152,-0.9210512,1.3527873
-0.13950062,-0.30139935,1.5885301,1.1882845,-0.20215814,-1.2983661,1.9679072,-0.35323358,-0.65408224,0.06171819,-1.0850813,-2.713322,0.58481675,-0.1342365,-1.4365495,0.7368795,0.15294534,0.47704297,0.46806762,0.7593583,1.66986,-0.6943985,-0.55769795,-0.17467827,-0.6600558,-0.28018132,0.72339165,-1.1230813,2.1305764,0.9713144,0.8353896,0.054344308,-0.9601249,0.030827342,-1.1246853,-0.6590406,-0.23206541,-0.094643325,0.39647463,0.028191634,0.17037845,-0.060082864,1.3015068,-0.7145896,-1.4974508,-0.8739033,-1.0230744,-0.041701,0.83393973,0.004467288
0.31026208,-0.55721897,0.8360992,-0.59095377,1.8923465,0.16216516,-0.791384,-0.95608616,-0.7230813,0.7340843,-0.6492548,0.37800175,-0.018220074,-0.9905815,-0.75464606,1.700199,0.22234617,-1.1352121,-0.23442997,0.37906808,0.3599219,-0.6834239,0.3109876,-0.018733397,-1.3362494,1.0305088,-1.7307795,0.5457967,-0.8216504,1.5906945,1.693153,0.62705624,-0.5236834,0.57759,-1.7210382,0.9395729,0.65958,-0.24320248,1.0084232,0.86872894,-1.6325057,-0.56234837,-0.7444085,-0.004140683,-0.63038325,-0.63809,-1.3396904,0.7045029,-0.1995308,0.89303863
-0.8600675,-0.07462147,-1.1027611,-0.22894329,-0.559162,0.45908055,0.0369502,1.4230157,0.79852563,-0.9849887,-1.9981761,-0.61815095,-2.2081108,-1.2841336,-0.15844408,0.4319582,1.17207,-1.1214846,0.055326387,-1.2549814,1.0703124,0.018469129,-1.4250541,0.9737293,-0.019557284,-0.19542591,0.56814724,1.985879,1.4178035,-1.2860408,-0.19413035,-0.3859391,-0.29342854,-1.1723545,-0.59947914,0.33888173,0.62498003,-1.2852826,0.7010886,-2.135821,1.3307327,-0.86907,0.49752063,-0.22929347,-0.68558913,1.0383928,-0.4749558,0.7962392,0.96117765,-0.14313388
-0.47812837,-0.47801563,0.20459393,-0.08359537,0.2674839,1.4669714,-1.0749044,-0.7780242,-2.191642,0.23587549,3.2400973,-0.28833592,-0.07828678,-0.043656696,1.4601722,-0.42273036,0.460335,-0.27903157,-1.0909612,0.50185233,0.33047318,-0.1431195,0.25181347,-0.60214466,1.4101628,-0.01943875,-0.39164183,0.42639607,-1.0192833,-0.27642873,-0.7372214,0.89733595,-0.433578,0.5105409,0.0694046,-0.60038006,-1.9764777,0.15985595,0.5873539,1.2046196,0.19739267,-0.38739744,-0.5127564,0.27908668,0.71405864,2.5013041,0.74004877,-0.1599788,-0.4454587,0.039867032
-1.4388123,-1.3025285,-1.4350545,0.27119145,1.3187727,-0.8830195,-0.2699735,-0.5674653,-0.45405287,0.19463074,0.08808914,1.6075754,-0.388749,0.87892354,-1.3496169,-0.3991368,-0.37879774,0.037201382,-0.61759025,-0.23599581,0.16679588,1.1420413,-0.921589,-1.1001222,-1.5611173,0.14772646,0.24887893,0.9746384,1.3745601,-0.53116244,-0.8763956,0.14567985,-0.610188,0.23942135,-1.2682408,1.4257656,-0.63100785,-0.75761175,0.05265975,0.45539674,-0.044444505,-0.36757952,0.43810824,0.6394328,1.613123,0.34067926,-1.1777089,-0.52457654,-0.14302027,-0.33616167
0.52837133,-1.4702837,0.25030032,1.6688944,1.5007528,-2.1451805,-0.85724694,-0.61293346,0.8171097,0.39246207,-0.6585045,-0.18295111,-1.431238,-0.677909,-0.88111526,-1.480225,0.08705114,1.1937654,0.3173408,-1.0718372,-0.49111432,0.73375607,1.14211,0.42704117,1.4072188,0.11890779,-0.6881888,-0.60985166,0.65916723,-0.933635,0.79419917,-1.6513158,0.34725863,1.4855812,-0.31622338,0.6544552,2.5782347,0.30353928,-0.06496501,-1.0070164,0.56483793,-0.5507587,-0.90735,0.20640247,-0.51220113,0.013825391,-0.8660275,-1.0087215,-0.52545816,0.4532277
-1.640802,-0.44664818,-0.35092628,1.0011172,-0.952572,0.0139361555,0.6248322,-0.65088093,0.21737915,-1.2740079,1.6041974,0.31403083,-0.57711065,0.64864373,1.3435876,0.34792998,1.190828,1.7830185,-0.88345104,1.5856818,-1.1662297,0.762609,0.2615185,-2.2942595,1.5587353,-0.07392029,-1.944156,0.3342708,1.2743223,0.98806113,-0.31410122,2.0382211,0.9488641,0.77917266,-1.227134,-0.14279243,-1.5766354,0.8266899,-0.7685145,-0.6730919,0.52722216,0.6335394,0.09854252,-1.4803323,1.9989724,-0.18705954,-0.5139445,-0.41758123,0.5657826,0.5496644
0.06700253,-1.0298291,-0.62620264,-0.081068486,-0.9692593,-0.13862392,-1.2703433,-1.109122,-1.1467246,-0.80667025,-0.33714074,-1.4353031,-1.3468658,0.39982623,0.12900072,0.051891934,2.7608583,-0.07941704,0.11300995,0.92633,-2.4552288,1.1798459,-1.1179862,1.3989542,-1.1872448,-0.55263746,-1.0654255,2.239829,-0.8239167,-1.0648208,-0.5734193,-0.808444,-1.3112205,2.148374,0.89585376,-1.33673,0.6944121,0.46644485,0.29398412,0.4610677,-1.4925896,1.2110001,2.2065976,-1.2836264,0.23018627,-0.7365887,0.03591867,-0.15376858,2.5945084,-0.58646184
0.069443464,0.8604126,0.45501274,-0.61203444,-0.73635423,-1.3681968,-1.0740325,-1.1649117,0.28020316,-0.17310482,-1.5682353,-0.37283024,-0.51460254,0.59990937,1.1728698,0.6595403,-0.096837305,0.24657992,-0.25580636,-0.84052604,0.10348473,-1.0752352,-0.6147076,-1.0951164,1.181146,-0.731739,-0.062130187,-1.2632556,0.3885076,-0.4276607,0.8128219,0.62959385,-1.1816905,1.7806082,-0.022082362,0.7265708,0.7609343,1.3094244,-0.57466704,-0.8058983,-1.4056584,-1.452992,-1.0114826,0.7474042,0.17381936,-0.8735561,0.078181244,0.15548044,-0.84416395,-1.0315243
0.08901315,0.08655563,-0.5835766,-0.924374,-1.0750804,-0.023003474,-0.32856297,-0.95716417,-0.543081,0.5100962,-0.42633668,1.4745411,0.6975255,0.23386854,0.4428087,0.62578607,-0.6808448,-0.20171924,1.6465234,-0.36910537,-0.8167391,1.8446366,-0.39841998,-1.6091454,0.057892386,1.955597,0.28487945,0.54342765,-0.969797,-0.05669306,0.89520746,1.5788987,-0.37503195,-0.2514778,-0.06866147,0.2763647,-0.2510904,-0.0445558,1.4741983,-1.0050167,-0.7654067,0.6211128,-0.487592,1.5667647,0.31954557,-0.1711165,-0.44190907,1.141985,-0.65808725,-0.48836088
0.8220818,0.6327961,-1.3902462,-1.0771282,-0.4849532,0.05639944,-1.2696302,1.5787861,0.12665766,-1.9269425,-0.29039514,1.5517709,-0.79861057,0.7354704,0.24052064,-0.14053696,0.030620363,0.5564836,0.8783548,-1.2067698,0.6061242,-0.8460788,0.28209853,-1.3822278,0.35738668,0.07522659,2.4949358,-0.66615146,0.9692611,-1.5355518,0.2711391,-0.056549694,3.0331705,-0.46633032,0.16324094,-0.015574737,1.0087317,-0.67947453,1.2102813,1.1879641,1.1053249,0.7919198,-0.81513345,1.8745507,0.343389,0.02316465,-0.9059853,0.68417174,-1.1708214,-0.09196432
0.66194063,0.4277474,-0.9275511,0.09642736,0.45855588,1.182235,1.2240304,1.7560452,2.1423566,-0.7299754,1.2778716,-0.15398076,0.31627837,0.5942791,-0.60890144,0.08001743,1.1228431,-0.61381006,-0.2742288,-0.31511584,0.9117908,0.30131283,-0.5092696,-0.94692105,-0.8169068,-0.9835835,0.34604487,0.18879713,1.1050009,-0.8803263,1.0189294,2.8763056,-0.33280772,1.2267233,-0.21253842,0.58127743,0.47030014,-1.3319148,0.59957945,0.5561005,2.0674193,0.7318666,-0.85779244,0.3839536,-1.0842483,0.16562812,-0.14642826,0.36509788,0.6254561,-1.3350066
-0.23111986,0.8906309,-0.39638048,-1.3135922,-0.21271533,-1.4502337,0.25199828,0.008445937,-0.13919666,-0.48495558,-0.37607172,-0.2852788,0.99689305,0.8536223,1.2026069,-1.6217427,-0.22610126,0.4986818,0.9819231,0.2862372,1.3619124,-0.113539904,0.22342548,-0.47890532,0.4342143,-0.119826,1.338451,-0.0016626716,2.1620727,-0.40726033,0.14942026,1.4738388,0.50738466,-0.83437246,0.31147456,0.60923755,-0.97785276,0.6931726,-0.06934774,-0.37582844,-1.1364491,0.77113825,-0.3296291,-0.5287187,-1.2867539,-0.8827626,0.62456375,0.9077002,0.9833375,-0.67294943
0.80676943,0.08958382,0.0976624,-0.07104878,-0.014569525,0.33644253,-1.4584624,0.5764378,-0.43927887,-1.3115796,1.3769699,-1.0704287,-0.75044274,0.7668531,-1.0779867,-0.9783142,0.72383755,0.2361519,-0.3874933,0.18919891,-1.7890048,-0.4737034,-1.4317396,-0.56881166,0.13750443,0.69058824,-0.9047258,0.25680915,0.82451135,0.90805894,1.0625085,2.4134169,1.3388256,-0.8641149,-0.26263177,-1.1930857,1.2849032,-0.8446884,0.49301365,0.43189916,0.082416326,1.1061362,-2.7356656,1.2796175,0.28815237,-0.27836525,-0.85069436,1.5268551,0.6218894,-0.7348699
-1.2320895,0.10268627,0.44478825,1.3267443,0.5314033,0.930371,0.37992212,-0.47764915,-1.176021,-1.1768237,-0.45205706,-2.6366563,-0.5763137,-1.5623897,0.7213562,-0.3849362,-0.08230527,0.92552876,1.3057581,-0.74059236,0.62472403,0.45257932,0.68381715,1.1667439,0.5857657,0.35247165,0.09533793,-0.15135281,0.44285905,1.5804386,-0.23800962,0.116375364,0.30548397,-0.5137226,0.0017017113,-0.70964676,-0.8633012,-0.9929229,0.14034978,0.26285437,-0.59283984,0.31688693,0.3346973,-0.13355087,1.1369537,-1.2702612,-0.2852498,0.98168826,-2.020804,-0.23236518
-0.36524987,1.2348638,0.22394037,0.19209558,-0.94115645,2.5449295,0.63564306,1.9597912,1.7147129,-0.4232429,0.5470053,-0.9649311,0.7250864,-0.5235664,-0.841903,-1.0899417,0.96872723,-0.27409202,-1.2503858,-0.35132873,-0.34342983,-0.3915736,-1.2642266,0.008707401,-0.9362558,1.9267569,-2.376832,-0.9520911,-0.066458344,-1.3653314,0.71460855,-0.91885054,-0.937405,0.82120025,1.8166664,-0.35459456,-2.0771453,0.98894066,-0.8248732,0.6748792,-0.7954709,-0.054472852,1.5569433,1.506576,1.9051353,0.19488962,-0.8734885,0.09688422,-1.1234982,-0.45250347
0.17322755,-0.90541774,0.75262374,-1.6979175,1.1963423,0.86051744,-0.50716585,0.16267775,-0.13939816,0.20058858,-0.21870737,1.4084085,-1.4932572,0.33634263,0.2979811,0.24982935,0.2782916,-0.9120839,-0.2590247,0.13078941,-0.1287086,-0.65345895,0.6018655,0.7131761,1.5027366,0.27550188,-0.5149516,-0.7867862,0.13919981,0.97255266,0.60989004,-1.2637318,-0.9748207,1.152183,0.19722284,1.1457667,1.2970935,1.2636942,1.4730872,-1.3360461,-0.67203814,0.24098836,-1.4528507,-0.9937966,0.40990964,0.57367635,0.53897303,-0.7536642,-0.4433196,-0.9551981
-0.5217986,0.42252678,-0.20170194,0.97814655,-0.53378385,0.21875548,0.26906565,0.2539107,0.31482205,-0.57765776,-0.22286391,-0.038976416,1.6700281,0.2558732,0.030956542,0.6769334,-0.7413221,-1.9621965,0.035960663,-0.5080343,0.008717843,-0.26630148,-0.6192854,-1.1299666,-0.42512143,0.8990287,0.22520676,0.5807864,-0.7931055,-0.076256074,0.1719235,0.45720318,0.6985648,2.3206904,0.5750775,-1.2236623,-1.0273848,-0.602786,0.08612751,0.6116083,1.5768582,-1.13994,1.0160084,-0.57657397,-1.6343192,0.307057,-1.1863703,-0.1422509,-1.5614562,1.4288211
0.56082165,-0.5709308,-1.7241702,-1.1953777,-0.0020376286,0.42599404,1.056067,-0.13982433,0.18341811,0.45181456,1.5601248,-0.031084612,-1.4941765,0.6605353,-0.9196139,-0.24710953,-1.0051293,1.2721331,-0.14820813,0.35708666,0.5080494,-1.5693129,-1.4521341,-0.66317457,1.2050776,-0.31756818,-0.685725,-0.8769753,1.01887,-0.27322552,1.7722208,0.21793823,1.5283662,-0.6666292,-1.4727691,1.3707594,-0.4713558,2.8932042,0.91951096,-0.7647116,1.2373675,-0.9049135,-1.2238046,0.5268617,-0.29340145,0.16678572,-1.1620691,-0.18876469,-3.1257825,-1.1694913
0.021767093,0.526588,1.0150985,-0.46373755,0.57025796,0.87431127,1.4020051,-1.591972,-1.1210905,0.8233538,-0.1807913,1.2706661,-0.81007826,0.040546473,0.6895715,0.10571487,0.69392574,1.042971,-0.4952035,-0.59320825,0.73622245,1.9226326,-1.1913048,0.4266731,1.3831718,0.11178962,2.0565941,-0.16543123,0.106051914,-0.40366626,-1.3191715,-0.55054224,1.5293388,-3.0089061,-0.118288256,-0.41262826,0.183604,-1.2162238,-2.6134086,-0.92765486,0.55286473,-1.0593343,0.15806058,-0.8263993,0.3047975,-0.7284799,0.41422504,0.12345575,0.86361665,-0.36580768
-0.034521572,-1.4158187,0.23624074,0.55468184,0.485729,1.9283577,-0.10373015,-1.2659684,0.45436117,-1.59723,0.6607198,1.3125547,-1.1680713,0.011172527,1.8982903,1.74658,1.0078843,0.42870188,-0.054293726,-1.9275972,0.83307487,-0.7283934,0.456103,-1.5257592,0.8628911,-0.015839076,-0.98005545,-1.1749948,-0.15489714,0.15019034,-0.359786,1.2958984,1.3742756,-1.0199825,1.4607077,1.1682069,0.2701771,2.1285295,-0.9899272,2.1316762,-0.236716,1.2934086,0.026836144,0.4298415,-0.9487884,1.5914687,-0.5156018,0.049436387,-1.3887717,-0.2830515
1.2899117,0.5737929,1.474425,0.57322556,0.7786086,0.6324392,-1.0104403,0.7188872,-0.13479163,-0.08893102,0.97239625,-0.35647938,-0.74502766,-1.2497094,-0.24804747,-0.69392765,-0.68074906,-1.2866664,1.0408027,1.0971149,1.186318,1.3491386,-0.28552994,2.318432,-0.02903167,0.490191,0.07802037,0.8868781,1.1131706,1.4168211,0.13494025,0.7399615,-0.6996789,-1.0240835,0.61798614,-0.37301084,0.32896978,-0.5093379,1.7842553,-0.48824042,0.22825377,1.824092,-0.4887947,0.61331195,0.32790548,0.802515,-0.51070476,-0.7287994,0.7056529,0.6172573
1.2639883,1.3392099,-0.70841247,-0.4219163,0.49555197,-0.53823406,-1.052546,1.0638798,-0.30160922,0.018482013,0.8834032,0.40272725,0.14109309,0.517104,0.7899214,1.8882327,0.9055384,0.18236509,-1.4158272,-0.6012421,-0.63526964,-0.31685957,-1.3471792,-1.9463671,0.68064374,-1.8457564,-0.036364377,0.9777053,-0.78789264,0.3036303,-1.3631765,-0.56508166,0.030946782,-0.5884226,-0.4204016,-1.8777097,-0.68397593,-0.2549135,-0.9171896,1.5287327,0.45544475,-0.2022873,0.9422822,1.9353132,-0.6319107,0.64391315,-0.5235066,-0.28054127,-0.14070207,-1.5909283
-1.4545138,-1.8907113,-1.2321712,0.55687726,0.614714,0.9480073,0.48181698,-0.69363636,0.56269175,-1.3047588,1.326919,-0.48836547,0.0015152507,0.11610907,0.6358501,-0.5484383,-1.6302452,1.2050973,0.16944656,-0.40230018,-0.28321597,-0.15985619,-0.72465,-0.7615452,0.7130299,0.41864857,-2.859755,0.9816728,-0.13807705,-0.8093138,0.94375086,0.5265246,-0.05536627,0.10421102,-1.6170061,-1.0366893,-0.703724,-2.211247,-0.5419483,-0.33262053,-0.7051438,-2.1007285,0.32842636,1.7921165,1.3399253,1.6325434,-0.13525327,0.32277316,-0.67260337,-1.0298359
-0.8736305,-1.0958033,-1.5575544,-0.1687055,1.4171432,0.8146376,-0.41477868,-0.21795344,0.21342498,-2.1646173,0.23607755,-1.0366597,0.92381704,-0.46380147,1.8608317,0.52636063,2.1316268,-1.3494482,-0.034478694,1.5891066,-1.6614662,0.9347625,0.5635956,-1.8126605,1.3224387,-1.7185593,-1.6178831,1.0500908,-0.9202089,0.8847362,0.9467076,1.1866571,0.817088,-1.3622569,0.98241514,0.227388,1.2589449,-1.1354506,-0.83860165,1.1939107,0.34891215,0.72475004,0.46476725,-0.6217443,-1.4228063,0.5485679,0.2692895,-0.70183665,0.6069168,0.78317565
0.4153005,-0.5168761,0.8467417,-0.73230964,0.66455984,-0.4793271,-0.68857193,0.32822773,1.0141947,0.42054388,1.3327838,-0.09819421,0.3980961,1.5775416,1.5059686,0.6282993,1.0799929,-1.9054161,-0.34445417,0.39169902,0.61768764,-0.7467841,0.86035824,-0.8057614,-0.9690244,1.3696939,2.25684,-0.65734607,1.6509043,-1.8469698,1.1326666,1.092787,0.05754591,-0.4525716,-0.307011,-0.7843903,1.0523994,0.7259338,1.3060066,1.0476825,1.2290547,1.7236711,0.2297348,0.48932046,0.33811343,-0.51688755,-0.99286366,1.1212338,-1.7101197,0.36766687
-1.8265623,-0.29552212,1.348902,-1.7019571,-0.5989503,0.3303057,-0.39107704,1.0260038,1.0021006,0.97081715,0.44727492,1.1747991,1.336514,-1.9620531,1.3473613,-1.5293392,0.46877205,-0.8825938,-1.0384713,-0.048445575,1.6766049,0.0855331,-0.03151803,1.0486671,-1.0708157,-0.54454595,-0.79269195,1.1815629,0.40210992,-1.9324414,-0.584802,0.77087665,0.061619602,0.19694698,0.51598364,-0.92924243,1.0437299,-0.19305938,0.96703655,2.2638016,0.52248454,0.5237695,-0.16827032,0.47590086,-0.19820352,0.9667315,-2.0473986,-0.38759884,0.31849673,-1.5878497
0.85805625,1.7908876,-0.36108577,-1.2862602,-0.7177708,0.71393704,0.7989115,-1.0520409,0.19955996,-0.728146,0.15636487,-1.4313848,0.27860025,-0.42445943,1.1583519,-0.028052121,0.5255428,-0.3431614,-1.5132926,-2.5770147,0.079531066,-1.3061012,-0.8494371,-0.059057996,0.3697865,1.2765067,0.026999153,2.6030025,-1.2618841,-0.25959915,-0.086041555,-1.3749057,0.10797642,-1.3240521,-0.80008125,-0.62399274,0.82113516,0.10965752,-1.2484523,0.18974543,-1.1216825,-0.5258231,0.68215305,0.46552676,0.15512133,0.90611786,0.93730956,1.1710967,-0.9443298,0.8533205
1.4417671,-0.5319366,0.07370191,1.2689964,-1.049972,0.36870342,1.2818999,-1.2802871,2.1189535,1.5332149,1.6112852,0.02951689,0.9292678,1.767657,0.54712296,-0.17483892,-1.561397,-0.29453504,0.08213676,0.1398355,2.110309,1.3448911,-1.2433312,-0.3606302,-1.4031106,0.6222004,0.29879606,0.753065,-0.47500327,-1.2353538,1.0338495,-1.7843702,0.7391241,-1.7497046,-1.748813,0.8061648,-0.22419448,-0.105560705,-0.3883459,-2.2842195,-1.7863104,-0.67870176,0.5125378,0.11909176,-0.5285749,0.86467785,1.3403034,1.5021253,2.0188878,1.896586
-1.3192554,-0.10502181,-0.7011574,0.16631503,0.19637002,1.5823549,1.6352671,-1.4636829,-0.23443414,0.66266114,-0.09375815,-0.64832574,-0.074217245,0.56295276,-0.99546057,0.8204664,1.0267022,-2.4057286,-0.9929524,-0.29719988,-1.1160246,-0.9528498,-1.8247168,0.6389018,-0.48952237,1.1966733,0.5207684,1.7138292,-1.668803,-0.41102567,-1.3349352,1.0169542,0.9033379,-0.88909996,1.7006327,-0.24401438,-1.1513349,-1.1951478,0.6983038,2.7548242,-0.60159713,0.8825544,-0.28473753,1.4396329,1.5450951,-0.23302794,-0.42804825,-1.4508865,-0.4976168,-0.2432468
-1.298361,-0.055269714,-0.48172626,0.9276988,-0.2495234,1.0596222,-0.7579053,-0.7018433,-1.3616273,-2.347392,1.2161406,0.9960251,-1.4311631,0.40399092,-1.9448249,-0.6610061,0.64817786,-1.3175819,-0.03773447,-0.24221669,1.2986854,-1.5267837,0.44192317,1.5564157,-0.18315832,1.1647791,0.45624095,-0.912668,0.9397238,-0.5306498,1.8717804,0.7168434,0.15889211,0.8501515,0.6442536,-1.2041781,0.7402098,0.3088153,-1.0954112,1.1888043,2.1647327,1.4705819,1.0241725,-0.100243405,0.25327364,-0.21647014,0.7913501,-2.064953,1.1048436,0.9575006
-0.27597958,0.5135326,1.0090139,0.91426575,0.9996716,0.9010494,-0.6452762,-0.46006683,-0.51233685,-0.9256094,-1.5016339,-0.65236187,-0.64875543,-0.90559834,-0.536403,0.29832304,-0.122859195,0.38318622,-0.27680495,1.3126922,0.8091124,0.32770568,-0.41211653,0.10909831,-1.6541978,-0.64831334,0.60211664,-0.22838207,-0.23880662,1.0015947,1.3596839,0.27258113,0.14928797,0.33833498,0.41829365,-0.20781101,0.89282507,-0.4225073,0.60918343,-0.5974888,-0.9142111,-1.1349864,-1.2361642,-0.036287718,-1.4986318,-0.75655055,0.5604502,1.1860259,-0.019286186,0.05325847
0.76733184,-0.025640711,-0.26015344,-0.83948314,-0.59522057,-0.47997534,0.23061466,0.68774176,-0.5091897,0.045147344,-1.5472363,0.036622,0.32778803,1.9456116,-1.1048476,-1.175547,1.0737287,-1.7568754,1.3162302,1.9848332,1.4232179,-1.5411875,-0.15386501,0.4003563,-1.4200513,1.6643643,-0.067571215,-0.97222215,-0.15972516,-0.7172413,-0.95707613,-0.6260024,1.6616378,-1.1284373,-0.04180233,-1.2939826,0.9833045,2.03728,0.7880673,-0.15570106,0.40947127,0.19827583,0.7455038,-0.7496142,1.6780112,-1.5894318,0.8940253,-0.911488,0.3055462,1.1522515
1.774129,0.6058569,-0.17458013,1.7929472,0.5779788,-0.17063156,1.1810207,1.3241532,-1.2795188,0.4442287,-0.47520217,-1.8870934,0.22473498,1.3649973,1.8542633,-1.8308479,0.7239377,1.1746954,0.06734701,1.4655461,-1.2409301,0.7399077,-0.42742938,1.3089693,-0.62516826,-2.2704527,-0.67911875,-0.7898805,0.9957367,0.32932082,0.32968527,0.7212142,-0.35189244,0.65819854,0.59165144,0.8143463,-1.3309969,-0.65172195,-1.3252947,-0.37359834,0.47362384,0.98985374,-0.15432267,-0.41097516,0.3879842,-0.590281,-0.020261293,0.0062144557,0.010521929,1.0200913
-0.75158364,-0.42197227,0.08710136,-1.295536,0.61195177,1.1607978,-0.6404206,-0.030261094,1.1100633,0.21784577,0.614419,-0.9742444,0.16610223,-0.6574355,-1.0854414,0.0730489,2.4335005,-1.5566063,1.3549099,0.9888905,-0.0071462975,2.3502817,0.29009402,-1.1484694,1.8671747,-2.6531208,1.0773102,0.17283234,-0.6711622,-1.29679,-0.27959156,-0.1328869,0.8464144,0.6363614,0.115000986,0.31653276,-0.004499267,-0.5307764,-1.074446,0.22103702,-1.0372955,-0.61451393,-1.2162105,-0.59893554,1.2041198,0.06533011,0.41087914,0.33485916,-0.21321431,0.94267005
0.20451812,-0.4277437,0.90513307,-1.2925351,0.6818856,0.5933372,0.03496108,0.2237297,0.9332246,-1.306608,-0.053184092,1.3430718,1.4992905,0.7958979,-1.9581674,-0.26217404,0.49302077,-2.3278792,1.0639116,0.97404206,-0.97321266,-0.98990786,1.0731888,0.9014732,-0.72000045,-0.16524592,-0.10526282,-0.018021705,1.7540576,1.3345284,1.3572141,-0.61737865,-0.7618229,-0.64158404,-0.06532504,-0.2341859,0.89455104,1.5465537,0.62232304,1.4161454,-0.3583858,-0.3549596,-2.1149065,1.4392936,-0.54601204,-0.3908488,0.5776257,-2.745934,-0.370965,-1.0313425
-1.5460695,0.8540425,-1.9401712,0.18590811,-1.7705032,0.3884714,-0.97395545,-0.28948906,0.32314172,-1.8013363,2.0752158,0.16250844,-1.3098247,-1.4622205,0.4073247,-0.07049912,-1.1181923,1.254266,1.0751162,-0.466726,0.7792435,0.77553165,0.3954154,-0.33237144,0.72990733,-0.9573793,0.62417465,-0.6872903,1.1645578,-0.3077256,1.0603328,0.7669427,-0.5253273,1.2750034,-0.31954348,-0.035871327,-0.28494534,-0.8839715,-2.3862371,1.2837667,1.4664234,-0.21397437,0.9643671,-0.08216446,-0.95417964,-0.12716989,-1.2192903,0.07602381,0.48165816,1.5607193
-1.6129377,0.10968634,0.30947018,0.91404116,-0.5407685,1.3269426,0.7556965,-0.5703226,0.8573798,-0.7007556,0.7640005,-0.33562058,0.39435226,-0.3705222,-0.023010585,0.8522346,-0.12034203,1.4389292,-0.21964265,2.0904515,-1.0519104,-1.3815663,-0.7894796,-0.11532125,-0.5958707,0.8048985,0.07686274,1.4313135,0.315109,0.41645518,-0.95435816,0.1369415,-1.3880203,0.06064949,-0.7506397,1.0848095,-1.149489,1.3607923,1.0399226,-1.9140978,0.9621945,0.044973217,-0.6558878,-1.4676605,0.14234713,-0.073531635,0.21345097,-0.74167585,-0.6730563,0.08485168
0.761245,0.99674726,-1.4390923,0.71636766,-2.2701046,0.9931602,0.020782132,0.29161257,-0.8095795,-2.2321842,-0.29699335,1.025708,0.59306824,-1.5152729,1.2664125,-0.5171256,0.702133,0.42826715,-0.5542449,-0.8590577,-0.5875724,0.9097988,0.5763873,0.46115696,0.5044713,-1.4256803,-0.054375265,0.575057,-1.4243248,-0.15914959,-1.3616452,0.018599853,-1.1153988,0.34439132,0.89255565,0.17552926,1.0780971,0.26408947,-0.21069165,-0.103211045,-0.6089313,0.1467703,0.7480209,-1.2773973,-0.26303896,-0.6348606,0.43863603,1.8372196,1.3495196,-0.4731641
0.5737944,0.7020918,-0.054764897,-1.3977062,2.0853102,-0.1038266,0.6719915,1.7202188,0.064221926,-0.15777762,0.7832475,0.1446214,1.3560896,-0.814739,0.9126482,0.69117486,-1.133202,-1.6967555,-0.75435454,0.057579894,0.62339807,-0.1849122,-0.763716,0.70248705,0.07404451,-0.33719835,0.15708576,2.1456468,0.13996899,0.671516,-1.635461,-1.2731189,-0.8727166,0.0673916,1.623848,-0.12069682,-1.1739496,0.3985219,0.5060361,-0.24839418,1.6502253,0.8819788,1.0969763,0.9457456,0.8725393,-0.0548021,1.2043884,-0.22592153,0.94753903,-1.2223136
1.3017836,0.9388149,-0.2565607,0.34913212,1.872339,-0.7513051,1.1345029,0.5762954,-0.61527485,-0.08980258,-1.9786423,0.286254,1.5843542,-1.2565929,1.6143627,-0.49311143,-0.91968846,0.6238064,0.5083742,-0.08140019,-1.6781764,1.2356344,0.6330596,1.3013049,-1.0172546,0.6679588,-1.2640024,-0.47859433,1.1427995,-1.160714,-0.0915007,0.8644011,-2.727225,-0.6959044,0.5927383,1.3683507,-0.30519563,0.5993928,0.48740134,-1.0561528,1.2043104,0.8565475,-0.8506405,1.0925441,-0.22172481,1.0879477,-0.46898502,0.63215584,0.25099754,-0.9237985
-1.2729678,0.28621057,0.36869144,-1.5307574,1.1838846,-1.1066302,1.2728456,1.4538016,-0.8786016,0.6519831,0.30538863,-1.3224187,0.7598497,-0.9147106,0.7000526,0.08673836,1.1431028,-0.45609972,1.1920093,1.2738115,0.35270113,-2.3456738,-0.43231988,0.9627016,-0.2894584,0.06785801,0.65424925,0.09237527,1.1749567,-0.7817123,1.5647951,-1.0912863,-0.32958767,-0.09913579,0.51400214,1.6251906,-1.2532567,-0.04247376,0.9222392,0.95256346,0.46511498,-0.42167944,1.1715283,1.6903532,-0.46568596,-0.8899009,0.88353866,-0.5145761,1.5758067,-1.0305418
-0.17402607,0.18638745,-0.2255437,1.3620347,0.32265142,0.7666201,0.30697784,1.3868451,0.079045355,0.75701845,-0.710007,-0.95135677,-1.8216866,-0.21903503,1.1889888,0.42850944,-1.6396165,-1.1663424,1.0389173,1.7018948,-1.2107204,1.1935036,-1.3622228,-0.65427905,2.158774,-2.1320558,0.33513266,-0.57222587,-1.0297846,-0.102146074,-0.19962096,-1.9144765,-1.4569285,1.0873083,-1.3841541,0.9287644,-0.27810106,1.1323329,-0.36826417,0.3314907,0.017736502,-0.54226136,0.007515832,-2.5358026,-0.25898045,1.1323674,-1.9629954,-0.4918192,-0.3933622,1.3260279
0.46499696,0.046171755,1.2105426,0.10129131,0.30763698,-0.14111057,-0.99769694,-0.8091351,-0.7156006,0.82961977,-0.44595188,-1.0791528,-0.07041402,-0.013230576,-0.3071486,0.49674582,0.17395478,-0.26844174,0.73289454,-0.42535797,0.60754997,1.5867714,0.6370664,-0.5097836,-0.7767576,-0.27593645,-0.46348614,-1.6504436,1.2487347,-0.10857969,-1.0946921,0.92896736,1.3889805,-0.38047576,0.10208081,-0.35565054,0.2680976,0.3792798,-1.1094835,0.3234923,0.797833,0.059682954,0.94797885,0.3317966,-1.1368823,-0.2107468,-1.2961749,-0.32012233,0.31443334,-0.52981746
0.661108,-0.9868447,-0.69241947,-2.5748432,1.3479992,0.5704345,1.2352681,0.9433533,0.5297955,-0.63962746,1.1028498,-1.2855744,-0.87479067,-1.5433624,-0.24910736,-0.78561467,-1.4415121,-1.6115873,-2.171153,1.009113,0.8729605,-0.33193064,0.30471194,0.28950706,-0.32813606,0.8615169,0.4917319,-2.7671514,1.8123022,0.21459144,1.8531504,-0.56749344,2.708977,-0.4374157,-0.16878217,-0.3754332,-0.6395145,-1.0258192,0.5423448,-1.9440476,-1.3470764,-1.3676457,-0.33040893,0.95858777,-1.3385308,0.038323034,-1.7384162,-0.20403588,-0.100977845,-1.9605906
0.0200481,0.8860837,-0.7298089,-0.050551184,-0.5248924,0.023314392,-0.24634352,-1.2004658,1.4873767,-1.7274469,-0.09205534,0.69050485,-0.32653847,-0.98172426,-0.39158112,-0.2827109,1.3300753,-0.39080963,-1.4456115,-0.01872824,0.3115935,-0.22010511,-0.022435023,-0.04948666,1.012544,1.0880973,-0.72912514,-1.4178299,0.24857745,0.39071944,-0.7807926,-0.46422067,0.14643241,0.027764183,-0.31282726,-1.0958303,0.80645883,1.0235522,0.50562143,-0.118946254,-0.5846446,2.755729,-0.2390067,0.77241534,-0.43615374,1.8992978,-0.053505655,-0.45763847,0.39968038,0.8847012
-2.1249368,0.2518734,3.4645445,-1.0901407,0.6493392,-1.5977372,-0.9316258,0.65158206,0.79599833,1.7435507,-0.0680945,-0.045949426,-2.2703712,-0.00014257651,-2.2230003,-0.17470863,-1.0703292,0.30449516,0.21298827,-0.29646897,1.1388534,-0.6496986,0.24514782,1.3623244,1.516306,-0.5080243,0.8527865,-0.24197946,-0.99339527,-0.02877805,0.049260914,-0.98715544,0.19563727,0.2629034,-2.19506,-0.9299211,-0.8453536,0.7512506,0.9958592,-0.17393854,-0.73533106,-0.45838314,-0.19309552,0.48942778,0.19157234,-0.35877857,0.0645611,-0.7702102,0.049051236,0.50853455
0.361688,0.23972875,-0.97704124,-0.4832809,-0.94152904,1.3683813,-0.6055781,-0.21926706,1.3617908,-0.5634532,-0.11674991,0.8122254,1.1506131,0.3051909,0.07941405,0.05006532,1.3089106,0.99536175,-0.39535028,0.9591249,0.2576516,-0.3337858,0.63614273,0.060073204,-0.1551103,-1.1980628,-0.22785303,2.6080341,0.7442885,0.14679067,-0.9899184,-2.7663698,0.04649867,-0.8853336,-0.027060239,0.95937014,-0.2981007,-0.13197872,-0.74591464,-0.014403285,1.9089993,-0.30947846,-0.05211902,0.905806,-0.42853987,0.7257711,-0.1830286,0.9420503,0.9708429,0.084820226
-1.0231838,-1.2814811,-0.6501981,0.4710207,-1.88825,1.1034397,-1.8604501,-0.5538186,-1.0491498,-0.9248607,0.7677125,-0.5919959,-1.1219467,-1.0253878,0.08390003,-0.9075677,-1.3811364,0.72191256,-0.019084116,2.0446706,-0.6597077,0.9679243,0.3612502,0.3220992,-1.3340212,-0.7059535,-1.2895434,0.94750667,-0.037381902,-0.5538342,0.27778727,0.92622316,0.3060731,0.93277293,-1.2367829,-2.4036055,-0.08924653,-1.3930265,0.67994434,0.6651315,2.625554,-1.3116835,0.49195212,1.6741251,-0.3644325,0.33149818,-0.9906486,-0.27272382,0.90612435,-0.37378532
1.068041,-1.274862,0.24092123,1.2508246,-0.03620819,-3.0896804,0.18568452,-0.044846695,0.5844787,-0.1298469,0.17961957,-0.7327271,-1.2498354,-0.14793678,-1.5256269,0.09547355,1.1936253,2.6739466,0.75311893,0.7055369,1.1238759,-0.24949369,-0.2369558,0.992576,-1.017507,0.8120621,-1.132332,-0.629712,-0.5232581,0.45794302,-1.0367662,-2.192612,0.117338635,1.1018888,-1.0634931,-0.43385708,1.0265067,2.4784002,-1.1314802,-0.3929146,0.0584646,-0.2734166,-0.27497908,0.19936047,-0.7057217,-0.41187763,1.238577,-0.054364804,-0.024287557,-1.1451515
0.36082867,-0.22388577,0.43730053,-0.0065939906,0.42187613,-0.16577953,0.41198972,1.0850948,-0.637137,-1.3956687,0.34364027,1.1629252,-1.7839153,-0.39939046,1.3424088,-0.94396,-0.57853955,0.42584398,1.9813652,-2.3181832,-0.7341038,0.21303998,0.8100552,-1.3219643,0.67087483,1.4693898,1.2840614,-0.16911389,0.8440866,2.6936884,0.54249376,2.8626537,-1.0964658,-1.2324679,-0.5456879,-0.19768794,1.7743285,0.3776467,0.37393102,-0.37632945,-0.17698544,1.0738326,-0.44094217,-1.1992575,1.0913231,-1.1996163,-0.1985342,0.6089736,0.98217285,0.61674315
-1.075817,0.642077,0.03354285,0.30297312,-0.109099,1.3049048,0.5194984,1.7777214,1.7551926,0.1333408,-2.1318133,1.0362808,-0.046145834,2.7246728,-0.1475932,0.30156472,1.525076,-0.9036024,-0.17949475,-0.3617975,-0.7532886,1.1782122,-2.4876258,0.9633195,-1.1295037,-0.18092915,-0.9279088,1.8302683,1.2900369,-1.6712172,-0.38521305,2.2925565,0.032881416,0.77822775,1.1918007,-1.3080635,0.29704878,-0.41896027,0.5078768,-0.9492684,0.32512674,0.7300551,-0.046295185,0.13294457,-0.20877247,-0.26308757,0.08704491,0.30449933,0.06312299,-0.81988156
-1.0825,-0.643833,-0.68063277,0.5822065,-0.4568733,0.96997046,1.7728136,0.67261827,-0.8788455,-1.8553228,0.9878124,-1.6378593,2.0717132,0.96087587,-2.7656977,0.12087283,-1.302495,1.1677333,-0.5070762,-1.1822048,-1.0520521,0.1797679,1.980139,-0.7747937,1.5601498,-0.19650264,-0.6181758,0.49493477,-0.024740865,-1.2182938,-0.48823115,0.83277106,0.031244144,-0.94553226,-0.4413084,-0.55709225,0.526359,-0.23122178,-0.75284344,0.1898509,1.2453867,-2.111003,-1.4507952,-1.1378119,0.30378753,0.89274985,-0.2549206,1.5242773,-0.652895,-0.26596326
-1.0428603,1.4160382,1.1436256,1.1119225,0.7960846,0.8910281,-0.1784362,-1.3288255,0.3131998,-0.9122934,-1.1676512,1.6441133,1.3308445,0.7519836,-0.08293671,-1.3340355,-1.0772738,0.30971038,-0.55251515,0.468658,-1.0014626,-0.36171016,1.5749711,0.447269,-0.797304,1.2855244,1.4085166,0.42804542,-0.22074522,0.44270107,-1.4150203,-0.73336124,0.66856724,1.6133094,0.591315,1.179968,-1.1291667,2.4849331,-0.92135394,-0.6125315,0.19000554,-1.0935674,-0.036095157,1.7851894,1.8175939,-1.1707336,1.0298934,-0.91694367,-1.070038,0.5415711
1.8691914,-1.2001501,0.08297088,1.9938059,-0.5530153,0.44250476,-0.51490617,0.012939287,0.83725655,2.3445103,-0.82209694,-0.20458324,0.27485743,-0.42810246,0.41970786,-0.32602638,0.3137558,1.1787655,-1.6239377,0.90148777,0.30511865,1.1160319,1.5527705,0.12429261,-0.21765155,-2.3044794,0.81502146,0.48483592,-0.90252256,0.4442726,-1.0022874,-0.8970297,2.192374,0.37296107,0.6136418,0.12689134,-0.90373856,0.23834665,-2.0301785,2.0083444,-0.9101643,1.0120704,0.9793252,-0.28138003,-0.20708562,-0.6156499,0.013690063,-1.6569451,0.9473632,0.9004716
0.662881,0.075665444,2.3132718,-2.0449643,-0.65861106,-0.036263775,0.5575346,0.2996763,-0.234077,0.88675296,0.69080764,-1.2070721,-0.36294016,-0.7045435,0.39653158,-1.7735682,-0.2826768,1.5966685,-0.1418361,-1.6973455,-0.08729954,-0.5808765,0.347011,-1.7388296,0.129808,-0.11673547,-0.90987545,-0.60332876,0.9564187,2.387496,0.56680197,0.26565814,-0.12336075,-1.2772673,-0.36717305,-0.4259635,-0.908925,-0.7039763,1.9138157,0.04505874,-0.36710677,0.4744964,-0.57339007,-1.0618404,0.26206115,-0.26161575,0.1378396,-0.25739038,-1.0623518,-0.12956399
-0.26751527,-1.8144398,-1.2143832,-2.092486,-1.0554957,-0.26759,1.2782638,1.3224415,0.62962073,0.19297253,-1.2602912,0.59974456,-1.4641628,0.7249175,-0.25909927,-0.70203173,-0.77896065,-0.9648943,0.49950317,0.37447423,-0.29824686,0.14162612,-0.6050647,-1.0420138,0.48924452,-0.3385185,-0.40873572,0.58364296,0.86377096,2.1766708,0.23065343,0.2417961,-0.47784108,-0.048119508,-1.2387277,-0.82556635,1.0745553,1.2732011,0.24551244,-0.7558667,0.2775073,-1.206608,0.44185823,1.5241903,0.7739526,2.0703833,-0.518079,2.4523907,0.67846227,-0.13380061
-0.489543,0.9198634,0.101468116,1.9932714,0.061111785,0.65405667,-0.72390515,0.1335152,0.5794438,0.24515915,0.32501087,-0.5034286,-1.54563,-0.84264404,0.17487739,3.135744,-1.4609855,-0.37013698,-1.1818696,-1.6629136,-0.89572084,-0.36853698,-0.12170567,0.7803715,0.29941112,0.98492956,-2.021748,0.27221528,-0.8618028,-0.17243384,1.6572088,-1.1335366,-0.69994867,-0.76039374,-0.58616203,-1.3345292,1.0950217,-1.0230179,-0.68153435,0.0713616,-0.2774722,0.871242,0.4179042,-0.018383631,0.806855,-0.15366237,-0.8637153,0.31291106,-2.143202,-2.3901994
1.5847498,0.598813,0.4248315,-1.0916115,-0.87601984,0.6916732,0.9539677,0.50502443,-1.9797496,2.0672052,0.38861543,1.4082924,-0.34483096,0.5571507,0.92181003,-0.20988588,1.3436644,0.024189005,0.63912493,1.8450638,0.24109526,-0.1915334,-0.16942401,-0.3272604,-0.5702828,-0.19665645,0.1142216,-0.39928043,0.2904503,-0.8382685,1.1314335,-1.6290195,1.7282565,0.94036627,1.0926272,-0.4258204,1.3016182,1.4165747,-1.5517508,-0.16567354,0.30120412,-0.075051054,1.2324759,0.5201158,-0.9724552,-1.0672967,-1.0833852,0.89370507,-0.90820724,-2.0375311
0.07773095,-0.13654837,0.75241023,0.23500097,0.8294136,0.2689713,1.6202688,0.34881297,-0.369337,0.7943025,0.13811308,0.9493961,-0.9625491,1.3409444,1.177881,-1.1559689,-0.22347252,-0.23244666,-2.6153083,0.018153155,1.7363757,-0.047919165,-0.8591014,-1.1620109,1.5800159,1.6463317,0.17790538,-0.99316305,-1.7695781,-2.2831662,1.1923888,-1.0432585,-0.5457793,0.50463724,-0.3812539,0.5483754,0.20566332,1.4324121,-0.08540953,-0.21277231,-0.8224667,0.8331891,-2.3817127,0.41856462,-0.64912647,0.40146643,-1.1507915,-0.16406785,0.27785292,0.6747579
-0.43205553,-0.81976414,-0.8422915,1.869788,-0.3454114,1.952095,-2.1932054,0.8084096,0.4645376,0.031782918,0.6861002,-1.4630095,-0.45742017,-0.2058298,-0.0601438,0.011031436,-0.9655875,-0.2782642,-1.4275317,0.18487988,-0.9497967,0.40871695,-0.8304269,-0.5258506,0.18198141,1.7986733,0.07754822,0.52353233,-0.4867092,1.1224884,1.0968562,-0.12324711,-1.7865202,-1.3034959,-1.2911198,-0.65262103,1.1688359,-0.69393146,-0.9121183,1.2777536,0.3571553,0.8553747,-0.2922711,-0.9472933,-1.0447137,1.8030189,0.6933239,0.5858634,0.38983753,0.36280662
0.7693638,-0.6710736,-0.21457657,0.4891496,0.15661272,0.88101125,-0.3008862,0.4008683,0.067012586,1.4034784,0.4064404,0.2013437,-0.9726067,0.76919675,-0.41726393,-0.3892614,-0.57759976,-0.76369745,-0.107711054,0.4692954,0.4275076,-1.2553595,-0.13520715,0.4777223,-2.0309107,-0.84325385,0.054952778,-0.402726,-0.16629489,0.112365626,-0.84104115,-1.2073871,-0.67181677,-0.84591436,0.33617207,-0.22056232,-0.88075906,0.76615095,0.15388092,2.259355,0.42108333,0.28591335,1.7218541,0.776435,-1.7521935,-0.8582228,0.25749114,-0.21189551,-1.2348183,-0.548478
-0.38653457,-1.1987737,-0.3286507,0.06550351,1.3975786,-0.25607228,0.2362446,0.008876652,-0.37065738,-0.11217195,2.1296809,-0.123615466,-0.9706013,-0.18060252,0.06077033,0.56556076,0.4707074,0.22217974,-0.67845696,-0.3827948,-0.14109267,0.34877786,-0.088116676,-0.8080515,0.66919273,0.08701832,0.14762546,1.645322,0.963862,-1.2950248,-0.887524,-0.1763844,0.7672491,1.7841868,0.34442568,-0.1844513,-1.8675942,-1.3211185,0.094921365,0.2519688,0.90770966,0.30324388,0.5086165,1.535015,-0.23775336,1.6650833,-2.0902245,0.3930538,1.2082514,2.3557458
0.8569562,-2.5514967,-0.55526555,-1.8651513,0.92020226,0.294944,-0.8348072,0.32794234,0.9030116,-0.36099744,-0.50239974,-1.2053068,-1.6652663,2.0229683,-0.08151102,0.90412474,-0.061688047,0.94674534,-1.2669227,-0.6600709,0.06260646,1.0056806,0.4887576,0.6226638,-1.9445719,-1.4456815,1.0166439,0.5759949,0.066329144,-0.48176813,-1.0396707,-0.015224114,0.4774779,0.3934205,-0.7179858,-0.22226791,0.51290625,1.0383829,-0.6851451,-2.1632326,0.3628416,1.0017253,-1.7973903,-0.90458065,0.69037443,0.42008343,1.2052122,-0.9137785,1.1169616,0.78257066
0.1406233,0.414667,-0.98627913,-0.20620789,0.35004362,0.27561218,0.05963481,-1.1860813,0.7553584,-0.36295146,0.3819608,0.1994777,0.124397814,-1.4153304,0.88265795,1.6492246,1.1175032,-0.011005393,0.3615444,-0.48354965,0.9296554,-1.5582136,1.0335497,0.880546,-1.3141173,-0.30900228,0.07769418,0.065172926,-0.51153016,0.33131635,0.09564011,-1.3841243,0.93007976,-0.63205713,0.7374455,-1.3062774,0.08708124,0.09466223,-0.38041213,0.045234572,-0.22550973,0.53781253,-2.1823337,0.36160317,-0.3081272,-2.4984574,-0.07984257,0.40584254,0.21218699,0.23225936
1.1130941,-0.85713863,0.5759533,-0.24102843,0.30196702,-0.33224848,-0.35613135,-2.0897067,-0.9111897,-1.9128678,0.8132606,-1.7719108,-0.112443194,-0.43341804,0.31999236,-0.024733592,-1.3596368,1.1767784,-0.5052811,-1.8362969,-1.0797027,-1.567895,0.9464224,-1.644547,1.5997711,-0.8999898,0.25685856,0.019336926,0.1192423,-0.66539437,-2.33727,1.6002326,-0.47731087,0.640706,-1.5475802,0.66757995,-0.7438191,0.91566133,-0.433432,-1.0970505,2.3120117,0.21346404,-0.4657913,0.35182568,0.50528276,0.11411506,-0.8821741,-0.9112723,1.0592251,-0.9373492
-2.5368977,-0.88079613,0.12739694,-1.1286933,0.57153326,-0.021402393,-0.79284626,-1.358121,0.10978568,0.66516626,-0.50119233,-0.24047402,0.42609325,1.4406143,-0.558465,1.1167862,0.61661404,-0.68702275,0.25385025,2.506785,-0.58775175,0.0482642,-0.16028152,0.00012871072,0.9932726,0.15291052,0.6776902,-0.8973444,0.034168188,-0.5648597,-0.004655867,-0.7267824,1.889892,1.1446513,-0.81592965,-1.1764269,-0.86234736,1.2029691,-0.99650484,1.8756698,-1.2655442,-0.46808803,-2.0172937,0.005063975,-0.34876314,0.28254586,-1.9317029,0.11158277,-1.2377377,-0.5116616
0.30028868,1.457787,0.86212736,-0.09186892,-0.7127258,-0.58367735,-0.15937835,-1.0179261,-1.0390027,1.1790397,1.5836372,1.1702894,0.9218846,-0.91422033,-0.9478042,1.02893,-1.4520415,1.0459851,0.5180156,0.6052559,-1.1222408,-0.34040084,0.5553222,2.062115,0.59903526,-1.9270257,-0.69455934,1.0090473,0.6119139,-1.644394,0.8189488,0.30516908,1.5146528,0.0012751814,0.8763481,0.47377354,0.42400047,-0.9694635,-0.5221683,-0.30085033,0.4439295,-0.7765651,-1.7997514,-2.3467064,-0.9718595,0.41181752,-0.41294068,-0.123831935,0.36891085,0.6299223
-0.2924828,-1.5417075,1.9359417,0.699351,-1.4894569,0.55336714,0.077845596,0.42931628,-0.69516957,0.576572,2.1384678,2.2766786,1.6282365,-1.4932395,-1.5208207,-0.38900274,1.1771921,-0.39049014,0.17336573,0.38974762,0.3022631,-0.16890804,-0.45687312,-0.9040065,1.4755634,0.61441433,-2.0947266,1.1126359,-0.29100877,-0.39651042,0.21994755,0.053550012,0.43088323,1.1885809,-0.47924078,0.025074415,-2.296192,0.74871737,-1.61585,0.48632872,0.02856337,-0.8384895,0.23638886,-1.6980876,0.038416255,0.8334976,0.1833214,1.0238996,0.0361615,-0.876456
-0.13167287,-0.35934615,0.12659134,-1.3728485,1.0075208,-0.7477249,0.9196018,1.3316894,0.42575285,0.2692206,-0.18643878,-0.34263703,0.37860987,-0.06854714,0.431561,-0.6341812,-0.084359065,-0.93158734,1.2643162,0.45875192,-0.87442,-0.32977828,0.10665543,0.45949167,0.40438187,0.36602303,0.20196691,0.042165026,-0.23258023,0.8944058,0.7639356,0.9640032,-0.53280866,0.012470061,-1.4694645,0.3661433,1.0454029,0.37370813,-1.0921429,-0.45539594,-0.83877146,-1.1499726,0.8864054,-0.7879738,0.6206792,-0.505595,1.7195652,1.0563912,0.9050959,1.1114342
0.883547,-0.05756428,0.62498564,0.46169305,-0.5832176,1.0145522,-0.8237837,0.07566369,0.36630836,-0.6931656,-1.0425563,-0.95817727,0.61004514,-0.3594241,-0.74873394,-1.9560581,0.009781511,-0.14863329,-0.71962345,0.8102776,0.51868165,-0.18660757,0.5044418,1.2987787,1.1541449,0.05623494,-0.5951359,-1.2464062,-0.6701343,-0.36850476,-0.4365856,1.0630487,0.7533284,-0.6735585,0.53244275,0.24449292,1.5540421,1.1060483,-1.796347,1.1125994,1.7696216,-0.9967232,0.9582152,-0.93541425,-0.71633315,-0.5684226,0.38867113,-0.76175094,-0.11226987,-1.3266006
0.03281644,-0.057651155,-0.48834538,-0.28192526,-0.15956886,0.031985763,0.35291785,-0.22956817,0.35116598,1.1890367,-0.080359615,-0.61677325,0.8721355,0.80636144,1.0370853,0.11648987,2.1483123,1.9125793,-0.23620644,-1.9435027,0.5912922,-1.0047942,-0.6199956,-0.46846312,-1.7105321,-0.3659395,0.06559146,-0.42643374,0.13519832,0.20818207,0.6361477,0.21138132,2.5637782,0.43527523,-1.9781834,-0.24522777,1.2508273,-1.6972022,-0.34699774,0.921354,1.4091587,0.28064203,-0.76697177,-0.5703608,0.6211271,0.9789802,-0.96174073,0.3746333,0.48168725,-0.6783586
0.591862,-1.1981566,-2.0376046,-0.21210758,-0.061910238,-0.16709623,-0.14055175,-1.7129889,-1.3153775,1.6827726,-0.75862426,-1.2936059,-0.1667781,-0.6174146,1.178844,-2.3972313,1.1968156,-1.3098361,0.455375,0.9663976,0.25502473,-0.220974,-0.096237645,-1.0388268,-1.1313807,-1.9760416,0.0514169,1.5308136,-0.47678655,0.58834153,-0.8596245,-0.34273407,0.73421866,0.8022925,-0.2967099,1.1678596,1.2580223,0.24377607,-0.7137001,-1.5039824,0.93173003,-2.0011165,-0.7181282,0.9714917,0.63393074,-0.46599704,0.009387384,0.9437105,-1.0275786,-1.3227376
-0.61451477,-0.8722024,-0.72198683,0.15149239,0.5914219,-1.0740519,-0.39679798,-1.4951466,0.31331787,0.5098314,1.2015574,0.86211705,-1.138411,0.6031218,-0.998543,-1.4839095,0.3603754,1.7715502,0.19142748,-1.333319,-0.38085377,0.77226144,0.0561438,1.6361909,-1.1388713,-0.44097677,0.22881357,0.33875677,-0.4065627,0.035847273,0.14421807,-0.4322461,-0.49803486,0.533493,-0.006386669,0.7712227,0.18040821,1.3295879,1.9188744,1.5439581,0.7589403,0.49695504,-0.21792728,0.54678506,-0.45354825,0.6817445,0.5539764,-0.26599428,-0.54421264,-2.6044726
1.7761087,1.3590704,0.8369298,1.0571562,0.4461122,0.5523003,-0.29106376,-0.7293604,-0.24714853,-0.63203603,1.014627,-0.12741412,0.14243506,-1.3398734,-0.32563975,0.6482025,-1.2898538,0.20319916,-1.0446018,-0.7998629,-0.9723928,1.0028083,3.3102078,0.48834378,-0.1829324,0.4729112,0.21273433,-2.2240536,-2.433121,-2.361967,0.3170733,-1.9008946,0.51514524,1.0487514,0.6550357,1.5142132,0.028716136,1.8425962,-0.53164065,-0.6415535,0.58433205,-1.485415,1.3492179,0.35990837,-0.46656972,0.39147595,-0.55298114,-0.45629588,1.5624017,-1.1748879
1.113518,-0.84838426,-1.5434053,0.46893665,2.0228572,-1.3892903,-3.2639046,0.4301308,0.9497743,0.87807167,-0.47398594,1.2508997,0.43383068,0.50820696,-1.2455406,0.08415542,1.3725221,1.4243075,-0.1262148,-1.4294498,-1.2218739,1.9928036,2.193986,0.20215786,-1.1615052,0.17762046,1.1065012,0.10945668,0.092690535,-0.69787973,-1.0665253,0.05781858,-0.6609877,-0.73220176,-0.19823647,0.109804444,-0.61721724,-0.70570666,0.90022326,-0.17017154,-0.20080815,0.20932637,0.2676017,1.8132209,-0.2526145,-0.21188901,1.0811186,-1.3786883,1.6676046,-1.3114254
-0.043035276,-0.4608659,-0.00022106458,0.030325603,-1.575851,-0.37971237,-0.20782797,-0.18572234,-0.6501042,0.4393961,-0.82651526,0.83989155,-1.3543415,-0.16506104,-0.012271755,-1.6067727,0.078138374,-1.5874099,0.18488272,0.1723719,-2.0578256,0.45823666,1.5488131,1.4653832,1.0845774,-1.0963691,0.5116972,0.20958419,-0.74026036,1.4715264,1.0153532,0.4477231,-1.1918844,-0.28410077,0.99281585,1.478369,-0.061491024,-1.0054784,-0.2266893,-1.0427766,-0.46552947,1.4869211,1.2706792,1.7469162,1.2461016,1.0863041,0.44856063,2.399476,-0.023827072,-0.15785727
0.43446127,1.1203936,-2.3259246,1.3486509,0.6369768,-0.9772485,-1.0025138,-1.0086149,0.47108197,0.015668461,0.58277714,-1.0169058,0.3644616,1.2371188,0.059356652,0.75740397,0.5116553,-0.02155462,-0.21653874,1.3221844,-1.1684401,-1.396817,0.75709635,0.61959785,-1.6642334,-0.07427609,-0.310596,-1.0755091,-1.6916244,0.8132463,0.36500248,0.13132948,1.6016219,0.7468436,-0.996513,-0.40815333,0.19269286,-0.56348246,0.109741405,-1.0414612,-1.5982518,-2.1367755,2.3002238,-0.5515625,0.22354706,0.6572229,0.7167633,-0.297156,-0.80404633,-2.0721989
-1.5315771,-1.9334188,-0.22526485,0.23915869,-1.0314716,2.948775,-2.0383778,0.22739907,2.0034935,2.001936,0.76954067,-1.255085,0.8168892,0.019000076,0.45818356,0.34877414,1.6109816,-0.12616318,-0.8434434,-1.569807,-0.7042764,1.0444663,-0.010337227,0.740887,0.023021486,0.44333425,0.93474287,-0.34263286,1.9461027,0.57841676,-0.37203363,0.34707198,-0.78195536,0.9702364,0.4646334,1.7141724,0.2895759,1.9208945,3.1346438,-0.019787265,2.1215785,-0.53392667,1.5454892,0.7300682,0.22206631,1.0228729,0.6139805,0.34111267,-0.90931296,-1.5345548
-0.3466791,-0.10418116,-0.8552056,-1.1319616,-0.29768634,0.7116896,0.8706954,-1.2062279,-0.3864443,-0.0048847385,0.031821877,-0.5842693,0.37001112,-0.60138357,0.12437131,0.9524112,-0.28884757,1.314236,0.08800101,-1.027187,-2.283446,-1.0790985,0.8478121,0.558073,0.89792544,-0.64200866,0.17592037,0.24138674,-0.50175035,0.17208028,-2.5913804,-1.1239475,0.280809,0.57171226,-1.1512008,-0.063517384,-0.14177224,-1.2432325,-0.6282815,-1.0972326,-0.9425349,-0.06540456,0.42212433,-0.009510277,0.6845228,1.1360043,0.66901565,-1.4020804,0.12631287,-0.16495936
-0.52314144,-1.3178428,-0.2316921,1.0501791,-1.349735,-1.2131183,1.8880894,-0.76103663,-0.13170235,0.7677713,-1.2562598,0.09811431,0.51919454,-0.35684142,-0.33128256,-0.36138213,-0.62352425,0.16526848,-0.49674243,0.49600676,-0.47061336,-1.6802721,1.151673,0.1567195,-1.1025553,0.12705559,0.9264823,0.8517888,1.31213,-0.26133355,-0.82589656,-1.3356463,-1.2526817,0.93879277,0.87581384,1.1688877,-0.023450132,1.1558274,0.73968315,-1.0169822,-0.81657314,1.1720431,-1.700205,-0.921616,2.1361747,0.8662323,0.2662578,0.93968415,-0.18087435,-1.3344318
1.0674298,2.0567951,1.3018034,-0.40954357,-0.82873,-0.014083589,-0.94230783,1.6136103,-2.2433875,1.1265118,-1.0711244,-0.32251084,-1.287656,-0.6613112,0.4891566,1.4347864,-1.4128616,0.38119984,0.6501698,-0.2673463,2.7517178,0.36456594,1.4849515,-0.02858419,-1.2339478,2.215115,-0.8310764,0.025820773,-0.35768414,2.1006415,0.5138877,-0.1787119,0.6209253,-0.13987933,-0.5845835,-0.26646975,-1.219901,0.2911444,-0.6969587,-0.055080153,0.62932545,0.57036275,0.023359872,0.04467159,0.05717659,1.8971277,0.9128935,-0.5867133,0.8136082,1.8194374
0.43506247,0.7052265,1.6046463,-0.30825454,-0.32253745,-0.35625598,-0.9137783,-1.7496029,0.11620623,0.65001494,-0.59789187,0.9635173,-0.8818784,0.9433472,-1.5827866,-0.569033,0.30394524,-1.6702396,-2.1516292,0.26646665,0.74218345,-1.2799548,1.5427405,0.5007052,0.6580244,-1.319409,0.11288193,1.5240556,0.62307644,-0.13317606,-0.44876203,0.40290716,-0.20612475,-0.920445,0.09553769,-2.1599922,-1.8656893,-0.600765,-0.6404458,-0.9975687,0.25734597,-0.30178082,-1.3715057,0.5888496,-2.3135638,-0.73070586,0.8817388,-1.1469355,-0.92152524,0.52374774
1.0556116,-0.035475224,-0.78753966,0.18010771,0.54684824,0.33313093,0.12785412,-0.16570583,0.2590631,-0.96568036,0.81834394,2.637765,0.25972533,0.4126169,-1.9525809,-1.1758171,-1.3868363,2.1009955,-1.1878052,1.1851588,0.92803615,-1.2585634,-1.2038586,-0.32611382,-0.3201663,0.24133706,0.50052905,0.37076947,1.1543788,-0.3280604,-0.88957846,-1.7422764,-0.1987433,-2.030832,1.3430449,0.23089069,-0.9070419,-0.93531495,0.9603645,-0.1367282,-1.3682377,0.99087524,0.45743284,1.1216022,0.3551486,0.25927195,1.3584124,0.6385847,1.46942,0.8048016
0.0392256,1.9112247,0.84157,-0.13075359,2.707842,-2.5113275,-0.3551023,-0.26101026,-2.5197144,-0.6164204,-0.026401246,-1.0800982,0.49017796,-1.3055344,1.0602392,-0.27996427,-0.88889414,-0.042318072,0.68065023,-0.40262648,0.79988486,-1.6216522,0.2841058,0.82458854,-0.016430382,1.437674,0.6819096,1.0466259,-0.8635895,1.0668602,-1.4876988,0.150799,0.021431595,-0.8011815,0.1288445,1.6671454,-2.2235925,-0.69901156,-0.39769313,-0.46784368,-0.43674457,0.31320378,-0.9563939,-0.8270446,-0.104137495,0.5560769,0.74393195,-0.5710748,1.1560029,-0.6361184
0.13466847,0.59524983,-1.2799321,1.0057638,-0.44511804,0.19277775,0.5357939,-0.82052976,-1.0188105,0.88028455,-1.4446869,-1.4603753,1.3336177,1.1798369,-0.32990927,-0.2061621,-1.3197337,0.6515716,-1.7838968,0.571354,-0.30676663,-0.0057532857,-0.231891,0.4057627,0.20350918,0.37373748,-0.9807215,1.4671791,1.1149756,-0.035838347,-0.37260884,1.8207532,1.0999959,0.20808214,0.22851464,0.7718727,0.5527578,-0.64561856,1.0808811,0.23262748,0.12092584,0.9806135,0.9478375,-0.53791076,-0.2239622,0.76136327,-0.4312833,1.3928701,0.98789567,-0.67883605
-1.0966012,1.4662641,-0.10446105,-0.8621392,-0.8378069,-2.0041053,0.53732467,0.8016349,0.5826458,-1.2298399,0.95095533,0.16796954,1.0676937,-0.97674686,0.9048376,1.9781327,0.6247474,-1.0205513,0.6101454,0.11624291,0.17959549,0.09379258,1.2719458,-0.38497043,-0.31469873,0.2824845,-0.91068614,-1.0017747,0.46184212,0.96418506,0.12763005,-1.0147898,0.31709492,-1.3202164,0.62582356,0.56995463,-0.68779814,0.7430539,-0.71036804,0.69876254,1.2161199,0.7934156,-1.3666356,-0.7202309,-0.53677464,-1.4871167,1.0060947,-0.30449137,0.8961221,-0.60553837
-1.9167204,0.43284777,-1.3430862,-0.9266892,0.07944872,-0.86797994,0.77453536,-1.9506011,-0.8732572,-0.83573306,-0.96314156,1.8607849,-0.5789811,0.3561006,-0.55072147,0.023935992,0.609989,1.4002186,-1.3268652,0.7748069,1.3783126,-0.96210897,0.036277413,-0.32432213,0.47645554,0.9038739,0.75550354,0.14839242,-0.85375893,-0.62770116,1.3667957,-0.53411996,-0.05418186,0.8074847,0.44286883,-1.4099041,0.06265737,-0.26360485,0.68862313,-0.3141837,-1.9329972,0.93495387,-0.27976358,-0.342432,0.6396257,-0.19451557,-0.25887966,0.9288863,0.4757925,-0.8858078
0.5191127,0.46731922,-1.1473556,-0.65481246,-0.51380306,0.08117257,0.6352331,-1.3462248,1.45636,-0.33205637,-0.306137,-0.7383453,1.1370183,0.33429652,-0.046255596,-0.884965,2.101589,-2.2454815,-0.36785203,0.6251485,0.19115588,1.309231,-0.8730464,-1.9499847,0.4951937,0.6750372,-0.7876687,-1.1874175,2.153163,-0.8638938,-0.15889083,2.541759,-1.1090146,-1.4585897,1.3836263,-1.2329321,-0.17526433,0.18286946,0.17113782,0.9951665,-0.8159847,-1.2457182,-2.1785967,0.46861738,0.53064346,0.2197108,-0.8541121,-0.727492,0.15132597,0.48116013
-0.32684726,-0.28553215,-0.70976883,-0.3700127,-1.3013709,-0.07733491,-0.46670565,0.11080469,-0.547605,0.4511844,-1.8615274,0.63309157,-0.52310413,0.047568064,1.127227,1.7889898,-0.117922306,0.16395447,1.3827518,-0.23369624,-1.7943051,0.030712368,0.11139207,-0.6377082,-0.8466463,0.15169728,1.2334075,0.86247885,0.39809912,-0.32069212,-0.25516272,0.34886935,-0.7360283,0.28913572,-0.18322009,0.2964522,0.19384234,0.22179113,-0.7236345,-0.4153842,0.31543946,1.2620616,-0.07717743,0.30684677,-0.29499716,-0.09133849,-1.0402935,-1.1790067,0.74137485,-0.47405058
0.1808071,0.03235243,0.52765256,-1.7019732,-1.9946667,0.54106563,0.6353602,-0.36840767,1.6170491,0.93463475,-0.8099471,2.7278113,-0.041223526,-1.0302641,-0.058203105,0.20787013,-0.89984804,-1.1378175,0.11811876,1.0264192,-0.95558995,-0.6376301,-1.0693902,0.31328437,-0.47619867,-2.236401,0.17543143,-0.45191666,-1.0019602,-1.6648583,0.95798975,-0.11439878,-0.15294632,-0.7179571,1.2605689,0.068629496,1.0683932,0.033774458,0.7282924,-0.1192998,0.2916286,-1.035686,1.1389612,-0.23367016,-1.4520004,-2.2242088,1.3136015,-0.5226001,-0.39204034,0.48283526
-0.7857705,0.46960574,0.6638026,0.6285069,1.2048202,1.1955642,-1.5576929,-1.5631961,0.8731272,0.029141184,0.82677174,-0.7544308,1.0981188,-0.26401648,0.2212468,3.0296197,-0.9721291,0.03807595,0.85618186,0.8326642,-1.8033859,0.7765687,-0.3685597,-0.7984091,-0.98806846,-0.1604525,0.8240381,-0.03212018,0.21827821,1.3498236,-2.1898527,-0.92744493,0.2558236,0.07707413,-1.0139006,-0.2129634,-0.3788268,-2.2945218,1.412027,-1.3020858,-0.8047382,1.7182757,2.4101317,-0.08999777,1.0843432,-1.2654642,-0.0911645,0.04440072,-0.25603926,0.34316656
1.2073932,0.6634741,1.2197671,0.3119537,0.874088,0.50288934,0.28047484,-1.5156558,1.1435483,-1.1015915,0.19145791,-2.096859,-0.17917985,-0.65073556,0.039433356,0.27095118,0.24251036,0.8735561,-0.78509694,-1.608644,-0.08408685,-2.010984,-0.26241615,1.0396703,-0.43676457,0.8641452,-0.3986945,-0.8717816,1.0959694,-1.6369855,0.9894415,-0.10316698,-0.17947866,1.6587664,-0.29903746,0.09361708,0.22908264,0.6824004,1.3514458,0.7491715,-0.21814837,0.56253207,-0.4306826,1.1031913,1.5697728,-3.3249216,-1.0813842,-0.35803306,0.12109169,2.2228446
0.84207374,0.3608535,-0.43866584,-0.03939661,-1.5212702,-0.04297106,-0.7783215,-1.1086172,-0.5568812,-0.042958733,-1.0106486,0.36425823,-0.9384887,-0.14613613,-2.0055435,0.8305645,-0.45152834,-2.264984,0.62218326,2.4646943,2.2814164,-0.2548525,-0.6842103,-1.3899999,0.21064849,0.67378134,0.6332924,-3.0544438,-0.17928119,-0.038429484,-0.17891182,0.09039985,1.7430084,-2.4466145,-0.7389593,-0.5545791,-0.6416064,1.3074406,-0.41688204,-1.0234424,2.1153219,-0.13565823,0.19606304,2.0355148,-1.1749709,-0.5780429,-1.0351362,-0.9196859,-0.22946961,0.44494298
0.29478925,0.26600707,1.508824,0.98251957,-0.88470274,0.20703034,-0.33887586,0.033564523,-0.6960438,-0.3031766,0.7527727,1.3048903,0.2633541,0.9860774,-0.056565203,0.28874323,-0.11753347,0.62097937,0.13013382,-1.0680548,0.17214291,-0.37712774,0.48104182,-0.14244956,0.39659518,0.7061009,-0.07825254,-1.2027837,0.91717255,0.83917874,-0.22397594,0.97873974,1.566205,0.2945843,-0.30063766,0.9278108,-0.4940057,1.1803304,1.5661851,-1.4279583,-0.4426736,1.1282489,-0.76264375,1.1756587,-0.3577639,-0.35285503,-0.18784729,-0.17991255,0.12794276,-0.5226657
1.0187683,-0.23233776,1.037671,0.07960212,0.19357866,-0.5150445,-1.8547661,-0.42326558,0.54622215,-0.09174644,0.33910003,0.22062986,-0.45612684,0.7752681,-1.4727275,-1.4743061,0.27832645,0.35458165,0.34757772,-0.024487952,-1.7189918,-0.2709032,-0.80099905,-0.71613646,0.25772947,-0.6843493,-1.3772094,0.70525855,0.6361047,-1.0633801,-0.10700589,-0.49224946,1.7778082,-0.536259,-1.1219288,0.43801174,-0.814968,0.22304246,-0.604764,-1.1554224,0.79901356,-0.62886477,0.09500652,-0.95314753,-0.8617588,-0.6538415,0.12773558,-1.6365461,2.3748314,-0.07414652
-0.5194986,-0.20906621,-0.72017455,1.5804101,-0.7393636,0.44064593,0.64021647,-1.4063176,-0.6761145,-0.2455041,-1.1702892,0.31343487,1.7116268,0.25778404,0.820115,-0.35370645,0.41517934,1.3960624,-2.0233045,0.9529654,1.0751714,0.8958054,-1.4499594,-0.6450243,0.16627753,0.95726925,-0.86212194,-0.39650783,-0.35287812,0.5630303,-2.1022882,1.405898,-0.22689636,-0.8557713,0.28678232,0.47441512,0.9186389,-1.0581342,1.5852414,-0.33117768,1.3963767,0.95929563,0.021520408,0.6635699,-0.6622502,-0.40160924,1.0828946,-1.7479886,0.05036083,-1.3072265
-0.17761819,0.06211885,-0.47384146,-0.8437951,-0.7239711,0.54331875,0.024793632,0.633032,-0.3414096,-1.3212112,0.88551694,0.31056747,0.40950042,0.6533748,-1.7189715,1.7811517,0.18625277,-0.41301224,0.27998185,1.8575951,-1.7963638,-0.15103458,-2.101481,0.14728868,-1.3016597,-1.5808328,-0.72389114,-1.7190423,0.3970153,-0.47370923,-0.59487027,1.2300684,1.8904117,-0.3964529,0.3407617,0.8101853,-0.1869164,-1.6671506,0.9867162,-0.19702864,0.51978564,-0.35243624,-1.9440137,-0.51258206,1.2703135,-0.6427909,1.0113662,2.0625715,0.5212184,-0.47907227
-0.06991846,2.925064,-0.25174513,1.2862953,-0.28341463,-0.31055436,-1.2847202,0.25787643,0.73675835,0.7386362,0.19722316,-1.085376,1.166706,-0.8152364,-0.68496674,0.59264064,-0.6292312,-0.92993885,0.19567727,0.30775452,0.21565041,-0.12897068,0.4567113,0.14494479,0.34715056,0.3880168,-0.35312706,-0.58001244,-2.2876368,-0.12972619,-1.1004908,0.6388859,-0.09848582,0.32603854,-0.8457105,-0.90055287,1.3698105,-0.2324843,0.16827282,-0.02630286,-1.4342629,1.2311615,-1.2169844,-0.07699951,0.28294173,1.0554075,-0.09260767,0.43923217,-0.42079258,0.640505
0.15445673,-1.8508922,-0.10427569,-0.17729643,-1.1315807,0.19903472,0.93599993,-1.8712605,-1.020425,0.21522628,-0.34633082,1.3797024,0.80233914,-0.82126343,-0.037241176,-1.6207695,-0.35237986,-1.4967805,-0.68202543,-1.5057065,0.103540525,0.11128836,-0.5883083,-0.74348396,1.1222314,-0.2616972,-0.6382668,1.0193919,-0.8026656,-0.23132017,1.1225415,0.8932492,-0.72274834,1.8608035,-0.3367438,-0.8667994,-1.1467097,-2.3820505,0.0055688173,-0.23747893,0.8172821,0.13902354,0.088295,-0.18607579,-0.8789528,-1.3904845,-0.14901285,-0.20112568,-0.094000764,-0.98439425
-0.26946428,0.31601715,0.32996276,1.2298455,0.065143056,-0.7787928,-0.3402127,1.5066886,2.0530457,0.5340234,-1.553114,0.7273269,-0.43003035,0.5103933,-0.8885127,-0.100666635,0.4026021,1.5696408,-0.122089915,1.0056368,-1.0272447,0.49054348,0.86719686,-0.003133906,-1.8363849,0.7136929,-0.104559906,0.5641977,-1.0436351,0.16186592,-0.28439602,0.6874771,-0.85635513,0.49127126,0.8753643,1.5711603,1.1002434,0.2769647,1.4805329,0.7720135,-0.05390209,-1.2718852,-0.14501329,-0.46459785,0.36767563,-1.5445619,1.2092782,-1.4309318,-0.2572206,1.0413462
0.2353759,1.2428432,-2.1627889,0.12521084,-2.57774,-0.0423114,0.17141087,-1.0207176,0.2653854,-0.35560036,2.5814567,-0.7555761,1.986032,-1.0080472,0.9645967,0.32583797,-3.466734,0.4844111,-1.2681134,1.146135,-0.4693476,-1.4405167,1.7687738,-0.12525512,-1.33527,0.81876886,0.22848673,0.1850499,-1.7314438,0.0059755556,-1.781497,0.08259756,-0.40633032,0.93167883,0.2104431,0.6504461,-1.1215351,-0.20466015,-0.50465673,-1.0843104,0.5052846,0.7233003,-0.14989506,-0.24117331,-1.5951077,-2.681208,1.1092966,-0.52164507,-0.9916003,-0.27748632
-0.6044793,1.738883,-0.3684813,1.3105491,-0.6329409,1.2576613,0.77433527,-0.44949728,0.11043272,-0.4259066,-1.4045473,1.4199355,-1.3407363,-1.4140016,1.3750528,-1.4975725,-1.0927194,-1.8546836,-1.296805,1.6186327,-0.5288182,0.74036026,-0.5855168,0.23506777,-1.6490458,1.8889935,-0.62151307,0.7621855,-0.32196724,-0.1846779,1.5657551,0.059381105,-0.07575805,-0.85145915,-1.2232306,-0.07832399,1.3727725,-0.28131965,-1.3300034,-0.56843424,0.3811361,-1.1236764,0.17700316,0.45868367,0.15432566,-0.7489849,0.37106538,-0.074940406,-0.2553469,-1.2867604
0.55359495,1.178349,0.7230074,0.5698587,-0.04458935,-0.5033487,0.28761923,0.79470336,-0.21807064,0.40783238,0.23580454,0.61774933,2.3936286,1.63455,-0.0755926,0.31729785,0.621238,0.094897225,0.113691956,0.27641648,-1.9952694,-1.6345357,-1.3145856,0.68086,1.1369411,0.106206916,-1.9595106,-0.074538395,-1.1448145,-0.19344768,0.87101525,-1.3370861,1.2120306,0.34055054,-0.10755954,1.0153513,-0.5683637,0.9386872,-0.15689129,1.0755658,-0.30316257,0.23072536,-0.31473508,-0.7854392,0.13212062,-1.744153,-1.978164,0.30878127,1.8822507,-0.98511064
-0.586638,0.07961272,-0.5392075,0.663568,0.046995636,0.32345808,-0.3530413,0.21775827,-0.90524626,-1.4776003,-0.36659,0.039267007,-0.35373986,-2.136985,-1.0811483,0.03485748,-0.24233341,1.4715561,-0.5905769,-0.5289165,0.80207855,0.43582693,-2.0987399,0.1318516,-0.8570812,-2.1858702,0.14364912,-1.9387007,-1.8449751,-0.05723457,-0.785025,0.297531,0.117688745,-1.859491,-0.43123493,-0.15463257,0.27971736,0.32653275,-0.03177028,1.5084552,-1.6625423,-0.3218879,-2.5492864,-1.3174437,-2.4643254,1.3839926,-0.0419827,1.4908175,1.1254334,-1.228005
-0.97872174,1.0548077,0.58208334,-0.7450379,-0.3777104,0.79736227,-0.6234356,0.6195564,-0.8032957,-0.6862937,-1.652282,0.4658475,-0.9553227,0.01364805,1.889976,-0.90054554,1.5522007,0.21209687,-0.04236022,-1.0813776,-0.44328964,0.6995847,-1.4659358,0.80824876,0.03675145,-1.390577,0.8691955,-0.5535622,-0.5243524,-0.78577113,0.55313057,-1.3473412,-0.1422399,1.0191909,-0.5171557,0.45439082,0.4603189,0.026691688,-0.18465,-1.5671648,-0.9355888,-0.7096034,-0.5439241,-0.66459495,0.3465808,2.0635397,-0.21045622,0.41678882,0.45022154,-1.3501333
-1.6988374,0.5326378,-0.2995714,0.17144234,0.6274311,0.13909586,1.323468,0.57969254,1.9349653,0.48491502,-2.7543552,0.053618558,2.0804706,1.788478,-0.30988273,0.53891903,-0.6793654,1.2561795,-0.7353233,-0.30507964,-1.4791856,0.22939268,-0.36993393,0.90541863,0.9035374,-0.33526453,-0.6414178,-0.53223747,-0.40347698,-0.19055513,1.6335884,0.6806274,-0.10957132,0.39867327,-0.9375225,1.7159879,0.80780697,1.4798886,2.5470607,-0.11453453,-0.96444553,1.154919,-0.50675774,-0.9460972,0.623498,-2.050122,0.34481773,0.6157194,-0.21220441,-0.52384406
1.6064624,0.33531338,-1.6375644,1.2857081,0.094200134,0.1566045,-1.6307459,-0.5469997,-0.98988235,1.175443,-1.5900506,0.07789507,-1.7113997,-1.0634193,2.1274102,0.9005474,-0.8731371,1.104886,-0.17197569,-1.3302712,-0.52812684,-0.7541915,1.4329702,-0.50967616,0.44488302,-0.5243903,-1.9249562,1.2080308,0.8220393,-0.65784264,0.8248233,-0.16102846,0.8305796,-0.04096754,-0.22735173,-1.2827696,0.16820878,0.497992,0.29940718,-0.20567311,0.9180655,0.8477752,0.841456,-0.7007026,0.08624835,-0.32837182,-1.4074166,0.68613636,0.18935499,0.2345307
0.18494147,-0.8273548,-0.13310964,-0.47075233,1.5663244,0.89286005,1.4267188,-0.22090743,-0.39647314,0.06939252,0.98731595,-0.62485284,0.6497373,0.2299068,0.10146546,0.11702076,-0.50609165,0.25611848,-1.1504171,0.93212044,-0.7011478,-0.37415332,-0.7189575,1.9397197,-0.1731463,0.7306317,-0.16597395,-0.87003434,-0.23688261,-0.76039034,-0.9064652,0.4654438,1.1503061,0.41929945,-1.2553872,-0.1427334,1.4052716,0.22569405,0.9348804,1.080532,1.4522234,1.051018,1.5546025,-0.38410285,0.19675966,-1.3689259,-1.4219939,0.12882762,-0.076139085,0.679311
-1.7013482,-0.033892497,-0.8945398,1.1314706,2.2963207,-0.14381447,0.3983187,-0.7687014,1.2575743,0.33249497,-1.8539186,-0.66361433,-0.030672438,0.13425179,0.10720007,0.5161811,1.1622348,1.0461887,-1.5498334,0.951373,-0.64076465,1.2695463,1.3654326,-0.9491583,-0.82508266,2.2432072,-0.7482463,-0.45145187,-1.3997226,1.7921028,0.47754574,1.0461632,1.4913013,-1.464735,-1.3571529,0.48164463,0.5597714,-0.8525644,1.2556027,0.42639104,0.6436808,-0.16729191,1.118009,0.08175907,0.5573598,0.18437015,-0.35121512,-0.40325716,-1.3505396,0.6966736
0.53622866,-1.9918509,0.096410975,-0.37456787,-1.0472031,1.4919541,-0.42718816,0.10954862,-0.98985493,0.08804192,-0.36405963,0.52715844,0.14027959,0.24894696,-0.0574693,-0.5927229,-1.0427471,-1.7540555,0.81357163,-0.038196687,-0.38602665,0.76191926,-0.86452526,0.121109106,-0.06780078,1.0466033,-0.16857256,0.19162083,0.6569186,0.28914696,0.64977616,-0.43181193,-0.8489329,1.0514401,-0.7892006,0.060184017,-0.64106756,1.068321,-0.2743278,-0.116975725,-0.67968875,-0.6536623,0.43932077,0.5416295,-1.250473,2.3182285,-0.17630805,-1.0343887,-0.16557662,0.7173431
1.2404257,-0.14376901,-0.33983016,-1.089511,-1.031833,0.17427129,0.70535845,1.5360448,-2.0672624,1.3191459,0.7824692,-1.1401058,-0.019913798,0.84837645,-0.41596612,-0.29826605,0.18142727,0.1398348,1.154631,-0.26125538,-1.050466,-0.016191844,0.9672202,-0.11761719,-1.1968637,0.98943675,-1.3257871,0.63077176,-0.7909295,0.45103315,1.1422973,0.49772406,-0.349386,-0.15398045,2.8832867,0.29502034,0.13286631,-0.34905937,1.2298701,-1.3561803,-1.2300498,0.62299776,0.07565322,-0.03753739,1.812908,0.19624671,-1.0471153,-0.247447,0.65008426,-1.1141762
0.41436222,0.3052615,-0.50647324,-0.06890671,0.682294,-1.8978063,0.1622476,-0.50356567,-1.5992584,0.7356193,-0.58487636,0.19549748,-1.6083773,1.3633641,-0.05379361,0.6461984,0.6572385,0.30834922,0.24158852,0.77415913,-0.36223108,-0.4167345,0.1915737,0.050578233,0.34373438,0.43080804,0.09175268,-2.0092237,0.636901,-1.3907939,-1.1070715,-1.5158852,-0.8660147,-0.65105337,-0.65620375,0.014178101,-0.30927843,0.36354586,-1.3758423,-1.1814634,-0.61489826,-1.8450024,-0.91827863,-1.268048,1.0644317,-0.09645168,0.028992277,0.54137105,0.13802327,1.4648337
1.251169,1.1114247,-0.51335186,0.52935135,-0.049061183,1.7680653,0.15055573,1.1161485,1.4543053,-0.3256627,-1.094874,0.0047614416,-0.028116714,0.88220197,-0.06586929,-0.69416046,-0.8832051,0.28777763,-0.36169693,0.84095067,0.63844746,-1.0561477,-0.64031464,1.0054873,-1.5012981,-1.6985284,-0.8276098,2.382593,1.8995941,0.3286084,-0.34217805,-0.4679794,1.48884,0.3330143,1.6562006,-0.50514287,-0.047606297,1.693215,-1.2969773,-2.1739142,-0.5200095,-0.64828724,0.9183649,0.41531536,-0.000350104,-1.7629473,-0.34609562,0.9153205,1.4463961,0.21667239
0.88320917,1.0627351,0.35073966,-0.1433372,-1.6448184,-0.4823899,0.72392625,-0.16184683,-0.692172,-0.25886965,0.016509738,1.3948001,0.045019463,0.088252835,-1.4582714,0.5730248,0.11043685,0.10869748,1.6591601,-0.49322554,1.315646,0.6132119,1.7479963,2.398478,-0.60022074,-1.0616435,-1.9431535,1.0440975,0.65594184,2.2357526,-0.81605154,1.0817409,0.29787335,0.095202975,0.08845599,-1.4767562,0.33760166,-0.16611212,0.27151975,0.6672116,-1.6894047,-0.6090022,0.9223625,0.56340045,0.8063186,-2.3180044,0.5009753,1.0967832,-0.19640853,2.2114267
-1.6468513,-0.81416136,0.51137316,-0.6772175,1.4426318,1.4559005,0.5594404,-1.3264885,1.2751817,-1.4651487,-0.38870612,-0.18331864,-0.052164026,-1.56843,-0.6321921,-0.8111692,1.2387918,0.9283811,1.0580121,-1.2927445,1.0194457,0.10907673,-1.4239262,-1.389296,1.2159102,-0.30703533,1.3313727,0.45994815,-0.5498249,-1.2569389,-0.8161134,-1.0312926,-1.9730511,-0.6289554,0.35163426,-0.4625567,1.7867329,0.0664471,-0.25505945,0.012793697,-0.13158803,0.09894359,-2.2767732,0.9670335,-0.65276545,0.7951295,0.5368675,-1.8001407,0.15050809,-1.2021858
0.12975997,-1.2024611,-0.78938717,0.34910837,0.4633779,-0.25427485,-0.7092165,-0.10788771,-1.9215853,-0.009710458,0.3264866,0.21569884,-0.64406186,-1.7466109,-1.2194647,0.5352123,-0.8240504,-1.3927443,-0.7218708,-0.80835736,-0.27411905,1.0125276,-0.49240085,-0.66030097,-1.4528289,0.47324833,0.7176242,-0.15741193,0.87123924,1.1165736,0.593188,-0.28388512,-0.9024934,0.07794854,-1.4003853,2.0116868,0.6836685,-0.28244522,0.46164104,0.5860457,-0.13992801,0.16290228,-0.20352018,-0.14417177,0.1363538,0.5604443,-0.42449588,-0.536793,-0.6998806,-0.587501
0.29991987,-0.5322323,0.24528329,0.8889211,-0.97146636,0.25229815,-0.058821492,2.353529,-1.4844009,0.11755765,-1.2775961,-0.08072209,0.84691715,-1.5157491,0.57016236,0.2452026,0.1291604,0.04814308,1.589787,-0.8072441,-0.88221323,-0.005623711,-0.36151397,-0.63937837,-1.0245186,1.7996757,-0.59654284,0.17236306,-0.84667844,-0.6998496,-0.4792744,0.7648339,-0.3231731,-1.2093682,1.456491,1.0207939,0.15562488,1.3330214,-1.2158229,0.53195614,0.95649713,0.5188631,0.52953243,0.9748885,0.27362257,-0.23062688,1.0427055,-0.23115148,-0.43872404,-0.6739919
-0.5966808,-0.6387821,0.14310198,0.3995678,-0.7285815,1.9093345,1.8292354,0.88836133,-0.18699722,0.49978873,-0.29459623,-0.13768442,1.0453609,0.51748526,-0.64275336,-0.2657932,-0.48508328,0.2498961,0.3524917,-0.635733,-0.251761,-1.5270447,0.28567806,-0.14111795,-0.36022285,0.83571506,-0.4165267,-1.2346525,-1.0282617,0.5606139,0.01510969,-0.34960285,-0.12314634,-1.1581726,-1.2369757,1.5313396,-0.23482962,0.6857329,-1.4155604,0.74898165,0.78223825,0.40755826,0.58665055,1.3307787,0.1507386,1.8843606,-3.0668485,-0.27596134,-0.5903004,-0.14212643
0.9991452,0.7237324,1.1624106,0.39565015,0.87453187,1.6253803,1.5194529,-2.1591187,-1.3231661,-0.7500284,0.5277259,1.2907182,-0.58993715,-0.09762074,0.10360317,1.1898292,1.7005527,-1.2314638,-1.0565932,-0.54109466,0.25160822,1.1706715,0.7707283,-0.44229585,0.16509752,-1.5584264,-0.58980805,0.386965,-0.97149616,0.79096043,-0.91702694,-1.4240412,0.64647835,0.82523125,3.224463,1.0825442,0.025225068,-0.5296425,1.7475172,0.2904391,0.15676022,0.6255877,0.2274588,-1.046204,-0.8190347,-0.7851835,0.1399937,-0.7931687,-1.6039519,-0.45996568
-0.04473048,-0.12452716,0.5374585,-0.6241592,1.2089026,2.5371132,0.09222211,-0.1815264,-0.014609035,1.4079338,-1.0072961,-0.7050517,-0.23037818,-0.5269729,-0.5115956,0.1877663,0.70077723,1.3277776,0.65338635,-1.8360382,-1.2002884,-1.2413207,-0.054535404,0.41628563,1.562228,0.76727486,-1.5243658,-0.79189605,0.6524545,-1.0213356,0.6634179,-0.52950644,0.5721296,-3.094701,-1.8787924,1.8517429,1.0220987,2.179812,-0.18392128,-0.7420946,-0.08054937,0.8405697,0.29958135,0.2727295,1.31753,-1.1881145,-0.022246556,0.54616237,2.176793,-1.1420535
1.1233909,1.1691171,0.87216944,-1.3520963,1.0682896,-0.30244198,2.4369445,2.6244705,-1.3846881,0.135236,0.98547333,1.1459438,0.18126942,1.2414589,0.06169963,1.0133818,0.20424227,1.0929016,-1.1676741,-0.15672454,-0.7903553,-0.3806115,-0.65603703,-0.10851556,0.47890246,0.027736653,-0.6635428,-1.1008592,-0.8540231,0.34037322,0.70219815,0.044286296,-1.5949517,0.59739256,0.42388842,-1.9979292,0.26130384,-1.8437113,-0.8843671,-0.5301587,-0.49871534,0.02396258,-2.2647946,-0.59917355,0.81391835,-0.71820605,0.76425374,0.030527564,-1.2864913,1.4257064
-1.1853458,-0.1781726,2.5756824,0.36841094,-0.48775348,-0.2895464,2.2232692,-0.3134007,0.36469623,-0.45472756,-0.6663023,-0.26977643,-0.75178504,0.47201857,0.75993514,0.54757977,-1.322999,0.7621861,0.49207062,0.098523244,-0.32464853,2.6420858,0.093418114,0.3428067,0.29394084,0.6762794,-2.404064,1.8287219,-0.9172172,0.547214,0.75800705,0.26288518,0.6663553,1.3379691,0.8827931,1.1468041,0.64678127,-0.57503927,-0.19030377,-2.1931255,-0.83896047,-0.80626005,-0.9398744,0.3618269,0.40511668,1.2160815,0.43362987,1.0574349,0.012409472,-0.14795627
0.32973647,-0.30881244,-0.27030978,0.41990855,-1.4583422,-0.54815984,0.1393786,-1.4026321,0.82704675,-1.4624604,-0.2104564,-0.46960053,-0.31189415,-1.4186172,-0.31782487,1.6301332,-0.09273648,0.26293603,1.076755,-1.2054394,-0.41119722,-0.055664353,1.1530845,-0.36315513,-2.149697,0.48769248,0.2367154,0.8298309,1.0800525,-0.06443719,1.1940937,0.5388551,0.8539083,-0.7113991,0.2902574,-0.9564079,-0.7192365,0.3241679,-0.43754148,-1.5907483,-2.0034757,-1.5427661,0.44286296,-0.55496013,-0.376162,-0.93041563,0.12334982,-0.70440817,-0.92750674,0.5135748
0.14313762,0.11213676,0.8109122,-1.691064,0.53649026,0.2695355,-2.3479533,-2.3472626,-0.5156364,1.1682812,-0.7189143,-0.1561485,-0.2862701,0.30146417,0.6978639,0.5794279,0.016338613,0.014588354,1.3996614,0.33918425,-0.2371966,0.41984183,-0.5071396,-0.28226632,-0.048379205,-1.0545803,1.5980916,-1.943154,-0.4298657,-1.6610731,-0.32892168,-0.84820306,-0.19788554,-0.66845715,-0.25963238,-0.674697,-0.7356059,-0.07145779,0.4769382,1.0355669,-0.27236617,0.53947824,0.12743343,-0.4217291,0.19700186,2.1123421,0.8408831,0.5790413,-1.8169991,-1.3822167
0.6710768,-2.3695495,0.6061875,0.49068698,-0.0990873,-0.39967158,-1.937505,0.7728978,-0.027210334,-0.6675017,3.0942445,1.1148971,-0.100115865,-0.27005208,-0.24170247,-1.3478218,-1.8097478,-0.33704823,0.22140807,-0.043786973,0.9344865,-0.35075203,0.8094469,-0.34291708,-1.1098585,-1.0718713,0.41380277,1.2472011,-2.0737631,1.2289317,2.4986918,0.25284308,0.32493326,0.1715936,-1.3385518,0.38931662,-1.6511184,1.3207023,-0.017152907,0.36715636,0.71026325,0.18550822,-1.80614,0.43086797,-0.73017484,-0.22442362,0.3157704,0.29113096,-0.16387355,0.030195095
1.0748243,-1.274495,-0.7628567,-1.2741318,-0.6489996,0.16747075,-0.46145955,1.2832074,-0.4093434,1.0612811,0.3261814,0.71980107,-0.15011998,1.5154096,0.68456644,0.9368389,1.3987796,0.2875391,1.1383332,0.41516837,-0.37600297,1.1136621,-1.0702491,1.0456797,-0.60908496,1.1204447,0.18019992,0.7265058,0.17191103,-1.0160979,-0.9647031,-0.8410555,-1.6338031,-0.39699563,-0.93737507,-0.04944114,0.12690812,0.71844983,0.24466108,-1.204254,1.5906907,-0.58730894,-1.4179778,0.85117495,0.08157305,0.47176203,-1.3384029,1.1574427,0.7230698,0.095761284
-1.2482195,0.060194444,1.3496529,-0.24751246,-0.1214211,0.58709145,-0.726682,0.33037713,-0.025310302,-1.306755,-2.1327784,-1.6255397,-1.2686363,-1.3710104,-0.9653526,0.93341184,-0.73199576,0.9167295,-0.44119334,-0.47702622,0.64919555,-0.5913326,0.7566004,0.27241316,-2.0495021,1.9333324,-0.27085188,0.41945204,0.8039718,0.25530127,0.9654389,0.27862018,-2.2488594,-0.057142705,-0.18306868,-0.29406285,0.0018532116,1.0327156,-0.07631538,-0.10460862,1.5952542,0.5566202,0.9761938,0.22920793,-0.83482677,-0.04764093,-0.2518614,-0.5479832,-0.4912848,0.65027857
-0.19538897,-0.4377779,-1.3536489,0.640652,0.19035059,-0.6615756,0.031356227,-1.2327548,-0.013683943,-1.7833304,0.18144597,0.08886443,-1.6019597,0.9237019,-0.5769692,1.0998302,0.011110016,1.5781832,-1.0871685,-1.4659444,-0.7396788,-0.08042206,-1.069674,1.1120133,0.46436888,-0.15365247,-1.1932508,-0.5933252,1.7549303,-0.12753928,0.31501296,0.47581962,0.8748433,0.019210663,-0.7890145,-1.5900497,-0.2900236,-1.0995791,1.8422852,-0.56569546,0.5001766,-0.2899771,-0.5975983,0.24336994,-0.26794964,0.44932148,-1.22678,-0.4650309,0.86518574,1.1668041
0.9550838,0.30312303,1.1882827,0.6102803,0.077199295,-2.0498707,-0.4288297,-1.9978667,-1.1323276,0.5676253,-0.9991256,0.51623464,0.5153219,-1.7645826,0.99327886,-0.93492234,-0.91585267,0.17564142,-2.0328782,-1.303989,-1.0811309,-1.3474574,0.9349839,0.9892354,-0.5330588,-0.5091726,-0.3668066,1.0556175,-0.79692227,-0.8527833,-0.71487945,0.19701232,-0.30036768,-0.3321001,0.9981755,-0.24668086,-1.3768456,-0.34406862,-1.0748644,0.44097167,-2.1562822,-0.2807055,-0.0359959,-2.259649,0.36759028,0.44610795,1.4392853,0.7793539,-0.2140065,1.4867707
1.8855594,0.8152499,-0.2052441,-1.1054822,0.7764039,-0.029286992,-0.83797973,-0.34666175,1.2035998,1.3729002,0.63464373,-1.191457,-0.8832508,0.34292248,-1.1318519,2.0942543,1.4522047,0.632478,-0.34053305,0.3883619,-1.4770225,-1.2104747,-0.43780428,1.552282,-0.25906757,1.8125119,0.3005883,0.4076717,-0.036909923,0.74177635,0.55348116,0.34446433,-0.43962088,-0.1003653,-0.51191455,0.13546242,-0.32287145,0.35307524,-0.08042366,0.94574,-0.84297746,0.12718594,-1.018417,1.8868357,0.14023289,-0.027017456,0.14023201,-1.6839665,1.189184,-2.5520961
0.07993673,-0.42297912,-0.90308493,-0.517008,0.38827536,0.7954166,-0.14215235,-0.27041146,-0.79474616,0.053861536,0.6114566,-1.1587756,1.0496676,0.31499454,0.67665464,-0.30300573,0.027257236,-0.22614908,-1.4653319,-0.21350686,1.02112,-1.4019796,0.030394718,-2.487895,1.6880549,-0.5069865,0.13850665,-0.52062196,1.2794664,0.16244614,0.36769453,0.22922687,1.0590582,1.8395247,0.97485733,-0.7074229,-0.60556227,-0.81979525,-0.43095303,0.23694797,-0.4325632,0.5427018,0.784277,-0.010024727,1.7296536,0.47556335,-0.46605408,-0.29121682,-1.035679,0.5253137
0.3696425,-0.3166865,-2.1581461,-0.8536928,1.1016086,0.13192831,0.40143543,-0.74146706,-0.0012076064,0.48171955,1.2502072,0.31649363,-0.89165103,1.1023163,-0.5439045,1.3026052,0.3651966,-0.28195104,0.69517577,0.76835555,-1.0432816,-1.1212215,0.5225622,0.7453607,-2.0160806,0.61305207,-1.7102132,-0.8179845,1.6955163,-0.510304,1.3278677,-0.013988813,-1.3616437,0.9229729,-1.3419622,1.1094996,0.71612865,-0.9668094,-0.13341643,-0.08112297,1.080561,-1.1656262,0.54908043,-1.0976168,-0.90652454,-0.38850352,1.3288505,-0.25749213,-0.09722182,-0.50217104
1.7247249,2.90526,0.10205419,-0.547605,-1.1596903,-0.45237184,1.7960478,-1.3782972,-1.4012465,1.0425745,0.44332364,-0.4206187,-0.66524714,1.401462,-1.3515674,-0.22356164,0.94048965,-0.8280754,1.3357581,1.389881,0.16315822,-0.3186131,-0.9714197,-0.4026371,0.046697102,-1.7807388,0.2775751,1.2426659,1.1149588,0.45298722,0.38640803,0.8114849,1.8413303,-0.26400715,0.5509326,0.12900816,0.91252893,0.4971099,1.9050819,-1.5985214,0.30754727,-0.67683727,0.14116645,1.3342749,0.30511215,0.15791506,0.40952435,1.0369987,-1.7097008,-0.755413
0.88644916,-0.77149403,-0.803889,-0.026403131,1.4515424,0.13076206,0.68530726,-0.050176263,-0.11317867,-1.3517685,0.87078524,0.7045165,0.14981717,0.3405034,-0.073692165,0.8407797,-0.91123396,-0.23915118,0.9786769,-0.94210434,-2.8624218,-0.9822697,1.4841957,1.2479178,-3.1211355,-1.532073,0.6554928,-0.67196596,-1.6502587,-0.7570043,0.38569275,-0.5030051,0.14994937,-1.8717829,1.2308819,-0.28797898,1.0752134,0.40886506,-1.2620966,-0.6484593,0.13482606,0.20108221,-1.26966,0.20750175,0.3731603,-0.37535095,-0.6184682,-0.6346116,-0.46356815,0.33037645
0.64574355,-1.2400609,0.8101969,-0.21904646,-0.4399663,0.9716591,0.5652058,-1.2369827,0.37869114,0.8268591,-1.6363177,-1.5452132,1.5802759,0.17122844,1.7791404,-0.5752746,-0.26339978,2.7874532,0.82134974,-0.34610912,0.2766642,-1.058455,1.7388138,-0.70232826,0.3905825,0.5764202,2.1481354,1.7055691,-1.3582027,-0.34339288,-1.0470772,0.8350047,0.48899183,0.49020094,-0.7036621,-0.318029,-1.2952394,0.33545443,-0.44301113,-0.7570315,-0.39985225,0.50013745,0.114574976,-1.3648667,1.6303971,-1.5686471,-0.45285973,-1.0260564,-0.051610954,-1.0364599
0.45647737,0.034477107,1.2076932,-1.2051808,-0.77222973,0.7827928,0.30283558,-0.5089986,-0.33553466,-2.0921543,0.50940096,0.30266824,-1.06943,0.7975296,-0.29001185,-0.8720361,-1.3925959,0.14600836,-0.34819937,-1.156891,1.0155627,-1.5575403,-0.21224366,0.7034774,-0.24412912,-0.5924957,0.8237193,-2.9402602,0.20312715,0.21382861,0.24390657,-1.8415389,0.18454607,0.56183153,-1.7445683,0.610949,0.3514518,0.8270341,0.5124868,-0.46008754,-0.54744816,0.12021787,0.17041996,1.3692176,1.4551879,2.2694483,-1.4768488,2.2309613,-0.15530194,0.09767248
1.4774224,-0.81559765,0.077726,-0.214882,-0.74527186,0.28193578,0.44236898,0.5285717,-1.2170373,0.8071972,0.035771444,0.28521582,1.2524539,1.9330348,0.3085158,-0.34382248,-0.14093518,0.034894295,1.7861931,0.36460716,0.50970745,-1.7345251,0.22756556,-1.3010862,-0.7389572,-0.61767155,-0.5573424,0.17195265,0.041134726,-0.50488466,-0.64745665,0.44616097,0.6802077,-1.5519806,-0.032023977,0.54272795,0.7497643,-0.5713899,0.18932763,-1.2342448,-0.3499293,0.5772717,0.48091257,1.5426234,1.3199537,2.0282824,0.91761875,-1.1574105,-0.673353,0.64373934
-0.8264316,0.2837867,0.41853696,-0.7362149,-3.0401523,-0.6854922,0.040357135,0.6928426,0.4615717,-2.122671,0.089737706,-0.7104238,-0.5477229,1.0094744,-0.81411046,-1.0587927,1.6831381,1.0034515,0.38555726,-0.79082346,0.44741598,-0.8275122,-0.36475298,0.42315698,-0.26003978,0.2600064,0.79294777,-0.3404358,-0.8094818,-0.91892576,0.31604096,0.53453094,0.48875904,-0.27757642,0.7416657,-0.8989035,0.16741262,-0.22089714,0.23674187,-0.9384415,1.3181677,-0.98157877,-1.114245,0.61224455,-1.2264923,-0.61731046,1.2524236,-0.79303694,0.64314675,0.59762317
0.1579965,0.46432593,-0.95580584,0.09136941,-0.9130347,0.6120886,-0.30667016,0.16377208,-0.17240223,-0.0499679,-1.6424667,0.41301575,-2.1174846,-0.6233537,-0.3382131,-0.6822684,0.31482396,-1.691237,0.5627462,-0.93608046,1.0981848,-0.08960575,-0.2732252,0.8270658,0.615665,-1.0310049,1.0004553,-0.039398797,0.46061537,-2.6801975,-1.1005876,1.0344751,0.4757047,0.9859844,0.02028145,1.4251593,1.285055,0.385815,0.5045554,0.35360143,0.5515537,0.11768807,-0.4389927,0.4685144,-0.41453493,-0.5447093,1.1739159,-0.84562624,-0.94717413,0.39610824
0.17532825,-0.32109982,-1.381597,1.1538727,0.12833324,0.65079206,-0.17832422,0.91882974,-0.37165564,0.24189112,0.8125092,1.1448897,-0.46710485,-1.4783964,1.1955872,-0.6181689,1.4944954,-0.68900055,1.7318405,1.5004009,-0.48385325,-1.594575,0.8160538,0.87327456,-0.56745666,-0.37937787,0.4835372,0.98415226,-0.53762394,-0.12477352,-0.97099674,0.33477032,1.1485541,-1.3375176,-0.29804263,-0.5022158,0.7369764,-0.25183636,-0.030390622,0.7640161,1.1709225,-0.8762889,0.33966073,-0.06271067,1.6594877,0.43296534,-0.77159804,-0.11359003,0.74049,-0.2949091
-0.30314898,-2.0536468,-0.1876651,-0.4038372,0.19438238,0.57901233,1.8450518,-1.0893053,-0.0055690287,-0.11803701,1.7572019,2.1393163,-0.7243935,-1.0840846,-0.5285744,0.2987634,2.5353835,-0.9869221,0.1757012,-0.10938394,0.44057134,-0.8171781,-1.3461428,-0.90768677,1.440024,-0.5949545,-0.38362318,-0.0812136,0.5603209,0.059476264,0.05760123,1.6795894,-0.65593284,0.24987134,0.46936408,0.043003574,0.19404468,2.1682155,1.6054662,-0.43655592,0.7536265,-0.6198757,1.5732731,0.13752216,-1.905866,0.57534534,-0.13523273,0.82892436,-0.7439474,-1.1407034
-0.99568063,-0.6092542,-0.14742173,-0.28507528,-0.06544529,-1.6684507,-0.99323595,-0.9241691,-0.42536297,0.2604743,1.7169356,1.1186465,0.9518542,0.3648484,-0.1457722,1.3818539,0.3449294,-0.600793,-0.10027945,1.1660494,-1.1638429,-0.057106357,-0.20483673,0.43456626,-0.6436697,-2.4219992,0.9243502,0.91779035,1.0155929,-0.5860836,-1.6087946,1.1156653,-0.18865922,-0.44656074,-0.41822398,-1.6407939,0.5411157,0.8561785,0.23828125,0.3956045,-0.6003077,0.78260654,-2.0814726,-0.32920808,0.5683357,-1.8597041,0.69967175,-1.4476057,0.62435895,0.21089888
-0.002246858,0.61205155,1.3810439,0.16419913,1.7355787,-0.8431325,0.030724032,1.0324521,-0.35404086,0.45765254,0.29279333,-0.29039538,-0.5071736,-0.5856439,-0.62671477,-0.53204894,1.4033303,0.41226447,1.1889403,0.443006,-1.1103641,-0.8852162,1.2567369,0.23882268,0.17525546,0.23973782,0.26259604,-0.7811535,0.70253295,2.5631132,2.6440206,1.4062849,0.12907645,1.1087962,1.1418036,-0.400695,0.20246299,0.9499627,-1.0063868,1.4122027,1.3521204,0.40293252,-0.7919877,-0.80599564,-0.18271135,-0.55588895,-0.6792669,0.03822165,0.3941229,1.0082824
0.6861409,0.19389957,-1.9009634,-0.36861366,0.5919919,-0.27967772,0.83615845,2.2622824,-1.1403146,-0.19827093,1.503978,-0.54367495,1.6873268,-0.72064763,-0.38554823,0.49861327,-0.11907637,-0.6281786,-0.9127323,-0.99473315,-0.77580756,-0.06769874,-1.4640545,0.048212506,-0.06526156,0.68454975,1.453784,0.80570567,-0.6751824,0.41975945,0.9150668,-0.45418385,1.2150406,2.1791456,1.6382854,0.5117414,-0.33008516,1.997491,0.26973483,1.6386063,0.32371375,1.6328956,1.1226486,0.6677554,-1.1238859,0.41415694,-0.44229594,1.0375005,-0.5870101,0.48925662
0.42237657,0.49890542,0.78583354,1.2809093,-0.57187665,1.490724,1.2446388,-0.44293457,1.3023356,-2.195757,-0.37168735,0.33183303,1.3880558,0.77118623,1.087616,-2.1193194,0.613814,-1.4077239,1.32485,-0.743625,0.963706,1.3416736,-0.5247984,0.6086153,0.88174397,0.49630034,0.91057205,-0.89743215,3.4757214,0.028192608,-0.22852752,-0.3622959,0.33264628,1.520281,-0.28927222,-1.2900207,0.5761028,-0.35355777,-0.097067356,0.27506733,0.26494336,0.7292902,-1.6341602,1.1727089,-1.8272629,-0.78526074,0.5047614,0.32888162,0.94494385,-0.86270976
-0.8348632,-1.6189413,-1.927332,0.1607388,1.0301756,1.5666771,-2.691351,0.8664325,0.7974553,-1.6770382,2.3842878,-1.6882329,0.47624078,-1.4074079,-1.2185907,1.0053272,-0.3756214,0.78038025,1.0364788,1.9010147,0.7740598,1.373155,-0.6599007,0.1625877,1.5767002,0.2566213,-1.2296717,0.7784698,0.3607896,-0.677051,0.9866336,0.48588368,-0.7398327,-1.7235225,-2.0897512,0.2935271,-0.321311,1.034977,-1.3850969,-1.2629069,-1.1474545,-1.7488853,1.385578,-0.407552,0.76063114,-1.4817609,0.052219506,2.8923583,0.42380723,1.0868193
-1.1742253,-0.021159772,-0.41001466,-1.2969066,-0.16702999,-0.82806385,-0.68851244,1.9203814,-1.6272088,-0.49691054,0.66775095,-0.46501756,0.17339788,-0.078098424,0.08689119,-0.019716326,-0.35706586,0.063034885,1.8522645,0.7159849,-0.09822141,-0.9446037,-0.9847586,0.45830622,0.8145886,1.223872,0.12763873,1.003598,-0.70521665,-1.30056,2.79056,0.3020675,-0.26188073,-2.0392365,0.17065836,-0.2030227,0.79085517,-3.4900544,-0.20913401,0.4129924,0.04908775,-1.7142115,0.74910426,-0.1328748,1.5483199,0.4240836,2.3432724,-0.39224407,-0.25969648,0.48006117
0.6957677,-0.9682498,0.389043,-0.9037688,0.21425563,-0.71165043,0.12321855,-0.37266126,-0.76952004,0.55500793,-0.39854634,-1.7176849,-2.296443,0.9497769,-0.06318955,-1.1982391,-0.5878524,-0.44519544,0.6920931,-1.8539811,1.3770018,0.3962894,-0.058885723,0.8776335,0.72967523,-0.827292,-0.45598432,0.94519824,-1.6212564,-0.745692,0.71797276,-1.7356697,0.5933942,-0.9439638,-0.36479342,-0.15882881,0.06460492,1.5049675,-2.3121827,1.0377859,-0.86301553,0.6197816,-2.1526184,0.66978776,1.3877914,-1.1562697,-0.41837546,1.8738072,-1.5820028,-0.1576794
-0.8666163,-0.45996994,-0.9575989,0.065389,0.012239471,-0.1495662,-1.7617321,0.56078047,1.5090296,1.5885224,0.48302096,0.2590557,-0.55847186,0.3487747,1.7526007,0.7447301,-1.5311549,0.5229882,-1.458801,-0.9264611,-0.48801458,0.3188021,-0.65725625,-2.035061,0.96855515,-0.7908208,-1.4991112,-0.23704664,-0.36541152,1.6607168,-0.9029105,-0.0516376,1.4266621,-0.4109,-1.094323,-0.1095728,1.5144846,-1.850122,-0.88018626,0.872016,1.4894183,0.2531052,-0.2635908,-0.35290304,1.3361404,-1.7429104,1.5253896,-0.5767216,-1.20593,-1.6078159
-1.8225412,0.9812404,-0.14589755,-0.70791173,1.4141215,0.03971668,-1.4329914,0.27008373,-0.85184723,0.5075296,-1.4147819,-0.88056695,0.8905093,-0.23418087,-1.9607102,0.28274533,0.9631357,-0.43259943,-0.9557668,0.114707,-1.7657245,-0.40734124,-1.4697396,0.32194138,-1.5069939,0.962084,0.37290794,-1.0815976,-0.08193705,1.2944441,0.09687997,-0.06485209,-1.7397766,-0.18188667,-0.82715267,-0.28688085,0.094398096,0.047480784,-0.7931312,-0.22113343,-0.81365883,-0.4124246,1.4971251,0.8410463,0.8914178,-0.7152719,-1.421474,1.2832558,0.44948825,0.8230459
0.79342866,-0.41413975,-0.027094726,-1.1248784,-1.4493228,0.1562951,0.6320534,0.5314418,-0.6472592,-1.4327217,1.0562555,-0.39519683,1.5193778,-0.09753611,-0.29876775,0.11437939,-0.6951128,-1.0490992,0.07632754,0.47293884,0.36711192,0.58561313,-0.8672547,-0.67129344,0.13124551,-0.8928141,-0.9360682,0.015900979,2.3878102,-0.43713513,1.1729577,1.5865786,0.7419551,-0.6010043,1.1983899,0.76064324,0.69838417,-0.40326118,-0.01351558,-0.24242112,-0.12822665,-2.1425703,1.0195557,1.9120117,0.98786896,1.2679859,1.4609151,-0.9452445,0.4044149,0.26962367
1.1079999,-0.12107702,0.5605977,-0.75100267,0.45122844,-1.0449746,-0.14051996,0.21165633,0.2875409,-0.5860259,0.37954983,-0.9522318,-0.4612113,0.6020902,-2.4739373,-0.8830028,-1.5573372,-0.07525687,0.40504688,1.3594973,-0.37403303,-0.41229907,-0.6217323,2.4010293,1.6114906,-0.8189066,-0.25936824,-0.15099013,-0.25336745,0.5404715,-1.7794973,-0.19063316,0.80053073,0.7045915,-0.012129525,-0.8101337,0.7428548,-0.33780515,-0.5087949,-1.0256766,-0.12777573,0.6754333,0.4102507,-0.31570935,0.65596133,1.1599306,-0.035832874,-1.763806,-0.22679214,0.21527757
0.7820212,1.7419289,0.7389204,0.23105243,-1.1648995,-1.2827804,0.11035614,1.1385288,-1.6368356,0.7370464,-1.6871736,0.41341883,0.8935933,1.2670686,-0.39434314,-0.5514197,0.20926182,-1.1512096,0.89002466,0.785244,-1.3513186,-0.16639149,-1.671287,-0.90849936,0.79634446,0.27102453,-0.100399256,0.384779,0.424481,1.0175412,0.055450924,1.0005618,2.5092232,1.066969,-0.86939937,-1.5681319,1.101661,2.314535,-1.2573223,0.6280076,0.0075502996,-0.31053302,0.14645204,-0.9178737,-1.023627,-0.5866174,-2.2769473,-0.010972707,-0.2097932,-0.4809122
-1.7638323,-0.50117433,1.13531,0.4211577,0.2544392,-1.1592828,-1.2890544,0.057032198,0.26065361,-0.6616474,0.29020306,0.57499087,0.119615674,-1.0166304,-0.26448703,0.47693202,1.1225293,-0.90718955,0.8453341,2.1213925,0.33708087,-0.31308654,-1.1237826,0.02510861,-0.5555945,-2.3729315,1.4883647,0.8387167,0.9383006,-0.2423872,-0.3631561,-0.084243305,1.4673029,0.73845506,-0.0057871374,-0.44157547,0.69693726,-0.84715384,0.71723783,-0.104521684,-0.63968927,1.1034778,1.4690102,0.840313,-0.20627277,-0.037299257,-1.2822068,-1.6450613,-1.0940533,-0.30497867
-1.0877783,1.4837745,-0.82180625,-0.5892537,-0.016868459,-1.2707171,2.033831,-1.4179884,-1.7133888,1.1152041,-0.6065873,-0.86831534,-1.9664412,-1.5274518,0.3964118,-0.3648102,-1.815249,2.2892663,-0.58172876,0.51498836,0.39867112,-0.55178845,-1.6071708,0.6013125,0.33156952,0.4120499,1.0659382,-1.1070018,-0.11019382,-0.78519523,0.3244304,-0.57411015,-2.6137946,-1.3441834,0.32869342,1.1167167,-1.2674032,0.42513812,1.0430102,0.9971594,-1.0067027,-0.7795901,-1.4929931,0.82752275,-0.47630277,1.1985304,-0.9072301,-0.92561203,0.8904153,1.294333
0.5712246,1.7091638,0.98403305,-2.0169702,1.0745581,-0.65418047,-1.2108564,0.26397702,-0.16331422,0.15032502,1.4977405,-1.6354921,-1.220306,0.8065478,-0.9856235,-1.8889513,-0.23746382,-0.94823176,-1.0340452,0.07939206,-2.0472953,0.46495628,0.3244255,-0.66935474,0.90013146,-0.24649376,0.383169,-0.3278445,1.3987408,0.25839263,-0.22921596,-0.94693935,-0.43830323,-0.80894715,0.47810516,1.1527348,0.13925885,-1.4362917,-1.9716684,0.3783051,0.5183199,1.9654678,-1.186254,0.66505444,-0.78270197,-0.3768883,-0.036906533,1.7239776,1.7525399,1.8898728
-0.02050533,-0.119196475,0.43285865,-1.0049806,1.0824604,-0.6962973,0.8653065,-1.8598012,0.8305496,0.9138047,1.27364,0.17145918,2.681948,-0.74118996,-0.676869,0.43946943,1.6235864,0.21451022,1.2860183,0.41802135,-1.4847064,-0.0692113,1.7382985,-1.1795843,-0.15449145,-1.1356926,-0.17196308,-0.8276802,0.48793536,1.1483623,-1.4177909,-1.8836097,1.4410204,-2.470907,1.36604,1.5307931,-0.68629026,1.4874451,-0.9902352,-0.14179456,0.40582547,-0.33620846,2.6546893,0.109872974,0.13205653,-1.3019829,0.8039359,-1.094237,0.02245342,-0.30182147
0.86632746,-0.29729408,-0.2976022,-0.7125466,-0.9327404,1.2112336,-0.79961914,-0.8880309,-0.09617151,0.6517536,-0.2741753,0.47260794,0.16848463,1.1625968,-1.1641304,0.39315662,-0.053907517,-2.2339478,2.1353247,0.017567968,0.9631241,-0.43112162,0.68948865,-1.3542628,0.93446755,-0.6019963,0.5297832,1.3803444,-1.1809504,1.8289162,-0.53642255,-0.91797906,0.29028907,0.75154054,0.92528236,1.2546624,0.46600845,-2.3771014,-2.1986392,-0.51455176,0.9849984,0.13336766,-1.5447588,-0.48417217,1.2883866,0.24618247,0.117591836,-0.9966604,-0.3233332,-0.76196915
-0.07093474,-0.045772884,-0.536494,-1.021676,-1.0997735,-0.65275294,-0.18319614,-0.6372933,-0.4142516,-1.6466206,-0.14670882,2.0475035,0.19123381,0.26074174,-0.9348518,0.3194201,0.6491946,-1.4687369,-0.9127551,-0.5969119,0.70260656,1.9286923,-0.44862586,0.21493787,-1.2415311,0.30345932,-1.5720786,-1.2760762,0.55769724,-0.5462486,-0.30478257,-2.2051413,0.45602155,0.423091,0.23583736,-0.32819355,0.10518291,0.32029355,-0.8801705,-0.22648537,0.1602742,0.57551336,-0.66074663,-0.008772455,1.2737566,-1.4273232,-0.20568164,1.195401,0.08034102,0.9092216
0.83552665,1.7199025,-1.1246145,0.29830313,0.3978238,-0.13925943,0.040066943,-0.2374099,0.27349132,-0.4325024,1.927518,-0.5309678,-0.06935226,-0.6219805,-0.24816673,-0.38252527,-1.2527385,0.9548076,0.39139548,0.19130047,-0.086451784,1.2086097,-1.0864189,1.1073465,0.3511689,0.24420904,1.6369439,0.6012626,-0.91291505,0.013808744,0.317374,0.021883745,0.4437199,-0.615222,0.9570188,-0.76150805,-0.092784405,0.84715974,0.9279725,1.2136126,0.013004528,1.8167144,0.8399927,-1.0521784,-0.18091993,-0.3705027,-0.097253054,1.6326026,0.12709585,-0.07879777
0.6228632,0.17141813,0.47053802,1.9601518,0.09662903,1.8570864,-0.5104689,1.0346699,0.37011686,0.99942774,-0.15245289,0.045492787,0.88130826,-1.3238558,-0.6403093,0.86679363,1.3802624,-0.22154179,-0.45853436,1.9682015,-0.28363633,0.108511016,-1.5305425,0.27195236,-1.5697504,0.40674838,0.39891362,0.09235019,0.060263038,1.1258179,-0.4577643,0.9954043,-1.0379449,-0.14496842,-1.7163792,1.0819215,-1.8357478,1.3543954,-2.0434198,-0.060715366,-0.70884717,-0.22145954,-0.5430878,-0.3795508,-1.4928921,1.1803662,0.29241195,0.7039592,-1.6662807,0.28595003
1.703593,-0.70044035,1.3300624,-0.21489303,-1.3392224,-1.0935131,-1.4587731,-0.6677087,0.4024824,0.0692554,0.42219666,-0.04574877,1.1243576,0.1667714,-0.40367094,-1.5493599,0.6622286,-0.669668,1.1307591,-0.28894356,-1.2875919,0.11862804,1.4017569,-1.2115437,-0.67125434,-0.34627587,-1.669903,-1.487634,0.9117093,1.0217468,-0.18201737,-0.6853404,1.5126197,-0.044111006,1.9609756,1.5921522,1.3910166,-0.6078236,1.0868964,0.86498797,0.2574161,-0.6196329,-0.39295086,-1.0139508,0.76744646,1.5105163,-1.4515897,1.5382868,-1.0754097,-0.6141307
0.47487321,-0.6556755,-0.26085654,-0.087860435,1.0063512,2.8378537,0.98700905,-1.0954494,-1.3846997,-1.7169385,0.30364165,-0.35935715,0.01577209,-0.56386846,1.4002272,-0.30398527,0.18242635,-1.0417137,-0.0019731373,-0.075065754,1.1245608,-0.28346637,-0.96732086,0.0591729,0.07770036,-0.057197876,-1.0659617,-0.93425745,0.18010357,-0.9787062,-0.17033136,-0.08944058,0.9898562,-1.9393939,0.41071808,-0.21297027,0.6339808,0.23284827,1.3340268,-0.114165805,0.15446779,0.8483414,-0.1364065,-0.085735396,1.6717281,-0.20150937,0.92229426,-0.65094346,0.05036679,-0.76997304
-1.9896355,-0.7025717,-0.23757343,0.4028582,2.150999,-0.24298885,-0.4250559,0.5790956,-1.2312586,0.48017216,-0.6814552,-0.9742398,1.621416,-1.9535564,0.8241769,-0.7913569,-1.2149228,-0.6428033,-0.56763554,0.4600508,0.96651167,0.3570697,0.28841653,0.48689058,0.02726498,-0.12452143,-1.6269716,0.8243033,-0.457372,-0.6229783,1.6708848,0.6149644,0.38085705,0.41171852,0.30985543,1.6946032,-1.7435527,0.7309098,-1.4504519,-1.4332442,0.8639725,0.46732825,0.30243242,-1.0423945,0.4103232,0.48204488,0.4381554,0.38292754,-1.0426282,1.303337
-0.2737214,1.5027328,-0.510817,-0.2966891,-0.9312291,0.39287063,-1.168883,-1.4541185,-1.7199339,-0.34578496,2.0767329,-1.2217461,0.69610554,0.21721798,0.2550695,-0.0740573,1.2092848,0.66277707,0.22523066,1.7519919,0.66926986,0.1767806,-0.5508958,0.62297624,-1.4343992,0.27154258,0.84689647,-1.5115315,-1.0317075,1.2980214,0.24621332,-0.08391095,0.7780169,1.6760814,0.012483158,-0.5436685,0.8670493,-1.4956983,-0.092073835,-0.012008704,-0.55766004,1.2541983,-0.84154654,-1.5946646,-0.30979195,1.3937283,0.25265092,-0.9251161,0.023618404,0.53998625
1.0806623,0.72939456,0.898539,-1.3210942,-0.73496795,1.1101998,0.99556404,0.31818706,-0.8322604,0.53933895,-0.34253016,-0.3124779,0.00034647583,0.70396656,0.08168275,0.25078753,0.8604949,0.016270762,0.17794605,1.4504445,-0.62353426,0.956546,-0.083567955,-0.6529955,0.6462512,0.48542947,-0.30985883,-0.68918586,0.6529839,0.10700565,1.8015414,-0.9538143,-0.30086076,-0.72446805,0.89119786,0.8010984,0.9509958,-0.83747387,-0.8630991,-0.17772517,-0.9368719,-0.2929087,-0.7247285,0.8162024,-0.116401486,-0.10277878,-0.25557676,-0.84877735,0.4815267,0.5063218
0.98000216,-0.5887128,0.8184686,-0.26226515,-0.038372576,0.17665873,-1.5136279,0.06426195,1.3347386,1.6729332,0.99824595,0.98698807,-1.0792388,-0.6645594,0.8393436,-0.059992626,1.8567901,1.1105468,0.026279666,-0.5531438,0.83041465,-0.9671758,-2.6310048,-3.054516,0.48969504,-0.88493913,0.2923678,2.1608312,-0.19977638,-0.08057938,2.1294875,0.36438957,-0.38372406,0.16010343,0.7632232,0.947001,2.0237904,-0.005363906,0.22158368,1.4682466,0.9696929,0.5918731,1.9299401,0.36982533,0.34560966,0.13487568,-0.79062617,-0.84987,-0.40829068,0.013920143
0.7564047,0.30317026,-1.6547244,-1.0238236,0.8591582,-0.88320935,-0.2942387,0.20309149,0.54762226,-0.107285954,-1.9101106,1.3840219,0.09645861,-0.70110226,-0.6951006,0.8046574,-0.50504917,0.0749899,0.09028246,-1.2535824,-0.9155348,0.7694555,-0.30852717,-0.011943575,-0.52441823,-0.1186115,1.248435,0.62865996,0.08466716,-0.12029746,-0.8414818,0.6178655,0.78989285,-0.17688204,-1.453233,-0.52682686,0.54124373,-0.97019416,0.81100196,-0.25306842,0.7568461,0.30096945,-0.25547564,-1.8659831,-0.42302296,0.29448977,0.08637315,1.4560021,-0.99482083,0.8637862
0.5356877,0.21235794,1.5637007,1.4387277,0.6043657,1.014648,-1.1759036,0.510214,2.102528,0.7536999,-0.064627126,-1.0414529,0.108891346,2.7704794,0.22894906,0.25388035,0.52231175,0.98764306,0.46248677,-1.6557328,-0.036303762,1.2585899,0.35215834,-0.36648375,-0.06859937,-0.34589553,-0.0037851804,1.1116323,-0.34728754,-0.983389,2.1550796,0.96211076,-0.23758826,-0.65690875,-0.2339041,0.14036033,2.240401,-0.93476653,0.636381,-0.117361225,0.60620934,-0.541623,-0.88272786,0.6102624,-0.51981246,-0.18638396,2.1778157,0.24534993,0.7569111,-0.3404248
-1.2389617,0.6459105,-0.3219511,1.5583239,2.1946864,1.1758065,-0.45005777,-0.5701733,-1.1319609,-2.4307175,-0.129233,1.7831548,-3.0566723,-1.3411127,0.22868814,0.49833772,-1.0152586,-0.27752885,0.19092897,-0.0048744874,-0.36882547,0.16712397,0.5561486,2.4801288,-1.3504303,-0.71551937,-0.6220075,-0.42445323,-0.6213975,0.19326179,1.7045013,-1.1392378,-0.67594516,0.85923576,1.7643279,0.6641998,-0.12777945,-1.4767439,-1.3096519,-0.75989926,-0.86894923,2.068448,0.9569063,0.5904808,-0.22582154,0.45082992,0.0011368406,0.13054205,1.4465051,0.058481112
-0.227151,-0.27533463,-0.9478005,0.99451727,-0.88473904,1.419972,-0.6903862,0.9990018,-1.7434961,-0.7005122,1.6988548,-0.58298624,1.9328642,-0.35926878,0.13508706,-1.4902867,0.53532904,0.9786034,-1.5109972,1.1945848,-0.11706786,1.3870112,-0.061243393,1.1903421,1.5232431,-1.206676,0.032743916,-0.463777,-0.9378534,0.39752874,0.15970074,0.11445162,-0.7469586,-0.14709732,2.8854067,-1.2051493,0.03221382,-0.7177298,0.6730422,-0.2257864,0.20151302,0.6990037,-0.1436375,-0.7616035,0.6573947,-0.42453754,0.55826277,0.51646847,0.27449086,-0.32917973
1.3335714,0.69788724,-2.2146766,0.3340956,-0.41938066,0.15832172,1.5496823,-0.16605748,-0.4372258,-0.19852751,0.010755468,1.105567,0.3993176,0.25462052,1.3444065,-0.9207571,0.60887355,-2.2506855,-0.28165844,-1.5188848,-0.42445603,-2.0297186,2.8714278,-0.7246742,0.867213,0.9827964,-0.017442603,0.0375271,1.2719798,2.4724777,-0.86099327,0.1585604,-0.81861556,1.9236413,0.89496696,-0.85867864,-1.6388626,-0.88986397,0.33840647,-0.4333495,2.0545063,0.7183852,1.0834646,1.7197833,-0.05974012,-2.005018,-0.43325734,0.6199181,0.27089888,0.554917
0.072517656,1.1372919,-1.4330118,1.0642389,-1.1390591,-1.330103,-1.4612272,1.0778762,0.7631327,1.2031159,0.67670465,0.26638603,-0.1927589,1.1921905,-0.16456123,-0.08722458,-1.3398545,-1.2285866,-0.4843384,-2.0267715,0.09591772,1.3041582,-0.3259047,0.6584533,-0.5022991,0.24009135,-1.2736665,-0.14663607,0.024626758,1.813026,0.7381023,0.15052263,2.345234,-0.20825878,1.1986637,0.32607773,1.6126832,-0.30372578,-1.7000505,0.90678656,0.2618957,0.55190134,2.2404902,-0.82907057,0.36679602,-0.1753834,-0.6663832,-0.90273577,-1.3071407,-0.021447532
1.2470652,1.3799531,-0.2162534,-1.3500035,-0.8387523,-2.449393,0.1079514,-1.2262306,-0.33710825,0.081751116,-1.725852,0.7726377,-0.98402303,0.96212626,-0.7832432,1.101276,0.17996284,0.646744,-1.6922709,0.7160547,-0.5848155,1.2024006,-1.1358261,0.75668705,-1.9412882,0.018747775,1.0598452,-0.63150537,0.117418006,-0.89916855,1.101745,-0.81855136,2.0491805,-0.4919864,-1.4731005,-0.6752581,0.037820708,0.62579805,-0.69295794,0.002839106,1.4931607,-0.57706004,-0.06272977,0.97620934,-0.14084844,0.7668929,0.4177345,-0.8845321,0.65032715,-0.3870508
1.0454332,-1.6159534,1.3551835,1.0433671,-1.0562233,-1.7368035,-0.52944255,0.26726386,0.78482616,-0.66025835,-0.9777122,-0.4181194,0.491881,-0.7136839,-0.38239145,-1.1725199,-0.9332945,1.1642388,-1.1428335,-1.3334606,-1.4532332,-0.82641965,-2.3154624,-1.7044804,0.23339951,-0.4639299,-1.4902923,-0.5091544,0.011858357,-0.4984886,1.0769806,1.7132571,-0.5010378,0.35505804,0.24646184,0.30155563,-0.43249252,0.2022748,-0.3807052,0.4591053,0.15722111,-1.4796255,0.745615,-0.73658115,-0.56562984,1.8123329,-0.49341178,0.07846169,-0.4617657,-1.4033995
-0.19340056,-0.12877946,-1.6821209,0.59822404,0.48729944,-0.5792706,0.16128315,0.5342157,0.8633668,0.97080934,-0.16813475,-0.902492,-2.5514355,1.642072,-1.8382112,2.083751,-0.50794065,1.5954868,-0.52645373,0.6431844,-1.3363895,-1.1229861,-0.4148972,-0.32682928,-1.480355,-1.0130333,-1.0511453,-0.7248416,1.8925196,1.9031088,-0.02607464,0.5954052,-0.50825554,-1.2768292,-0.15366139,-1.0307727,-0.09054941,0.81221294,-0.3057214,0.5328989,-1.1680853,1.7578479,1.2740192,-1.3274927,0.24163789,1.0261246,-0.020526102,0.13867186,-0.29820082,0.7972465
0.22203906,-1.4687867,0.21335812,1.3447286,0.58158326,-0.49535468,-0.18257323,-1.1382917,0.0073780823,-0.78931653,-0.74474216,-0.5208871,-1.5971295,1.0949273,1.7106357,0.25263336,0.72066927,-0.1624521,-0.5008493,0.65768903,0.45548463,1.2580738,1.5747209,-0.7792111,0.37682977,-0.4199998,0.2107499,0.15304406,0.95129734,0.05931305,0.5193304,0.24892773,-0.25992665,0.47865337,-0.11807231,1.4311907,1.93076,2.7606025,0.063843474,-0.54824704,1.9245275,-0.28171012,-1.1498508,-0.7285314,0.43129474,0.020981524,-0.007838638,-0.8462754,0.41856024,0.18112767
1.2125883,-0.8809917,0.3207337,1.2219163,-0.6023526,0.642333,-0.73457706,-0.30018887,-0.5394537,1.0003476,0.18565926,1.6920017,-2.0568168,-0.83750993,1.7482485,-1.3249081,2.1535332,0.9086715,-0.29209056,0.50823414,-0.21299042,0.2850322,0.82531863,0.10037386,-0.6492779,0.071006685,-1.667066,-1.1282312,-1.008288,0.873639,1.5327177,2.0643737,1.7090957,-0.6926638,-0.32754835,0.829282,0.8982361,0.9195738,1.8673258,-1.0305645,0.41219506,0.12809382,0.47388256,0.090886995,0.34500036,0.0978516,0.7323473,0.823147,-0.3814695,-1.1030575
1.0500613,1.4732713,-2.2771719,0.23547617,-0.98137957,-1.5102673,0.16883008,0.2870482,0.3320268,2.297766,0.48444584,0.6399633,-1.7032653,0.85395324,0.32795504,1.1655083,2.291568,0.76951283,-0.08641753,-0.46723813,-0.78631645,-0.6449922,-1.589236,1.7334142,-1.7397786,0.45790157,0.33635825,0.7120009,0.48620123,0.25684896,-0.24087496,0.2488724,0.06948583,1.7405909,-0.43844402,-0.38116252,-0.63651633,1.1965706,-0.41746777,-1.0493913,-0.9388376,0.2805442,0.30938894,1.4136652,-0.31516317,1.4563688,1.4432703,-1.1216849,0.9941969,1.7786582
-0.09263789,-2.213037,0.18886141,0.93996465,1.6942351,0.48668882,-0.018749118,-0.83172166,0.5571023,-0.32422468,0.42542696,-0.09677376,0.21353124,-0.25884926,-0.6929153,-0.84048873,-1.0246578,-0.15888956,0.575767,-0.5566912,0.06184715,1.0679747,1.3270512,-1.0501394,-0.60779184,0.43351728,-1.3480552,-0.12193837,0.15180208,1.2363404,0.672134,-0.3845362,1.3705269,-0.6719709,0.7459437,0.0011856877,0.5224433,-0.94642097,0.33378157,0.93712133,-0.09551023,-0.8022835,1.0579932,0.16237587,-2.951238,-0.6865659,-1.2380904,0.32719168,0.30977082,-0.75294834
0.67525095,-0.3823193,-0.3078215,0.29471233,0.055047493,0.133902,-0.7876111,0.1435922,-1.5173863,-0.08176578,-1.1071926,-1.0308721,-0.75728077,-0.13720347,0.83285135,-1.2635638,1.1832596,0.338054,1.4299524,1.2960107,0.64756435,0.52908164,-1.8405762,2.7097418,-0.8411838,0.86591136,-1.5297974,-0.74146444,-1.5802479,-0.169411,0.101820335,0.21751124,-1.634098,-1.791462,0.6652753,0.93198216,-1.1782682,0.321,-0.874776,-0.5223084,0.1526156,-0.6224086,0.28753838,0.268691,0.34509078,1.6255925,-0.26136512,1.3938005,-1.6338567,-1.2585657
0.092801504,-0.48078227,0.9871536,0.03317175,-1.6554042,0.675957,2.6535134,-1.1347265,1.0816708,1.4026129,0.44129744,-2.0219176,0.08652174,-0.17971656,-0.9568452,1.5233114,-0.80889326,1.0638835,0.67829204,0.20922692,0.34438732,0.4765995,-2.919332,0.76327455,-0.10241169,-0.7488891,0.94455105,1.3582679,2.4537137,-0.63078076,1.7984921,1.0741844,1.735885,-0.4671882,0.4484686,-0.085757405,0.30402574,0.3419307,0.010240612,0.85511696,0.2851014,0.11163921,0.14613503,-0.9817234,0.41617432,-1.8279353,-0.8489027,0.040563244,-0.6031003,2.4383535
-1.021394,-1.7669791,0.5576242,-0.3064029,-0.26918575,1.4451795,-0.05120672,0.8470479,-1.5641633,0.32685018,-0.2573503,0.11306879,0.9798808,0.51065415,-0.86259896,0.9936081,-0.34562337,-0.8337469,0.6685962,0.3767466,-0.7598416,-0.13142322,-0.2750033,-1.0623847,0.62292725,0.30950943,0.8127025,0.56755346,1.117169,-0.68747324,-0.08376397,0.31798306,-0.5278189,-0.54398906,-1.5789402,0.075882114,0.555052,0.022606596,-1.2425034,0.44800857,-1.0626271,0.033020005,-0.9129464,1.6168889,-0.94879496,0.8735719,-0.8318055,0.5648176,0.9486708,-0.5336808
-1.6188937,1.2225584,-0.4460158,0.90259963,1.2438096,-0.19303817,-1.0432837,0.2782531,-1.3436902,1.8634158,0.065192044,1.607656,-1.9401474,0.37712008,-1.237084,-1.3459154,-1.5788721,1.1454875,0.20449941,-0.79728377,-0.6690151,-1.1667159,-0.36987802,0.29117417,-1.9758929,1.0928662,1.0732735,0.33502626,-1.0030906,-2.5895097,-0.02370114,2.0868514,0.36856544,2.1780586,0.8965507,0.19882892,-0.12586945,0.7304738,0.5110363,-0.34019807,0.09126687,1.363335,0.86496973,-0.38278323,-0.90539926,0.63883907,0.34695494,0.3331719,1.7359376,-0.8179474
0.20649418,-0.4489879,1.2961851,0.18362494,0.3781805,-1.8898338,-1.0744253,-0.19760501,0.26878542,0.3876066,-1.1480958,0.32129526,3.7630682,-2.9797127,-2.1693811,0.46685487,0.24879807,0.002028436,-0.69654137,1.8497349,1.3092924,1.5993254,-0.20965163,-1.163368,-1.1221958,0.50834805,1.2850782,-0.72030324,-0.47120583,-0.72368735,-0.137349,0.5010251,-1.4726906,-0.5576228,0.8742069,1.1905488,-0.45357734,-0.6297388,-0.38131082,0.2854602,0.5273271,-0.03736984,-0.29810852,0.043071315,-1.8084885,1.2697766,-1.402909,0.34673062,-1.0400431,-1.6655196
0.42700097,-0.30827624,1.0533882,-0.100663565,0.9038727,-0.53393966,0.20329869,-0.2762165,1.0252527,-1.5775375,-0.66729254,0.4240583,1.325913,-0.6499381,0.021067053,-1.4900641,0.94476706,0.69598955,-1.7797935,-0.42562973,-0.4471401,-0.03966688,-0.6563682,0.74465024,1.421611,1.463204,1.9312525,-1.5477083,0.08560193,-0.025153637,-0.32593632,0.46317407,0.14141254,-0.12669437,0.7485763,-0.47610486,-0.43405163,0.53162223,0.53346676,1.1956007,-2.629141,-0.06442239,-1.5974711,1.0598127,-1.2520069,-0.8587768,3.2163372,1.0266042,-1.4289635,0.419384
-0.42373434,0.40004992,-0.3793382,0.7342733,0.9007075,-0.48456043,0.3480494,1.122385,0.09879058,0.743931,-0.545686,0.31746265,0.3288946,0.27420697,1.2951677,1.0803063,-1.0600626,0.010509588,1.1358122,0.5674862,0.59294975,0.15154408,-0.9863506,-0.5846679,0.8736639,1.7339729,-1.143004,-0.86308885,0.4179103,0.66853637,0.7355692,-0.566874,-0.62074786,1.3215342,0.6447448,-0.18915361,0.83112454,0.45513156,0.6626413,-0.39338365,-0.27509916,0.20454608,-0.5003096,1.3321639,0.7536809,-1.0024993,-0.52515423,-1.3171334,0.5224979,0.6521083
-1.2262143,0.9621161,1.3096683,-1.1814948,-1.7313032,-0.5439991,-0.78743905,0.9349216,1.3301908,-2.164818,-1.4360055,1.0000116,-0.40073118,0.75010204,0.68119866,-1.3282722,-0.80517,-0.29683885,1.1084353,-1.9834608,1.5082198,1.9888675,1.1778895,0.27613354,-2.0148597,0.76350296,-0.4841964,-0.43806407,-1.8117679,1.0752375,0.48561522,0.19478215,1.4177289,0.870533,-0.7332304,-1.0342752,-0.8177683,-1.1368752,-1.2798636,0.19030619,-1.4168139,1.3838578,0.44906098,1.8926917,0.9961895,1.3232927,0.29205555,0.03354918,-1.1167533,0.47402662
-0.0634535,-1.1951911,0.20117016,-0.3592225,0.25639117,-1.93537,0.9938337,0.92903966,2.317565,-0.8408076,0.8431659,-0.79717535,0.67885923,0.1401067,0.5890368,-1.2602054,0.109811336,-0.7399101,1.1693475,-0.41994718,-0.9980864,-0.6314662,0.7436021,-1.3524107,-0.5835022,0.79242724,0.28054807,0.18405072,0.51347363,-1.5974137,1.131383,-1.9427547,0.03972938,-0.48429954,0.507397,0.6059916,-1.4744006,1.0953052,0.21647158,1.3182558,-0.22745179,0.8990726,-0.65479213,-1.2930334,-0.09223053,1.254246,0.9651339,-1.6485271,-0.34588203,-0.149404
-0.33746856,0.87199426,-0.421677,-1.3134447,1.3387367,-0.8594649,-0.602696,0.23606376,0.63429534,-0.14606753,-2.7071106,-1.0664012,0.5576562,-1.0212444,0.066350654,-0.40592617,0.54180527,-3.0865037,0.36302498,0.54862255,0.8242981,1.2017269,-0.27558452,-0.71055746,0.944255,0.2557554,0.075425684,0.6043497,-1.3900256,2.2505438,0.42730543,0.2632207,-1.2636379,1.8741981,0.01954043,0.17525129,-0.56011426,1.0750741,0.30451813,0.6653614,1.2445514,-0.31677157,0.28828418,0.8382066,0.016606558,-1.7917724,-1.5871575,-0.54049313,0.81623656,-0.07720956
0.096026815,-2.0783355,0.59958446,-0.05816474,-1.4139014,-0.7811511,0.8720426,2.289995,0.02211663,-0.04268981,0.38105553,-0.13838539,-0.36172727,-1.9441212,0.39918536,0.43888065,-0.1036928,0.5381323,0.6926402,-0.68489015,-1.2746265,0.3956198,-0.13777919,-0.19090305,2.1928494,0.5001618,-0.5582994,1.0800804,0.11451049,-0.45075566,0.9419778,-1.3475907,0.29927215,-1.1862377,-0.65989524,0.4681549,0.14913867,-0.1268935,0.05205571,0.88667065,-0.660793,0.26353455,-0.11408108,-1.1529374,-0.65039986,-1.6400135,3.021668,0.41913307,-0.116249375,-0.23561203
0.54487985,-0.56562835,0.23651892,0.04080981,0.12142482,0.2392764,2.079501,-0.3542278,-0.35314664,-0.081389,0.6868507,0.44928932,0.3389334,-0.21851073,-0.35554087,3.6366465,-1.0677038,0.270584,1.3519415,-0.5971102,1.0802776,-0.94578487,0.9770501,0.3766045,-0.44598264,-1.0297116,0.20847145,-0.53697646,-1.4107093,-0.25849974,1.0745151,0.29152054,-0.77251124,-0.89634246,-0.004348592,-0.24514544,2.9136753,-1.3509668,-1.1802722,-0.35000646,2.1735568,0.2398888,1.7949342,-0.7814731,-0.097364545,-0.7255666,0.79120535,-1.2313473,0.7171993,-0.44989473
1.4077567,-0.5385375,-0.35124943,-0.16895573,0.6514005,0.24266718,-0.93103045,-1.1670349,-0.4202601,0.1823381,-0.71393186,0.29375368,-0.41216153,-1.4308776,1.2297734,1.7511054,0.3299925,0.5358546,0.42232975,1.0831847,-0.7519073,-0.03325917,0.26575017,1.1211022,-0.49449167,-0.51401335,-0.2418875,-0.63002485,0.7611529,0.76567304,1.1857661,1.1675166,0.42578128,-0.1095883,0.34374565,-2.2558694,1.4058672,0.7289857,-0.9345152,-0.42256865,0.35027313,1.9810278,0.51667213,-0.6270649,-0.30450922,-1.1907771,1.8722225,0.23171526,1.0084113,-1.1280483
-1.2651026,0.050537024,-1.3577417,-0.6698162,0.169593,0.6734551,1.1289585,0.96573305,-1.6874461,-1.7368304,0.29041296,1.8301003,0.63629454,-0.48220724,0.94750136,1.2518642,-0.7154693,0.23958604,-0.6414131,-0.6405438,-0.60585153,0.91910034,0.5839135,0.17798369,-0.117208116,-0.5095214,0.91408217,-0.7360968,0.3225628,1.1067622,0.60546136,-1.4740827,-0.77070266,-0.65175533,-0.500307,-0.4149816,0.013490512,-0.63312143,-0.2954382,0.66081107,-0.98203236,-0.17218915,1.2417394,0.53266156,0.393813,0.38060352,-0.00081671623,-0.91351604,-0.5067176,-1.9681957
-0.5612144,0.18517296,-0.59917593,-1.2328954,-3.4450417,-0.37669864,-0.848326,0.0012569199,-0.035193086,0.11757482,-1.0126947,-1.4811938,-1.0003308,-0.26277292,0.45723635,-0.6084986,-2.3416114,1.7990992,-0.600178,-0.12673813,0.16147709,-1.4090014,1.790697,1.8995245,-0.5465713,0.8170387,1.3183681,-1.5874776,-0.8490323,-0.7475128,-0.1980475,-0.9857092,1.875077,-1.3635094,1.7108629,0.57331,-1.0948151,0.54101664,0.32105747,0.45757535,0.3624266,-1.2643119,0.6524047,-0.17660153,-1.2880828,1.175793,1.4813428,-1.6021348,0.8015653,-1.1473775
-0.60468704,-0.05987849,-0.9554376,-0.124415055,-0.2099058,-0.6079354,0.29409152,-0.3905036,0.72204447,0.56999564,-1.0101398,-0.23663369,0.18340333,-1.2846712,-0.98267835,0.9707955,-0.08285091,-1.1945103,-0.19080432,1.4572349,-0.6417404,0.11380718,-0.1835126,1.211693,2.6290033,-0.037152406,0.93568563,0.18713528,0.849476,-0.7806507,0.1542761,-0.32168055,0.44842926,-0.14876063,-0.017670361,-0.48688635,0.25789025,0.68846494,-1.0533308,0.8932245,-2.000632,-0.23661378,-0.98117983,0.1761923,1.5642867,0.7529254,-0.50812906,-1.0664567,1.674316,-1.5898042
-1.2232351,-0.6081664,0.10266967,0.1268601,1.9221461,-0.23134953,-0.03889435,-0.65905035,-0.2516434,-0.21341045,-0.15228139,-2.1599844,-0.31510034,0.25975507,-0.49953955,1.3572124,1.1508005,1.6667897,0.451854,-1.9925017,-1.3036644,1.2722187,-0.61632776,-0.21284097,-1.6877861,0.97442615,-0.606671,0.8477646,-2.112695,-0.5814812,-0.21105616,-0.21422711,0.00054392393,0.020209532,1.631237,0.5919089,0.3414619,-0.17800374,-0.9142118,0.85734296,-1.5934074,0.32252476,-0.32822996,1.0450127,-0.023146901,0.037906796,0.001226729,0.5077216,-0.51967186,0.77066964
2.1232285,0.2191919,-0.86939436,0.30949062,-0.005001624,-1.0307412,0.21999696,-0.34136978,0.56116605,-0.8190646,-0.7404807,1.0566733,-0.4684309,1.21376,-0.19795272,-0.22989994,-0.962422,-0.041804917,0.2860126,0.3063242,0.09205273,1.2044983,-0.41486654,-0.13730377,0.49584907,0.52861905,-0.16186658,-2.150788,-1.151586,-0.2041343,-0.06969093,0.97047055,1.0605162,0.04306201,0.60510266,-1.6391069,-1.8520458,-0.5024328,-1.2949617,-0.2632569,-1.2740515,-1.2930934,-0.06746009,0.51766175,-0.0055946535,0.7738442,-0.91186213,-0.16009858,-0.31069243,0.93016416
0.8566543,0.4634198,1.5994221,-0.20710537,0.38625625,-0.85904807,-0.8997844,-0.8693428,-0.07641174,-0.37510857,-1.3773156,0.3467027,-0.24445029,-0.11954078,0.57427114,0.4280501,0.4011822,0.7814525,-0.14130245,-0.44694287,1.2647773,0.22837539,-0.2577866,0.7648879,1.2459319,-0.9169729,-2.0556362,0.52127296,-1.3843316,1.5058537,-1.756579,-1.7140331,-1.015777,-0.42865947,-1.0407542,2.3062732,-0.36915827,-1.623403,0.72901803,-0.7847021,-0.7114019,0.8489394,0.6027286,-0.04637767,1.5483859,-0.82026106,-0.72856015,0.9254386,0.61685294,-0.29099482
0.85104877,-0.9012831,0.6319615,-0.08685295,2.2407713,1.2327787,-0.9133504,-1.2692218,1.3177118,-0.3090457,-0.4844786,-1.5567933,0.5828477,-1.0484933,0.1957518,-0.83509755,-0.7930323,-0.16972095,-0.0760068,0.4321294,0.5994103,-0.49895957,0.86914134,-0.6651086,-0.8715469,0.16423261,1.1363746,0.5635423,-2.4458942,0.0046754316,0.8390722,0.605622,-0.5705175,-0.96013415,-0.44695422,-0.56786495,0.19965105,0.0041502547,-0.6094542,0.63077503,-1.0062677,-0.4847281,0.32022056,1.0188044,-2.0909889,0.8541462,0.14758782,0.21024805,-1.4007654,-0.73413163
0.86693716,-0.32479295,-0.47238147,-0.9315459,-0.57123506,0.18366659,-0.018239291,0.8213703,0.3195259,0.5624595,1.1674749,0.1722561,0.12858634,0.22074462,-0.102477975,1.8146996,0.9718092,-0.5529459,0.80483663,-0.04305464,-2.1923141,0.10737724,-1.7242312,-1.7174562,0.3007806,-0.014940041,0.8385082,-0.499956,0.7865639,0.31108814,-0.5794396,1.1050775,-1.3341073,0.58022505,1.2805231,-0.8639747,0.66275287,-1.1418692,1.5278451,-0.9119342,0.8796674,0.09724541,-1.7655618,0.1948795,-0.9192615,-0.8588524,-0.25472227,0.5054645,-0.38808954,-2.299078
0.77555174,1.2433933,0.7847654,2.0486324,-0.14019427,1.638765,-0.07136621,0.7379057,-0.3167384,-0.52110875,0.809375,1.2646505,1.4372557,0.35657513,-0.4738544,0.50452775,0.9236995,0.50364745,-0.622678,-1.779126,-1.9612378,0.20648806,-1.8673965,1.3645717,0.16285352,-0.07724057,0.4188503,-0.8800594,0.21996038,-1.6191156,-0.7917878,-0.4042581,0.5125645,0.2081352,1.1596196,-0.6307443,0.09345426,-0.052285407,0.46770343,-0.23539853,0.52548516,0.18436508,-0.59091353,1.8797313,-0.3356461,0.009470404,-0.8592976,-1.2113259,-0.52214426,-0.5340808
1.0751742,0.267292,-0.037951056,-0.49347785,-0.74101526,0.36317778,-1.135413,0.112768374,-1.219727,-0.5505987,1.2756584,1.2683433,0.12428874,-0.50455534,0.55485874,-0.5587196,-0.009001978,1.6031249,-0.17092124,-0.15389942,0.548406,0.77406937,1.0400788,-0.9613569,-0.32103488,-0.31119633,0.59896976,0.6364632,-0.05612833,0.6096494,0.45702597,-0.7538017,-0.058169562,0.6702151,0.17856823,0.18451615,0.19598117,-0.19557203,-0.0023532338,0.50410295,0.57763225,0.048311707,-1.03666,0.008912061,0.089077905,2.717978,0.24437189,-1.3877343,0.6807388,-0.369882
-1.0164344,2.2947142,-1.4391041,1.322175,-0.19870935,-0.65948975,-1.4078782,-0.9305117,0.26543233,-0.6237056,-0.85391766,1.3760366,1.3092343,-0.3892031,1.259501,-0.32301292,0.84512985,-0.18024422,-0.033691116,0.0077514225,0.5351479,3.448625,0.49248835,0.19419041,-0.06450735,2.4720492,1.5750613,0.12618268,1.5462575,0.8191538,0.36968803,-0.13824563,-0.2700501,0.47620493,0.4518964,0.2230072,-0.69678277,0.34474593,0.075401604,-0.06897828,-0.86072546,-0.9060594,-0.40597087,0.8200633,-0.23868987,-1.43517,-0.9416107,-0.45582935,0.8887281,-1.2172155
0.84065187,-0.3757193,0.43635082,0.96608174,1.1292368,0.30317405,0.6585814,-0.23551247,1.8373638,-0.6598612,-0.7483454,0.357641,0.4653592,-0.22717066,0.5087501,-0.027094766,0.06915724,0.21413982,-0.7017683,0.55182564,-0.50414765,0.90784854,-0.011852809,0.94031656,-0.83588463,-1.2758365,1.0497715,0.59222823,-0.51139766,0.9833403,0.17213929,-0.12185807,-0.3384419,0.17118046,-0.005221366,-2.4302,0.01578503,-0.52769387,-0.87609667,-0.10798866,-1.3138152,0.92103755,-0.5551844,0.35776848,0.64344776,-0.016462097,0.3696715,0.25749514,-0.9473501,-1.1646175
1.2997562,-0.46102983,-0.28149086,0.065889955,-0.29180452,-0.9506995,0.9221644,1.8373698,-1.258515,1.139415,-0.09631527,1.1873947,0.91900045,-0.458425,-1.010765,-0.52426356,-0.36980024,-0.42881483,0.058984514,1.0557865,-0.14244466,1.0776377,-0.84000087,-0.5579638,0.07789377,0.38645655,-0.19510333,-0.15739389,0.2596118,-1.1396414,1.5506568,0.091374144,-3.7655356,-0.111925095,0.7432634,0.92770606,-0.29738244,-1.258425,-2.1465213,-0.7501051,-0.8699139,0.8421827,0.31666225,0.049404263,-0.6716288,2.7733514,0.31495088,0.65468407,-0.8514796,-0.08476545
0.93004763,0.065815784,1.5741366,-1.6148268,1.1483316,-0.6042881,0.49068084,-0.73051643,-0.52217114,-0.22783305,0.20021658,0.6548017,-0.6498887,0.59940094,-1.2398821,-1.2421944,0.7779228,0.43928754,-0.65192574,-0.17243099,-1.5165274,-1.9466503,-0.76750576,0.29507053,-0.07808616,0.6487359,1.7542322,-1.8175108,-0.17350195,0.42451498,-1.5810866,1.5211133,-0.9261435,-0.59933406,-0.98427624,-0.012653932,-0.84739465,1.2014163,-0.16842046,0.8060254,0.9307713,0.07561469,0.53759646,1.0959578,-0.10790441,0.58817685,-0.7097125,0.20176242,-0.1609218,0.4434464
0.4884997,0.31484014,0.1665164,-1.8526386,-0.8951199,-0.27900103,-1.1330795,-0.31802174,1.0164425,1.1366625,1.3891267,-1.0154175,-0.46219283,0.16693771,-0.41353804,1.6501836,0.5051433,-0.3974309,-2.4486513,-0.49874806,-1.5515711,0.42809716,-0.66986275,-0.5416683,0.81722295,-0.87021863,0.97782373,1.7179488,-0.8969032,-0.654092,1.0383582,1.4128344,1.7647635,1.4438404,0.91778046,-1.2045016,-0.40323314,-0.31958395,1.322098,-0.25821126,-0.010367695,-1.8967988,0.150192,1.0155127,0.48189655,0.054257333,-0.3217517,1.932993,0.43899006,-0.7092451
0.2767953,0.16853335,-0.38334838,-0.7367701,-0.6523214,-0.28969237,0.58798206,0.19192554,-0.6210909,-0.5148408,0.6222057,1.3833774,-0.55858105,0.46572667,1.426179,-0.56461215,0.016248878,-0.5054074,2.000445,-0.9299487,2.995045,1.5666027,-0.64259535,-0.28454858,-0.117500454,0.11154775,-1.0083711,1.9471542,-0.14493524,-0.8759928,1.0936592,1.8891951,0.6798627,0.058910847,0.76950246,-0.15651895,-1.8130112,-0.8599214,-0.25210154,-0.9641369,2.1552992,-0.29991314,-1.2963127,-0.7440068,-0.78153443,-2.4343348,0.1138051,-0.25217322,-0.4632301,0.6360138
2.4159157,1.8051573,1.3555903,0.90722877,-0.19862586,-0.7454554,-0.6861401,-0.40524045,-0.047935907,0.33221084,-0.15351462,0.8301843,1.4040639,0.16309038,-0.32106647,0.31005993,0.6827005,-1.0036796,-0.14338231,-1.9970709,-0.04575221,-1.4910992,-0.72220653,0.88739944,-2.2221887,-0.6965866,-0.6223939,0.13050076,0.68105423,0.025078623,1.1956663,-1.2397009,-0.9330245,-2.067771,-0.4751086,0.4112167,-0.12712422,0.8998401,1.5167797,0.2808817,0.8603098,1.746493,1.6842662,0.24596775,-0.7634885,-0.40981308,-0.09674257,0.14217506,-1.2802044,-0.6529621
2.105391,1.293892,1.5463512,1.1433443,0.06626188,-0.5990474,-0.46835488,-0.36060807,-0.4366501,-0.060247593,0.04150986,-1.4256854,-0.8397245,-0.9270536,-1.7451698,-0.54911846,-0.676986,-0.2116669,0.26192516,-1.9502709,-0.49371666,1.3699018,1.6669247,-0.30661994,0.5412838,0.1513832,0.9191945,-1.9390289,-1.1560023,-2.1849585,-0.7753425,0.8147744,-0.38005978,-0.62611246,-2.5147614,-1.2217007,0.90844035,-0.9982717,-0.49318075,-0.29424953,1.1845641,-0.37497482,0.3335155,0.76199716,0.5018325,0.8764761,-1.4211854,0.050670393,-1.5525101,0.006023935
-0.46693942,0.45999908,-0.6742676,0.030470327,0.78763074,0.32032123,1.0507054,-1.6398817,0.22848752,-0.97839993,-0.49599057,0.2612353,-0.3356634,-0.29431987,2.212619,-0.2276647,-0.18146478,-0.2966304,-0.43725076,0.5922664,2.0471463,-5.247724e-05,-0.068846315,0.9169986,-1.0602734,1.5617231,-1.8678797,0.3386847,0.8065817,-0.24962704,-1.3322783,0.8401395,0.8478748,0.28874788,-1.3092937,0.020663194,-0.3497838,0.106153645,-0.322387,0.0787642,0.8464889,0.22020029,-0.17498067,-0.2240252,0.27956665,-0.47169226,-1.8823429,-1.2072932,-1.1614696,-1.1584915
-1.5096815,-0.2886209,1.1149529,0.6580839,-0.4781427,0.92346996,-0.41824546,1.1450473,-1.4465659,1.5278611,-0.32704568,0.12972252,-1.0867791,0.97509724,0.17109258,0.19201355,-0.34254706,0.06524728,0.60176235,-0.7509045,-0.13176927,-0.26587713,-0.5755075,0.4146568,-0.7933436,-1.591912,1.4133215,1.949111,1.1583891,-0.31987545,-0.11414078,0.68546176,0.6050738,-1.8167374,1.5538718,-1.7835284,-1.3437479,1.3788505,-0.5923047,-1.3355458,-0.37296572,0.8270216,1.2943007,0.38046932,1.143242,0.13572322,-0.29423523,1.0070771,0.8948218,1.0602554
-1.7083573,-1.1070687,1.3842523,1.5836439,-1.0443159,0.6469609,0.08274235,-1.1290556,2.0828657,1.4501419,0.034468815,-2.4213953,-0.8723083,1.3500822,-0.79086137,1.4347705,0.1530518,-0.07151119,0.5845118,1.4140859,0.54604757,-1.0475956,1.4334704,-0.8843523,-0.54068273,1.6250575,0.5553214,0.9687034,0.063801415,-0.012659931,-0.49095964,0.3436199,-0.11107321,-0.4608239,1.6625068,-0.2068909,1.7107561,0.669195,0.24117115,-1.4584337,-0.007481952,0.38912475,-0.2711686,-2.325102,-0.31600752,-0.8369183,2.7254624,-0.9730483,-0.44747996,-0.013887348
0.38395154,-1.4935459,-1.0506382,-1.2347679,0.7111493,-1.207249,-1.1126608,-0.18573534,1.112854,-0.5269331,1.6580783,1.6452651,0.19530782,-0.039696176,0.83132887,2.206113,-1.2637721,-1.3961943,-0.4845492,-0.8011039,1.4582833,-1.3353705,1.0218145,-0.10016074,1.5414249,0.7485299,-1.1708393,-1.5530266,0.22327161,0.22791325,-1.2018694,0.58254623,-1.0961667,2.1171288,-0.2580089,-0.24591012,0.1936408,0.2152429,-0.6703686,-0.7842676,-1.1334668,-1.8111274,0.78843904,0.43313652,-1.4029006,0.005438745,-0.20511799,0.79415345,0.8548156,-2.1723127
-0.82917225,-0.74151725,0.17084087,0.46919993,-0.15025918,2.4808009,1.6445684,1.1661112,-0.6259712,0.38204888,0.80579394,-0.14235203,0.37159875,-0.4113568,-0.58133656,-0.036080275,-0.66157037,-0.4218538,0.29521456,0.58046156,0.25381905,1.2809873,-0.7672373,0.35952035,0.3922902,-0.8189838,-0.0037336345,-1.1265628,0.8284535,0.8990261,-0.16492926,-0.22392325,-0.61644375,1.0417174,-0.611808,-1.8140883,0.42745465,0.6681632,1.6197733,-0.67597973,0.13927048,0.6882638,0.7731623,-0.58562285,0.70834047,-0.83778614,-0.3931884,-0.7537281,-1.7610792,0.89335036
2.4007602,0.3354801,-0.2618216,0.43039784,-0.18223202,-0.28846046,0.29974288,0.30807856,0.70234275,2.1130998,0.43686786,0.24098068,1.1158609,0.2791407,-1.490503,0.8121457,-1.1429098,1.5542831,-0.9453596,-1.7128125,0.15875584,-1.3707467,0.34604663,-1.2383409,0.31138313,-0.34392387,-0.4304483,0.1033922,3.1626074,-0.78905404,-1.8976789,0.5725386,0.31181452,-1.6174704,0.48583412,1.2409145,-1.4433589,-0.11385685,0.607502,-0.57375896,-0.564818,0.35267067,-0.0298057,-1.8403974,-0.03971567,1.1862575,1.0348058,-0.12936777,0.94061714,1.2316138
-0.27655995,-0.04937733,-0.6363151,-1.4849701,0.6407678,0.24875712,0.10527991,-2.029923,-1.4750029,-0.22942722,-0.6729474,-0.14015788,-1.4462603,-0.7173461,0.019869998,1.3843453,0.24872771,0.45007458,0.6732834,-0.92542684,-1.0010654,-0.4545525,0.2713017,0.71865356,0.64618397,1.1320705,0.05986957,-0.7879379,-0.77185273,1.4847274,0.5813002,0.3944191,-0.70559496,1.097147,-0.6113859,-0.38352412,0.6860927,-0.9237439,-0.5380438,-0.3020333,-0.37868643,-1.034187,0.7228113,0.7647766,0.032305878,-0.41638938,0.15959874,-0.7449058,1.4623418,0.023794774
-0.051127914,1.1797309,1.4647795,0.1343247,0.6470053,-2.0989666,-1.1338499,0.57162964,0.95902383,-1.03918,0.8236671,-0.29323587,-1.1124907,-0.46241534,-0.23197618,-1.4272816,-0.21771908,-0.3400099,0.7768076,-0.78252345,-0.7014437,0.95755243,-2.1233447,-2.678885,1.0767239,0.9179045,-0.89264184,-0.40544018,-0.837432,1.4766324,1.4300964,1.5107836,0.7570027,1.580972,-1.0124785,-0.7091771,-0.93343705,0.32281196,0.52231294,0.6853533,-0.4898736,0.745352,1.9739264,-0.00048732778,-1.4674108,-0.6466497,-0.3250367,1.3506176,0.987773,-0.21398406
-1.5674438,-1.5314573,1.2314355,2.243696,0.8625673,0.11737347,-0.5669609,-0.7067559,0.52775574,-0.22406977,0.6049346,0.35210803,-1.6016846,1.1366519,0.39576972,1.2341906,0.18223293,-0.6278822,-0.50438744,-0.58728546,-0.9096282,-2.6067994,0.5410118,-0.1541233,-0.2589035,-1.2820811,0.63584346,-1.5310876,-1.3612177,-0.5557333,1.3342658,1.031149,-1.6951061,1.8227689,0.74804544,0.16964135,-0.013688631,1.3448722,-0.21057634,-0.64104277,-0.030539505,1.3334186,0.40111622,0.46861556,-1.1940086,2.0212855,-0.56006813,-0.024875896,-1.3163964,2.0342894
-0.21385828,-1.5685592,-0.5446231,0.73669565,-0.026532121,0.019426646,-2.0937512,0.9241324,0.16128772,-1.0424058,-1.14681,0.7549342,0.15024026,0.23511833,-1.036213,2.0197809,-0.6717202,-1.0347439,0.9740798,0.43370932,1.4933707,-0.13328335,0.5548605,-1.6327931,-1.1042206,-1.3652238,-1.1909659,0.88003796,0.84125954,0.73381996,0.439473,-2.0084293,-0.5345544,-0.23455279,-0.7239726,0.92100537,1.8901348,-0.59146005,-0.065060206,-0.2747548,0.21743178,0.9139521,1.0853461,0.6575999,0.39993545,1.5476524,0.507873,-0.38671783,1.4973323,-0.27531394
1.5585032,-0.117103174,-0.46292853,1.0931641,1.8002518,1.3858757,-1.1448047,1.613365,-0.084767595,0.22939749,-0.11887113,0.055095743,-0.119542964,0.62615734,0.41460967,0.24006076,-1.5458956,-1.7908723,-0.07638832,0.5999586,0.07654569,-0.8106583,1.2068167,-1.4110054,-0.01839163,1.202441,-0.7874055,0.17570795,0.34375444,1.241353,1.1041428,-0.41879448,0.098935544,-0.5666612,0.8231027,-1.327129,1.2714822,-1.4643947,0.8732855,0.81495595,-0.37748194,-0.7046306,-1.9581069,-0.34327883,0.23192751,0.86926234,0.7417847,-0.9781168,-0.4944074,0.6580363
-1.1563778,2.0857286,-0.086510725,1.7749249,-0.110306844,1.5219412,0.26052848,1.3175653,-0.44958603,0.79343605,-0.63768363,0.6521557,-1.5733787,-0.510969,2.0224142,-1.8980284,0.4723221,0.8620321,2.1293175,1.0656698,1.356922,-1.4831815,-0.014629552,0.8974058,-1.0965183,-1.1139477,2.0614028,0.7762,0.7411168,-1.3248694,1.2909273,-1.0590156,-0.05004764,-2.0859952,-1.1205368,-0.07174154,-1.3794774,0.09402257,0.7435405,-2.336407,0.266958,-1.4845357,1.585564,-0.9126959,-0.86225504,-1.2250828,0.33247712,0.9865109,-1.1343931,-1.6991073
-0.36250836,-0.6457606,-0.20766507,1.2103932,-0.44643125,-0.14181094,-0.38974613,-0.38351405,0.62382007,1.0481431,-0.5392764,-1.2542503,-0.17934263,0.20484127,-1.0771859,0.29342934,0.70858544,1.6111139,-0.016366161,1.0290858,0.23530926,0.076543964,1.2071564,-0.36061522,-0.10017389,0.44853282,1.8007402,0.31446362,0.6895488,0.28956047,-0.04851876,0.6920636,0.7885711,-0.17746599,-0.78988796,-1.0729123,-1.2410648,0.4046243,0.7944285,-0.33590096,0.22834332,0.79025817,-0.9966978,0.840659,-0.030885676,0.15212996,-0.2448962,1.2342466,1.067745,-1.2049196
0.42694098,0.9885271,0.87652385,-0.3392601,1.0664256,1.3095218,2.3299823,0.2503927,-1.0627528,-0.3245069,-0.31311443,-0.14976372,0.39633512,-0.31402802,-0.5939556,2.0475957,1.216198,1.1141173,1.0594738,-0.6619544,1.642605,1.3259143,0.33391723,-1.338788,-0.35292,0.15653703,-0.13321981,-0.64772666,0.6027157,0.34415233,-0.61796826,0.29592487,-0.39262888,0.1003547,-0.42046595,1.1346695,0.13484782,-0.26496348,0.8508889,0.70223504,0.049566068,-0.4076303,0.5629459,-2.171236,-2.0642152,-0.8223201,0.54740536,-0.67929435,-1.191577,0.22818299
0.83461976,-2.8285692,-0.6510409,0.4098419,0.19749467,0.7456152,0.30705914,-0.44726452,0.32625943,-1.3936799,0.36302143,-1.3581359,0.07008747,0.052679054,0.5557197,-1.0564567,-1.1343708,1.3545403,-0.8458747,0.16048796,0.763104,-0.62490785,-0.21036744,-0.47602215,-0.2486783,0.59948915,1.2216204,1.3336554,-1.6478668,-0.3541378,1.1643078,0.21652937,0.13009883,-0.5898424,0.15442619,-0.36234152,-0.13088574,-0.592552,-1.1447425,0.8488059,-1.8363562,0.6242457,0.7157627,1.0478188,0.5214985,0.006106332,-0.39209265,-1.5299933,1.0163937,-0.096070096
-0.5632499,1.0449781,-0.1852074,0.16786566,-1.0575721,-0.022592818,0.29851633,-1.0846359,0.77707374,-0.10678707,-0.040438525,1.0057385,0.35639238,0.20596041,-0.20644057,-0.33477128,-1.0538789,-1.5423169,-1.2314767,-1.8569369,0.5427759,2.0135021,-0.29978392,-1.6079419,0.6071154,0.46276906,0.3187714,0.60189897,0.14851744,-0.60406524,-0.7154112,-0.2312828,0.93274814,-1.1641213,-2.095489,0.38463426,0.5340671,0.14338718,-1.3265103,-0.7354057,1.8079927,-0.17322454,0.36995056,0.86275536,1.9721532,0.22407033,0.49503857,-0.371625,0.41763994,1.0862302
-0.55830616,0.80114126,-3.0279887,1.7497891,-0.008262742,1.0141855,0.7976229,0.6754692,0.7768646,-0.93965596,1.7113783,-1.2229662,0.7329122,-0.8747672,-1.5058591,-0.4083995,0.9864522,0.26941466,-0.10246572,0.66149753,-0.19414064,-0.7158634,0.7200297,-0.2783341,-0.87420243,0.0649804,-1.66002,-2.9505394,0.98665524,1.323897,0.61769176,-2.144092,-0.26915574,0.21168067,1.5462136,-0.48300588,-0.380179,0.6068682,-0.92682475,2.252235,0.058417328,-0.36775666,0.8115514,-0.22067305,-0.43990043,0.23610075,0.14821485,0.9476972,0.42584637,-0.98411125
0.18886776,0.43039235,-1.8944807,0.19726937,0.33114195,-0.27754903,-0.3457084,-1.0743152,-1.1815972,1.6823843,0.3988803,-1.2497402,0.65177983,1.1128197,0.42513704,-0.40674612,0.18401647,-0.49182397,-0.777554,1.5126338,-0.79436225,-0.1489199,1.0656768,-0.23183289,-0.5902366,0.698002,-1.8545468,0.62398595,-1.2566488,0.55806035,0.12688786,-2.0937383,-0.73533356,-1.0055491,-0.94573253,-0.3833923,-0.6209082,-2.021377,2.4365523,-1.1996741,0.9643836,0.460349,0.20159212,-0.10283231,-1.1141043,-0.4568537,0.052645292,-1.3672068,0.74531955,0.5637209
0.98558575,-0.049410418,-0.66527784,-0.47925,1.8721727,0.52961445,-0.61724126,1.7339821,-0.8033289,0.92597383,-1.0352224,-0.68295985,-0.54461676,1.5179945,0.9395833,2.2662935,0.16284727,-1.3488644,0.67372906,0.71467006,-0.44368717,-0.7144874,0.6587,-0.35967556,-0.48302004,-0.70360416,-0.03521269,0.26405928,-1.2007997,-0.07589573,0.60299903,-0.7650919,1.6953912,-0.6204137,0.116725974,1.1257371,-1.2256227,-0.78894365,-0.43479416,-0.87829304,1.2163829,1.0182794,-0.4465415,-0.58646667,-0.95997566,0.16502076,-0.7775862,-2.481949,0.22934745,2.2956119
1.5040209,-0.048762154,-0.31783,-0.54585415,-0.12793504,0.07310565,-0.06441738,-0.8997742,-0.94250125,0.4807381,-1.1051973,-0.08771811,-0.814174,0.07763153,-0.7810482,-0.8181157,0.8380348,0.26665547,-0.68500966,-1.0007067,0.08430365,-0.7182665,0.4838988,1.0085603,0.9631561,1.1626445,0.095372565,-0.24174038,-0.9672683,0.57831264,0.08139407,0.022802742,0.46341574,-0.69328827,1.0993581,0.27787042,0.9874402,-0.6744575,-0.748926,0.792418,0.20346315,-0.9899754,1.9306825,-0.20930359,-1.532454,-0.3702613,-0.35818052,-0.6164395,0.922261,-0.32718968
0.76255786,-0.46314493,-0.33989826,-0.90900195,1.3151059,-0.20308138,-0.06160063,0.35507786,0.17392495,-0.039985124,0.098337024,1.0962299,0.46885243,-0.42708987,0.49347773,0.31525156,0.18773459,0.8113927,0.3962403,0.8846719,0.6776925,1.2917787,-1.3938009,0.51890594,0.49085498,-0.5409151,-0.18605626,-0.28293872,-0.821424,0.17448078,1.1932267,0.50924015,-0.7432872,0.25771567,-1.4852628,-0.06592657,3.2044153,0.2344699,2.3028398,-0.5796888,0.056442857,-0.98436916,-0.82363456,-0.31288564,-0.043728977,-0.19749375,-1.019313,2.600894,1.4534113,-1.5570083
1.7016675,-1.4629635,1.1862881,2.4677742,1.128582,-0.10069826,-0.061945498,-0.20195119,-0.82064074,1.7534449,1.0088974,1.4543903,0.7063019,1.3858868,0.5087728,0.58912355,-0.7459268,-0.7101541,-0.4975154,-0.5386265,0.1434771,0.45409068,0.033003926,0.17288698,-0.55736065,-0.46040463,0.9913227,-0.5896383,1.83145,0.21309112,-0.37938645,-1.2523301,-0.607798,0.0054386263,-1.4164269,-0.38906136,-0.21795136,0.009225285,-0.08001895,0.44604963,0.21041016,0.9627048,-0.17261983,-0.32043377,-0.6455326,0.31065747,0.6574543,0.7729287,0.3425185,-0.08001461
0.345514,0.111960046,0.38419655,-0.46087,0.5145316,0.7906001,0.6175906,0.16733788,-1.4633917,-0.8596622,1.409363,-0.5600276,-0.7810293,0.070856534,-0.9005129,-1.376438,-0.23989782,-0.8221688,0.22449024,-2.017107,1.2813514,-0.7093551,-1.4709994,0.025713233,0.80646235,-0.78175,-0.27470684,-0.8906274,0.19574171,-1.1238759,0.2748767,0.28825703,0.6735824,1.0126178,-0.81779706,-0.7446119,-1.8304898,1.2771567,3.296162,-0.8932812,-0.48599133,0.82713443,-0.22626798,1.2398051,-0.667608,0.2990798,1.1074518,0.6003987,2.273525,0.7788633
0.17889719,0.38148126,0.28120345,1.0695536,0.24626666,1.7344732,1.4611263,0.29534072,0.9187773,0.65571505,-0.86188984,-0.29543403,0.20483257,0.88453436,-0.91147447,0.34694728,-0.6031419,1.7627859,1.0552561,0.45193714,0.08004531,0.9327199,-1.0966132,0.29961616,0.30811548,0.07013704,-0.6200252,0.56744164,0.58628887,1.9296867,-2.2110176,1.2507784,-0.34050974,-0.8312351,1.2988664,0.3849462,-0.285721,1.0477375,2.089728,-1.0784533,-0.26557472,0.3776829,0.08618331,-0.26586798,1.7022836,2.2575328,-2.8103096,0.9383158,-1.2291044,-0.8345104
1.1572021,1.1276814,-0.5609621,0.112477124,-0.1700631,-0.3564164,1.5264635,-0.29388946,-2.988252,-0.4758786,-0.4942581,-0.018634409,0.13491875,1.5994279,0.99513793,0.18469197,0.6518064,-0.31943536,-1.707235,-0.24664536,-0.11545026,-0.63975114,0.2810545,-0.25487775,0.09901802,-1.6666968,-0.51075864,1.1211221,0.30375907,0.8635363,1.2202854,-1.0324267,1.042485,-0.7127592,0.3762471,0.5884188,-0.44596007,-0.98899025,1.1075302,-0.12619084,0.16718936,-0.40453827,1.2701939,-0.6844785,1.483742,1.7915559,-0.5493446,0.77981806,-0.05158653,-0.84390885
1.2110453,0.5823107,-0.6810333,2.4468024,-0.32274163,-0.6265179,0.73196983,0.72706616,0.6371682,0.09944399,-0.44882768,1.0483179,0.5947218,-1.1434855,2.4268794,-1.08282,-1.3517537,1.4905561,-0.9774326,-0.42837343,1.363227,-0.9976067,1.4339535,-0.6179152,1.0036545,0.35223663,0.87306434,0.09018974,0.23742397,-1.6944829,-0.64005756,-0.6098178,0.17862907,-0.10877844,-1.3619708,-0.3537533,0.58215797,-0.49941075,-0.025310192,1.5682243,0.50253916,0.3992633,-1.0209972,0.6252894,0.5849226,0.1791695,0.28406945,-0.17472246,-0.8887855,-0.322497
-1.0317198,-0.2800829,0.8039456,0.33826843,2.3601544,0.80261713,0.8303608,2.3412921,1.0699816,2.1912315,0.6482223,0.03459372,-1.1065671,0.6359041,-0.38008776,-1.2004707,-1.2940477,-0.5060518,-2.0327284,1.220482,1.5588884,0.675628,0.65751386,0.6821684,0.34911835,-1.6120166,-0.462904,-0.42168027,1.2023566,1.1005815,-0.933679,-0.3293348,-1.7931337,0.44098985,-0.1421197,0.852269,1.0381225,-0.74592966,-0.63369757,-0.96065885,-0.7327356,-2.6871266,-1.2545501,-1.1737314,0.21841764,0.4303363,-0.792072,-0.9937376,-0.3447841,-2.4581811
-1.4529945,-0.081735626,0.46388996,2.8318572,-0.6897272,-1.6670709,1.006836,1.0742327,-0.9207941,0.92185074,-1.0827738,1.2054889,0.6277499,1.6913189,0.3553812,-0.7848326,1.4206587,-0.1103253,0.38215432,-0.91584617,-0.2515556,2.3669763,-0.40383652,-0.15817027,1.7533655,1.2154155,0.7059761,-1.3692689,0.83240366,-0.09775377,0.030436194,0.8802784,1.0663382,0.20210706,-0.17231025,-0.36119196,-0.2900511,0.9817186,0.67610663,-0.4357025,1.03895,-1.2151277,-1.262459,1.2629586,0.14374673,-0.6802582,1.0295815,-0.010590088,1.2889448,1.18554
0.017137388,-0.9540521,1.0214596,-0.3215041,-0.86496043,1.7629774,1.5209941,1.333449,0.44259903,-1.3224386,-1.519576,2.5098107,-0.0017196882,-1.6633304,1.4682305,1.3690099,-0.18432526,-0.8214113,-0.77015495,1.6194701,-0.73426163,0.54147583,-1.2052355,-3.0661485,0.4446981,0.6613561,-1.0150324,1.2397765,0.084686935,-1.0397805,1.2696491,-1.0454314,0.07470472,2.3404696,-0.7983531,-0.28656194,-0.43788686,0.043344203,-0.22350018,-1.0723039,0.7056881,-0.26737314,1.128809,0.79611796,0.5552492,0.56532073,1.4362613,0.8812683,-2.4482987,0.09374352
0.93734396,0.46224684,0.3014726,1.3761444,0.32007384,0.4359502,-0.013005975,0.16106929,-0.18669318,-0.5244872,1.2089883,-0.08435907,0.7596269,-1.0619165,-1.125651,0.2335911,-0.87986034,-2.0705252,-0.69593126,-0.33837578,-1.6229651,0.8114768,0.69916785,0.42825437,0.32460263,0.49701917,0.4867593,-0.5515699,-0.37981603,0.600688,0.53703505,0.121950895,0.5159928,-1.1613088,0.36868942,1.395505,-0.74126965,0.30267957,-1.1112479,0.6120187,-0.03815252,-0.9478831,2.35066,-1.1641108,0.34977475,-0.54656786,-0.021753095,0.7404398,-1.0594697,-0.6747953
0.46633887,0.954571,0.7339228,-1.5866708,-0.3543993,-0.25525087,-0.66898286,-0.7212698,-0.9090826,0.20261782,-1.3736564,-1.136046,-1.2997878,1.2829722,-0.6317104,0.14562804,0.7962605,1.4620594,0.36049998,-0.02341956,0.37002888,1.567066,-0.85820806,1.7012184,-0.15804625,0.09652905,-2.2141557,-0.094395325,-1.2133133,-1.216089,0.3313377,1.7371703,0.53691256,0.5638199,-1.6152219,1.2954344,0.70666987,0.71003747,0.52372557,-1.2375836,1.1062187,1.0844046,-0.6606233,-0.50721705,-2.237193,0.19084036,0.8507436,-0.25304532,0.1980305,-2.5543525
0.07981868,0.94010967,-0.704352,0.6465374,1.4992442,0.5039777,1.442423,0.6515654,1.0202024,0.5794986,-0.85082555,0.8183204,0.56301516,0.76568353,0.4760587,0.26372293,0.15863673,-0.33769011,-0.30001688,-1.0817621,-0.2991014,-0.62002945,-0.14948948,-0.6091235,-0.047148596,0.0054417695,1.3589312,-1.0471799,-0.23921278,-0.5654138,1.5656177,0.022394784,-0.20227885,0.7129379,-0.78316563,0.38518417,1.6901869,0.9787541,0.27247074,-1.0541604,0.05108558,0.40750077,-0.63264245,-1.1651293,0.20906517,0.5960646,-1.7289988,0.7290603,0.30629945,1.1158638
-0.4814396,-0.4851057,0.9279282,1.0194852,1.7600443,2.6073463,-1.5139505,-0.11257667,-0.20809582,-0.6324959,-0.13506877,0.20908037,0.66321325,0.92376065,0.53304887,0.16231506,0.3407022,0.65608203,-0.53306973,-0.20556131,0.12934569,-0.35130224,-0.736016,-1.2293719,1.6464362,0.96881515,-0.02467436,-0.873215,0.2343505,-1.2912508,0.008744291,0.9430771,-0.78955853,-0.4568316,-1.8576106,-0.26811272,-1.1148925,0.5805617,0.98889977,-0.37294444,-1.3151646,0.9607356,1.9189795,0.8595609,1.3650525,1.5649302,1.8055341,2.0070498,0.11448289,0.8148618
1.1917299,-0.3819902,-0.29791662,0.14801724,0.8896125,-0.51379615,-0.07089135,0.24098219,-0.090535596,-0.849133,-1.0963145,-2.001947,0.037672278,-0.3814629,0.52039695,-0.68606824,0.6056939,-1.3163111,0.5658347,-0.52370995,-0.5277106,-0.9510104,0.14740774,-0.6340449,0.4757091,-0.5373701,-2.0543184,0.86171025,-0.0380754,-1.5185636,0.94870996,0.23574844,-0.008205052,-0.5710801,-0.20678146,-0.24433073,-0.67904824,0.6080575,-0.17542315,0.15204605,-0.74666184,-0.62846154,-0.7011788,1.2236458,-0.05171393,-0.19760196,-1.4348742,-0.45988944,-1.2875298,0.7297377
0.4379198,-1.2298425,0.15284328,1.2149338,2.268577,-1.5418705,-0.57229245,-0.48048362,-1.0080974,1.233194,2.1631494,0.6417821,-0.52206033,0.00057038985,-1.280953,-1.3961415,-0.46501148,-1.1656291,0.6632078,0.21237949,-1.7655133,0.33797067,0.62811136,-0.08517932,0.78258675,1.7855532,-0.2624643,1.5805393,-0.8133385,0.8030398,-0.50898284,-0.8551793,0.39155927,-0.0062559736,2.252623,0.53804666,0.48104763,-0.20262557,-2.250907,-0.48037833,1.06596,-1.0149673,-1.0829204,0.67650986,0.5149117,1.4593556,1.3600594,1.9977038,-0.4557921,-1.1095709
0.62328,-1.7917649,0.61657315,-0.11720891,0.90447116,2.168871,0.7648362,0.08648946,1.2874336,0.49420387,1.4228818,2.2021482,-1.0726446,1.1351672,1.2896707,-1.3224672,-0.9407891,-0.13607222,-0.28100356,-0.11497266,-0.1281224,0.23869218,-0.24165022,1.1516045,-0.45612934,0.9778796,-1.7323449,-1.0521433,-0.48805016,1.7456061,0.79019445,-0.31168962,-0.6849061,-1.3446493,-0.411444,-1.0181489,-0.117472894,0.8696464,-0.5339874,-2.0194573,0.7813164,0.059068624,-0.75683725,-2.249363,0.61536515,0.19353595,0.8888651,-0.33278525,-0.98185444,-0.12862429
-0.4759352,0.7213706,-0.43516603,-0.7889341,-0.9665302,-0.9656558,-1.7827296,0.4863737,1.333151,1.0253336,-1.7888945,-0.3723236,-0.18462762,0.08351535,-0.48925075,0.24193448,0.30560347,1.0846777,1.5550745,1.0850568,-0.71488947,-0.18371658,-2.0108972,-0.43966737,-0.4273297,0.40871438,0.7178072,-0.05419709,-0.24195306,0.40411586,-0.12259048,-1.6914096,1.194421,0.50471425,-0.95176995,-0.488497,-0.41858682,-0.11894076,-0.0064127934,0.18772148,-0.76811206,-0.23453216,-1.2924834,0.63123006,0.5218274,0.1472223,-0.8347311,0.44741562,0.37500516,-1.295237
0.48899594,-0.8799471,-0.53298384,0.84109974,-0.041455068,0.049890153,-0.0671941,0.8476145,-0.053897686,-0.4269778,0.3867478,-0.5901972,0.4913758,-0.8224127,0.4924357,0.2551008,0.4075736,-1.2363201,-0.85692894,-0.9605675,-0.5019189,0.18216196,-0.45942095,0.25741822,-0.5963091,-0.2992629,0.38203877,1.7757758,-0.96394134,0.46389592,0.8077606,2.503004,-1.1071529,-0.40662742,-0.31828898,0.06227555,3.159541,0.23024896,-0.2532281,-0.0709431,-0.10454267,0.14800735,-1.1946203,0.53066224,-0.002739499,-0.26847214,-0.25422937,0.2367116,0.086117975,-0.3644232
-0.806227,1.0267932,-0.48481727,0.53612924,1.4624224,1.2328507,0.9237303,-0.6485108,0.43008113,-0.62234867,-0.95607555,-2.0574658,1.0199599,-0.8189516,1.1953378,-1.4423125,0.39408898,-0.34497607,-0.14379513,-1.1644229,-1.503596,-1.4637442,-0.7263611,-0.56072897,0.53657913,-1.0774018,1.7215627,0.7839383,-1.5645117,-0.5547879,-0.08797675,0.40869114,1.8205836,0.48485243,0.14095601,-0.75161463,-0.010711361,-0.1568424,1.1188892,0.31463343,-0.91177726,-0.002039616,-0.6961762,-0.48585773,0.98092604,1.5484484,0.4031311,0.78657633,1.023856,1.417861
1.4439007,0.13349043,0.550357,0.13705835,0.21206558,0.35008895,-1.0841753,-0.09305637,2.2645936,0.588276,-1.5887228,1.1386085,0.09488398,-0.17977373,0.938633,0.19525623,0.30728033,0.21740209,0.118661515,-0.40685815,1.1703558,0.95878524,0.3245557,-0.1928475,0.14499363,-1.0517986,-0.16765495,0.5059683,0.52869046,0.23409647,0.21049757,0.2842324,0.9825576,-1.2048742,-1.563206,0.2347946,0.34842443,-0.5712423,0.82893,0.61550224,0.50187665,-0.6783685,-0.6543469,1.0417252,1.9116727,0.3829434,-0.7266086,-0.081413805,-0.09835237,0.73403245
0.37199387,-1.0139976,0.45375162,0.56333035,0.7009817,2.0156603,0.16991277,-0.18563625,0.06267999,0.07337546,-1.9761304,-1.2451004,0.6215592,0.48303354,0.50360805,-1.1274214,2.1517487,-0.61496794,-1.1656932,-1.6316452,-1.6517415,-1.1933246,-0.22733894,1.8179058,-0.5173532,-0.55543625,0.91048896,1.6253339,0.7634673,-0.72364795,-0.7748079,-0.4586559,-0.41833925,-0.2055185,-0.6267965,0.17698015,0.44209403,-1.5190523,0.9344454,0.22826375,-1.0679499,0.027787238,1.2579598,0.55870175,1.3321936,-1.4120631,0.196508,0.70968735,-0.33621946,0.20370866
0.29579931,-0.57023823,-0.29949787,-0.24544936,0.39884514,0.44010505,0.08455831,-0.106302224,-1.6443197,0.38222644,-1.210736,-0.21781313,-0.6281736,-0.36232993,-1.1648967,-1.0855621,1.5158504,-0.44866782,-1.7824894,-0.43420652,-0.6223884,-0.96911776,-0.42909384,-0.8036021,0.49249926,-0.7118639,-0.16933094,-1.6225702,-0.42527366,1.1977285,0.6654111,-0.38329437,0.35627636,0.5859522,0.7443606,-0.55476373,-0.62286174,-0.49694964,0.26886144,-1.2555732,0.0065239733,-0.71401227,1.0878931,0.47096497,0.8753126,-2.4085035,0.8264896,-0.20856717,1.9042946,1.3182901
-0.7778344,-1.661404,1.1017944,0.045247838,-1.6104867,-0.34708905,-1.9972032,-0.2084451,-0.6110222,-1.7083155,-0.7222503,-1.2144289,1.5460682,0.2323239,0.23734437,0.8889694,-2.058399,1.2586706,1.8711938,-1.0896384,1.068084,1.010013,-0.6197481,0.53258336,-0.4210345,1.0292677,1.6082937,-0.51463133,-0.60828984,0.0053289067,-1.3902502,0.909165,-2.3067813,-1.7560713,-0.46380317,-1.728759,0.33485457,-1.2145575,0.49169776,0.43468773,1.224228,0.4039717,3.1489081,-1.1430079,0.41590047,0.15750529,0.06600212,-0.14738604,1.1460543,0.65628713
-0.62965745,0.5871348,1.8731052,1.8829348,0.6637781,0.2886493,-0.19715053,0.38545918,-0.5421855,0.12532769,-0.510545,0.049660396,0.70059395,0.68304527,-0.028914355,-1.4970303,-0.09373182,-2.2058377,0.4433817,0.77790266,1.2602822,1.1703739,2.7913003,0.42790493,0.9039394,0.97717285,0.30991444,-0.21816625,0.32475507,0.3052209,0.13627687,-0.6337997,-0.729414,0.87029034,0.7366148,-1.627879,0.768533,0.48522916,0.16196999,-1.4783312,-0.2700171,0.3897607,-0.9613137,0.6946938,0.57040685,-0.29112884,-1.387537,-2.7448816,-1.1115597,-1.3876963
0.94587517,-0.36370394,0.28632542,-0.24744153,1.541857,-0.86633784,-1.6094397,1.4668456,1.3218864,1.1771041,-0.034171578,2.31257,2.0618322,-0.73853,2.567568,-0.4517175,-0.5247077,-1.5957079,-1.4314137,0.93855053,1.2623352,0.520564,0.28749585,-1.6816007,0.1126511,-0.45636475,1.5745814,-2.3043017,-0.5011536,-1.8918515,-0.64818484,-0.48948693,-0.0010692532,-0.17543808,-0.05192733,0.04837581,0.8582599,-0.44829956,-1.4218922,-0.6679623,0.20966896,2.263348,0.2863578,-0.98840106,0.4250185,-0.5121234,1.5582201,-0.8118962,0.11958069,-0.37038213
-0.80279887,0.66054463,1.601582,0.954526,-1.074243,-1.5490494,-0.2216124,-0.23465598,0.07922527,1.555397,-0.87096876,0.48822132,0.040781826,2.7261229,3.5737133,-1.7192022,0.26797414,0.4779363,1.1963458,0.7913151,1.5715646,-0.013188937,-0.4298505,0.4311748,-2.0563424,-0.6783155,1.5256503,0.25438285,0.37012428,0.6943187,0.78551054,0.95855427,0.7707182,0.8708395,0.6539596,-0.29865563,0.23059416,-1.1587777,1.5079991,1.013162,1.0558867,-0.5557331,-0.7917712,1.0784343,-0.12305613,3.1534243,2.5417778,1.2137659,-0.48893183,0.026874073
-0.49747065,-1.6603874,-1.3866856,-0.9904711,-1.30621,-0.6828631,-0.34108475,0.083589405,-0.9395955,-1.1736419,0.042637356,-0.32084596,1.3067479,-0.2145519,0.5699786,-1.3908874,0.5706129,-0.10642481,-0.10106065,1.3224264,-0.10863823,0.43982562,-0.48331228,-0.35959738,-0.069865145,1.1823224,0.40276015,-0.4672329,1.0652559,0.7952994,-0.99111855,0.15700458,-1.5461566,1.4696013,-0.022172673,-1.1558253,-0.34530967,1.342202,0.28640056,0.8617822,1.4111062,-1.0900822,-0.0953798,-0.3424972,-0.2296356,2.2505267,-0.7689808,-0.90039295,0.5869808,1.3295852
-0.018635279,-0.48748586,0.86339605,0.17292559,0.75635153,-1.7664019,1.014561,0.3066148,0.91109437,-0.19210757,1.4510134,-0.15362099,0.15328832,-0.24476361,-0.8460848,-1.5090511,-0.40867916,-1.5613831,0.14925863,-0.13362819,-1.1960827,0.006594025,0.558576,0.824523,-0.8436724,0.8489741,2.775764,1.1504486,-0.2946131,0.79744315,-1.054398,-0.49555174,1.0455035,0.19569202,0.15968423,1.1336912,-1.1969942,-0.04012061,0.6693492,-0.9501398,-0.04153649,1.191108,0.51056206,0.37410673,0.6784539,0.2816477,-0.39550713,0.078255445,-1.1527431,1.7795275
-0.7888977,0.86744684,2.571137,0.12215969,-1.4244834,-1.4916695,-0.83272934,0.84554946,1.0971633,-0.3565374,-0.2936405,-0.6111184,-1.0832517,0.79063743,1.6479256,-0.44858772,-0.79122895,0.6036371,2.1469796,-0.47297564,-0.8133572,-0.13754278,0.69114494,-0.5213614,1.1680439,-0.45907757,-0.25382003,0.98143566,-0.9667461,0.6456765,0.67701143,-1.8172797,-1.7752115,0.17390916,0.1787952,-0.36503845,-0.018410465,1.5668077,-0.29412094,1.7180283,-0.35305214,-0.568407,-1.4123946,-0.9142402,0.46899664,-1.6335967,-0.7098184,0.76912874,-1.6585594,0.9055638
0.6368258,1.2698382,0.60204905,0.06008934,0.8129829,0.17390572,-0.79586184,-0.38523299,1.8175559,0.6516617,1.6554096,1.2510002,1.9559021,-1.4844937,0.48679283,0.11080091,-0.6435529,-0.67595696,0.007156591,-0.66735816,-1.0635295,0.7811003,1.0557104,-1.6605892,-1.9665225,0.42434603,-1.5480639,0.5641274,0.421082,-0.35755578,0.6381,-0.39051005,0.010469458,0.14437707,2.0799487,-0.77762616,1.398063,-0.9565727,-0.4282134,-0.16285126,-0.1468075,0.28265995,-1.0949495,1.5012634,0.18523526,0.5524701,1.7186245,-0.3230927,-0.22104888,-1.2615592
-0.4834866,2.329028,0.83500314,-0.114451215,0.5119719,-0.23424605,-0.71069,0.1672904,1.0527823,-1.6245046,1.7667884,-0.34910437,0.7466508,-1.1300107,0.524323,0.8321899,-0.019669753,-0.5604054,0.36053246,0.675943,1.4057283,-0.67553616,1.2756145,0.9455693,0.13665523,1.0100446,0.59215534,0.5500333,-1.3100698,1.6054232,0.6040321,-0.26098078,-0.28580424,-0.3234476,-0.048092898,0.1170917,0.43562242,0.2757418,-1.5890329,0.049487066,0.0039021648,-0.12609176,0.58884317,0.25283954,-0.5580783,2.7472878,1.139548,0.16971362,-0.92380697,-0.5393888
-1.1407299,-0.7173914,-0.95090467,-0.059158,-0.46773648,0.70915073,0.35189945,-0.17282128,-0.1501011,-0.13286245,1.2620152,0.94922113,-0.3992048,0.25090584,0.27936557,0.92670244,0.6421938,-0.059941873,0.15297866,-1.5845492,0.7118435,-1.9790397,-1.9117454,-1.2262572,0.9715986,-1.2059793,-0.7317747,0.41764173,-0.4815219,-0.27071756,0.68898594,-0.51034945,0.46153834,-1.3841236,-1.2467602,3.1359267,1.3046819,1.682635,0.626635,-0.11387883,0.35711765,0.6782953,-0.105469905,2.6129048,1.7451684,-0.9097777,0.038990937,-0.36924127,0.24855576,0.43205145
0.34763575,-1.7283779,-0.28121826,-0.88624007,0.99250674,0.4085614,-1.973948,0.5572391,0.20334293,-2.6101823,-1.7726612,0.7519513,-0.29036134,-0.88701916,-1.3642347,0.015105037,0.5601013,0.35929754,0.13657317,-1.5537798,1.6611278,0.30292547,0.42473435,-0.5659269,-0.70320773,0.6801497,0.93919605,-0.23626657,0.2172404,0.12970854,0.13020755,1.1122441,-0.22934465,0.85911465,1.4346508,-1.3632411,0.15936328,-1.0703702,-0.698486,-0.20148121,-0.8181432,-1.5637606,0.033427853,-0.18404754,-0.9165849,-0.79272735,0.22780181,-0.7878724,0.12396045,0.07590451
-0.7278188,-0.754864,0.49700505,-0.014914008,-0.7500239,0.90120006,1.6949288,-1.0238477,-0.6090806,0.6258398,-1.4621166,-0.7924186,-1.2358505,2.3289566,-0.7668372,0.7019336,-0.006892762,-2.7913346,0.4094756,-0.949875,-0.75870585,2.234495,0.30016765,0.11463335,-1.514118,1.9651806,0.67967796,1.2325063,-0.026440395,0.110388555,-1.8271929,0.8061448,1.0727993,-1.0168072,2.071688,-0.76778084,0.70299435,0.3251975,-1.6909816,1.1530145,-0.6113603,0.29540277,-0.7810974,0.9080076,1.3131007,-0.59866136,-0.9728369,-0.98637974,2.3062239,0.6652675
1.2035513,1.817784,0.043203183,0.14439738,0.7595996,0.7201584,-0.9161406,-0.59070444,-0.4256405,1.1526312,1.3361615,-0.49345383,-0.9080479,1.0096767,1.4588813,1.0497526,-0.1299612,-0.35504764,0.58663917,0.10879342,-0.59204453,1.5591549,0.94250375,0.98602265,-0.016126642,-1.1023387,0.0700032,-0.14034665,-0.26286963,0.22606449,-2.2974942,1.6587242,-1.5182365,-1.0529488,-0.031213583,0.44584772,-1.2230704,-1.1219342,1.2783325,-0.21983364,0.6222639,0.98927677,0.7728074,0.7446665,1.0499909,-1.1236868,-0.5248642,-0.5041539,-0.06655856,1.0526905
-2.0822744,0.13527049,-0.39174816,-1.6166523,-1.6438583,-0.79373395,-0.97771734,0.31305084,-0.84772235,1.5311729,1.6895626,0.7636356,0.6662987,-0.2789609,0.5519178,-0.74944896,-0.48880512,-0.19209209,-0.45726034,-0.25930855,1.7096184,0.19532411,1.638794,-0.15831846,-0.21465184,-0.38564163,-0.82286906,-1.0844563,1.3122251,-0.15838547,0.76785964,-0.9242946,-0.73448116,0.3167354,-0.8364414,0.67160505,3.7363234,0.77872133,1.0551183,0.05899906,1.8516973,-0.8239775,-0.4028789,-0.0125620505,-0.4694403,0.7413037,0.7984923,0.045476135,0.15747909,-2.1747139
1.0904155,-0.7615078,1.2873415,-0.72364587,-0.89238554,-0.82953537,0.067198955,0.7209254,1.0726787,0.62210226,2.43569,-0.48527342,1.6947211,1.5265474,2.1911745,-0.9697616,1.590224,-0.36612508,-2.1600728,-1.5066009,0.046937525,0.4703609,0.76696473,0.74100685,1.7540358,-0.17787284,0.883727,-1.0860624,0.08435637,-1.1661619,-0.1132073,-0.18516916,-0.92988896,-0.401795,0.19481845,-1.4200687,0.67350817,0.19718316,0.8285786,0.94187146,-0.78118986,-0.44307968,-0.9016883,-0.65046024,0.0585716,-0.18179512,0.6796715,-1.9937993,-0.20452596,-0.11878834
-1.3300738,0.7980389,0.31987005,0.85557264,2.0853791,-0.90949047,1.5537529,1.2671503,-0.9351423,1.5526505,-1.1742502,0.3237958,-0.6271861,1.5132358,2.0171235,1.3383347,-1.4686981,-0.99095225,-0.28834638,0.30358997,1.1965013,-1.8381556,0.16426145,2.1135602,0.528098,0.37411365,0.41497076,1.051304,0.09370833,0.3099537,1.2128289,-0.9488596,-0.1492485,0.3895267,-1.3292571,0.11581699,-0.16044798,-1.1005453,0.64571273,0.11542907,-1.6787934,-0.01772678,1.2925518,0.38270956,0.3057035,1.2193307,0.60573155,1.295229,1.8505731,0.69074523
-0.07512236,-1.1020919,-0.5096374,-2.0534103,0.09157241,-0.657541,1.4565588,1.466009,0.76187074,-1.0335394,1.8112142,1.1831053,1.077684,-0.26172647,-0.009379259,0.6394739,-2.613054,1.51351,0.23364322,-1.5993023,0.5497083,0.8981985,-0.8920155,1.1744057,-1.6714107,0.39058024,0.313556,-0.21609892,1.083477,1.070107,0.7168297,-0.23689814,-0.36753964,1.3578453,0.47205675,-1.0978135,1.4290959,-2.2054195,-0.014561382,0.30524442,0.5590096,0.21470492,0.8972877,-0.80258447,2.3013842,-0.77865636,0.3147742,-0.3160186,0.69434625,-0.68320787
-0.20687394,1.3152647,-0.033724584,-1.6469637,1.4355409,-1.5922866,1.0897387,1.1890334,-0.047893688,1.0575727,0.29180697,-0.04695982,0.9519433,0.8113382,-0.49687716,0.008231764,0.29944304,0.9978167,-0.1074649,-0.83701503,-1.5609206,0.5893077,1.7670678,-0.22940812,-0.122769505,1.1226523,-0.5553324,-1.0391328,0.79772466,0.4545795,0.28413543,-1.4665028,0.119659446,-0.07020714,-0.8727128,1.5235622,0.50149953,-0.5675273,-1.2719997,0.8472879,-1.7971473,1.2388134,-1.1335783,-0.3446427,-0.7909412,0.9318026,-1.8680174,-0.38810995,0.569963,-0.43077245
-0.20153053,-0.8397946,1.7748816,-2.7033486,0.9839723,-0.78242135,1.0819048,0.5294719,0.14859824,-1.2557558,0.6382598,-1.0693353,1.629673,2.3098276,-0.2908904,-0.5679472,-1.6151611,-0.7934921,1.2423781,-0.06246367,0.46313372,0.6406633,-0.94515765,0.4418535,-0.69972587,2.4791548,0.47602397,-0.2706379,0.18288746,0.050787013,0.12757201,-0.31164902,-0.6234058,0.99068636,-0.2585077,-1.8644366,0.63970244,0.49643543,0.6826769,-0.10071227,0.43877104,-0.09329057,-0.6068165,-1.4442698,-1.1310059,-0.35475653,-0.02227025,-0.14217348,-0.52091336,-0.78800356
-0.9260291,-0.038247906,0.078464314,0.8769758,-0.68930054,0.2347994,0.7049944,0.23494232,0.13335888,-1.1831205,-0.07251286,-1.3230641,-2.4878438,-1.3229767,0.9438483,-0.25930017,-2.177075,1.8095908,0.18587087,0.7084862,-0.7531349,1.4211091,0.6258023,-0.53399146,0.86413395,-1.6684668,1.3081146,-0.18329391,-1.7936647,0.86578643,-0.08742245,1.7512337,0.7921001,0.70832974,0.75403625,1.8648895,0.22107632,-1.0179427,0.1195218,-1.284796,-0.1450891,-1.2376591,1.0698808,0.46348077,-1.2082722,1.4947355,-1.0824674,-0.32533938,0.16305803,1.9097385
1.2385507,-1.2302877,0.1951419,-0.12816599,-1.2310383,0.34904623,0.8029719,-1.0554507,-0.2947013,2.2668686,1.1944494,1.0782418,1.0031452,-2.2296672,0.72807825,-0.9919482,-0.5234012,1.8177927,0.14249332,2.1453793,-1.1429104,-0.6407287,-0.69719887,1.4689094,-1.0462646,-0.5367566,0.9204708,0.40778604,0.39013565,-0.297976,0.029265631,0.7137072,-0.26682812,-0.2873049,1.2079331,0.21087141,1.7438082,-0.34348983,0.030687207,0.58864045,-0.07284969,0.24388045,-0.11587471,1.2966988,1.6206535,1.6875892,0.39885116,0.7466854,0.8792113,1.332408
-1.0985802,0.15115133,-1.9110473,-1.4505571,0.120095305,-0.9394225,-0.24416257,-0.7751516,0.35936865,0.63284194,1.0171171,0.90465325,0.90816903,-0.012778396,1.6014793,1.077084,-0.30208388,0.01969673,-0.64019257,-1.6193577,-0.041309047,-1.1482835,1.4876242,1.2077562,-0.6370123,-1.6323651,1.1474769,0.51210886,-0.95435935,-0.25505227,-0.36933792,-1.1856892,-0.81222236,0.9929426,-0.06242386,-1.1808226,-0.5089898,0.02518985,-0.5707936,0.6453666,-0.20872907,0.11446015,0.65479684,0.18874535,-0.095212236,2.1892838,1.1368372,0.50058633,1.2320036,-0.529202
0.42663395,-0.3592924,-0.5526517,2.6062512,0.64895284,-0.63104606,0.50041515,1.0620961,1.0458465,0.26943383,-0.13123742,-1.1827431,0.41833818,0.98136973,0.84679884,-0.83000815,2.3548126,-1.1993636,-1.1766372,-0.5713225,1.4255508,-0.0029102664,-0.062037118,-0.1796332,0.21204558,-0.32695767,0.9033043,0.5312067,-2.015017,1.0483674,-1.9933219,0.05494678,1.1222024,-0.5454652,-2.0626643,0.5192098,-0.17477447,0.46220425,-0.2905552,0.67733073,0.41974643,1.9947535,-0.477339,-1.5433117,0.6399637,-1.0207251,0.6297823,1.2530406,-0.21880284,-1.496565
-0.4158492,0.29394457,0.17226796,0.7495838,-0.3344085,-0.20636389,0.09382086,-0.7892122,0.9501268,1.2714474,0.20859829,1.0023495,-2.02259,-0.97713983,0.25820056,0.6716342,0.74303275,0.3540024,1.0166079,-0.48967516,-0.80730176,1.1688066,-0.51284033,0.6367399,1.2845263,-1.0657035,0.2902223,-0.15957054,-0.008443039,0.458851,0.16072743,-2.570831,0.7653759,1.4953028,-0.7455125,0.9496883,0.87809265,-0.5062777,-0.82972085,-0.3190039,-0.6755958,-0.45885447,1.0431992,1.1199816,1.3334999,-0.23576982,0.81725335,-0.29800984,-1.220002,-0.20078997
-0.062042464,-0.7689655,1.36255,0.4483912,-0.099663086,0.5491705,1.0112524,-0.13342412,0.5964834,-0.031234177,-0.15009345,0.57113844,-0.9173157,0.990212,1.0608698,-2.0643778,0.66095567,-0.8001485,-0.13359706,-0.6533168,0.5098515,-0.36762768,2.6224942,1.7639114,1.3405336,-1.8908768,-0.60308135,1.0063338,0.87798417,-0.4392875,-0.5556556,1.4545225,0.86446476,-0.7675884,-0.24479407,0.15371054,-0.36811465,0.80200136,0.27900064,-0.70502406,1.4175361,-0.21594097,-1.543696,0.6619599,0.45221424,-1.2744348,-1.8055075,-0.15100518,0.07099205,0.9546638
-1.6601754,-2.5550747,-0.28176492,-0.7094324,0.66873825,-0.2861659,-0.39920253,-0.5160712,-1.0690787,-1.329183,-1.3141638,0.78537256,0.9453125,-0.76119393,-1.8484743,-0.2810368,1.318006,1.2846408,-0.3522137,-1.1272124,0.6434427,0.2070012,-0.6124479,1.6187344,0.051636755,0.13794039,-1.0807751,0.484834,1.1020406,0.33934793,-0.13819937,0.81086195,-1.8622721,-2.169861,1.0890217,1.1262326,0.35887936,0.41779158,1.0629146,-2.1018436,-1.3596148,0.35069573,-1.057528,0.021239484,1.5625732,-0.11248134,-0.3047126,0.27348956,-0.99332553,-1.0224292
0.9575396,-0.009498852,1.9923652,-0.31092545,-0.18924072,-0.26356447,-0.96659815,-1.2825487,-0.5279652,-0.26924455,-0.8528734,0.70356905,-0.18749067,0.9023639,1.3998015,-0.7166939,0.07206339,-0.05108841,0.017218992,-0.01080998,0.07688854,-0.31738576,-1.9482628,-0.642528,0.27378395,0.3236406,1.774752,1.3662267,1.6797062,-1.8596017,-0.4505094,0.41365424,1.49402,-0.4967312,0.19447808,-0.6830613,-0.5017457,-0.5349356,0.011185714,1.2680503,-0.3365536,0.8681891,0.4854652,-0.5153026,-0.8497032,-0.28585404,-0.10519682,0.10075736,-0.8623947,0.8123489
-0.70450246,-1.2873274,-1.5396028,2.1358435,-0.62443507,-1.1104023,1.9664626,-0.1310228,-1.2489198,-0.26592624,1.547772,2.0029006,1.221016,1.4173368,1.1733656,-1.8434534,0.8808846,0.98522794,1.2122954,-0.50093687,-0.52835345,0.48985535,2.8071997,-0.9316165,0.23349518,0.9355632,-1.0688946,-0.27328447,-0.23424773,0.994569,0.83085907,0.42202446,0.5798867,0.11600877,1.8531005,2.1252627,-0.3465024,-0.3890265,0.71848387,0.4464591,-0.8700993,-1.8902861,0.56120086,0.776476,0.7901667,1.0021585,0.45807263,-1.0727265,-0.48849532,0.7832131
0.4125887,-0.4041545,-1.4876957,-1.666318,-0.029311422,-0.7986866,0.031459566,-1.0774051,0.7173772,1.5064105,-0.22100782,-0.4287685,-1.30194,0.23610578,-0.10086108,-0.8315247,2.2113879,-1.0561478,-1.2508764,-1.8066427,-1.277944,-0.11054266,0.9650027,-1.8769524,-0.20918673,0.49216002,-0.60171145,1.0515894,-0.6829912,0.78388804,-1.1785526,2.3311777,-1.5598025,0.21854647,0.4962817,-1.2769241,1.8702155,-1.3275906,0.30334848,-1.560083,-0.58189785,-0.86922556,1.381442,-0.82197845,0.21686444,1.1198459,-0.051402885,-0.2192292,-0.1603649,-0.9301804
-0.8727766,-1.8189443,-1.4493697,-0.28982252,1.6655225,0.51494855,-0.7358833,0.40515912,0.87556857,1.5972798,-0.868824,0.54343814,-1.1084359,1.3947554,-0.09869143,1.393684,-0.5204927,-1.1205772,-1.0761743,-0.33600742,1.2120266,-0.6545389,0.35784006,1.1188352,-0.66354144,-0.6642819,-1.0261343,0.68246496,-0.5057679,-0.8504895,1.9349822,1.4721185,0.42659682,-0.7508312,-1.6033016,0.8788368,0.9258691,0.31877267,-1.7073859,-1.2324599,0.278333,-0.36311045,-0.5217661,1.0014623,1.45368,0.10784959,-0.61503965,1.1845903,3.2130735,0.5292835
-0.9815412,0.29891345,1.1422027,0.3299124,-0.63760513,-3.3397803,0.61462206,0.25440854,1.4827282,2.5245755,-0.3461597,-0.4574722,0.11279481,0.9271826,0.767526,-0.93133163,0.6969437,-1.0447955,-1.4516971,2.1520474,-1.6221919,-0.43872067,-0.5228021,2.1570723,-0.47045618,0.11872929,-0.37782386,1.4403548,-1.2033656,-0.12860534,0.7955781,-1.5480828,-0.06703244,0.097434595,-1.9376699,1.1635145,0.880808,0.18254772,-0.39581707,1.322435,1.4436338,0.08955338,2.333879,-0.23443247,-1.0329391,-0.5201376,0.56306446,-0.9635588,0.6740765,1.2828741
0.43199244,0.40076026,2.160972,1.7277962,-2.1934774,-0.19294988,1.7754439,0.45581743,0.42299747,0.6024425,-0.070791714,-1.6103932,-0.37920392,-0.012603754,0.6706132,-0.59845215,-2.1744561,-3.1136785,0.049474232,0.88510716,-0.69296694,-0.50252724,1.098619,1.0780766,0.19871055,1.3714607,0.759784,-0.81148225,-0.71984094,-1.3528475,1.1361759,1.0252314,-0.2502633,-1.3909227,-1.3825256,0.13184027,-1.2928591,-0.9949308,1.1214774,-0.4581332,0.61567,0.32210112,0.009740011,1.6416837,2.627604,0.4848006,-1.9049875,1.1367877,1.8489946,-0.7594096
0.13846268,-1.3090584,-1.4288629,-1.5192989,-0.641126,-0.37997144,-0.7761346,2.007989,-0.82995176,-0.5772393,-1.1347802,1.4499176,-0.48029613,0.17572473,-0.6856241,-1.0001982,0.8320153,-1.1193689,0.21254526,-0.4112424,1.9882665,0.026201809,-0.16037863,0.9628961,-0.55279845,0.076664045,-0.19721405,-0.53955674,-0.21415323,1.4387355,0.0038112802,-0.8984771,2.0445166,1.1508058,1.3654021,1.1986045,0.5072986,0.51985985,0.66413295,0.81176543,1.550591,1.384224,-0.3081765,1.0632764,-1.648468,-0.78398895,-0.40064457,0.459363,1.1713217,-0.7309467
-0.8847263,-1.7030122,0.3593909,1.2333411,-0.44914642,0.4242233,-0.28667867,-0.02065488,-0.08144932,-0.047703523,-1.0586816,-0.5114043,-0.80027235,-0.760228,-0.4916994,-0.548397,-0.3047936,0.9864531,0.20104879,0.077430874,0.7629257,0.50555205,-0.53018135,-4.975298,-0.030944658,1.8136652,0.6458377,0.45079666,0.6085906,0.10394487,-0.79715997,-0.7169507,-0.7161677,-1.2085323,0.7909446,-0.996661,-1.1005675,-1.6042678,0.99247736,-0.6541444,-0.8028805,-1.6712223,0.1487442,-0.1686555,0.270147,0.71350414,-0.9139295,-0.6728315,0.9313837,1.1081241
-1.1855335,0.65854055,-0.13613293,0.7771659,0.28851143,0.031597544,-1.9530563,0.267353,0.48466033,0.96124786,0.6095685,0.25839758,0.6835553,-0.50331974,1.0194504,-0.7445398,0.85172385,0.34225672,0.26682246,0.6374348,-0.47167566,0.87915295,0.8573791,0.53573585,0.8176145,0.8629453,0.082996845,-0.596208,-0.33824575,-0.49115658,-0.8738102,2.2645755,-0.42866975,0.310057,-0.41353917,-1.1399484,0.40291995,0.83498704,1.0735624,1.1478677,0.20305228,0.7267681,1.5812515,-0.0066442024,-0.00023546827,1.2324898,-0.073022164,1.3358606,1.3055317,-0.5633964
0.5871574,-1.1390891,0.8863206,1.1492578,-0.92928326,0.7774312,0.2499258,-1.3019705,-2.4599173,0.49140242,-0.28543597,-0.9164472,-1.5376331,0.97711414,0.33140177,-1.2012742,0.93327343,0.56338483,-0.2322642,1.812596,1.1111625,-0.98538625,0.36139175,0.04686515,-0.25192136,-1.2495468,-0.5434769,-1.2692538,0.6478902,0.2092688,-0.16121079,-0.92231655,-0.9718582,1.1488938,-0.03475953,0.5050415,0.044268783,-0.7359408,-0.36664993,0.57121825,1.0173267,0.10600053,-0.51914823,0.63215154,0.8668234,1.793088,0.12000441,0.5153203,0.65897834,-1.7384228
-0.64423424,1.0526584,1.4502754,-0.3963004,0.67876273,-0.59778136,1.7340384,-0.2543483,0.07097035,-0.36214867,-2.4024613,1.9314165,-0.7807741,-0.12373036,-1.8979965,0.12688786,-0.5915773,-0.50503606,0.15541497,0.7210724,-0.3819822,1.0101012,1.0352008,0.966576,-1.0907995,0.30587563,0.25752726,0.12813476,-0.18515633,-0.21886264,0.53805333,-1.2574958,-0.7210986,-0.8990081,-1.1526515,-1.2225835,1.2058766,-0.7964155,-2.0077238,-0.50294834,-1.1236819,-1.1585134,0.12892921,-0.095977716,-2.7877057,0.00044997755,-0.5622961,-0.28409886,0.62760574,1.614072
1.4875962,1.5046915,0.44879514,0.28264603,-0.33491287,1.3405879,-0.36831626,-0.08530314,-0.0085574165,-1.536888,-0.24915357,-1.4906505,-0.109962724,0.19731057,-1.5620682,-1.5815115,1.7462951,-1.112065,-0.1447493,-0.67565536,-1.3419247,0.8592379,2.1793358,0.28296757,0.42869607,1.4020922,1.2241336,0.5826066,0.67874545,-0.91811955,-0.76770586,0.38960555,0.68713415,0.0600787,-1.7085481,-0.14094889,-0.60763794,-1.2583547,0.40402758,-1.3643832,-0.3197914,-0.2229153,-1.399633,1.122334,0.18776087,0.6850908,-0.25184956,-1.0738978,-0.6406862,-1.1071633
3.0064332,0.31875724,-0.3478863,1.2472194,-0.6106792,0.8105557,1.4964209,-0.1729302,0.14512303,0.24269019,0.37866613,-1.053636,0.82846606,-0.4478102,-1.7746389,-0.9902145,-1.1382377,1.1537496,-1.086159,-1.4758143,0.08491509,0.4165207,0.5532089,0.23931192,2.3005443,-1.0631183,-0.42397988,-1.0479542,2.1360369,-0.67701256,-0.41857824,0.7910401,-0.35282883,-1.7856418,1.1675164,0.12421215,-0.8617021,-0.64382666,-0.11594552,2.0593169,-0.6532825,-0.04428003,0.25851682,-0.6331752,1.1475406,-0.13882741,-0.0011402923,-0.28668243,0.1360089,0.4183923
2.4511714,-0.572466,-0.76827866,0.53426784,0.18042955,-0.40145513,0.16993244,-0.9297153,0.4887523,0.3184696,-0.034096275,-0.38400832,-0.9552481,1.497299,0.24083385,-2.229798,-0.22244501,0.8909438,0.48148173,0.49041054,0.13686366,1.8974916,-0.7617525,-0.3822148,-0.40106177,0.43973008,-0.15916644,-1.2495248,0.10675725,0.6775381,-0.7428414,-0.06341099,-0.46702933,-0.67906415,-2.9341903,-1.5243046,-1.1006962,-0.8877629,0.80813646,-0.19364531,-0.03468764,-0.05667819,-0.123538725,0.18861587,-0.06264061,2.6767418,0.04540734,-0.89833254,-0.30967072,0.29523724
-0.09646508,-0.43816417,-0.54397446,-1.5896544,2.3203428,0.43833295,0.69021666,-0.13458772,-0.72398067,1.7229931,-1.4451628,0.31512186,-0.82626,-0.91218907,0.28176934,-0.639539,1.4266016,0.34765399,-0.72184217,1.4972647,1.0910944,1.369531,0.79311156,-1.199383,-0.096452296,-0.057114575,1.633736,-0.30238777,0.21129262,1.7812824,0.17800719,0.379185,-0.44181994,-0.6319679,0.2707009,-1.1019353,0.35925853,-0.5854541,-0.013330157,0.2068614,-0.3570742,1.0220642,0.3053571,-0.7399772,0.3394045,1.6189085,-0.6692834,0.45741066,0.8985571,0.64564115
0.5807059,1.5115305,0.73649865,1.53454,-0.042304076,1.4812406,-0.9864436,0.12643489,0.71536916,-1.3177048,-0.17930175,0.16925086,-0.7944187,0.70389116,-1.5244858,0.7739301,1.1580046,-0.016354706,-1.5454167,1.0177807,-0.114369996,-0.65459853,0.9458447,0.8113892,-1.4571645,0.9108633,1.2029117,2.0819073,-0.88288766,-1.5910429,0.79344386,-0.5204425,1.1184373,-0.5153155,-0.081114225,1.7523593,0.42532897,-0.39565632,1.0379853,-0.20976985,-1.0599941,0.8169793,1.7924817,-0.29577532,-0.15806405,0.124524646,0.7455067,0.97149265,0.5649076,0.017851839
-0.8414366,-1.0764287,0.70550686,0.6174905,0.74959534,2.0084486,-1.3345616,0.40811443,-0.35597134,0.7659263,0.3872878,-0.34759963,-0.4248989,-0.23273821,-0.46435913,1.5351319,1.0603751,2.781732,-0.92942244,1.1470749,1.2578162,-0.5240064,0.13464232,0.43323907,-0.9423908,0.63853914,-2.0064914,-0.5328554,-0.105219185,-0.75834155,-0.9068644,-0.9965379,0.37947467,-0.5097026,0.036583167,1.7228488,-1.6890442,-0.75390816,0.98500234,-2.2974725,-2.0926173,-1.6854064,-0.022996092,-0.6352889,2.0678022,0.7050093,-0.6345386,1.9822223,-0.7053469,1.4706212
-0.4164073,0.25258037,-0.3814114,-0.92385185,-0.5150482,-1.5099837,-0.2772785,-0.95583177,0.47469616,0.3136112,-1.510585,-1.3234099,-2.3603635,-0.3766356,-0.21132764,-0.25698292,0.9564697,-1.450354,-0.8082293,-1.6904376,-0.71746516,0.37136185,1.0358535,-0.06060006,0.31513217,-1.1541227,-0.31220528,-1.2161896,-0.14798057,1.0500258,-0.71173996,-1.6218511,-0.892053,1.415652,0.32363912,0.16595285,-0.21103793,0.24174517,-0.017943054,0.2687017,0.112259686,1.5914353,0.38740328,-0.94548196,0.37801957,-0.61684,-0.87852937,1.5824531,1.3264774,0.3190256
-1.710706,0.06772255,1.1007775,-1.065757,-0.019725915,0.75680345,-0.46687317,1.3010386,-0.94836795,-0.07563294,2.527311,-0.11199242,-0.80226827,-0.7147945,-0.22056754,0.89718264,0.8576189,0.8059809,2.5043845,0.31287688,-0.12771544,-0.3297311,0.6197897,-1.0244732,0.036867827,0.6925934,-0.86887765,-0.8649605,-1.2637963,0.8697223,-0.70694983,-0.48890302,0.6960089,-1.8541114,-0.4349845,-0.5219119,1.4434737,0.6595847,-0.21487975,2.394182,-0.7130006,-0.45043615,-2.2232645,-0.3628463,-2.0314486,0.88752145,1.5354736,0.05718046,-0.9121359,-0.6954311
-0.39087597,0.42491922,-1.8773541,1.0209286,-0.07103748,-1.3591223,1.8634454,-0.34833756,1.1464933,0.83566064,0.2147624,-0.22264129,0.404631,-1.0148116,0.55683273,0.48090053,-1.301344,0.6194787,0.099546365,0.73358285,-0.48621058,-0.43336418,-0.8682643,0.9836996,-0.08961461,-1.4533157,0.19114862,-1.1976857,0.4478495,-0.91800636,-1.591161,-0.0097231865,-0.27090162,-1.2655933,1.034602,-0.06266519,0.78090364,1.20939,-0.6568547,-1.5721016,1.0245388,0.32121956,-1.2441157,-0.7651641,2.0007873,0.7588673,0.40889052,-0.272576,0.5251439,1.5683402
-0.07411948,0.05985991,-0.784724,-0.44207203,-0.08616502,0.13018014,-0.5990647,-0.23375882,-0.62781703,0.9032557,0.19036572,0.9553383,0.43646744,-0.45055464,-0.860545,-0.025167782,-0.6862944,1.5105983,-1.6411006,-2.4339247,1.0472461,1.032557,0.17609371,-0.0036147125,-0.576975,-0.68830127,-1.0474399,-0.8456923,0.21279441,0.16303368,-1.0059305,0.46278572,-0.85569996,1.206498,1.4314408,-0.03466341,0.14417179,1.129033,0.92563266,0.740858,-1.005114,1.6742332,-0.4977722,0.23556921,0.7068593,0.15815474,0.1901484,-0.66024697,-0.37149134,0.3747844
0.07628772,-2.1879387,0.16439496,-0.2147426,1.1977265,-0.067515485,1.318729,0.47159162,-0.223882,-0.3629933,1.3189081,0.62835616,0.85018975,-0.14043632,-0.8291399,0.041026853,0.56129205,0.31366393,0.6326584,0.22068611,0.49250352,-0.29679477,-0.30667838,-0.27512088,-0.4691523,0.94078225,-0.25580433,0.32550216,0.08378722,0.2225443,0.576545,-2.1246707,-0.2871345,-0.31542757,-0.4163988,0.10127419,-0.14101477,-0.31968755,-0.47366902,-1.7397833,0.34106892,0.104943655,-0.14543194,1.1890126,-1.4094324,-2.7414272,0.29309788,-0.6760801,0.6345308,-0.4834895
-0.8667035,0.91608536,-0.48469663,1.4239358,0.61343396,1.1255554,2.3951147,-0.3026863,-2.104919,1.2607565,1.1711123,1.9407043,-1.1495591,0.46218404,1.5547324,2.0914872,1.639698,-1.7341043,0.5919636,2.0976908,-0.015013803,-2.010777,3.4938598,1.3756728,0.40893576,0.58885777,-1.822214,-0.18923452,1.2902396,-0.236122,1.537148,0.78261536,-0.5587584,-1.0080066,-1.4161168,1.5129485,-1.294215,-0.28218234,-0.6693842,-0.18666653,1.0076488,0.6508276,-0.06814098,-0.13218656,-0.5395726,-0.6868204,0.32232723,-1.6473799,0.36875433,0.392307
1.2361736,0.6951671,1.778763,-0.8156933,-1.3295523,-0.52854925,1.9798607,0.6346052,0.386431,1.2550225,-0.6617898,0.43557683,1.3240159,-1.8442832,0.90942234,0.8026775,1.398969,-0.339722,-2.1034014,-0.7073364,-2.097342,-0.29444814,-1.1936697,0.34412336,1.8597922,-0.59121364,-2.0819695,1.2178729,-1.4245864,-0.07834434,-1.2101309,1.8697809,-0.42879122,0.0023948879,-0.39412567,0.52143335,-0.06112024,0.63261986,1.6714361,0.5806736,0.30200112,2.3250813,-0.7281453,-0.94580156,-1.1678337,-0.65509814,-1.363574,-1.3855139,0.22734281,1.9136178
0.36222172,0.9696508,-1.9636635,-1.1491086,-0.1404771,-1.2729543,0.90733826,-0.35594422,-1.4469957,0.8387871,1.4737189,-0.13916405,0.044775274,0.11638794,-0.84873945,-0.56547564,-0.6337057,-0.4708783,0.4412013,-0.3766272,0.31525427,0.46248704,-0.7303819,1.4208641,-1.5107523,1.840917,-0.10604104,-0.8605602,-0.81251806,1.6226298,0.036197256,0.29445225,0.4693531,-1.2557944,-0.084381245,0.45809096,1.1874298,-1.4715209,-0.18153802,-0.01635673,-0.010747618,0.11253718,-0.6090433,-1.3156087,0.36581793,-0.9288464,0.1782527,2.4228258,0.46214455,0.51594985
0.3596445,0.80684125,2.450823,1.5649275,0.15455739,0.6438321,-1.637642,-0.11812951,1.4726543,-0.17096446,-0.27373177,0.3044293,-0.23559085,0.6897632,-0.9809469,0.083821334,-0.8021006,-1.0012285,0.19493657,-1.632773,-0.44158104,1.2724975,-1.6591787,1.5077767,-1.1368729,0.2919171,-0.35209706,0.04122939,-0.8133837,-0.36069006,0.38142872,-0.46424097,-0.21617848,0.97047323,-0.20284308,0.32398984,-1.5357616,-0.72705996,1.5778521,1.2696797,-0.89287454,-1.080305,-0.2210686,0.6017373,0.31693956,-0.17687753,-0.08814808,-0.3307183,-1.7979019,-0.27233985
-0.93416005,1.4771553,0.15432374,1.4794103,0.44750088,2.1683564,-0.90740144,0.90460825,-0.5591582,-0.109171204,0.46563604,-0.8386767,-0.38930652,0.08156526,0.28417096,1.6990238,-1.3765469,0.2900677,1.1999495,-0.6065848,0.019139381,0.5419315,0.84396493,-0.5910834,-0.3124898,0.12379221,1.09737,0.17794243,-0.7006229,-0.21961609,-0.012565751,-0.35226807,0.037196603,-0.721393,-0.4250189,-0.84155196,-1.8205659,-0.11557657,0.71844333,1.0005474,-2.431505,-2.1060283,0.25511822,-1.6730533,-0.47682536,-0.66048884,-1.6654445,-0.18831109,0.43292907,-0.17426525
0.9148606,-0.69171095,-1.1507022,0.76200444,1.2415415,-0.22746648,0.32985765,0.642671,-0.102698356,0.71435046,-1.0843735,-0.08125851,-0.407683,0.78282017,1.1629586,-0.021455133,1.145072,-0.19443661,1.3087531,0.46650803,-0.7158689,0.42996472,2.0912123,0.7709438,1.8738147,-0.2131529,-0.510889,-0.9456246,0.44576117,0.08041976,-0.62902224,-0.57936794,0.8321683,1.6000234,-0.35515407,-0.053475734,1.0702531,0.40358037,0.042500753,1.3793399,-0.13278861,-0.794837,0.010498503,0.8741269,0.19299819,1.3896645,-0.107978605,-0.55627066,-0.520966,-0.41002482
-0.719916,1.393445,-0.47786677,-0.31506452,-1.1094089,-0.6938963,1.8696111,0.78200155,1.8993505,-1.8011818,-0.3299811,0.74812,-0.93840903,0.69269794,-2.251737,0.015517778,0.26138386,-1.7705072,1.1355826,-0.2315694,-0.18036267,0.8357677,1.192773,1.5411863,-0.7336388,-0.2530706,-0.9426784,1.1076392,-1.9001338,0.8197842,0.27956152,-0.87889737,0.08918901,-1.5756265,0.16892861,-1.3599019,0.33767757,2.3512585,0.034896012,-1.2427628,-0.7472619,0.80613416,0.6745957,-0.0077017373,-1.1692017,-1.3225863,-1.3926142,0.6627249,1.1044844,-0.82334036
-0.12858261,0.72524464,0.2818793,-0.40417254,0.12586097,0.57937956,-1.185363,0.25146624,-0.8030669,0.04789156,1.0210081,-0.090357676,0.7879951,-0.18856478,0.040039822,-1.2234269,0.80145425,-1.1143559,-1.1527331,-1.2649847,1.7484721,-1.1726153,1.2301053,1.1046767,-1.7527844,-0.083925195,-2.31166,0.04724258,0.8747747,0.8790236,0.31687987,1.3047826,-1.6810578,0.075579345,0.5330819,-0.025607076,-0.964191,-0.21324807,0.28714806,-0.036740832,-1.2042793,-0.18198968,-2.0860868,-0.8596774,0.06608576,0.8403775,-0.49827582,0.801156,-0.68618363,-0.5818561
0.03043972,0.053649463,0.9135917,0.5198616,-0.68562865,-0.547807,-0.628237,0.23712482,1.623445,-0.45546845,-0.66994923,-0.029253252,-0.42985046,-0.060424004,0.025354218,-0.58979,-1.2035109,-0.878322,0.8724668,-1.905024,0.27823034,1.0433029,-0.3253517,-0.6349021,-0.15135035,-0.15906602,-0.8176288,-0.21015865,0.33489364,-0.97042596,1.7450378,0.32072303,0.80638033,-0.07942101,-0.118219264,-1.0385256,0.36915353,-0.7068077,0.21848711,-0.13923322,0.8161039,-0.532999,-0.15067261,0.90119463,0.20589906,1.7413822,-1.6466233,0.8179064,-1.3654761,-1.4952801
-0.021712415,-0.95599645,2.394193,0.2538185,0.65641403,0.5166673,0.9259587,-0.8571684,-1.5492226,-2.0803337,-2.1762104,0.054630738,1.5119334,0.7523062,-0.34978658,1.0823265,-1.1468586,0.17448163,-1.1764205,1.1773942,1.0602206,2.0085406,-1.4236156,-0.5462303,0.15507978,-1.0865579,-0.29135284,-1.266536,0.5361596,0.110503696,-1.2940271,1.9889404,0.0098893745,-1.0227181,-2.5553818,1.1371927,-0.64147174,1.0584688,1.7306612,0.2992144,0.5121517,-0.14895599,0.72796094,-1.3230363,-0.34664035,0.5135509,0.42031062,-0.13872488,1.8658117,0.8113343
0.10705089,0.8729409,-0.4620052,-1.3599503,-0.06842988,0.43845573,-1.051721,-1.4640073,-0.041821126,1.1189804,-0.039100394,1.1070516,-0.08339855,-0.12383779,1.1472073,0.85302067,0.2556525,-0.9097013,-0.3330806,-0.45379788,-0.43915904,-0.05818199,0.31406724,-0.41867235,0.46282986,0.5797837,-0.94982547,-0.2803728,0.29916447,-0.10330333,0.42357677,0.13629985,-0.19701529,-0.5055832,1.1120548,0.29331905,1.4673189,-0.8173233,1.166069,-0.12273292,-0.014656368,-0.60502297,-0.32736233,-0.011848991,-1.103824,0.21312454,1.1820053,-0.6735342,1.1917577,1.0444419
-0.86411184,-0.5675898,0.7642251,-0.38205904,-0.88513494,0.6854051,-0.76071525,0.13751966,0.61207217,0.65552205,1.3585467,0.6235168,-0.40988478,0.896667,-2.1506314,1.3508229,-0.32151273,0.97685516,1.7903056,0.117218465,-0.18194841,0.29370195,-0.22715004,-2.430682,0.5058446,-1.7138072,0.17914104,-1.0041938,-1.5157408,-1.0651056,2.1237483,-0.37134433,0.4606683,1.5215292,0.22822115,1.3369129,-0.5997861,-0.06895882,1.003237,1.0645599,-3.3459065,-0.16203289,0.55175,1.8905265,1.456449,0.13235076,1.9139997,1.0626234,-0.060911514,-0.3968243
0.6013184,1.4118701,-0.39895502,0.32937622,0.5938426,0.3815536,-0.35800847,1.0766001,0.112439066,-0.36812007,-0.19829164,0.7899959,0.30396694,-0.3441813,1.3297912,-0.23543465,-0.48221403,0.8880675,1.0215317,-0.12537016,-0.72160125,0.64127827,-0.0772969,0.48218346,0.34000948,1.6252602,0.20265979,0.6358896,-1.2176607,-0.49601692,0.07833825,0.19486383,0.37318158,1.8810453,0.22699885,-1.1522589,-0.7874145,-0.27089137,1.2058502,0.5110159,-0.99932414,-0.28406814,1.0072469,0.03100514,0.35249808,-1.1453205,-0.37512854,0.21970035,-0.39161357,0.7911447
0.9232789,1.0719148,1.4008855,0.5953286,-0.34417117,0.26567143,0.7922654,0.1453284,-1.8085599,-1.3153769,-0.5545205,-0.27907294,-1.4958078,0.70857406,-0.82207,1.3789681,0.8901141,-1.461672,1.1996207,1.4709358,-0.7531831,1.1618749,-1.2559886,1.8372593,-0.072586566,-1.9814612,1.325812,0.12005979,-0.39676744,-0.99785274,-0.57509196,0.6703335,-0.7825537,0.058029514,-0.505823,-1.4995264,-1.2941366,-0.9777978,-0.0027586613,2.491585,-0.4690866,1.2106044,1.0534785,0.8591521,-0.11466581,0.8155363,-0.8741012,-0.71360815,0.14627191,0.8390571
0.033323776,-0.10866205,0.15420805,0.42737094,1.6700435,0.38800657,0.104755156,-0.76946914,-1.9085854,-1.3788606,-0.25473988,0.94541943,1.5771806,0.15818977,-2.4467046,-0.35942495,-0.9298846,-0.61168253,-1.0499406,-0.4518483,-0.7175985,-0.629753,-1.1571374,1.0464596,0.05184144,1.3411828,0.06687464,0.8634433,0.15813732,1.1206856,-0.23559259,0.57690585,0.6720731,0.058121227,-0.17987521,0.7844157,-0.80681765,-0.78537464,-1.1366589,1.2612587,1.1676749,0.3394209,-0.3082643,0.5411008,-0.89024425,0.50940156,-0.16053434,-0.24125092,1.3285561,-0.22420928
0.28368026,-0.1124564,-1.6732281,-0.7139162,-1.6529508,-0.53608614,1.7148346,0.23626994,-0.8578097,0.843857,0.6879571,-0.015783407,1.9028409,-1.4977585,-1.1376556,-0.45493647,-0.4013794,-1.2784867,-0.36206612,-0.975763,0.95471644,-1.2012134,0.9013915,-2.6771548,-0.97143984,-0.8692657,-0.067730166,0.6389833,0.3780824,0.040582035,-1.060879,-0.27255872,-0.36366802,1.4415053,-0.38424313,0.79537964,0.8765999,-1.6266116,-0.9884312,-0.433717,0.9138357,1.0666255,-0.73742515,0.30805406,1.53723,-0.17108807,2.182166,1.5749109,0.2634909,-0.12957591
-1.238592,0.4433225,1.3139814,-0.18613756,0.7994139,-0.093741156,-1.6327364,0.26481506,-0.3627664,-0.27910227,0.36261088,-0.55688286,0.5020828,-1.5426267,0.6650896,-1.2029794,-0.4231379,-0.59175366,-0.4004961,1.3378929,-0.3126178,-1.6568406,-0.13894103,0.19905344,-0.724719,0.46450022,-0.14286193,0.50940883,1.3823342,0.71376973,0.36634356,-0.9861068,0.36937723,1.3682954,0.22601531,-0.4702981,0.21014571,0.1411094,-0.23413813,-0.28428385,0.23242417,-0.069098346,-0.045812443,-0.43086594,0.8571791,0.17976971,1.0827752,0.2680298,1.4529057,-1.7098248
0.9500622,0.49359623,0.8994512,0.011293141,-1.4660051,-0.47765088,3.0616822,-0.70129496,0.46910003,0.40834263,1.6583976,-0.9451305,0.44848877,-1.3843563,0.82571876,0.40652016,-0.86150265,0.8602098,-0.20757832,-1.18836,-0.70085746,-0.17851365,-0.7888414,-0.11801443,-1.2818246,0.49521637,-0.35272288,-0.55673283,0.07261246,-1.0114299,-0.7203275,-1.3297783,0.21212311,-0.005294813,0.3775936,0.9831573,0.2456294,1.1031309,-0.96791595,-1.3635935,-0.22833717,-1.3641684,-1.9741896,0.25362563,0.61174554,-0.3573115,0.3891454,1.3811094,1.9276633,0.9241483
0.3442072,1.9212834,-0.0150249535,1.97992,-0.59006673,0.3001497,1.6868361,-0.037499417,-0.09805042,0.17515154,1.1150271,0.1474209,-0.48447403,-0.80560035,-0.84011906,-0.41697666,-2.2684681,1.5048099,-0.6699677,0.09712281,1.5217268,1.1573967,0.41389218,1.0448447,0.8685225,1.2243013,0.35483223,0.0029351525,2.0297265,-0.7935038,-0.60935396,0.57216835,-0.1563919,-1.2689916,-1.0069101,0.23024713,-1.061689,0.0028873791,-0.6743639,-0.66302377,0.30269396,-0.25974947,1.4042939,0.033575498,-0.3114165,-0.33626333,-0.61294544,0.029502258,0.36436015,0.71152455
-1.1825299,-0.9443239,0.6709834,0.19110872,-0.37189466,-0.5459353,0.34111664,0.8611978,1.7685033,-1.4971968,-0.9244395,-0.046758637,-0.038051262,1.6489259,-0.7572496,-0.33187976,1.8174475,-0.6209904,1.5165603,0.48933718,-0.6573315,1.0693225,-0.066258445,-0.113755316,0.8210864,1.0380931,0.79235315,0.5474707,-1.2658477,2.0038059,0.76867867,1.2091978,0.8641881,-1.1041608,1.2977158,0.9735354,0.6239174,0.5489041,-1.5093231,-1.3201873,-1.1123788,-0.40496993,1.1633894,1.5019404,-1.0254744,-0.42343262,0.09006383,0.728405,-0.2803796,-1.0057641
2.0693247,0.66566586,-1.829095,0.3475092,1.1712615,0.087170124,-0.6645504,0.7522553,-1.3966608,-1.0599293,-1.2429677,2.1739416,-0.7292275,-0.72456926,-0.5340777,1.518227,0.77561057,-1.2361138,0.5736639,-1.028412,0.7691861,0.46342912,-1.7863977,0.03800274,-0.07700996,-1.7597163,2.1806107,0.78099334,-0.33894083,-0.7971633,-0.46576428,-1.2025262,-0.7899332,-0.18177982,-0.4448604,-0.3417128,0.89027977,-1.3456517,-1.4079303,-1.0730839,-0.40529776,1.7595297,0.25838202,1.8055845,-0.6673849,-1.7978315,0.4862522,-0.32637265,0.26928052,0.59508085
-0.5983993,-0.17485951,-0.059627708,-0.014751994,-0.74691856,1.6562451,-0.81262267,-1.0726966,-0.08896892,0.8297325,0.059199594,1.1996571,-1.0465217,0.4738075,-1.2818534,0.73929274,-2.2310495,1.5108277,0.6900328,0.07070496,-0.48077998,-0.44768655,-3.4630144,-0.8352643,0.7432235,-0.90450996,-0.6305968,0.50273114,0.4976051,0.64215267,-1.2007022,0.24534298,-0.3769717,-0.3346592,1.6024227,0.9856041,0.5299907,0.7773712,0.8860693,0.16968945,-1.0360187,0.7415874,-0.5507294,-0.15415493,-0.25493905,0.46159494,-0.1807322,0.84485143,-0.22118892,-0.38828242
-0.5745599,-0.9288282,1.5546622,0.9981931,0.27544838,0.022090647,-0.936699,0.37040982,0.9521444,1.0252237,0.43494833,0.5095266,-0.22216776,0.15064289,0.105387345,1.3880968,2.3479176,-1.0587083,-2.295818,0.6595872,0.24392751,1.7121234,0.7699968,-0.05834641,0.08006611,0.9624887,0.66607535,0.4442306,2.2188795,0.25518656,-1.4120098,0.14753747,1.3249176,-0.1903829,1.1109757,-0.22257592,1.5467129,0.013981648,-0.06500909,1.3346853,0.243692,0.09591572,-1.070982,1.277162,-0.6509084,-1.3956401,0.38864568,0.27618557,-1.0822736,-0.23447232
0.8123002,-0.15265487,0.6963784,1.9294784,0.059579745,0.75912935,-0.7427288,1.1703558,0.6400633,-2.1813188,-0.11608538,-0.49541628,-0.19769302,-0.0089949155,-0.78298324,-1.2026365,2.1040366,-1.1299973,1.0118778,-0.37818268,2.488255,-0.3317179,-1.2537811,-0.28955323,-0.1845433,-0.6278855,0.7563313,1.1854339,-1.1325276,-0.5088569,-0.118807755,1.8863589,1.0824231,-0.3834973,-0.19052182,-0.6571888,1.6783035,0.45081756,-0.36496115,0.93649846,0.47768512,1.0748618,-1.2211479,0.39468,0.60349417,0.01003848,-0.6238658,0.516524,1.9579067,0.5925173
1.3112882,-2.4243655,-1.0604459,-0.8377542,1.5568272,-0.23031989,0.78107303,1.5021392,-0.83845246,-0.8394026,-0.39300928,0.8151482,-0.4806542,-0.5455878,-0.50615627,0.038772166,-1.7866958,-0.098843835,-0.06653199,0.5999899,-0.29038197,1.4469905,-0.5594745,-0.16624218,0.47377858,0.86724234,2.1262014,-0.79538065,-0.23245458,-0.6297016,-0.6603041,-1.0379252,-0.67084724,0.075208575,0.187173,-0.54100424,-1.0084343,1.1110333,-0.13378097,0.52913606,-0.09824887,-0.6915427,0.51904315,-1.2086493,-0.55037665,-0.69815665,0.6837792,-0.38229126,-0.057641488,-0.34989303
1.0187792,-1.1682819,-0.87322074,0.1829604,-1.1835592,1.0822015,-0.11976278,0.35559002,0.017428821,-0.87405044,0.38326734,-2.0904317,0.206671,-0.47503623,1.5927663,-0.58647084,2.013202,0.25159362,-1.7583901,-0.85066175,-0.03242052,-1.3380654,2.4660432,0.7593475,1.1586359,-0.5609844,-0.78086925,0.17466964,1.1786859,1.9159842,0.10782571,0.078780144,1.6908077,-0.44573346,0.101976916,-0.20615184,-1.5415387,0.3671393,0.76936376,0.5715558,0.09973593,0.07748434,-0.6574777,0.23977982,-0.10649076,-0.6752985,1.5290542,-1.8788469,1.8376616,1.6993651
-1.2437549,1.0491333,-0.53223264,1.0119015,-1.3967457,-0.44251573,-0.9589296,1.0827421,-0.68878,-0.4086059,0.3286096,0.81792206,-1.7582394,-1.3243916,-0.5475461,0.29050592,-2.154729,-0.7493058,0.6751843,1.1888051,1.24747,-0.40436283,0.98602676,-1.211123,1.1511654,-0.6168575,0.37073955,-1.2279916,0.64573765,-0.51465315,-0.05960258,-0.8452142,-0.04318232,1.3197839,0.8686341,-1.5554359,-0.8862971,0.15610789,-0.59846795,1.9642466,0.31909695,1.2741759,1.7975919,-1.2175051,-2.0158424,-0.10801798,-0.37371045,2.2696648,0.4978116,0.4527031
1.360245,-0.19309172,1.0037116,-1.1022788,2.2115881,0.44673967,-0.4091001,0.20232993,-0.19891514,0.82310176,0.30475664,0.85231906,0.6611746,1.2014016,-0.06498867,-0.2391178,-0.71509993,0.9567621,-0.4455079,1.5745037,1.2473605,-0.735595,0.16179712,-0.08531138,0.789351,0.34644318,-0.2268303,-0.54907894,0.23405118,0.10331332,-2.295392,0.5207573,1.8538581,0.7549572,-1.6823871,-0.15494773,0.48130462,-0.88581234,0.64980406,-0.39285418,0.695163,-1.6491456,-0.912916,-1.2917622,0.49723086,0.9342131,0.53837794,0.34984353,0.78182155,-1.0610372
-0.52654296,0.03421849,1.4275558,0.6717408,-1.3842747,-0.7073697,-0.81668884,-0.6323515,-1.2729152,-1.9749144,-0.55930287,0.46416685,0.5250185,-1.2682233,1.1370535,0.05785928,1.2244922,1.0362405,-1.9115567,1.4488155,0.1690955,0.85784805,0.033330172,0.8340864,1.2685499,0.55478144,0.19362794,0.676703,0.9988576,-0.13143896,-0.07213322,0.032962773,-1.398197,-0.77617025,0.09987371,1.201407,0.5144264,0.12827708,-0.09647361,0.91302985,0.64285886,-1.3631368,-0.98542243,0.27209803,0.033427123,-0.16276655,1.8958626,1.6041023,-0.5828339,1.564147
-0.4729324,-0.31572044,0.3340881,0.31437922,-1.3759722,0.4910272,-0.02725921,-0.25509617,-0.4320244,0.03889684,-0.15645413,1.6768979,-0.2071877,-0.3516027,-0.4947359,0.572486,1.364335,-1.720242,0.51813984,0.43650714,0.7832057,-0.74426293,-0.28237447,-0.26563525,-0.5040064,0.19715175,-0.505335,-0.39966264,0.17525035,0.84062284,-0.3685955,0.2987448,0.6300449,0.53597814,0.33509812,0.91496295,-1.0980699,-0.72157145,0.07317515,-0.96193945,1.1777116,1.5258968,-0.5637692,-1.4486672,-1.3431927,0.48872694,0.4958622,-0.9969088,-0.12010316,0.3879945
-0.5428186,0.051842347,-0.20595433,0.6358441,0.30841646,0.23596181,0.68190306,-0.053230897,0.66407824,0.4721566,-0.102194495,1.3740058,0.73228025,-0.41116935,0.38392317,-0.4530185,-0.30426258,0.8233172,0.57700896,-1.0304681,0.0026889164,-0.27795032,-0.8100024,-0.10979319,0.72414017,0.35814387,1.7301313,1.156525,0.04120333,-1.859536,-0.6676921,-0.34377906,-0.877296,0.5599945,0.87300956,0.01783064,-1.6158736,1.644421,-0.18678796,1.00197,-2.520122,-0.051462,-0.7177231,0.6680675,-1.2949392,-0.2957318,-0.73580444,-0.25567546,0.9173139,-1.0722258
1.4105614,-0.17079453,1.3045279,-1.3437376,0.22646582,1.7832152,0.19218913,3.0522156,-0.6779557,-0.951518,-1.0466537,-0.34407943,1.5726883,0.37363568,-1.642932,0.92022645,0.9282178,1.7123373,-1.4382963,0.6113719,0.08959081,2.4254115,0.98168796,0.7889774,-0.8894117,0.7220496,2.906692,-0.06731464,-0.31975073,-0.9599666,-0.7079318,0.033367444,-1.1886157,1.1084887,-0.4920611,-0.32720673,-0.8077594,-1.884619,0.47374108,-0.03953506,-0.2571337,-0.4050587,-0.05945723,0.081447534,0.17547525,-0.8789657,0.4126695,0.9339207,1.4197512,-0.7935092
1.6898803,0.9079099,1.4177201,0.1754794,-0.9983585,1.7633642,-1.351033,0.8966348,2.726235,-0.8808318,-0.7423672,1.6386846,-1.0013568,0.7241952,0.9360818,-2.7132277,-2.347758,-0.21595149,1.862603,0.64353335,0.27501687,0.34725818,0.72668344,0.15204524,0.6807366,-1.2154478,-0.5030574,-1.1750628,-1.7951077,0.037157428,-0.47524473,1.8474436,0.49557173,-0.89861417,-0.6242346,-1.3143413,0.64497054,-1.9449843,-0.73361945,0.98079604,-0.8648564,0.91810817,-0.46752024,-0.98451006,0.32377058,1.0337507,-0.834246,0.03676243,0.4010904,-0.81950486
1.2786953,-0.8823144,-1.2549473,0.7094788,0.0012171167,0.9312177,-0.18608868,0.48399934,-0.84598285,-2.9943607,-0.1402778,0.65294844,0.25797656,-0.5012004,-0.572993,0.95987576,0.28250158,0.17482564,-0.63783324,1.6762654,0.8164967,0.048830606,-0.24825059,1.3783896,1.4095341,-3.1230268,0.298997,-1.838077,0.7190889,-1.4870245,-0.05342392,1.0559999,0.8363317,0.0823162,0.30938044,-0.16926335,-1.7249771,-0.49928623,0.9260078,-2.0186818,1.3793561,-0.048948895,1.3485377,0.35209808,0.7603173,0.2838092,-1.2397593,0.45356306,-0.23542416,0.37124485
-0.71303797,0.65607446,-0.5021803,0.35110712,-0.600737,-0.36455756,0.0737502,-1.5154524,-1.5718735,1.7245672,-0.17876439,1.2181865,0.9552833,-0.20060423,1.3140949,-1.0301629,0.5543131,-0.54061306,1.6243129,-0.9534573,-0.08597249,1.4847935,-0.89098394,-0.8915118,1.417755,0.73880136,0.13209672,1.3148627,-0.09566203,0.0746654,-0.44183573,-0.12206322,-0.7645767,0.046787433,0.33414656,-0.35991392,-1.3776007,-0.51599586,-1.2669457,-0.42537633,-0.7326982,1.4672481,0.51380837,-0.48660013,0.33595458,-0.7680565,-1.1906973,-0.17605413,-1.3783926,-0.33659458
0.8621796,-2.4529412,0.4501276,-1.7050872,0.12628073,-0.18928762,0.308373,-1.6196265,-0.9913292,-2.712652,-0.42341912,0.40929833,-1.0940906,-0.24092063,-0.71056914,1.6730189,0.5013307,0.6018416,-1.2345892,-0.8990682,0.47264844,-1.0656973,-0.8417812,-0.4592323,-0.71949744,0.85167414,-0.037136815,1.3080767,2.753157,1.7689571,-0.47554162,-0.8151844,0.17817743,0.38030872,-0.7702949,0.23388395,-0.4286895,-0.05536274,0.06458478,-0.018356817,0.56537217,-0.9450482,1.0309527,-0.37756047,0.25234252,-1.0846288,-0.85821587,-1.2304009,0.0414632,-1.6017122
-0.065874524,0.014900273,1.9107913,-0.6725877,1.6446439,0.29935965,-1.9152982,1.1008166,-1.7826142,-0.6493011,-0.22085738,1.2835218,0.84216887,-0.23322923,-1.6362389,1.15268,-0.34725624,1.3320118,-0.21711974,0.25566605,1.5600996,0.5057637,-1.3320937,-0.14404753,-0.5418278,-0.12207723,2.0612078,-0.7624994,-2.7603817,0.22030625,-1.1575606,0.046545036,0.37418818,1.8968728,-0.47451934,1.0930762,0.5915459,2.1882107,0.55155843,0.11213749,1.1747484,-0.5075331,1.5311664,-0.13371675,0.33766338,-1.2716058,-0.44743866,-0.14526603,0.6984422,0.7113244
-0.71334374,-0.19659415,-0.10698839,1.0288934,0.49685696,-0.9905722,-0.35791734,-1.2632306,-1.4188317,-1.7822238,0.09511001,-0.9472453,0.6303274,-0.29053098,0.88513476,0.67759013,-0.89240295,0.38820505,2.297598,0.36466196,-0.6016717,-0.18076983,1.0043353,1.3692924,-0.1645042,0.50931215,-0.57892394,0.90748554,2.0937264,0.6964265,2.3853173,0.85682654,-1.5426931,-0.17235726,0.73331815,0.05273973,-1.0397719,-0.62427515,1.5252366,-0.078986496,-0.93391556,-2.0592,1.5435625,0.41434667,-0.6621821,1.6135651,-0.21250948,-0.26003718,-0.92121214,0.009486963
-0.37041184,-0.6150573,-1.3591819,0.7095439,0.21376497,-1.4959816,0.8311973,-0.40879375,-1.3623044,0.31571117,0.033901915,-0.46939838,1.8016378,1.4105761,-1.6384557,-0.28402266,0.31321156,0.49790624,0.010793006,-1.8798122,-1.0407522,-0.41626018,1.2997583,2.0334618,1.0333581,-0.813669,-1.6494238,0.1519419,-0.04435023,-1.554212,0.4567033,2.3565333,0.5942015,-0.05103331,-0.32988113,0.7074424,-1.0721416,-0.4993349,-0.42159128,-0.50712144,0.23099214,-0.5628685,-0.060079005,0.536385,-2.3307238,0.27890334,-1.8110222,-1.2744142,1.2405657,-0.7468317
-0.12638351,-0.33850682,0.08211324,0.83550876,-0.41422006,0.8552469,-1.6977087,0.7588384,1.2291303,-1.257839,-0.54698163,-0.19401401,0.23507279,-0.2163486,2.5626101,-0.011095562,0.11989696,-2.0504112,-0.61473113,-1.5164812,0.7053358,-0.44814664,-0.9883239,-1.0218788,0.74480313,-0.39349836,0.8774579,-1.41327,1.2868243,-1.1711931,-0.7251269,1.1205591,0.3475213,0.031652603,1.4953707,-0.44862035,0.74896944,0.82245064,-1.0789521,2.5263748,-1.0293297,-0.36746794,-0.8634491,-0.37606478,0.13060115,-0.5715327,-1.960404,0.39852783,0.72889876,-0.42918342
0.47467723,-0.19457218,1.0539014,0.07387559,0.549174,2.0793529,1.9175599,-0.29142854,0.7351599,-1.2094713,-0.44502997,-0.83743477,-1.3972895,-0.86273444,-0.36045396,0.15902852,0.037896417,-1.696775,-0.13408673,0.15303908,-1.110645,-0.19588049,1.3361936,0.58294374,-1.1834764,0.79932654,-1.0631996,0.9384388,-1.3187343,0.39303264,-0.42548844,0.9305048,2.494201,-0.19527408,-1.3265388,0.6616739,-2.740364,-1.3731812,-0.43601596,-0.6085553,-1.4543767,-0.1112448,-0.95632154,-0.16578643,0.31843212,0.1543113,0.731161,-1.1262187,0.27095798,0.71235454
-0.4414557,-0.388349,0.24044164,0.9769106,-1.5173595,-0.23314919,0.75704765,0.25186318,1.397184,-1.4435928,2.1459777,-2.2314415,2.5339184,-0.48381725,1.0867504,-0.06881884,0.65952766,-0.36257496,-1.990857,-2.3945074,0.39212933,-0.04238826,-0.89232516,-1.2978683,-1.0420048,-1.4550472,0.4887795,-0.14042328,-0.33883357,1.6638557,-0.08650256,0.1793139,2.1375184,-0.7228503,-0.38423944,-1.6644863,0.57784855,0.935612,-0.5231918,0.38174936,-0.33278874,-1.1596303,1.4654082,-1.6043339,-0.073187426,0.08547042,0.9751267,1.53052,0.5488219,0.84881264
0.44112957,-1.0171906,0.81825197,-0.1322054,-1.1124495,0.5125757,-0.33976567,-0.1537051,0.52302974,-0.09231057,0.26385307,-0.5713482,-1.4838551,0.4000817,-0.4866465,-0.14054488,0.1941742,-2.7391346,0.43562877,0.19885758,-0.39942515,-0.88012826,0.27199942,0.062158998,-0.43714154,0.17156103,-1.6164728,-1.0464704,0.919325,0.49174988,-1.0618805,-0.94498336,1.4796598,0.0828584,2.1143827,-1.537129,0.9967494,1.8892494,1.249838,0.3028903,-1.8159815,0.45459482,-1.3655885,0.57639766,2.6697454,0.93881404,0.72166854,-1.2649827,-0.043109845,0.68235666
-1.1478881,1.5117218,-1.0835906,0.07724282,0.4624673,1.0712014,0.13472973,0.39105037,-1.2087009,-0.4263339,-0.17585514,-2.227689,2.8704402,-0.17395857,-1.5443935,0.93731797,0.22460902,-1.5855385,0.93712044,0.9680048,-0.8481661,-1.105745,-0.8175374,-0.07454682,-2.1772954,0.24332558,0.2234552,1.6910396,0.012569149,0.73634297,-0.86886626,0.24956322,0.6945955,1.2830025,0.08487087,-1.5653862,-1.121258,1.4965695,-0.37420875,-0.63989204,0.19670302,2.4854598,1.9192903,0.5483952,1.6018034,-0.32768285,0.48531958,-3.281751,1.4100901,-0.6239372
1.0826343,0.8272405,0.89161485,-0.07383006,-0.41245374,-0.92222995,1.4761926,1.6936969,1.3910662,-0.30003205,-0.7489382,1.1737075,0.5183025,-0.20495935,0.39625952,-0.42350966,0.5608939,0.31608602,1.8903599,0.79611,1.0169957,0.7968182,-0.72700524,0.854058,-0.73791796,2.2635648,-1.515675,1.0686846,-0.28646278,-0.77397573,-0.5299126,0.6097879,0.3994981,-0.18063639,-0.95821446,1.3848388,1.6281431,0.4812823,-0.79549503,0.07790121,-2.032267,-0.48095614,1.8731492,0.36111867,0.3304162,1.6170303,1.2434243,1.5747415,-1.1659591,-0.3988592
0.58295256,-0.07828826,-0.049217846,-0.72429997,1.0306863,-0.51916146,0.80311894,-0.2741755,-0.4274273,1.3822725,0.07430779,-0.4415221,-0.3354737,-0.6097262,0.59604734,0.13775831,-0.49364594,-0.88221896,-0.5339693,0.16605823,0.97540164,0.5508982,0.6963802,-0.6167818,0.70987535,0.93378043,0.36653236,0.3724877,0.082082234,-1.6313131,0.99710083,0.71763194,-1.4861377,1.3823204,0.14770181,-0.082450114,1.7071512,-0.8417023,-1.2507478,0.11267166,1.1971729,-0.20313717,2.1810873,0.1320438,1.0316072,-0.48125276,0.792741,-0.6382105,0.99445784,-0.8425098
0.8883883,-1.019398,-0.640164,0.8324866,0.5281921,-0.8420267,0.015143202,0.4215583,-1.4464302,0.45452434,0.061257698,0.51153654,-0.7217298,-0.97885233,0.37622276,0.9563254,1.1743916,0.7107513,0.4946148,-1.5315851,-1.0116326,0.8539441,0.7368612,-0.622126,-0.77713424,0.62441355,-0.9026759,0.4764072,1.2232054,-0.086008556,-0.4595854,-0.27060202,1.7029536,0.97263944,-0.47655687,1.8471171,0.8244312,-2.0613024,-0.32895815,0.35398763,0.41038334,-0.18165658,0.47269827,-1.0452466,-0.69645625,0.073339455,-0.87855613,-0.07784781,-0.19679926,0.5557436
0.8681599,0.64160967,0.00048412386,-0.28286198,0.9030496,0.033842366,-0.5832166,-1.4412007,-1.6889439,1.4791456,1.1870832,0.3534269,1.0736635,-0.67789364,0.65492904,0.9152813,0.69772077,0.5234704,-0.42657894,1.1281465,1.4388644,1.9294245,-0.33041555,-0.3121635,0.7377536,-0.0472493,0.8055817,-0.0019363731,-0.00020168527,0.9130176,1.0361657,-0.15827605,-0.7750879,-1.9634153,-0.071296215,-0.41600907,-1.249849,0.39131886,0.38540015,-0.0065515516,1.6332302,-1.8678405,-0.08544425,0.45378578,0.71397275,-0.72102547,-0.13303295,0.8859457,-0.111997604,-0.16321868
0.1284004,-0.6321168,2.144631,-0.4204221,-0.021419356,-0.7256315,-0.7957283,0.8051363,0.50106186,0.4878245,-0.8802353,-1.5188576,-1.3139702,0.39812744,0.55590355,0.17375088,-0.6258833,-0.29449764,0.34707135,-0.5875175,1.2426099,0.87579316,0.22554888,1.6190606,-0.2604121,-0.81653804,-0.099395595,1.446567,0.4414157,-0.6416328,-0.79863805,-1.0221125,0.70679253,-0.7590362,-1.1053635,-1.5960417,0.6013325,-0.18898208,-0.4107785,-0.7933134,0.1251334,0.14867462,0.2847272,-0.98985755,-0.7411769,-3.3538852,1.2916868,-0.28533077,-0.66714126,-0.9634428
-0.40658265,0.87454766,-2.0659034,1.2560914,-0.586253,-1.0908426,1.3430064,-0.46486166,1.4935398,0.5996612,-0.24776798,1.1358099,-0.64103204,0.30317372,-0.16763379,-1.5098076,-1.2413213,-0.044847365,0.30610743,-0.4410937,-0.2610125,1.2584788,1.9454824,0.86589193,-1.7843493,-0.12132826,-1.9640591,0.42020178,0.96767795,-0.014597754,0.13476925,-0.20880473,-0.225549,0.45831117,0.34227225,0.37078238,0.42605168,0.57677406,-0.49148265,-1.2137374,-0.2921493,-1.0127916,-0.24808161,-0.14632818,-0.518858,0.37220418,-0.5034184,0.6265262,-0.5121568,-0.06792459
0.42019048,-0.9113498,-0.03208669,1.9469203,-0.1880983,0.8869497,-0.5468189,0.057161458,-0.513717,0.09183785,-0.08707346,0.6035465,0.0920073,-2.106519,1.081329,1.3347296,0.40411317,-0.556845,1.1157812,1.2387618,0.13401492,-1.3444921,-0.6254326,-1.0409802,0.4200654,0.04116876,0.6604962,-1.1891509,-0.7370378,-0.42613873,-0.26614305,0.46035996,0.44117528,-1.2009399,1.6305057,0.86237675,-0.20384088,0.39983672,1.8969251,0.9770117,1.5645536,0.52363783,0.63821155,1.2477158,0.030025655,1.7222582,-0.47040218,-0.2999215,1.3426632,-1.4817607
0.07541112,-0.1580458,-0.07160075,0.2596372,0.13774395,-0.178114,-0.9391245,0.88978785,-0.42436227,0.32663724,-0.07831434,1.9413917,-0.20789814,0.7737967,0.52604955,0.8140832,0.050381515,0.1353092,0.7828383,-1.5088359,1.0006553,0.8399924,-0.510403,-1.3661407,-0.896645,-1.0649457,-1.3509259,-1.0805123,-1.5581008,-0.046332255,-0.43613377,-0.37825233,-0.9156383,-1.6962085,-0.24946055,0.8505334,0.42115343,-0.67020065,1.3465289,-0.823358,0.37865263,-0.7410381,0.7991583,-2.1712897,0.0876709,0.6314984,1.4725587,-0.46535277,-1.2594404,0.36369255
-0.08547188,-0.01074957,-1.0716603,0.82949376,0.7824042,-0.36009791,1.4069862,0.6626918,0.85773325,0.61657953,0.4412472,0.7014225,-1.1596744,-0.72072333,-0.50759226,-0.75686425,0.21803355,1.2854488,0.13021971,0.14515603,0.6430393,-0.5145172,-0.67641395,1.6694962,0.0570407,-0.23390423,-1.3438934,0.7827374,-0.12781636,0.084895976,-0.5248119,0.39219248,1.102752,1.54603,1.2584695,0.03390549,1.0271949,-0.21207923,0.07458089,0.7659666,1.4022961,1.3102936,0.19184564,-0.12945835,-0.6061239,0.47029325,0.05342739,0.8366493,-1.2499174,-0.33656958
0.004998031,-0.5329459,-0.04282079,-0.12219385,0.45778543,-1.0870606,0.9980776,-0.546546,1.1014376,-0.8409665,-0.34922713,0.45352778,0.47824356,-0.6136171,0.21939284,-0.5340296,-0.9487737,1.7650867,-1.0057942,-1.1378199,0.32132,-0.4127976,-0.044704255,1.7350465,2.3600156,-0.18491672,-0.9431927,1.4907299,0.21732408,-0.44821894,0.26138413,0.897993,0.3812095,0.77166784,0.0795417,-0.7248957,-0.55298316,0.7327428,-0.02161172,0.54380226,-1.46025,-0.34478307,-0.571905,0.07569976,-0.98304975,0.67017823,-1.5187904,0.42346135,-0.20873646,-0.18030627
-1.0560999,-0.5536047,0.89582735,-0.3074782,-1.93799,0.01997133,-0.6578829,-1.3207324,0.039386325,0.25984585,1.0396843,1.6421238,-1.2850928,-0.2713915,-0.3202258,-2.0141907,0.39756402,-0.20445083,-0.77432853,0.46220264,0.55056417,0.7347331,0.22108892,0.6545013,-1.2866985,-0.4739999,0.98982275,0.1813963,1.4788815,-1.3838462,1.847862,0.9502833,2.407435,1.665917,0.7203489,0.1284124,-0.36989102,0.12322937,1.3820361,0.1680555,0.38509062,0.01912618,-0.33179793,-0.93223345,-0.18088877,1.1812915,-0.18350333,1.101287,-0.3438427,0.023522614
-1.4947997,1.2389947,1.9150485,-2.2525764,-0.64733964,-2.288218,-0.08368048,0.8393255,0.47537944,-0.047807526,0.96816826,-0.6705747,0.38829058,-0.57581526,2.1928809,0.991287,0.37348014,1.2099924,0.8882821,-2.0398707,0.053792655,-0.53914434,-1.3809148,-1.9853754,-1.38764,1.1236058,0.2077717,-0.4496084,2.1091764,-0.3653606,1.7551134,-0.8763021,0.096578255,0.3352526,1.0965335,0.81134385,0.64308286,0.5283804,0.9612198,0.8669019,-0.21713793,-0.2576877,0.71942633,-1.7312661,0.77668005,-0.3538237,-1.0963604,-1.1886197,1.7653813,0.45074913
-0.7306773,1.2276623,-1.0919338,-0.2815177,-0.48908904,1.6495957,-0.06601875,0.24136513,1.3950946,0.3178695,0.46962252,-0.008943989,0.7665094,0.2997405,-1.0339731,-0.34020054,-0.93276423,-0.5267185,0.76095617,-0.6688847,-0.39091665,-1.6193625,0.25337246,0.08231325,-0.1820569,-0.12344234,0.65010303,-1.1277864,0.9277658,-1.0898899,-0.35486454,1.5674936,0.3764421,-1.0975405,-1.1080745,-0.09535355,1.3237009,-0.6126383,0.60912895,-0.11202906,0.7720847,-0.2353779,-0.34074786,0.60866344,2.4153373,1.2504631,-0.9625533,-0.9872358,2.1580415,0.6216095
1.3017151,-0.99432266,1.6863556,0.6022341,-0.07823406,-0.52375185,-0.5639813,-0.4514005,-0.17553717,0.89997184,-1.0227305,0.6438035,1.3067775,-3.5193172,-1.7825565,2.0773392,-1.3350939,1.6301043,2.537281,1.0990808,0.75602067,1.0191555,0.7534284,0.8804363,-0.078447714,-0.3364499,0.7527309,0.74348074,0.72012633,0.03925818,-0.3973218,-0.18161297,0.9115423,-0.70308787,1.668205,-0.41714704,-0.4093914,1.0078534,1.1533673,0.46614715,-0.07799064,1.1268953,-0.22039942,-0.3206074,-0.30497095,-0.26413867,1.7858694,-0.57149917,-2.2314923,-0.93000746
0.51411885,0.50827116,0.4135586,-0.03211877,2.4627116,0.7443114,-1.693834,1.7935115,0.5725134,-0.8053128,1.7211071,-0.32107624,0.39009222,0.09504102,-0.57305694,0.06346513,-1.5547954,0.85781956,0.5598439,0.45323336,-1.7506806,0.37055057,-0.75591433,-0.3831334,0.7431734,-0.6332181,-1.0596008,0.91872084,0.22539558,1.0153372,0.36771846,-1.1311709,-2.2511735,0.9297233,-0.093884766,1.7939941,-0.6500195,0.38980547,-0.15358219,1.4202368,0.2074791,1.1809343,-0.765009,-0.21993946,0.5235657,0.64208055,-0.6375012,-1.9541682,-1.3985581,0.72763306
0.73379654,-1.3861228,-0.708463,-0.5885606,0.5964408,-0.40432078,0.6759739,1.0631835,-0.8020393,-0.38862967,0.18022381,-0.039821766,-0.6664154,-0.58125126,-0.204093,-0.12337198,-1.9226391,0.11528935,-0.03450043,1.7549872,-0.013448601,-1.1416519,0.8640069,1.1531417,0.7646673,-1.1385818,1.4443023,-0.22890203,1.6020314,-0.23114558,-1.7073277,0.9783051,0.16179384,0.2918787,0.13237898,-1.8164971,-0.7726353,0.74524903,1.8251773,-0.45540503,-0.7988779,-1.4726211,-0.59189767,-0.5939571,-0.056949522,0.45097736,1.1527678,-0.072904356,0.7472867,0.36802176
-0.40555748,0.24070813,-0.55852807,0.25083283,0.359566,-0.21289542,0.39788005,-0.16452922,-2.1521745,1.0221384,0.7334752,-0.20663472,0.25140002,1.5287509,-1.545301,0.46690205,-0.82914954,0.30631354,0.9471342,0.20093705,-0.48857278,-0.82462466,0.94874424,-0.35765874,0.06655706,-0.2740417,-1.543907,-1.4557216,-0.24151552,0.44659305,-1.4406672,-0.2265917,1.271079,0.6963014,-0.9326319,-0.69714296,1.1940544,0.7359292,-1.0059682,1.1000677,-0.45732078,-0.92476684,0.14838682,1.7897185,-0.10539736,1.1279688,-0.65896636,0.2831843,-0.9417984,1.3604357
-1.0296868,0.9917805,-0.54175836,0.61764956,1.5582541,1.3940316,-0.47860232,0.110500716,-1.0943373,-0.08536794,-0.62842214,1.6656846,-0.14413552,-0.86463207,-0.005811473,-1.6946871,0.21760024,-1.0232465,2.7930002,0.3713536,-0.47608232,0.75515175,-0.19535914,-0.6655193,-1.3419079,-0.51425517,0.109438606,1.4381889,1.2667923,0.109840386,-1.9875234,-0.029326255,-0.2653548,2.2091165,-0.5619406,-1.9055519,-0.38176784,-1.1190666,-0.1936365,-1.0679706,-1.1106911,0.31585035,-1.4945791,-0.9910684,1.3402904,-0.9646323,1.8305258,-0.20922098,1.3373901,1.575746
-0.7296626,-1.4396061,-0.64786416,0.51507133,-0.2056878,-0.09840254,0.5508892,-1.1134908,0.5703234,2.6093643,1.8745629,-0.58948135,0.054246932,-0.71010435,0.25596488,-0.83312345,-0.41823888,0.7171493,0.56700456,-0.30742177,0.57266307,0.37529248,0.5986545,-0.42725715,-0.5809793,0.18667758,-1.9001441,0.5633273,-1.205879,0.05966718,1.2224973,0.45829147,0.13706525,0.4542943,-0.7847531,1.3459858,-0.59983516,0.8215948,1.5530757,-0.6881684,-0.6542662,0.3948395,-0.37043828,0.42914763,-1.027267,-0.8741918,2.0489762,-0.30715853,0.047999106,-0.17465061
1.2018384,0.5938812,-0.72152877,-2.377009,1.9425741,1.7783414,0.06258042,0.9351621,-1.1774368,-0.26898503,-0.5311724,0.08463306,0.2984358,0.52824426,-1.3221533,1.3040847,0.35854945,0.2348577,-0.568154,-1.3563361,-0.13773358,0.5457336,-0.95272946,-0.19982798,-0.058870126,0.68453646,-0.32528454,1.8334855,2.1401083,-0.54229105,0.028437749,2.2078724,1.1324333,-2.1675782,1.3642522,-1.3424941,0.29591954,0.7167836,3.151188,0.17182226,0.4535934,-0.010835438,-1.1282889,0.02047731,0.0069591864,-1.1609793,-1.9745656,-1.2912672,0.14912093,-0.912675
0.9593027,0.7493823,-3.1248896,-1.1233795,0.06809193,1.2094858,-1.3361084,-1.1467938,1.658187,0.20667097,0.64475226,0.37326393,1.556155,0.6161708,-1.8846335,1.5449814,0.25309342,-0.29169345,-1.4354805,0.05500832,-0.78495425,0.8473621,1.3565431,-1.0268606,0.7282253,-1.4652345,-1.4333826,-0.66361666,-0.34282795,-0.5747359,0.3253364,0.5515612,-0.51359195,0.32973108,2.3999062,-0.4068132,1.2558913,-1.2074778,-0.16315705,0.1862297,-0.45697215,2.3800337,-1.042856,-0.70253944,0.65695095,0.417598,0.42538676,0.20722733,-0.8242744,1.4691021
0.18174821,1.4311972,-0.03024435,-0.28302357,-1.6289608,1.314243,0.12757404,-0.12625377,0.7501691,-1.2532525,-0.6306823,-0.057122506,-0.691599,0.88271123,-0.19366686,-0.7175956,1.2983578,-1.9910946,-2.0907576,0.7665486,-1.6854267,1.4934094,0.45018598,0.104623385,0.9652643,-1.7568976,-0.019438721,0.30243817,-0.33263305,1.6246614,3.399613,0.45818546,-1.4656156,0.8985849,0.5838701,1.1170858,-1.3127793,-2.182907,0.87907845,1.4704311,0.28001383,2.0055463,-0.09092227,1.0078189,-1.855478,0.8691431,0.65428936,-0.48170727,-0.3222526,1.2092605
-0.56863743,1.2391809,1.1157008,0.45569372,-0.5628042,0.19067423,0.8156328,-0.6730458,0.5005373,-0.2796753,0.9532344,-0.030494336,-1.500247,1.5144783,-1.242003,-1.6411805,-0.12298786,0.52037084,-0.957589,-1.628324,0.58391994,0.059865147,-0.90959996,0.40220955,-0.05350669,-0.4500585,0.37290064,0.5170964,-0.2660646,1.4122498,-0.30734056,-1.4238504,1.5153749,0.9531022,0.22637033,0.9356228,0.07333821,0.76539594,0.64533705,0.7043345,0.2518354,0.0352868,-1.4393317,1.0968372,-0.6597376,1.5664343,0.08665446,0.6136961,-0.19860691,0.20679979
-0.1282722,-0.39428124,-0.7427009,0.8793334,0.21351905,-0.9213248,-0.63247854,-0.119985394,1.4787353,-0.2437976,-0.3751403,1.5330575,0.06603239,-0.65650475,-0.5414657,0.021701418,-1.4524105,0.58598167,0.41554335,-0.61122185,0.5730344,1.4675897,0.37661946,-0.012483978,-0.30095,0.6981673,0.39489064,0.31609195,1.2676297,-1.2087793,0.2862276,0.70515215,1.1888365,-0.5548419,0.23803665,-0.034149997,0.46563342,-1.4926924,-0.4782097,-1.2856933,-1.0994911,0.63942474,-1.0311104,0.55069315,0.16083786,-0.43308187,0.39323705,-0.87664396,1.1255851,-1.7171738
1.7271287,-0.7748861,-0.31861696,-0.22490901,-1.5078088,0.1595673,0.21867225,-1.6715746,1.1630799,0.63840497,-0.430881,-1.1271734,-2.0563164,0.37138158,-0.7498541,0.68884516,-0.74594253,0.015610422,0.4561617,0.6915749,-0.2467462,-1.083795,-1.2314341,0.45691174,-0.020334657,0.20860021,0.40802723,0.13187689,-1.802437,0.31182107,1.8450078,1.0019021,-0.89864516,0.44010255,-0.0022293036,0.66759926,0.27238986,-1.6935313,0.8993383,0.5642981,1.4361511,-0.03575702,-0.39806324,-2.4516454,0.2358022,0.9436832,-0.7482719,-0.091051735,-0.7413731,-1.1766298
0.51298827,0.45042813,0.27200198,0.36444634,-2.00823,0.50810283,1.747192,-0.7351876,1.5042672,1.2059749,-0.877068,1.863658,0.2547466,0.55775017,0.20808774,1.205918,1.846816,0.06536555,-0.6958255,0.9004466,0.62096715,0.25942147,-0.8217778,0.13231511,0.62806714,-2.0036547,0.38374534,0.6023685,-1.9995259,0.96341634,-0.069611184,-0.31078443,0.70631933,-1.0855031,0.59774214,0.11395349,-0.97673,-1.5667287,0.16190779,-1.1366792,-0.67642576,-1.1107886,-0.39751074,-0.34061253,-0.40827304,0.3335568,-0.13926965,-0.8551368,-1.251532,0.46222597
0.9427496,0.29221603,0.43987405,-0.12982424,-0.23981878,-0.39674175,0.8766791,-0.301108,-0.8626382,-1.3394063,-0.5870425,1.4881651,0.5568219,-2.2156384,-0.8281542,0.029150572,-1.3795315,1.5473458,0.7933529,1.8006077,-0.17939171,2.7083359,0.48999587,-0.67968506,-0.8903976,-1.3937968,0.781236,-0.3826786,-0.4383751,-0.2976782,-1.1447154,-1.4900792,0.8133821,1.2129916,-0.8804717,-0.83690405,-1.2466776,-1.1853013,0.5650274,-0.95288926,0.6061364,-0.98509103,0.6665191,-0.2854426,-2.0318053,0.9627131,-1.5814978,1.8356775,0.70008725,0.5601111
-1.4081007,-0.10694247,1.0004065,0.37760422,0.016313592,0.6054897,0.045636725,0.56832415,-1.0271059,0.37434638,1.023524,-1.8134273,1.7096483,-1.2321048,1.9239459,1.3160665,0.02832084,0.1486256,1.2260231,-0.7409352,0.07994808,-0.22206034,-0.75555134,0.32657,-0.3966725,-0.71994257,-0.5622031,-0.64120334,0.46749943,1.8347535,0.011859736,-0.48512268,1.130952,-0.9515578,-0.3114082,0.13935986,-1.5030555,-0.36039364,0.15573902,0.25652575,-0.13164036,-0.58422047,-1.617434,-0.1850171,-0.4062287,1.1772482,-0.50056314,-1.0546631,0.92741203,0.40637168
-0.4930398,-0.08866597,0.6934971,-1.7479872,0.8974912,-0.56590086,0.92377216,-1.8268838,-0.36340582,-0.6435186,1.3204362,-2.2185707,-0.37121192,-0.56377447,-2.609531,0.76564425,-0.745698,-0.75410575,-0.028309658,0.23091039,0.13119128,-0.17855993,-0.27212024,-1.4125285,0.24874319,0.24387333,-0.43256167,-0.40222827,2.092808,0.09509515,-0.13063069,-1.2810445,0.42529348,-0.081826724,1.2416526,1.8069484,0.88052505,0.47734365,-0.5635815,-0.8426175,0.0036862646,-2.1687121,-0.36059508,0.024155207,0.86526364,0.74842787,0.900529,-1.5196122,-1.7618656,0.0985879
0.45684844,-0.089030676,1.1235906,0.37821782,0.23146845,-1.9448388,0.22095186,0.70604247,-1.4400916,-0.373685,-0.7440281,-0.82777655,1.2406251,1.3085563,0.8305481,0.43691593,-0.47106227,1.5724131,-0.60228044,-2.463963,0.33037543,-1.5368819,1.1065181,1.5829356,-0.57475454,-0.13562305,-0.42792076,0.31198785,-0.69977343,-0.0193001,0.43047565,0.22944589,2.195667,0.86788785,-0.092932574,1.5582219,-0.34426108,1.3111814,0.7941703,0.5051772,1.0230725,-0.31120357,0.85993415,0.4653617,1.0926328,1.4709483,0.37842536,-2.1596506,0.18914409,1.8480732
1.1309863,-1.277571,-0.1327227,1.3800036,0.009589322,-0.9702019,0.13924028,0.7680486,-0.46793854,0.3326998,-0.48397687,1.2028129,1.3828217,-0.72645473,-2.189639,-0.9711627,-1.011006,-0.41737446,0.0754785,-0.78479874,1.8055583,0.6657935,0.87530154,-0.42529333,-0.381389,-2.2183282,0.5346179,1.6444556,0.8319321,0.5785826,-0.24933349,-0.8037978,-0.3057407,2.0559058,-1.0563706,-0.46643788,0.20973723,-0.42632675,-0.9748212,0.76653653,-0.46430653,-1.1091504,-1.8250052,-0.04861057,-0.34562677,-1.9415804,-0.29057053,0.71408176,0.061364647,-1.1142371
0.27315232,0.75782764,-0.55403465,0.5168268,0.3854629,-0.5528274,-0.87034553,0.017244441,-0.72105116,-0.06375633,-1.6028051,0.3119441,1.1590977,-0.4272096,-0.7343507,1.0127583,0.5117672,-0.44009218,-1.4445716,-0.19261986,-0.21142417,0.6509346,0.26040378,0.46685052,0.61785316,0.18972772,-0.10133259,1.3216884,0.4080293,0.0038944164,0.39120397,-0.46232724,-0.5196935,1.6618153,0.07293637,0.5785989,-0.38270926,-0.057075057,1.2728051,0.7496843,-0.17664249,-1.0022161,-0.14158167,-0.87904465,0.39058205,0.85263413,-0.7526187,-1.4051669,-0.38283205,0.97276336
-1.6488936,1.5901611,0.24720575,-0.38148063,-0.19404097,0.0022089207,-1.351376,0.37103325,0.28075317,0.14120677,-0.099573955,0.19617209,-1.0463461,-1.4615564,1.1829627,1.683103,-0.5052895,-1.701287,0.24190989,0.57850605,-0.52995014,0.37289134,-0.40791678,0.002572181,-0.6300632,-1.7883662,-1.2429813,-1.6945937,-0.49375734,2.2990725,0.58475006,0.21193995,-0.39376804,2.2110631,2.1345937,-0.9688107,0.42252016,0.17512771,-1.6257218,0.82413924,0.406531,1.1350967,1.826524,0.331387,-0.51197475,-1.1779714,-0.8566436,0.19034192,0.4033955,-0.7089957
-0.69385374,-1.6326251,-0.9454044,2.6786513,0.4951279,0.14916676,0.081859775,-0.19905493,0.87017435,0.36142263,-1.6161872,-0.10347948,-0.65548575,-1.2589473,0.75616384,0.23107488,0.20996822,0.57392216,1.1362561,0.27585468,0.31946006,-0.08508018,0.37579665,-0.25728032,0.95076853,0.9112489,1.3345455,0.49649706,-0.99049145,0.34153372,-1.0610888,-0.12215411,-0.63940877,1.0673802,-0.5684536,-0.6210616,-0.5519643,0.70156384,-0.3610156,0.8149847,-1.2960232,-0.15900566,1.0264487,0.063930914,-0.073524915,-0.5780668,0.05808943,-0.930994,0.033939175,-1.6536952
0.6690376,0.84210855,-1.6414516,-0.473506,-1.6670638,0.57284784,-0.07002117,0.032125983,2.082792,-0.85526794,1.6736122,0.7587891,1.1819124,-0.7059597,1.5128459,-1.6925759,-0.08431897,0.5670286,0.5839691,0.47023186,-1.1290741,0.6872393,-0.6039722,-1.3367115,0.011416483,1.2905337,-1.4035149,-0.66108745,-0.40680107,-0.17538838,-1.3467926,0.44052008,1.3119006,1.4288691,0.9223419,1.3488543,1.6237895,-0.5179126,-0.09558809,0.646711,-0.18670431,1.1082822,-1.4340401,-0.89526606,-0.52305675,0.68462163,-0.71944857,-0.5932292,-0.097088285,1.347864
0.465797,-0.5888889,-0.3273909,0.030747421,-1.8172747,-0.71205735,-1.3742094,-1.6096634,-0.16720466,-2.0373173,1.0267694,-0.72895104,0.03488357,-1.3240784,1.1631283,-0.82881796,1.1056435,1.001392,-0.30786884,-1.5146387,-1.0266676,0.87581027,0.5582996,-2.4694443,0.9888824,-0.113627225,-0.4536609,-0.9965154,0.25441617,0.07705208,0.7846807,-0.08378818,-0.92573726,-1.7051291,0.012871085,0.7019152,-2.1779068,-0.5526785,-0.6754071,-1.2753463,-0.12250818,-0.1646659,-0.97243273,-0.24644205,0.39958543,-0.24355344,-0.3389747,-0.95883924,0.16766588,0.52175087
-0.4071755,0.13591115,0.05441788,-2.31812,0.8180477,-0.5324035,1.3759775,-0.3787915,0.0013424087,0.59640414,0.97152215,1.0956807,-0.72825855,-0.83588964,0.60417897,-0.29312646,0.7368489,-0.46583152,-0.6035407,0.72555465,-1.4984732,-0.1931331,1.4459226,-0.11846081,1.5786692,0.9986182,-0.28663662,1.2303946,0.81955785,-0.7404504,-2.180995,0.4248562,-0.55175775,0.5258349,-1.4620931,1.3504848,1.0244762,-0.15134372,0.059859544,-0.9867681,-0.27119082,-0.6971863,1.2848498,-0.84824574,0.13858731,-0.7796973,1.2524431,-0.27796036,1.1484354,0.27080983
-0.2870115,-2.2540941,0.78477174,-2.3747795,1.5750273,-0.97545373,0.9607198,-0.1821588,-1.0072168,-0.7352414,-0.7690195,1.1940709,-0.57359624,-1.152891,-0.7356827,0.9579683,-0.4248893,0.21107678,1.6071979,-0.3038024,1.3087169,-1.3074154,0.7775817,-1.0632727,-1.6818055,1.0759597,-0.5155523,-0.114018045,-0.9933879,2.0956724,1.4554965,0.52930576,-0.08736354,-0.4567756,0.24973899,-1.0748283,-1.3072766,1.3890133,-1.0225508,1.2450638,0.62895846,-0.4988164,-0.30834612,0.8390066,-0.4617176,-1.4582269,-1.1363701,0.6097323,1.9483101,1.1140815
0.1540743,-0.21318734,-0.65703344,-1.9310354,-0.7190124,1.0797099,0.32052144,1.2905012,0.7629477,0.8911052,-1.0465997,-0.14145033,-1.7898489,0.9535414,1.042054,0.52183914,0.023091745,-0.7839543,-0.8925799,1.01831,-1.0012219,-1.4060415,-0.715411,-1.1125022,-0.5035813,0.28141657,0.53468615,-0.04375486,-0.31791797,-0.7090026,-0.28673357,1.6757758,-0.87312716,-0.33912957,-0.6412355,-0.13323428,-0.17266761,-1.5299877,1.5222106,1.0532291,-1.1677101,0.5336888,1.2490206,1.2537668,0.12414431,-0.49426797,0.7303257,-0.12726398,0.12135416,-0.06003971
-0.20859975,0.486212,-0.19226162,-0.16280673,-0.1905846,-0.15519576,1.4089496,1.5192057,-1.9850067,0.058856167,1.7602769,-0.91052294,-1.3481758,-0.044227395,0.33435482,-0.45757973,-0.44537625,-0.74408716,0.35337317,-1.1225162,-0.5789296,-0.7603149,-2.1648593,0.7221087,-2.1062813,-2.1578152,-1.0103593,0.15742977,0.4584924,0.7771683,-0.5984349,-2.3795674,-0.27617154,-1.0452672,-2.6729639,0.5375335,-1.2706896,1.0101291,0.9846539,-0.8483084,-1.2624949,-1.1097072,-0.77455866,0.54831564,0.536648,0.9712905,-1.3114607,-0.65463287,2.1769066,1.2638829
0.26839757,-0.3101991,-1.0240706,-0.025835147,-0.68662775,-0.044022545,1.9375521,-0.63036805,0.38115472,-0.48844847,0.35366473,1.9663689,-2.033251,-1.2025498,-0.37436065,-0.09817869,-1.8684347,1.3936859,-0.46238306,1.2145915,-0.5547499,0.30832055,0.18964669,0.29371157,0.88136923,-0.39855784,-0.24998127,-0.26496077,-1.1563804,-1.4047024,-1.5392226,-1.4117614,0.5011177,-0.20497075,-0.4832088,-0.3515474,-1.6894124,0.64791805,-0.1832333,-2.5552907,-0.87046576,0.4324764,0.59954494,-0.646712,-0.35198367,1.9362571,0.5045257,0.6613971,1.4224914,3.1745746
1.2083863,1.2013426,-0.24958016,1.2449543,-0.4714577,-1.5827954,1.3107034,0.13572147,0.20591348,-0.7366319,1.0982524,0.15621513,-2.0884607,0.043753486,0.08696273,-0.048494697,0.24516982,0.6350092,0.0017074702,-0.9832491,0.83353144,0.83674675,1.4310534,0.2950567,-2.0122468,0.45728335,-1.5167984,-0.39878738,-1.7850405,2.1902978,0.69341975,1.3001877,-0.94014215,2.072748,-0.05312618,-0.38234693,-0.6466052,-0.6686344,0.5003725,0.33459654,0.8810419,0.2637666,-0.44856393,0.86326826,0.6926984,-0.42894408,-0.04577522,0.99680805,-0.5344237,-1.498044
-0.27030584,-1.332356,1.6522441,0.051330816,1.8672866,-0.62959605,-0.59219766,0.10976399,-0.0683931,2.6484222,-0.01877339,-0.9170211,0.4046867,-0.14300391,-0.27169582,-0.06244817,0.45237342,0.59490657,-1.1212541,0.728561,0.5780761,-0.061421968,-0.13093732,-1.427768,-0.1864523,-0.46333054,0.17993957,-0.59133047,0.18909633,0.6337519,-0.8423188,-1.8513627,2.2004538,0.493042,0.15131031,0.05643913,0.6056858,-0.69829684,0.07038373,-0.7726656,-0.61872905,0.8154455,-0.24826978,0.9635124,1.2395016,1.6291109,2.0681553,0.2680488,1.2532172,-0.85173565
0.6508876,0.2585288,-0.41686478,1.8925732,0.40094262,-0.76641774,0.097147115,0.16201597,0.4354532,0.005348789,0.27906972,-0.1623528,-1.1837256,-0.7089593,0.37436762,-1.2816458,1.546178,1.9097228,0.8412628,1.2349321,0.34594148,-0.39592633,-0.638206,-2.1468937,-0.27348042,0.27680075,-0.20081572,-0.30935034,-1.2210082,-0.37700146,-0.6400656,-0.9951371,1.18493,-0.24124749,-0.038944025,0.83447284,1.3849522,-0.99937755,-0.14968443,1.1248341,-1.3540239,0.7082466,0.9840466,1.2633657,2.0782733,1.1965356,-1.7194225,-0.19901991,1.2929434,1.720047
0.5322712,-1.4954491,-1.9837527,-0.07977517,0.056539454,-0.23623753,1.2365407,-0.23323518,-1.8264385,1.6801165,0.0030420718,1.131171,-0.96398795,-0.28428677,-0.9967549,1.2840332,-1.5186816,0.63847554,-0.9193485,0.3682609,0.22910516,1.1322056,-0.04712473,-0.53216004,0.9481042,-1.3949763,-1.2065651,-0.14118609,-0.18171982,1.3338387,-0.7496839,-0.51403457,-0.40882683,0.40098047,0.028681118,-0.43462104,1.6141703,-0.60655195,1.2232031,-0.53824687,0.4978641,0.27837697,-1.4791862,-1.1077063,-0.27725032,0.4012321,0.64525306,0.6750689,0.3005639,0.9861364
-0.6815892,-1.4689502,-0.70596653,-0.4819813,-0.82108915,-1.630921,1.3156575,1.310459,0.8206427,-0.57723665,-0.06885626,0.5496165,0.13716434,-0.70625025,1.5966904,-0.20334439,-1.4972777,-0.81822634,-0.8446761,1.6313459,1.564853,-1.3748162,-1.1124641,-0.45260167,-0.46546203,1.1367812,0.22660694,0.931462,-1.2783276,-0.62414175,0.825682,-0.5396024,1.7504616,1.7836787,-0.6195311,-1.1497358,1.1586515,0.2347835,1.3000754,0.55382246,0.9563785,0.7432678,0.051709484,-0.8978809,0.4237629,-0.042439897,-0.4794199,-0.46945947,0.88070816,1.1004922
-0.4500875,0.64356154,1.3463742,-1.662411,-0.34916627,0.84428835,-0.5597728,0.80679995,0.14437826,-1.0447013,1.1670766,0.0021890246,-0.66643846,1.3334696,-0.25332743,1.9562734,-0.048507076,-0.17258947,1.5603578,-0.20209163,-1.4053231,-0.3731657,-0.6394414,0.76333773,0.4066896,-2.482049,-1.1226457,0.23587431,-1.2480059,-0.80410707,-0.38313606,1.23279,1.6180776,-1.3489027,2.252183,-2.4889894,-0.22524208,-0.8856943,-1.5105321,-1.330759,-2.2756567,-0.39165232,-0.31809974,0.5453235,0.8836496,-0.39022356,1.2378155,0.78892434,-0.46665958,1.2066257
2.2719452,0.9226557,0.21042135,-1.03964,1.1493245,0.22241437,-1.5850929,-1.1203308,1.3532028,-0.7154125,0.81272155,0.4707422,-0.9658351,0.19883752,0.6301738,-1.5402772,-0.008486766,0.49838144,1.2542347,-0.9836081,0.08267861,1.9187269,-0.06880686,-1.0690532,0.14792229,0.83723396,-2.279528,0.7816237,0.20525938,0.29054427,1.8266429,-0.57569945,2.1213362,-0.5024113,-0.84897906,-0.2824356,1.7016729,2.1628716,0.3775099,-0.01850116,-0.27923784,0.17801224,1.4878932,0.367107,-1.0542233,-0.52657133,0.62376785,-0.43948048,-0.56789595,0.28774032
-0.23852181,-0.28331766,0.2090055,0.13612987,-0.65879625,0.092845626,-0.014014771,1.4297187,0.1570813,1.0378501,1.7389342,0.6892522,0.9002768,-0.59632826,-1.6431803,0.29813233,-0.4894109,-0.00013560498,-1.81405,0.28221333,-1.6032035,1.3766462,0.8310941,0.8344466,-0.40510225,-0.5280163,-0.2499111,0.737058,-0.9949563,0.4977243,1.4295822,-0.08622553,0.2133392,-0.12875299,-0.38057274,-0.38801962,-0.12574299,-1.5785466,0.82769895,-0.6434804,-1.4812306,-2.3197312,-0.18100059,-0.78741634,-0.82375044,0.8424327,-0.72853327,-0.22211067,-0.879247,0.7278302
0.61874527,-0.6688476,-0.39370236,0.56927526,1.0666759,-0.6421969,-0.0057590078,0.99785966,0.5155038,-2.0074718,-0.6754064,1.319893,0.6827069,0.12290301,-0.671171,-1.1847913,-0.84824485,-0.3477965,-1.1520147,0.06679185,0.42324376,0.33070755,-0.14657478,1.4786141,-0.2037013,-0.53930646,1.9542016,-1.6158836,0.8239923,-1.1795316,-0.35214093,-0.058298673,0.686753,-0.5095699,0.72538316,-0.62613016,1.4581139,0.15936324,-0.1657108,-0.4867229,-0.8267423,2.6703768,-1.0687823,0.2732502,1.9708225,1.1733617,0.23167968,-2.1107898,0.69785076,0.9723968
-0.4267419,0.40327287,-0.7816432,-1.057,-2.0146916,-1.2640562,-0.9365813,-0.17928447,-0.26225135,1.5528452,-1.2009845,1.2268951,2.0999904,-0.011234351,-0.49949262,0.3663198,-2.069399,1.529462,-1.5689074,0.63596654,-2.617859,0.40402532,-0.10362357,0.20599963,-0.9656737,1.6105026,-0.0040322985,0.85494435,-0.74623996,-2.286029,0.978665,0.5358631,-0.89339834,-0.76153964,0.23296423,-0.4578387,-0.16175845,0.37707105,-0.021173926,1.6185044,1.5134662,-1.1540594,0.11068939,0.74595046,-0.02114767,-0.045239046,1.5740658,0.23491469,-1.9168533,-0.050431743
-0.5096328,-1.6831558,1.164738,-0.12771991,-0.19694911,-0.69100654,-0.03603597,1.7677636,0.40233427,-1.7492129,1.2973074,-0.4642655,0.47632965,-0.69336003,0.09543839,-1.0615451,-0.41903344,0.012667958,-1.0378537,-0.41424966,0.39226684,-0.97406846,-0.048308887,-0.66421336,-0.9674401,0.19436732,-0.83152807,-0.479043,-0.73622805,0.10788434,-0.5334177,-1.8693082,0.18693647,0.3794456,0.46549278,-0.30365127,0.86727685,-0.6284213,-0.6481872,-0.541672,-0.58565634,-0.3575339,1.2593868,-1.14519,-0.8781801,1.9496783,-0.24059716,-1.1203425,0.6075242,-0.2317486
-1.1776273,1.7561591,-0.07944866,1.4389956,0.08212457,-1.7635362,0.27225077,-2.4886298,-0.11030292,0.30896986,0.89616996,0.6277846,1.1316986,1.0642849,-1.1414709,1.4159157,-1.7171232,-0.6208931,0.28223437,0.412215,0.8725913,1.4093307,0.02513579,-0.9877758,1.738374,0.26385173,0.40902036,0.72603005,-0.056068055,0.1573504,-0.84577054,0.2904964,-3.1190698,0.8704547,-0.42715973,-1.0628384,1.782139,-0.75334567,1.1958178,1.4929613,0.13369463,-1.2085083,0.16774574,-0.76192456,-1.7704636,-0.30208746,0.9087236,2.773205,0.19940461,0.441372
-1.2446932,0.4022761,0.93228513,1.0631337,1.423046,-1.7814906,-0.741705,0.1222813,1.6248361,0.87370414,-1.3830806,-0.47574663,-0.108736694,1.1748475,-2.3743107,-0.16889116,1.1450334,-0.849244,0.32174236,0.36440516,0.0077386294,0.93909407,0.010966356,-0.43654034,1.5891382,0.7443301,-0.59246397,-0.2940504,0.068227544,-0.5779338,0.8249054,0.37520608,0.26808572,-0.07850122,0.32858047,-0.5737553,-2.1761067,-0.35393804,-0.19396798,-0.6554857,-0.21463987,1.6462402,-0.9751347,-0.59688956,-0.45530978,-1.0435324,-0.3594278,0.25288144,0.4913748,-0.41347635
-0.7760866,1.5782548,-0.4064235,1.2194066,0.06977681,0.47696757,-0.0005546181,-2.072281,-1.949344,0.6655258,-0.11278855,-0.44622737,-1.3464873,-0.5023731,0.34296322,1.1333271,0.021812173,-0.5823867,-1.6006544,-0.96885914,-0.4966639,-0.9123386,1.0210038,0.30330917,0.3876639,-1.6076801,0.51008725,-0.31860176,0.28168985,0.17929174,-0.58481437,0.0068833223,2.4655497,-0.317909,-0.9505201,-0.41579258,1.0707268,0.21553868,-0.03832917,-0.8073514,-0.17856945,-0.82649195,-0.68053436,-0.92609173,0.024780573,-0.34409264,-1.6318182,-2.23781,1.6436201,0.05326961
-0.69900453,1.2234712,-0.5455564,-1.3813998,1.1658381,0.83321476,0.9796918,-1.0213547,1.6815075,0.16165632,0.63732606,-0.2815767,-0.2726308,0.41919744,0.06252752,-0.93486065,0.98288935,-0.28302103,0.21719478,-0.5059089,-0.02663877,-0.75182354,-1.0382956,0.4300904,0.3332146,0.6461802,1.0758593,-0.38576394,-0.8197131,-1.4247489,-0.8945555,-0.7100139,-0.8127461,-1.6499345,-1.2144871,1.8228511,-0.22918044,-1.0197786,-2.4583719,0.08336507,0.26107636,-0.09265509,0.8495332,0.67196333,-0.5198352,0.7703519,-1.6907765,0.9846166,-0.05871294,-0.65731853
-1.218188,-1.5046289,1.0727303,0.40103662,-1.3280824,-1.8670586,-1.6383607,-0.9467833,-2.3358335,1.6361114,0.5133553,-0.262531,-1.658167,-1.7862796,-0.12347674,1.5682492,0.06612405,2.5130074,-1.2843364,1.0025512,-1.1818862,0.47022387,1.09295,1.5378007,-0.91745585,-0.24088985,-0.13041636,-1.2419412,-0.711155,0.08545731,-1.1666672,-1.6904577,1.7074786,1.1283344,-0.12762436,0.6225534,-0.5676567,-0.6504642,-1.2272887,0.5517813,0.24055287,-0.16966403,-2.1996381,1.0589705,-0.6658704,0.7137296,-0.64049584,0.13226156,-0.60274345,0.6830324
-1.1498077,0.2974851,-0.31358692,-1.0804805,0.4587751,1.2150153,1.5860397,-2.6636481,0.23277222,-0.47385153,1.0340719,-1.6898408,0.11591103,1.0242422,-1.0737975,0.5557189,-1.1819806,2.1101727,-1.7335416,0.27487135,-0.42304522,-0.35805324,0.6125018,-0.40908003,-1.6154722,0.53410584,0.89872074,0.99914277,0.58877605,0.44666222,-0.031142052,-0.32028198,-0.071015485,-1.4794925,0.60131323,0.54095405,1.5899832,0.4584754,1.0175339,-0.35894233,0.96817124,-0.8390632,1.0304351,-1.3514159,0.0403168,-0.7865411,-0.91807896,1.3201196,-1.2492522,1.8731924
-1.9668576,0.064296946,-1.8043842,0.09585964,-0.55542594,1.2031738,-0.17646275,-1.1056081,1.2937604,1.7161615,-0.36445236,0.3909296,-0.4633058,-0.45007542,0.96039116,0.8890567,-1.1359389,0.25826252,0.52463925,-0.5791301,0.14150229,-0.7384966,-1.5140681,-0.87595266,-2.0056064,1.476266,0.5872293,-1.9127768,-0.10890085,-1.0143398,0.42734838,-0.35266954,-0.92375183,0.7586754,-1.326356,-0.34273344,0.553539,-1.1386501,-2.0143018,-0.2614918,-0.22085312,-0.29374337,0.15129857,-0.57012135,1.1131623,0.553535,0.7220044,0.6350453,-0.91506207,0.23561576
-1.0472344,-0.9058874,-1.24229,-0.29347187,0.56186116,-0.7233416,-0.23383138,-0.011604862,1.1807618,0.46214673,-1.167156,-0.10251414,-0.3879427,-1.4794109,0.1421391,-0.6277625,0.5146786,-1.5395222,0.96615165,-1.3220482,-1.1267333,-0.9752148,-0.49907526,-1.0717106,-0.5468404,-0.8428946,-0.82156175,0.6419822,-1.2651055,-0.3025238,1.7740853,0.080374144,-1.918957,0.1366127,0.5915331,0.36762214,1.017959,-0.10870779,-0.3065591,-1.4248075,0.1501167,0.39942315,1.490744,1.174305,0.8238197,1.312785,0.75581867,1.8048418,0.7924465,0.2730763
1.2950038,-2.186264,1.3608569,0.69191295,-1.2737857,-0.14120965,-0.61979103,1.9284121,0.6110401,-0.09225432,-0.44198287,-0.8531122,0.3265243,0.08382825,-0.47278723,0.79625213,-0.044181764,0.045004543,1.324293,-0.31333044,-0.85806805,-1.2764428,0.83410615,0.20502026,1.5823827,-0.18949895,0.011503204,-1.2765167,0.7129867,-1.7703339,1.5187201,1.3116726,-1.1411475,0.9037511,-1.2019397,0.6255809,-1.6561084,-1.0548991,1.6438535,-1.8699802,0.93273574,-0.43687108,1.1599903,0.93581426,1.3201206,0.2798669,1.0103148,-0.8383545,-0.6600479,0.2940103
0.09826213,-1.0086358,0.6100489,-0.023229774,-1.1950775,0.63760793,1.0839821,-0.025581531,0.6990067,0.15383324,-1.3610575,2.1390166,-1.7165716,-1.4040633,1.1499501,0.49984837,1.3782719,-0.4233485,-0.5470834,-2.2845159,0.005327663,-1.021897,-1.1221056,0.8493002,0.25118542,0.27638188,0.58774525,-0.44210562,0.6037777,0.46116683,-1.5092189,2.0499094,1.4702767,-1.1362777,-1.6302161,1.6674778,0.039119888,1.9564406,0.42315704,-0.51884645,-0.98666567,0.7432794,-0.6218289,0.13893172,-0.7212327,-0.33720502,0.3632977,0.5396713,0.6169108,-1.2012877
-1.256839,0.2916218,1.0380548,1.0784059,0.26268095,2.1642928,-0.27153885,-1.8389695,1.2918013,-0.440481,0.10664682,-1.6559821,-0.22254416,0.8963993,0.86866283,1.6161097,1.0639689,1.0888742,-0.28058723,0.106173314,0.00036031916,0.31338477,-0.7583776,-1.1818042,-0.41545248,0.4440346,-0.7780644,2.8220742,0.7877882,-0.6591934,-1.1989129,-0.28080142,-1.5566854,-0.23329547,-1.3743937,-1.0416247,-1.3700472,-0.08808387,0.058672417,-2.0284662,-0.36883524,-0.4997428,-0.72479,-0.6247524,1.1809974,-0.0082072895,0.65791947,-2.2156062,-1.441392,-1.7284563
-0.6876602,-0.49284577,-0.7824416,1.0312146,1.3187082,0.08931786,-1.2447917,0.33729738,1.8581244,0.16218634,3.8833067,-1.423497,-2.1833642,0.14572135,-0.17269199,0.2187129,0.8624014,-2.0544717,-0.99409056,-0.39104283,-0.92567146,-1.5509822,-0.46113345,0.5062233,0.4764527,-0.62087053,-0.5690286,0.60135514,-0.81249136,0.5013345,-0.7114153,0.7921905,0.8104128,0.2582113,0.19722703,0.94742495,-0.5598151,-1.5372901,-0.924947,-0.22500776,-0.37415925,-0.8397925,1.6949193,0.09248151,0.1934246,0.22951972,-0.04654331,-0.33588448,-0.34439716,-0.28884676
-0.91354036,-0.12904316,-0.09310939,0.13096441,1.0737379,1.7534016,0.053784482,0.86669254,-1.7788455,-0.48874575,-0.6368475,0.39338973,-1.0178857,-0.74613607,1.1767603,-0.009286376,-1.2977068,1.337314,0.37416285,0.12780984,-0.81545526,-0.2124893,0.49979457,-2.1462424,1.334965,0.3875302,-0.12962484,-0.74325716,-0.5985239,-1.0387918,-0.7741447,-1.0494151,-0.18657894,-0.34505746,0.16150312,-1.3743325,0.2446336,-0.8462924,-1.9198503,0.7377933,1.282166,-1.0975378,-0.8346097,-0.68598855,-0.0662964,0.39771307,-0.51911736,-0.8167406,-0.8863957,0.35310644
0.28520718,1.0554503,0.68717486,0.5623742,-0.4822335,0.1269681,0.22055416,0.22615959,0.048894357,-0.9582856,0.6527453,-0.48061317,1.3983332,1.8732868,1.0206773,-0.8266308,-0.5995224,0.8631822,0.36703178,-0.38053745,0.74109936,-0.26728705,0.038164064,-0.609113,0.14153539,-0.44796994,0.86242235,-1.4337876,1.5656534,-0.59470356,0.5169266,-1.0745215,0.8679449,0.6641337,-1.7131394,-0.028416468,0.14168616,0.57711154,-0.4140242,0.6432948,0.08811133,0.27201954,-1.2349125,-0.9239925,-0.7306745,0.33453313,0.2972039,-0.06884675,0.49094272,0.9500087
1.4540015,-1.3591202,0.9906423,0.43196043,-0.8012478,-0.04134642,0.7067773,1.3864064,-0.7716201,-0.37114605,-0.6415724,-0.73282605,-0.4514397,1.7824014,-0.5186546,0.34664294,0.068326175,1.3834318,-0.12684453,0.08934909,-0.122560956,0.87151915,-1.6442043,-0.124278046,0.89769465,-0.24244091,1.0172055,-0.2403292,0.5784493,0.6530617,-0.8416076,-1.4583988,1.3327595,0.26290214,-0.5394569,1.2583942,-0.066619,-1.6643271,-0.20217445,1.4848734,0.52111715,-0.0628982,0.021915795,0.2724302,0.034736454,-1.4718008,-0.3154897,0.42720124,0.9001649,-1.8440549
-0.10206505,0.29240087,-0.33125672,0.37641552,-1.7464132,1.309325,-1.2220201,-1.4129235,1.3854336,-1.0916895,2.4312685,0.1450152,0.8362527,0.5943411,1.5271263,0.99854535,1.1885906,-0.105658986,0.4748935,-0.20291747,-1.2532758,0.6905727,-0.122844115,0.5236217,-0.598763,0.837749,1.4296864,0.45794937,-0.41329595,0.0685384,1.2111329,1.3337479,0.9673219,0.19365202,0.35283226,-0.21542658,-1.1090705,-0.06335916,0.33978364,-0.3014346,0.13435745,-0.13326533,1.4284177,-0.38388318,0.12648885,0.35328847,-2.0081186,-1.7742157,1.2877113,-0.060063966
0.24302138,2.527167,0.35011896,0.5639414,0.729293,-1.6376117,0.8525455,-0.40732297,0.24529484,1.3957568,0.6682514,1.6847223,-0.058261637,-0.53360295,-0.13989286,0.5294783,0.34169483,-2.0116274,-0.54015696,-1.1803946,2.9789293,-0.905956,-0.045825217,-1.1902822,1.8762808,-1.5414133,-0.14537865,-0.26208195,0.03214914,1.7258767,-1.2309359,-0.28156137,-0.4662279,-0.78291255,-0.08745346,-0.5201124,-1.3298043,-0.5796643,-0.150484,1.64292,0.35400397,-0.62611556,0.35535368,-1.8115661,0.14302851,-1.4379942,-0.2661991,1.9521542,0.4987687,-0.30942765
-0.56380105,1.4729111,-0.056385882,0.87382144,0.049422104,0.7378267,-1.0150514,-1.1683779,-0.28593615,1.216062,0.77721435,0.04015543,0.7328058,0.4407579,0.96998405,-0.106369846,-0.016352799,-0.11069279,0.7170569,0.38488087,-0.11453127,-0.5392139,-1.0445644,1.0836209,-1.0060161,-1.0405046,1.1148823,0.36023152,-0.6708189,-1.5183715,0.45200443,0.43734643,-0.19366178,-0.8992097,0.64862037,-0.0740212,-0.66664046,-0.8691476,0.42079794,0.29444513,-0.5178079,-0.1302583,0.36991152,0.7739101,0.2285404,1.7328348,-0.6558396,-0.4337201,-0.022421049,0.18592899
-0.18775052,-0.44036263,1.4034672,0.0023470544,0.9538588,-1.6805465,0.28474995,-1.0291448,0.48054132,-2.3314903,-1.4240652,0.52684605,0.35606664,-0.33002353,-0.49465206,1.4214664,-0.3914166,0.43663394,-0.10693917,-2.3096762,-0.36594453,-0.628308,-0.54768705,-0.5142482,0.61404604,-0.23372234,-0.16954526,-0.8231492,0.4285017,0.4284651,-0.8926202,-0.20081119,1.3536701,-0.67069674,1.0981832,-0.9716178,0.53361934,0.0505223,-0.39888996,0.09017689,-0.8435943,-0.18666907,-0.6791247,-0.61665565,-0.7429602,-0.5890652,1.5170058,1.8569053,-0.7743481,1.4133826
1.343432,-1.4202472,-2.2178614,-0.056748584,1.7850642,0.19556206,0.31929815,-1.1860119,1.3509858,0.65346783,-0.5535878,-1.7370621,0.52083445,-1.707699,-0.37764275,1.2472495,1.8012702,-0.30121303,-0.26132318,-2.9455538,0.15343086,0.84639525,1.1670339,-0.062238347,0.40954617,-0.5068156,0.12015775,-0.23090264,-0.7486281,1.0906546,-0.63514435,-0.70823914,-0.06186611,0.17174691,-0.1376612,0.27298737,2.2325466,1.6196889,-2.4094083,-0.7854283,1.3666062,-1.6856115,-1.8672394,-0.027895465,-1.7277746,2.1001403,1.4107879,-0.5036454,0.774667,1.2407908
-0.74165857,-0.19009185,-0.1229964,-0.007831425,-0.21392097,1.3557577,-1.6187272,0.64829725,-0.8743026,0.48269773,2.0321681,1.7158847,-0.5911003,-0.24961437,-0.65743977,0.5175931,1.3351815,0.37670445,-1.8876085,0.80284196,-0.5327797,0.83179086,0.16285495,0.6599067,0.37258172,-0.16773352,-1.4541559,1.1867013,-0.7342051,0.63484883,-0.6911947,0.2601973,0.85844946,-0.6932325,-0.09789619,-1.4770976,1.3498812,0.31447253,-0.6322586,-2.0147161,-1.9337527,-0.83990276,0.40150616,1.8614973,0.8165673,0.046153028,0.040702336,1.175043,0.6002382,1.1958829
0.5109093,-1.515864,-0.011464277,-0.060187798,2.0154126,-0.8042225,-0.72095364,0.331191,-0.39665037,-0.7535313,1.7351434,-0.60411733,-1.0021747,-1.2817091,0.65435535,0.7908115,0.42055157,-0.5962561,-0.35024518,-1.4292412,0.2643113,-0.038284335,-0.44641888,-0.22885801,-0.6323672,0.710142,1.0422219,-0.39372495,-0.51049036,-0.63878214,-1.4711374,-0.71277136,2.2697506,0.47012615,-1.1037256,1.0421103,1.4810084,-0.5140283,-0.13855211,0.6440491,0.6984977,1.287792,1.3204623,-1.8576546,-1.2860045,0.16435589,2.5271735,-0.80135065,-1.117243,1.4382676
1.55643,-1.6773725,1.8560661,0.97739345,-0.44133204,1.5743029,0.3572591,0.32811248,-0.8044673,-0.24997565,0.48716348,-0.79571354,-0.62502325,-0.7608783,1.0164313,-0.32923436,0.37542218,-0.54679143,-0.3629769,0.31024337,-1.6578971,0.7602682,1.2214823,-0.50520843,0.84590447,0.52274567,0.56363636,1.5091177,-1.4446577,-1.9183544,0.68649065,-0.6818509,0.48794895,0.29370132,0.5655424,1.7180258,1.0526097,-0.6219313,-0.018194864,-0.26882547,0.16874525,-0.12166468,-0.18454596,-0.17857634,-1.4114147,-0.8179973,-0.19916439,0.6093679,-0.44730952,0.69806755
-1.1067525,-0.8603315,1.2345306,-0.51512784,1.343366,0.32463226,-1.1313684,1.1327839,-0.08467224,0.010023413,-1.0999504,-2.7409675,2.1707108,-0.5767471,1.3593205,0.43383512,0.6037528,0.51759833,-0.6817877,-0.95262724,0.5623395,-0.15431042,0.47969085,0.8873175,1.9218422,-1.1175748,0.63486004,-0.38915277,-2.443418,0.28943118,-0.120149605,0.5604688,-0.8816718,0.12983485,-0.67797226,-0.23251115,-1.6166644,-0.88204145,-0.17461109,1.0691912,-1.1482775,0.17827788,0.11194459,-0.017384203,-0.63795704,0.5188748,-0.30419466,0.24146949,0.49658638,1.0173451
-0.6407379,1.0801848,-1.1176112,0.010905216,0.7122404,1.3207687,0.7521676,0.81308657,0.45686275,-0.3251846,-2.1760764,0.9092556,1.4166441,-0.35554945,1.75305,0.5692979,1.0149765,-0.95516455,-0.58925456,-1.150837,0.61237305,0.23124726,-1.1523354,-1.365204,0.7608733,0.6618392,-0.52391946,0.704554,-0.50347024,-1.0771021,0.13990825,1.4094027,-1.2798373,0.38946667,0.60726345,-0.054266702,1.1282964,-0.7483043,-0.58434856,0.33025253,0.59765255,2.5253723,-1.4016763,0.9682406,-1.530067,-0.7934799,0.07332544,-1.8425318,-0.6992264,-1.0185043
0.20912658,-1.9600289,1.0906667,-2.1912723,1.8189036,0.40932235,-1.3351545,-1.7923055,-0.31219664,0.7946641,0.6162315,0.7520117,-0.74103576,0.643881,0.7222565,1.1417577,0.29679495,-0.32889515,-1.326383,-1.5396217,-0.9293855,0.9579915,0.440748,-0.7946051,-0.90104634,0.4679225,0.1500783,1.1759349,0.3206913,-0.36291406,0.8564012,1.4789385,-1.2425901,-0.37597102,2.018512,-0.28458926,-1.0119383,-0.3458193,-1.6950272,-0.3527288,-0.04862096,-0.05616642,-2.3070583,1.1749731,-0.14569391,-0.5415524,-1.5585753,-0.41994852,-0.11458001,2.4228241
0.0036935026,0.635482,-0.19145666,1.369871,1.2651448,-0.42845348,1.11732,-1.0225649,-0.55085963,-2.038568,0.24953538,0.40587804,-1.9690918,-2.054995,-0.022898253,-1.5316881,-1.320895,-1.1066741,-1.0200446,0.08927643,-0.5311678,0.85118645,-0.3349237,-0.981506,-0.5857297,-0.46404225,-0.31409046,0.895965,0.6578349,0.21756859,-0.08279799,1.2912385,2.0514345,-0.050806463,-1.2340969,-0.4283753,-1.7197565,-0.122897424,1.8052267,-0.049743224,-0.81086177,-0.08233713,-0.31544313,-0.8086312,0.51168317,0.7395268,-1.1213323,0.9947465,-1.6919997,0.40028313
-0.21438335,-1.2902898,0.19883265,-0.6968467,1.9670609,0.30385125,-0.3373698,-1.3779485,-0.5118629,1.0578201,1.868252,-0.11340979,-1.9521343,-1.1326251,-0.015358349,0.91519094,-0.6537742,-0.7968665,0.8439039,1.6076249,-0.77208436,-1.3594613,1.0226493,-0.24845563,0.043217294,-0.1790655,0.6807831,-0.2739149,0.21157798,-0.2831159,0.09480487,0.12235921,0.3157804,-0.32123944,-0.54061383,0.49763188,1.3493214,0.8463002,-0.35625827,-0.17547086,0.44855905,1.1523448,0.3108487,1.140399,1.0944817,-2.816207,0.08912934,1.3880835,-0.31623602,-2.2038794
0.25923723,-0.4903145,2.9814606,0.048283186,0.58028185,-0.19746007,0.05588967,0.5363973,-0.2774263,0.98982275,0.2772068,0.11748525,-2.0826724,-0.23921244,-0.028039923,-0.9543746,0.59697235,0.20051543,-3.0452735,-0.79223645,2.118354,1.6095637,0.6877102,-1.6542423,1.6746485,0.9004707,0.6618072,0.017243758,1.0845803,-0.042710416,0.40800685,-0.1093913,-0.2795905,0.76195395,-0.65080506,0.32004026,0.29770002,1.3559288,1.3513921,-0.71108925,0.7971209,-0.50953466,-0.83181393,-2.3191016,0.12577148,0.301684,0.764686,0.5117188,-1.7260655,0.7611898
0.7264702,-0.6985731,0.69065994,-1.3703539,-0.075854376,0.10066628,0.83007216,0.56876945,2.5766823,0.25863752,0.71588,-0.21869041,-0.078601375,-1.6234586,-1.0811744,0.74704295,-2.2064507,1.3002938,0.3615685,-0.61924595,-1.5891159,-0.37265933,-1.7372468,1.4901017,0.9782955,2.5158277,-0.35909933,0.5033073,-0.61444116,-1.5889447,0.30341113,0.10968862,0.052209318,-0.29795513,-0.26602262,-0.33987272,0.11149674,-1.5936215,1.1715665,-0.9408499,1.1016876,-0.21703343,-1.0190151,0.65579015,-0.8077452,1.2339464,3.060031,-0.7008622,0.03573481,-0.50645876
0.12445023,-0.109868154,-0.13136138,0.23059896,-0.037580427,0.14934716,-0.98382205,0.5003047,-0.09699207,-2.129257,0.30270228,0.96341914,0.3207817,0.055059936,1.053172,-0.049725108,1.8682438,0.038727425,-0.9735237,1.4042332,-0.033691622,1.2355131,-1.1271154,1.1613767,0.87912285,-0.67763644,0.29558733,-0.5556026,0.9701256,-1.2118461,1.6034276,-0.5974019,-1.0293204,-0.23212342,-0.33871797,0.10374639,-1.6055199,0.52870274,-1.1178359,2.1099288,1.3771619,-1.3549601,-0.719984,-1.1778928,-0.96523273,0.15089345,0.7857564,-1.259513,1.2337631,-0.99386746
0.72801363,-0.16562024,-0.4502145,-0.69946015,-0.12269081,-0.92986107,-0.47046384,-1.2779269,-0.6505244,-0.047787454,-0.4832595,-0.5592592,-0.8070049,0.6411561,0.60911906,-0.5793332,-0.15878448,2.0393565,-1.568756,1.0080715,1.0800865,-1.2124397,0.8752671,0.5424014,-0.5855318,0.7741291,-0.2594867,-0.7935494,0.7932291,-1.328576,-0.71679,-0.61963415,0.7976024,0.36801702,0.18076222,0.57711107,0.024243252,0.8055098,-1.325918,-0.34103683,-1.0592961,-1.6194896,-0.4634181,0.15449806,-1.3036007,1.2916508,0.7968993,2.1413033,-1.054753,1.7802597
-1.7474287,-0.7190958,0.65910137,1.2780048,-0.05211565,0.5973174,-0.52653414,0.60834914,-0.50838274,-0.3325627,0.77397627,-0.6474044,-0.15488777,-0.71990716,1.1699237,0.35976428,-0.005863457,1.1113876,1.433745,0.63212264,0.6415469,0.37140942,0.31141227,0.3175283,-0.5886211,1.1994605,0.14468676,-0.09817805,-0.9091476,-0.15089837,-0.942129,-0.7726359,-1.1073562,-0.629796,0.093212314,0.4966298,-0.72969556,0.40237316,0.39510754,0.5453399,-0.5692302,-0.07560713,-0.29634538,-0.12297343,0.66848594,-1.9869541,-0.46410277,0.6442144,1.7470804,-0.82871324
-0.2845382,-1.4420997,1.9082704,0.16986677,2.1241326,-0.22477008,-0.38787976,0.3437324,-1.1487889,0.9214753,1.1498493,2.1707668,0.715774,-0.5007834,-1.8658024,-0.9510854,-0.85729223,-0.17594215,0.7570531,0.7357658,-0.09856775,1.3805939,-0.38148478,-2.9820185,-0.7145805,-1.5826848,-0.32683763,0.27282086,-2.1206448,-1.2356367,1.3101654,0.96499527,-0.56034213,-0.16930163,1.5268524,-0.38916826,0.29749072,-0.38712338,-0.44296128,-1.4126849,1.6631725,0.16680472,1.3507304,0.9998959,-0.6634459,1.4009345,0.8391649,-1.0158954,-0.10713005,0.63368803
0.4780501,0.7863415,-0.52154666,1.8985306,-0.5373725,-1.4528303,0.83132964,1.0908371,0.111934766,0.47077435,-0.30708537,0.13741523,-0.6958238,-0.6842246,0.6697445,-0.99177957,-0.11878335,-1.5906281,2.8901598,0.25316027,-1.357087,-0.94815,-0.16259412,1.8054533,1.47819,1.4033065,-0.5945733,-1.0254555,-0.11169171,-0.10571092,0.06922883,0.30016774,1.336688,0.2846183,-0.09311788,1.1188394,0.48496157,-1.1943792,1.406839,0.9028237,-1.9035469,0.21969113,-0.6302194,0.3831538,-1.4316828,-1.5793309,0.10148523,-1.6353495,-0.20320407,0.9549454
1.5505301,0.10252426,1.164136,-1.0111116,0.23455188,-1.2264017,0.49182045,0.057446364,-0.033272162,0.5137567,-0.5984232,0.84320796,-2.272815,-0.84464765,2.0048957,-2.696397,-0.13400143,-2.8014157,-0.36441207,0.6543037,-1.0782235,0.54121566,-1.9725815,-1.2922164,-0.08511661,-0.9956049,0.44362608,-0.0772539,0.4820908,-1.0280447,-1.8182167,0.11399033,-0.5210149,0.8440797,-0.008402901,1.5307984,-0.83732855,0.30437842,-1.5042131,0.62519723,-0.43036267,-0.4758318,-0.6281629,-0.43828455,1.1826996,-0.71529907,0.8436037,-1.1359059,0.06571589,-0.78663474
-0.87146133,0.7214146,-1.4820192,-0.14394228,0.9608821,-0.70682245,0.12846039,-0.6556006,-0.32317194,-0.12328865,1.0117056,0.54712325,-0.21668243,3.1976786,0.4921701,-0.17105664,-0.086151555,-1.0941184,0.4141378,0.13672036,1.0688123,-0.5709631,-1.7821918,0.7675361,-0.42495123,-0.2882804,-0.14232464,1.3151633,0.7748525,-0.9251813,-0.630002,1.2500359,0.21581037,-0.7818302,2.3982878,0.25236994,0.68878376,-0.2654201,-1.6173373,-0.54261136,-2.1364877,-0.107841246,-0.21279262,-1.0055513,1.5714239,-0.6734493,0.23711921,1.7938524,0.76891696,0.5316641
0.60997105,1.2800204,-0.38418487,0.16960873,0.5989212,1.6206715,-2.6809125,0.17827173,0.82657397,0.93513674,1.3640317,0.037182737,0.551584,0.4853651,1.0445815,-0.33648828,-0.7790851,-0.34807754,-2.3726904,-0.98663133,-0.14165549,0.9990192,1.1647648,-0.82628953,0.6203299,-0.17775427,0.85418844,0.98074156,0.13472737,-0.586238,-0.6019764,-0.8437386,0.8842559,1.0437208,-0.7910417,-0.33739713,1.4278485,0.013030038,-1.3099514,0.4783495,2.2544851,1.3597685,-2.7278981,0.560728,-0.66515255,-2.3130553,-0.04253819,-0.3583767,0.0680329,0.15557848
0.07846014,-1.1232977,-0.39831915,-0.6376908,1.1882491,-0.66744673,1.445579,-0.14196867,0.6768351,0.281196,0.2302953,-0.15895942,0.3385909,1.0322521,1.1900963,1.2434394,0.34567735,0.0014028194,0.66994655,1.9325095,0.20223747,-1.1746098,-2.4345574,0.35052666,0.7771109,-0.546932,1.9410481,-0.4485244,-0.7851947,-0.28184742,0.049853325,2.550732,-1.9691683,-1.1233321,-0.9988105,-0.0007190615,0.019445721,-2.2815056,-0.17069528,-2.3319812,-0.6613577,-0.3587112,-0.43660375,-0.11938367,0.8072962,-0.11605402,-1.5721259,0.4802994,0.04534171,-2.0554304
-0.6502729,-0.30745453,-0.31168512,1.1921681,-0.031065179,-0.2933786,0.17622869,0.9390806,-0.74627954,-0.8392957,0.7804857,-0.6063409,-0.82207084,0.30446088,1.3493928,-1.7188306,0.5201439,0.27066952,1.4943093,-0.61373574,-0.1388696,1.8196793,-0.60684943,0.018081928,0.94580454,1.1129965,0.112529926,1.0268801,0.78164756,0.2306001,-0.010700102,-0.34766793,-1.2278719,0.5614684,0.1304393,-0.13972498,0.83162916,0.2614387,0.10219887,1.039828,-0.3809595,0.23837866,-0.11717205,-0.7653109,-0.9255405,-0.0016553461,-0.93716437,-1.6411483,-0.21866278,-0.48841682
0.5750359,0.13645427,1.4553565,-1.1070395,-0.12160977,0.39740443,-1.9687873,0.5046932,-1.1723528,-0.94020164,-1.3394048,0.26618835,-0.7414958,-0.63824713,-2.0912025,-0.5047597,0.30568603,-1.3436855,0.47427726,-0.24841417,-0.77504414,-0.059622157,-0.45565638,-0.8142465,0.4742415,1.0403659,0.33879244,-0.15442878,0.043973744,0.028274864,-1.2353731,1.069828,1.866664,0.80455315,-0.4493591,-0.22647175,-0.711996,-0.9631329,-0.17012186,1.0353643,-1.5906122,0.66408116,0.46661887,0.1135506,0.008362213,-0.097405724,-1.2900817,-0.5619817,1.6055839,-1.43818
0.27862364,1.2743546,-0.2898509,-0.23597911,0.3868647,-0.47247973,0.01842125,0.8583004,1.0024741,-2.2437553,-0.24719048,0.91322273,0.9796297,-0.95455486,0.1568361,0.0027910862,1.2044952,0.16816095,-0.15333082,1.1547356,2.7513666,-0.0058560446,-2.99942,0.0046596327,-0.73929024,1.2952247,-0.6600507,-1.3116406,-1.2131755,1.0048695,0.19244923,-0.4381969,-0.50063884,1.3385679,-1.0563453,-0.34100145,0.71246076,-0.9459348,-1.7819854,-0.87388384,-0.33074933,-0.05626787,0.13574226,0.2866136,0.025169516,0.15385747,2.5428383,-0.13134593,-0.1553217,-0.40417144
-0.94649696,-1.2643559,0.4644632,-0.2716041,0.286504,-0.84787804,1.8299307,-0.9624576,1.1015071,0.38154393,0.64692694,-1.5461432,0.77675825,-0.5982983,-0.88261604,0.20382582,-0.504836,-0.4894157,0.0014477351,1.7925824,-0.36795804,2.4320626,-0.57896215,0.017519899,0.16390768,-0.8101056,-0.77651185,-1.9806533,-0.5667581,0.79975855,0.44464052,-0.6456786,0.7449958,-1.6523398,1.0007732,0.68375075,-0.7185335,-2.0234754,-2.9904032,0.9184313,2.095932,-0.73461354,-1.2701969,0.36276606,-2.3008637,-0.051495958,-0.25253093,1.4007918,-0.30124176,-1.732535
-0.4375499,-1.0044484,0.31299284,-0.51873463,-1.0985651,-0.6092962,-1.8274791,-0.14347567,-0.5826282,0.38122505,-0.67989373,0.41176087,0.13844916,-0.20898733,0.19068916,0.24949872,-1.0421567,0.07543675,-0.8693583,-1.969604,0.39356032,-0.9447716,-1.0099822,-0.18502378,0.050282367,-0.16366127,0.14027281,-0.95458275,1.0921171,0.2616765,-1.0676593,-0.9861351,-1.7004201,-0.7770294,-0.57598156,-0.43946415,1.6164333,0.4492299,-0.8689197,-0.16164054,-0.17535588,-0.64070326,0.8676403,-0.37288284,-0.80227166,-1.6967856,-1.3626242,0.6737903,-0.28615773,-0.10150323
-0.21022555,0.009056207,0.11412217,0.20698498,-0.19372101,-0.16507873,-0.05296274,-0.22645876,2.339373,0.56686753,0.7733934,0.9443636,-1.0854425,0.4890586,0.7453596,-0.678584,-0.7176429,-2.60679,-0.04131412,0.6150309,0.3828491,0.9944652,0.7547642,1.5368866,0.51528037,1.0087863,-2.669894,-0.5936713,1.7270318,-0.37887147,-1.237719,-1.4872472,0.3969005,0.9031251,1.7686977,-0.03337502,0.6725455,1.0289282,-0.51331276,-0.5385049,0.4519555,-0.1982718,-0.85362434,-0.10270753,0.88822347,0.10952247,-0.44598675,0.056402933,0.8439159,-2.602886
-0.7805515,2.1480277,0.9307726,1.9444355,-0.61952287,-0.61784506,-0.8297345,0.4303916,-1.0062255,0.13441388,0.658524,-0.22302851,-0.03914434,-1.1584228,-1.0893588,-0.025549551,-0.16562206,0.30305338,1.0614312,0.025119618,0.48953012,0.927311,-1.3630682,-2.0945904,-1.0729374,0.5252069,1.0099429,-0.20900083,-0.28468454,1.4296086,0.78478384,-0.0072708977,-0.5224825,0.0048802267,1.2501203,-0.5007005,1.3696432,1.1122968,-0.62302965,0.01793111,-1.064651,-0.9570594,0.12044835,-0.1884472,-2.9316597,-0.03194273,-0.4659965,1.4142945,0.3165253,0.5766669
0.666439,-0.6191493,-0.09421489,-0.6455677,0.101803534,-0.4375652,-2.264429,0.40699875,0.10427548,-1.0762562,0.12211591,1.3661593,-1.7179203,0.19167463,-0.17615023,-0.32552847,0.19827677,-0.21164443,-1.4597121,1.0188783,-0.036874227,-1.4401175,1.0719227,0.6303761,-1.6089557,0.9897152,-0.4884409,-0.59470755,2.2886121,0.3580293,-1.1825885,-1.2261091,0.8411138,-0.04596838,1.686854,-0.68949866,1.3275795,-0.7576527,-0.942707,-0.21751516,-0.60049707,-0.87044376,-1.163062,-0.37476537,0.93931705,0.31745684,-1.3639344,0.36237687,-0.96706504,0.103349075
0.6403058,0.29275504,1.0047867,-0.18153164,0.9513133,-0.05622411,-1.0835699,-0.5107379,1.4391598,-0.07464031,-0.2958821,1.2687633,-0.5312438,0.30305496,0.2798496,0.96906775,-0.6369029,1.1078209,-0.3500518,-0.042737886,0.59016335,-0.5104381,-0.5158385,-0.7254818,0.43964505,-0.67258066,0.45071787,0.50582004,0.64839745,-0.92568034,-0.5695013,0.74725467,1.1116868,-0.31508663,0.7881016,0.13136609,-1.3272251,0.040280722,0.13047393,1.0080471,0.19752096,-0.13947569,-0.19183438,-1.60213,-0.28060663,0.18836065,1.7979009,-0.68892175,-0.038589142,0.65109146
-0.104316406,-0.08037668,-0.19349217,-1.7485049,1.3964787,-1.8899099,-1.4858062,-1.3709278,-0.36151323,1.0078608,-0.10396236,1.6504729,0.9379186,-0.80455464,-0.41498417,-0.986482,0.20108987,1.0603272,-0.30904114,-0.7865277,0.6314792,-0.1579722,0.34437123,-1.342071,0.49553066,-0.37288573,0.34700468,-0.21129195,-0.025514945,0.021079063,-0.2893715,-0.60606277,-1.4579546,-0.5338907,0.7074949,1.6825731,-0.24209149,-0.1280998,0.14705119,-1.0940974,0.61717176,-0.018609138,0.5296033,0.56274134,0.41189492,-0.46038118,-0.9389035,0.2939931,0.3171043,0.45324516
1.4058342,-0.6837286,1.1718011,2.3830543,1.556082,-0.051163822,-0.9706686,-0.38973033,-0.18875138,-0.6676831,-1.8887715,0.24460109,-0.49036732,1.4776288,-0.3949899,0.16647123,-1.1102034,-1.514665,0.55647933,0.35894915,1.4658055,-0.81402093,0.70868015,1.0257528,-1.0200156,-0.7453252,0.60496026,-2.0454054,0.8188959,0.8297439,0.053493746,0.7627556,-0.8148369,-0.55548674,1.3032585,0.22537164,0.2577252,-0.30104315,-0.65532774,0.6898115,-1.4525671,-1.9982556,0.18155609,-0.20783246,-0.23149252,-0.753246,-1.4307227,1.0397835,0.7874689,1.8420386
-0.5178783,-0.5823904,-1.3894563,1.5747983,0.4431451,0.29440337,0.52463543,0.6461876,-0.015127974,1.0521084,0.8629123,-0.39712897,-0.2627057,-0.5284391,0.6385101,-0.5534355,0.016758863,0.24779533,0.4701739,-1.1712499,-1.184204,1.2076015,-0.6101562,0.7012837,0.98777694,0.8466796,-0.3647417,-1.1218709,-0.19131234,0.03173752,-0.13108553,-1.1316508,-0.26555005,0.117199756,-0.66589767,0.78019977,1.5244244,-1.3954785,-1.0896153,0.94500065,-0.6275058,-0.25044733,-1.2360901,0.3517152,-0.20987049,1.2194041,0.9625771,-0.81308144,1.2656618,0.70462537
0.28254032,0.6790725,-0.92567265,0.3823833,1.3359643,-1.4423305,0.5345688,1.0307968,-0.89546305,0.322928,1.1641833,0.3662995,0.6855483,0.21987084,0.40411836,0.12573819,0.20110832,1.2755239,0.049638454,0.696392,-1.10663,0.111459486,-0.09819455,0.77099055,0.27098554,-1.0798522,-0.27283353,-0.757031,0.86856395,-1.7980013,0.25331557,0.30478498,0.9065526,0.7373484,0.3358123,-0.7972645,1.0464518,0.59457386,1.4557749,2.0263357,-0.18428183,-1.0455195,-0.31068832,-0.52208924,0.13379072,1.8839612,-0.8204808,-0.19443168,3.4510756,0.43667156
-1.0682309,-1.9998189,-0.15167564,-0.94193125,0.45764786,-1.349041,0.37116817,1.078404,-0.006809913,-0.47804162,-0.22085816,-0.35625416,-0.04904727,-0.67659,0.46310624,-0.39464203,-0.5008027,-2.1562495,0.091060124,0.5046361,-1.0092016,-1.0119318,-0.057862192,-0.3986445,0.031376123,0.83434737,-0.5281248,0.17319447,1.1347713,-0.43291882,-0.4082708,-0.76649773,-2.0590692,-0.29260218,1.0195426,0.19792145,0.7197746,-1.1688968,1.3968489,1.3960289,0.14462794,0.43115285,-1.6061351,-0.039663583,-1.6024927,-1.0394447,0.22748226,1.4900616,0.29393348,-0.78749466
1.0230992,0.46480918,0.8762889,0.46511036,0.47940722,0.6415463,-0.2563361,-0.39445406,1.4956995,-0.672748,-1.707233,-1.232879,0.07425106,0.34973064,-0.072391875,0.9248011,-1.0734936,-0.7013055,1.7603154,0.3800888,-0.12525648,-1.0510302,1.3279244,-1.291127,0.22057177,-0.62653947,0.11776526,1.0973694,1.2692697,0.7564852,-1.0537549,-1.186314,-0.07703807,-0.37835023,-0.011004017,-0.6034466,-0.6108078,1.1204586,1.3429183,-0.049825985,0.06665922,0.97830725,1.1398095,-0.6180368,-1.7040147,0.50882065,1.1890342,-1.9464028,0.8387464,0.27454478
-1.1602064,0.19007239,1.3959419,1.1664432,-2.0358267,-1.4283794,0.32384238,1.1485137,1.1679363,-0.2606187,1.3026114,0.8860152,-0.2155387,-0.32259896,0.42613336,0.86041427,0.6591372,-0.26048708,-0.4203618,1.5305986,0.77380097,-0.42594168,-0.00028434224,-0.7425383,-0.5008382,-1.6910813,2.307878,0.3878528,-2.1209543,-0.013248698,-1.3831332,-1.6089395,-0.61353546,-0.0032584346,-0.3937195,0.15637341,-0.71850383,0.5539063,-0.36224902,-0.3821237,2.1916904,-2.7436345,-0.2946849,0.6737618,0.12643687,-0.012905673,-0.6638062,-1.3253748,-0.84248805,0.88207954
1.4554633,-0.53299946,0.8750704,-1.7227453,0.28131664,-2.0750103,0.92992324,0.9408901,1.5716312,-1.1128823,0.5834741,1.8450949,0.032453753,-3.757912,1.2141021,-1.2961363,2.157209,1.6694506,1.4018924,-1.153346,0.37260735,1.2661136,1.4509207,-0.41709858,-0.45921978,-0.915572,1.6616919,0.5224091,-0.059492916,0.15628202,-0.12384136,-0.72555,2.1689005,0.25569466,-1.3672755,1.4280078,0.041706394,1.0831038,0.854031,-0.70508164,0.082042955,-0.6004122,-0.964364,-0.31143904,1.2878078,0.23752785,-0.47015804,0.25269547,-1.2601078,-0.791012
0.9075265,-2.0042603,0.8587878,-0.7782738,0.81846786,-0.4917072,0.19493231,-0.49007013,-0.08847837,-1.1843594,-0.7552845,-0.457507,0.52025163,0.5569315,-0.6843773,0.017212145,0.26374438,0.21660338,1.9084544,1.4128827,0.19513586,0.12940145,0.5479964,0.9436833,0.6821702,0.71075135,0.3021959,1.5117774,-0.00959573,-2.115925,0.7886139,-0.039990827,-1.497326,-0.28480637,-0.9313361,1.8667269,0.082198314,-0.4495794,-0.69327384,0.18131049,0.14496922,-0.4065518,0.6812715,-0.81088686,-0.58628523,0.7047035,0.2819156,1.9275655,0.13813315,0.89223593
1.066512,1.5696738,0.3865634,0.60340405,-0.25809324,0.6148244,-0.0540446,1.1038412,-0.72743803,1.1629738,-0.4765046,-0.25069895,-0.35918093,-0.21735345,-0.78811604,0.027280468,1.1400565,-0.25673825,-1.2710452,0.628637,0.7844816,0.54727423,1.1888409,0.27168304,-0.25930566,1.0166261,-0.8549395,-0.24638695,0.51575696,2.1975105,-0.15623236,0.317429,0.69425625,-0.10417652,-0.6426232,0.34803736,0.71218556,-0.24413246,-0.44563296,0.52509844,3.0507727,0.2524687,-0.19732748,0.32178336,-1.7573187,0.04553384,-1.4265282,-1.1962781,2.0832748,-0.435691
-1.5775126,0.83933854,0.03753002,-1.4011272,0.48806593,1.2570741,0.2493656,0.80322826,-0.5448937,-0.8550882,-0.27240336,1.8512204,0.5849091,0.39278594,-0.38674742,-0.20327996,0.5131956,1.254421,-0.18214369,-0.16758035,1.2157626,0.6808378,-1.3786129,0.30413964,0.28300738,1.0870727,-1.5109771,-0.23496959,-0.70219976,1.5289972,0.3312772,1.3700706,-0.33760574,1.1618475,-0.71816,-0.750318,-1.9977746,0.013626993,1.0583534,0.01852538,-1.34996,0.105968855,-0.21195878,-0.44617063,-0.3282883,1.0742167,-1.4918512,2.0808122,0.1219915,1.0591967
0.66202945,-1.8652909,-1.8254974,-0.7324964,-0.44484624,-0.5626483,-0.31484085,-0.670031,-0.6002971,0.46931174,-0.18167415,-0.3024472,-1.3926445,0.16928947,0.520414,-1.6630541,-0.98816335,-0.86262226,-0.36843777,-0.28575858,-0.7033467,0.066000275,0.7113986,0.92039365,-2.2664711,0.47667694,0.8156255,0.18197528,1.3217962,-2.8730972,0.13763095,1.5205324,0.14770423,1.3363873,0.6263655,-1.8354121,0.16610806,0.7462344,0.86916125,0.50803983,-0.6141561,0.8180196,-0.9160637,-0.80741453,1.0671369,0.12903748,0.07977506,-0.5130315,1.6964855,-2.189112
-1.0733322,-1.4116582,-0.7900015,-0.6964256,0.056659326,-0.16867457,0.1912701,-0.25280473,-0.28604436,1.5660481,-0.13383009,-2.437827,2.029174,0.70505804,-0.4795083,2.36185,2.0330966,1.1613485,-0.72669804,1.3830162,0.11295861,0.41115335,0.67692846,1.1387705,1.56194,1.1852771,-0.6306693,1.0196725,-0.9306243,0.046017107,-1.2432784,1.2652055,0.598072,-0.46626812,-0.04842285,1.2793083,-0.8405893,-0.65586174,-0.92424554,-1.567928,-0.006218733,-0.013241213,0.39570042,-0.010202571,0.4306869,-0.45678395,0.28837186,-1.2720348,-0.4139417,0.4696834
-0.021041166,-1.3458973,1.1067756,-0.38491866,-0.5079309,0.2931899,-1.0256267,-1.091551,0.9468884,1.4550966,-1.6639118,-0.74509215,-0.2600441,-0.4058865,-0.7050686,-0.38101098,-0.8410988,-0.037759904,1.230546,-1.6380149,0.16479717,0.8112036,1.0149794,-0.8582977,-0.14048544,-0.42944697,-1.0051044,0.50497186,-0.51494527,-1.6435603,2.0217419,-1.9668722,0.14020512,-0.50878704,1.4888587,0.0747447,1.8935552,0.87757975,-0.95890415,-0.32456464,-1.042831,-1.1440057,-0.6812814,1.7179567,0.7719247,-0.77043647,1.9279753,0.90101135,-1.0287516,-0.8610297
0.040018998,-0.474552,-0.9198237,-0.17913567,0.13839802,-0.3902742,-0.6906089,-1.18192,-2.8905272,-1.9327863,-1.2481176,-1.3221534,0.94241714,-0.19012943,-0.8241091,-0.4977142,0.889978,-1.9552779,-0.8243123,0.03965726,-1.0609409,-0.11108545,-1.301849,-0.14386201,-0.7808192,-0.46685696,-0.481971,0.031976636,0.10612528,-1.2870492,-0.902965,-1.589052,0.87532514,0.2232442,0.46110442,-0.09259329,-0.25101757,-0.648322,0.7297097,-0.5507141,-1.0837146,-1.6375191,-1.0547444,0.53064346,1.2910872,0.29494455,0.318783,-1.155969,0.7874721,0.82736856
0.39067855,0.96099836,0.7303845,-0.9619383,-0.4498665,0.0460766,-0.55858064,-0.54786384,0.08229076,-1.1282414,-2.1408944,1.0025821,-0.82191205,1.2257057,0.15763125,0.9672683,-1.3414828,1.2963943,1.0007617,-0.15934366,-0.37988433,0.15565073,0.34183365,1.5698339,0.11889885,-2.1577766,-0.055358857,-1.279678,-0.10123495,0.1744752,-0.11492052,-1.4022478,0.5738763,-1.4819405,-0.43764693,0.9973538,-0.2613789,0.40031856,-0.6736206,0.31691775,0.684569,-0.33539468,-0.5688214,-1.5523518,0.78707945,1.3899418,-0.7992556,0.31229433,0.40228426,0.8115231
0.39249203,-0.37749305,0.5417842,-0.8630942,-0.21068512,0.66853505,-0.1174914,1.3102883,-1.0265127,1.0744656,0.8354943,0.34841692,-1.3650383,-0.031178322,-0.6201708,-1.5159599,-0.45479345,-0.50121266,1.2906792,-0.1796357,-0.06609564,-0.46023527,0.5586725,-1.414541,-1.0378394,-1.4502642,-0.4043459,-0.93225247,-1.6983892,0.17251025,2.3998106,-1.3947111,-0.5614901,1.4123414,1.9495238,-0.6062003,1.2304428,-0.060203537,0.674615,0.6817732,1.4311924,1.6946496,-0.4324672,0.34734225,-1.0154884,-0.9999619,0.20162027,-0.28153458,0.2760165,-0.45761764
-0.14300708,0.77996343,0.37364414,-0.57147616,1.1617548,0.009106251,-0.61164397,-0.22434257,1.025009,-0.048098233,-0.36815837,-0.8002755,-0.19008432,0.14828911,0.94054675,0.50227046,-1.4189781,-0.56182885,0.7376647,-2.1411483,-0.71463954,1.1159004,1.1231544,-0.9678933,-0.74918854,1.2283548,0.3533031,0.52295196,0.16163659,-0.72082937,-0.75415844,-1.4188032,-0.9345292,0.9437846,-0.64376193,-0.8422437,0.09568493,1.146531,-0.21992151,0.16189793,-2.2879856,0.8346731,-1.0160853,0.68823826,0.42612845,1.4042343,1.3795692,-1.4098147,1.6125071,0.74251455
-0.08297339,1.3138417,-0.4152078,0.1752691,-1.1401325,-1.4717681,0.7346515,-1.7156005,0.60755104,0.38257295,-0.0065624155,0.84669447,0.0055963923,0.10182819,0.45187244,0.73545426,0.4303032,-1.8939184,-2.018023,-0.31899258,0.85284144,0.68707097,1.146211,0.20795448,-1.136194,0.31379265,-0.00031192933,-0.21880855,1.1696681,-0.3523958,-0.82805246,0.24522325,0.07500504,1.606369,1.9868857,-1.3324144,-0.297693,-0.19384786,0.31376076,0.5696126,-1.9182042,0.3362759,0.03840434,0.6724955,-0.21486141,0.653569,0.35655087,0.6239079,-1.7205163,-0.74048233
1.2946384,0.21167238,0.09362591,-1.1230614,0.34240946,-0.48973155,-0.26024777,-1.4798677,0.4742166,0.044576034,0.046714038,2.1662462,-0.38304117,-1.5411044,0.15195823,-0.61410916,1.4477394,0.57461584,-0.42979953,1.2409151,-0.12504046,0.18693018,-0.20047691,-0.76253206,-2.010014,2.1574168,0.69404763,-1.8961991,1.0488027,-1.0613976,-1.1094185,-0.51339364,0.25816384,0.4375541,0.33971387,-0.81994647,-0.18765074,-0.8285634,-1.416664,-0.17286521,-1.5199116,-0.061960008,1.7105731,0.22427239,1.5406166,0.23703563,-0.39264303,-0.020847965,0.5510118,-0.719882
-0.48404822,-1.2251462,-0.5947032,0.11589656,0.26679248,0.29922688,0.85899925,0.16984111,0.4256399,1.0042998,0.84556144,-1.7425642,-0.023505474,-0.43577635,-0.11698938,-0.040795665,-0.3080199,-0.2697366,-0.68278456,-0.75165486,-0.69763374,-0.8370863,1.0952185,-0.2643438,0.05455294,-0.07106861,1.1769565,0.46519893,0.8993167,0.72446793,-0.15919879,-0.058114447,0.3272832,-0.12207805,-0.2593786,-0.9434883,1.5794486,-0.27558905,-2.094493,-0.51229995,-0.8998802,1.01998,1.8120333,-0.6467039,-1.086729,0.60900456,0.61016107,0.32159856,0.78126323,0.50709194
-1.1298399,-0.11955812,-0.0107048545,1.9432118,-0.043477084,-2.0148702,0.42848969,-1.4413542,0.28182656,-0.43724075,-0.29466826,0.45551908,-0.9700676,-0.16258457,2.757192,-0.38461918,1.6244893,-0.35368246,0.0848975,-1.1097205,-1.7336096,-0.79442567,1.2118888,0.64002734,-0.5952955,-1.5508415,-1.8366028,1.4169098,-0.2020769,-1.1252258,-0.37859157,1.2007818,-0.5680222,-1.3642117,-0.035048142,-2.1017833,-0.7832739,-0.6480722,-0.2912934,0.85155714,-0.58615863,0.6426781,-1.679673,0.5117336,0.66570187,1.5994225,2.0587287,-0.37391073,1.7272681,-1.1677228
-2.5785809,-0.48966354,0.17308089,2.2637851,-0.28479156,0.61318755,0.4480915,0.9539846,-0.38624355,-0.0018154216,-1.359848,0.698987,-0.20161495,-0.3177633,-0.27758747,-1.8710767,0.48833963,-0.026568716,-1.0066115,-0.42491686,1.1197851,-0.3527381,0.4196533,1.7556196,1.301168,0.90795916,1.4501557,-1.0628928,-0.87649703,-0.14393824,1.3007151,0.45298424,0.043347258,-0.93140954,-0.58007425,-1.3197246,0.45992142,0.41304392,-0.15755776,-0.11926763,1.1993107,-0.31583238,0.6457609,-0.21245441,1.449066,-1.4311048,0.05398997,0.8851366,2.1059809,2.3327928
-0.109098256,-0.43026575,-0.34789783,0.49789113,0.16416892,0.30667192,0.43149558,1.1565756,-0.22328825,-1.0513952,-0.11600529,0.4239317,-1.2393177,1.024282,-0.20436935,-0.19190426,-1.8127996,0.6315817,1.8710026,0.9883478,-0.8942112,-0.20913307,-1.0448499,0.22811472,-0.78518695,-1.675307,1.664543,-0.24535519,2.0931752,2.0395951,1.3471038,-0.8721664,-1.7360003,-0.39402717,0.32664275,-1.4896693,1.2877386,0.80650973,0.93378216,1.0801626,0.044652037,1.3330369,-0.35301778,0.22454126,-1.4830955,-1.020031,1.0242144,-0.8390277,0.33855802,0.55096906
0.3906124,-1.1729627,2.6998618,1.7698476,0.6815915,-1.5698627,-1.8747922,-1.3194331,1.7289481,0.9691458,1.1448598,-0.09762984,-0.35754716,-0.094868444,-0.8879431,0.62922317,0.49317008,-0.36835635,-0.8998104,0.020921487,1.5840112,0.030478649,-0.43715417,0.24444489,-1.1426772,0.661786,0.53842705,-0.12788968,-0.08291977,0.68589115,0.61452645,-0.24393453,-0.2844775,-0.22783871,-0.74142116,0.29801545,0.19583109,0.29048878,-0.2506821,-0.5615215,1.0816828,-0.92314446,-0.06637536,-0.90004236,-0.85531044,0.29228553,-0.8440595,0.47754508,-1.4977483,-1.7698988
0.73117834,0.32737967,-1.1837494,-0.40957326,-0.3015276,0.6938395,-1.046205,0.64370304,-0.28986907,0.14043108,0.710851,-2.227272,-0.17186403,-0.100150414,1.1081396,0.017380888,0.51041174,-0.636231,0.15815704,-0.040876273,1.5067474,0.30531675,1.8532461,0.35527533,-0.49421486,0.109913215,0.38571745,0.062492505,-1.6364522,1.5572536,-0.6617347,0.5163736,-0.936163,-0.52128965,1.5083823,-0.60842484,0.66052,-0.41123885,0.30916727,-1.3513674,-0.6226476,-0.118712276,0.5169419,-0.16006161,0.3322617,0.3835856,-0.3830689,-0.6666849,0.527345,0.87915003
0.28208283,0.4815086,-0.7861396,-0.9722039,0.010203971,1.5568205,-0.0451685,0.33329985,1.6212893,-2.5113778,-1.3453888,0.30358478,2.7422538,0.3828673,-0.21934244,1.2861422,-0.9732905,-0.59892666,0.37797254,0.9887192,0.75423455,-0.7851315,1.2431479,0.20553663,-1.4988043,-0.8272467,-1.1344782,2.0400572,1.1057198,-0.56865144,-0.15768725,-0.37238958,0.9207214,-0.25514734,-0.28464335,1.4737818,-1.2850578,0.19831918,0.6791893,0.050405663,-0.74708307,0.14402021,-1.3131136,-0.6382321,-1.0739735,-0.9907652,-1.3552591,-0.5873695,0.28167534,-1.0097846
0.6637821,0.29821363,-2.48909,-0.8898357,-0.445703,0.5200246,0.11398395,-1.0663558,0.04376465,-0.35035715,0.06702293,1.34451,1.2848978,0.27797467,0.30535474,0.9700898,-0.26613116,-0.50901806,1.4137176,1.6949497,-0.87904125,0.5767546,0.9658822,1.1516154,-0.7523514,0.08963169,-2.0302124,-1.1971447,1.3922275,0.55273706,-1.122538,1.3384527,0.5052626,0.41899672,-0.58117604,0.3684924,-0.6720732,-0.20991814,1.3944076,-0.5479963,-0.50695145,0.20400868,-1.2289071,0.89594877,1.8081605,-0.45078304,-0.07923743,0.689886,-0.9738497,-0.7649671
0.09120084,0.4631226,-1.2064669,1.8991381,-0.67068076,-0.06429904,-0.72914904,-0.57461184,-1.560947,1.0773791,0.33138105,0.7475352,-0.7732821,-1.1723806,0.54102075,1.2471129,0.49793643,-1.0532039,-0.9350333,-0.41199586,0.7634931,0.7727112,-0.40442994,-1.0939158,0.7158013,-0.033626497,-0.7505636,0.3714784,-1.7185001,-0.2167639,0.03677383,0.6586164,0.21077861,-1.7754,1.9528048,2.5513027,-0.85240525,-0.8796544,-0.72175175,0.5203859,-0.64988136,1.3080403,-1.2735623,0.4431122,0.6289069,-0.3991842,-1.4764956,0.53279126,1.2725327,-1.0633838
-0.1160193,-0.05764158,1.5186075,1.1674067,0.1853065,0.31190458,1.2412673,-1.622496,-0.053070825,-0.8598687,-2.4962945,-0.5064291,-0.26809293,1.291168,1.2767749,-1.5732986,-2.0036993,0.44285187,-0.055327155,0.39778972,0.1402686,-0.119843975,1.5777212,-0.512875,0.133588,0.40088326,-0.26320657,0.29426923,-0.68189335,-0.5448227,-0.55024415,-0.79970497,-0.36042085,-0.29279128,2.2695382,0.5159,0.9213689,1.1949213,0.77034754,0.49997982,0.19940414,-1.5194638,0.92477256,0.31198508,-0.33059865,-0.18756314,0.6193106,0.55266666,-0.6276018,-1.4395232
-1.3768784,0.5762098,-0.26377648,1.4663963,-1.6451219,-0.6199634,-0.8737453,-1.1591046,-0.38352585,1.0945708,-1.8741982,0.96062726,1.1017823,-0.98025966,-1.1061022,-0.50943166,-0.4153338,0.9786884,0.66913635,0.037692625,0.075986154,-2.3370059,1.1381415,-0.6457539,1.3757607,0.27088118,1.4577234,-0.42963514,0.61833036,1.5317608,0.18271315,1.0836258,-0.084681496,-0.2613251,0.7421875,-0.021898568,-1.7140435,0.789772,-2.0805888,1.0496273,-0.5882617,1.3725878,0.9012764,-0.48845208,1.6209495,-1.0974543,0.28987658,-1.2842044,0.017707855,0.118344806
0.37620732,-0.81092906,1.077612,0.90755963,-0.95172,0.80361986,-1.5435781,0.29751188,-0.9794407,1.3010789,-1.5288706,1.8300824,-0.99011016,0.86867565,0.09517266,0.96100235,-0.12387189,-0.805951,-0.36868888,-1.8658,0.002824588,0.09237857,-0.02760345,-0.5959107,1.1334239,1.9602602,1.4805615,-0.79038775,-0.1772649,-1.278274,-1.2161347,2.3803127,-0.59243566,-0.18734923,0.5595137,0.9415932,-0.9218598,-0.35157037,0.40478626,-1.0657797,-0.15015897,-0.87194335,-0.9588852,-0.46758667,-2.4395936,-0.5502185,-0.46635616,-2.5034657,-0.96825284,1.3452902
0.70834374,1.0013603,-0.75015575,-0.03293849,0.09607257,-1.0778358,0.199817,-1.5748332,-1.1587967,0.0058586644,-0.1913998,-0.9994577,-1.3769261,0.032484107,-0.32458082,0.89223725,0.89305216,-1.0465207,0.9744311,-0.87468314,-0.74643815,0.592043,-0.1891459,-1.0830339,-0.0781676,1.1518265,1.1637094,-1.0135064,0.7580638,-0.82552314,0.34581313,-1.0230887,0.19091971,0.4384671,-0.93094337,0.10317655,1.4696314,1.0252308,1.7865807,-0.13430274,-1.8200635,-0.3032434,-1.7465132,1.792105,-0.51337594,-0.31067204,-0.29216254,-0.57789344,1.061771,-0.9835875
0.28361192,-0.52304924,0.6696975,0.55736053,0.86469793,-0.9210422,-0.06715938,-1.0681574,-1.0474193,0.68916416,-0.22052042,-1.2298634,-0.50146234,-1.0300583,0.8134697,-1.780658,0.5319525,-0.55787843,-1.9612652,0.2146077,0.40209872,-0.910867,0.071626715,-0.19487803,-1.9654839,1.5396978,-0.21487932,-2.0978322,-1.3835107,-0.7883147,-0.3703646,-0.7588567,-1.1134697,-1.1329006,-0.61437994,0.49666235,0.47799358,1.8295621,1.1722572,0.54751647,-1.4031861,-0.96782213,0.6437072,-0.7210085,-0.5685603,-1.1615554,1.0119364,0.48348978,-0.56292516,-2.0364916
0.9228967,0.18363562,-0.56540716,1.1242402,-0.39245933,-2.2732573,0.3258634,0.6468464,-0.12262411,0.29225904,-1.3309355,-1.4102377,0.2622083,-0.48175326,-0.029109381,0.1920925,0.08325672,-1.7970598,-2.6259546,-0.27793673,0.3571492,2.1614168,-2.3093781,-0.13003975,1.5798943,-0.49369094,-0.3602053,0.47483176,2.515182,-0.1440517,0.26443505,0.8882929,-1.1444167,0.017976703,-0.78865546,-0.7236473,0.078153364,-0.81881315,-0.1785908,0.76233304,2.2418797,0.9823468,0.29129875,-1.1574808,1.4946662,-0.21010189,1.8035613,-0.9537376,0.32185987,1.1195958
1.1540871,-1.0177369,-1.2500919,-0.9156587,-0.11846819,1.9871069,-0.7351111,0.15406674,-1.469743,-1.6355295,-1.5377319,-0.5324951,0.7895073,0.9965791,0.049508628,0.35655496,1.3787788,0.962872,0.12953386,0.27026165,0.3160274,1.1305071,0.96869683,-1.878492,-1.597185,1.7956016,0.8551347,1.9340986,2.741239,-1.2494661,-0.71254736,-0.09597073,-2.752155,-0.12068106,0.28181547,1.0971725,-0.85276246,0.014754778,-0.77021,-0.512709,-0.2687914,-0.35251585,0.18628578,-0.6397069,0.49624377,-1.1024079,-1.9210522,2.1490993,-1.1340563,0.644915
-0.97080386,-0.58904564,-0.12538049,0.9288671,-1.2197609,0.8653575,-0.6246745,-0.16998146,-0.5422125,0.7021893,0.38053825,-0.09418066,-0.020562248,-1.404222,-1.4182601,-0.23427959,-1.2597766,0.4038956,-0.10643462,-1.2319007,-2.2012043,-0.35055643,-0.4972877,-1.2004291,0.98522806,0.48483372,0.8214927,1.5023905,0.6471629,-0.8909613,-0.08032174,0.32278895,1.0191269,1.0760922,-1.5908804,1.678072,0.925941,-0.49812585,0.6466095,0.7184305,-0.48933992,0.6318978,2.0320845,-0.7105227,1.6924547,0.2170401,0.22526333,-0.09002217,-0.67120117,-1.2769119
-0.43412137,1.6780906,2.324516,0.94189733,-0.37310466,-0.77770835,0.70585126,0.40318197,-0.9030705,0.62025774,0.53648406,-0.16748442,-0.1976508,0.37756297,-0.1916789,-0.3071974,0.7061989,-0.818926,1.1291833,0.17556062,0.36580074,-1.5429829,-0.10619259,0.6768501,1.0170825,-0.7837019,1.4708942,-0.8102535,-0.112923816,-0.22846843,-0.76781297,-1.0465788,-0.24573158,-0.45157915,0.9979318,1.805141,0.75128454,-0.58946943,1.21334,0.1133785,-2.5237472,-2.7662811,0.68689764,-0.41436133,-1.522231,-0.6080727,0.34338406,-0.638496,0.49493805,-0.2582654
-1.300009,-0.88661397,0.6230422,-0.5391862,-0.48395762,-0.49424577,0.2422746,0.017632617,-1.1796947,-0.0027650127,0.75447416,0.04339422,1.1207589,0.35048112,0.89699006,-0.2327667,-1.6769714,0.86484766,-1.3746144,-0.5762951,-0.121829964,-0.48712522,0.70325464,0.61515915,0.15569866,1.0765133,-1.3211954,-0.5231619,0.8098796,1.3953439,-0.14920993,-0.12966749,0.5620078,0.19426954,-0.98376435,0.7243191,1.0034542,-1.6857095,-0.37878245,1.1882404,-1.5177087,0.8899794,-1.8155217,0.26042417,-0.27275226,-0.3931309,0.19782929,0.20517349,-1.3766109,-1.3417289
-2.3386195,0.6641453,-0.7866441,1.1263,0.42050794,-0.44773677,-0.80725664,-0.2879273,-0.11208987,0.028845629,0.6453155,0.6139109,-0.5289171,-1.2661605,-0.7732643,1.5767207,0.2853669,1.8258516,0.6911869,2.3454568,0.95390886,-1.0018902,0.053452488,1.7788578,-1.8245504,0.661669,0.35466,0.8343842,0.22074871,-0.45173797,-0.58759207,-1.1014142,0.009368939,-0.25431818,0.5810473,-0.58623576,-0.9747156,-0.3785639,-1.3344989,0.84166086,-0.075398155,0.25787652,-0.6507338,-1.0839161,0.5560655,0.85370755,-0.90696204,1.6880468,0.56468743,0.39934412
-0.24067283,-1.7993343,0.82504374,-1.0997604,1.4886653,-0.5558385,-0.36053088,-0.11917908,-0.95932823,0.47117043,-0.9333856,0.56531274,-0.15041772,0.68513167,0.70375574,0.13138434,-0.18317126,0.37078306,0.62082434,-0.87524617,-2.861108,-0.86401284,0.23209271,0.29364508,0.26237753,-0.3859825,-0.18216439,0.16499849,0.35132,1.1388212,-1.5916849,0.9406968,-1.1004153,0.19236672,0.44308934,1.0250218,0.51224035,0.23313738,2.3300898,-0.7382671,0.25020117,0.16609281,-0.49807683,0.6394614,-1.005327,0.57719016,-0.29231417,-0.68280864,1.6374732,-0.52257156
-0.6302064,-0.47013572,-1.9455568,1.968793,0.71168965,0.13144656,-0.6305309,-1.1209276,0.077771395,-0.5199923,-0.39949492,1.6895343,0.24488758,1.0023522,0.40212452,-0.75072885,0.17828877,0.36960632,1.8400868,-0.029489554,-0.5912559,-1.7042844,-0.18042584,0.14275265,0.49486774,0.72690964,0.87376654,0.072145745,-0.11273733,0.69681627,-1.307408,-0.2674098,-1.5801864,-0.3888888,-1.0180063,0.5508772,-0.2881046,0.01609519,0.18085912,1.800496,-0.5000952,0.13673063,-0.44271764,-0.032190636,-1.5997928,0.936571,-0.15597868,1.5616847,-0.09332647,-0.07030027
-0.82691514,-0.67145747,0.08517046,0.37883803,1.3185952,-0.50375396,0.01860439,0.37507084,-0.16867681,-0.22634853,0.58324,0.6842711,1.257615,0.44101262,1.7039931,0.7903416,-0.7948342,-0.650821,-1.4732369,0.36624557,0.07102475,-0.44944978,-0.33317488,0.5774686,-1.4197325,1.2860574,0.8713986,0.6100797,0.23282531,0.54774225,0.19162767,-0.1280004,-0.02216695,0.5148677,0.44627354,-0.71504563,-0.8628677,-0.25391698,2.3427436,0.5416736,-0.84419554,0.5659768,-0.68954426,1.0296609,-1.5261008,-0.53106886,0.23817876,0.8688581,-0.77789795,-0.6481359
0.7964509,0.049569283,0.76549715,-1.0138606,-1.249906,0.51861167,0.7566958,-0.34146717,-0.20071045,1.9028674,0.060071725,-0.22904995,-0.21459173,0.555125,-1.5499468,-0.31708843,0.53902906,1.1982734,-0.88600314,-0.40479898,-0.07813649,-0.047417793,-0.8344173,0.7228822,-0.6524629,0.36336625,0.06444545,-0.78402114,-0.577004,-1.1736819,-1.1536342,0.606393,0.82934797,1.213672,0.25125635,-0.87982434,-0.41035897,1.5935017,0.5955805,0.70921415,-0.1265383,0.27417046,-0.6114031,-0.079142354,0.5389958,0.4023432,0.09374216,-1.4138906,-1.0990095,-0.9740807
0.34410346,-0.22182111,-0.69470847,0.043271728,1.1961855,1.5053579,1.8455786,-0.6475418,-0.18885884,0.8765865,-0.7210787,-0.7697505,0.9778392,1.5196991,0.65241814,-0.40996167,0.24630226,-0.02803347,0.2885268,0.9613041,-1.508319,0.35857937,1.2971356,1.8310773,-1.0565922,-0.57380706,-0.30113444,3.16114,-1.0067188,-0.7538178,0.03201673,0.6028949,0.8883107,-0.49311042,-1.4477513,-1.2071087,0.43670678,-0.1423406,0.4431453,-0.38157234,-2.1976957,-0.98487246,0.38739604,-0.71552414,0.123282075,1.3493702,-0.39649847,-0.21124838,-0.015994174,-0.80561906
0.055793226,0.56489414,-1.6376104,0.06862349,-0.50768554,0.45200664,-0.26818565,-0.74045795,0.2979579,0.54311675,-0.64795876,-0.12981154,0.03548823,-2.6733747,-0.57284695,0.027742065,-0.06805973,-1.0705496,2.127575,0.09817923,-0.19555509,0.79056495,-0.17222148,-0.77302295,-2.6958597,0.4198653,0.5178703,0.5531238,-2.0165737,1.3744297,-1.14183,-1.8657749,0.41232285,1.0267986,0.9092539,0.18727581,-0.08798994,2.8674102,-0.7965069,1.3712019,-0.19497871,0.35800552,-1.6517632,1.6258459,-1.1403041,-1.9247144,-0.44192782,-1.2431132,1.470017,-1.2104647
-1.3742385,-0.7282015,0.4348745,-0.7281512,-2.510408,1.5527883,0.46500522,-0.42654547,-1.1858535,1.36555,0.7684716,1.5380824,-0.3609392,0.32771102,-0.7186097,1.7792046,0.37160662,-1.5626035,0.37480024,-1.337316,-0.8583308,-2.9846492,0.7515549,0.9879217,0.99908704,0.8141084,0.034772035,0.48669767,0.656879,-0.7418189,-2.058633,0.5787909,-0.0654142,-2.05875,-1.4306885,0.78684604,0.07824847,1.223206,0.53001946,0.24358597,1.1347082,-0.3892657,0.5717546,-1.0531685,0.15733391,-1.8324996,2.65342,-1.6269855,-0.46784362,1.1505554
-0.8307293,-1.0340407,-1.0432721,-1.3865263,-0.98672295,0.5292939,0.7800233,-0.5652707,-0.077625245,2.5680056,0.92462724,0.3685675,0.020307878,-0.5688463,1.1031089,-0.8890711,0.7397027,0.96464837,0.8238982,0.5246895,0.08608763,-1.6473889,1.5843439,-2.0108654,0.11674531,1.3988936,1.4418046,0.23871425,-1.0866834,-0.27029234,-0.10478292,0.34920505,-1.5128334,-1.6870873,-0.7120002,0.979935,1.2199675,-0.79765093,-0.27476394,-0.56921345,2.189937,-1.4464425,0.49725837,-0.47622746,0.52079034,0.053643286,0.14349207,-0.80029964,1.4053292,-1.1224397
-0.9012945,-2.1540074,0.39935213,-1.3401846,0.5228469,0.9557583,-2.624959,0.71343035,0.8022324,2.447076,-0.0029575992,-1.7022773,-0.30059943,0.0845467,-1.8466536,-1.044757,-0.2852557,-1.2931305,0.35226136,0.13189486,-0.97646797,-1.2704511,-2.6475294,0.5976934,-0.63161737,-0.7034993,-0.27609366,-0.2526613,0.98279876,0.95827603,0.72718126,-1.0687711,-0.6414177,0.13926092,-0.6234915,-0.7880983,-1.9942268,1.0919564,0.8815983,-0.36957577,-0.66885155,-2.0189052,-0.106068395,0.46890986,1.0747448,-0.8711749,-0.52560484,0.31309438,-0.68517536,1.0273054
1.9185939,-0.13570309,0.6964814,-0.26029947,0.6934494,1.7877593,-1.1459529,0.88992107,-0.179982,-1.013289,-0.9319468,1.4765165,-0.56345934,2.0770457,-1.1562707,-0.68793124,-0.14346656,1.3359985,-1.3417679,1.608455,-0.42742598,0.19698155,0.9804953,-2.7880998,-0.8591889,0.7150933,-0.11616009,-0.4906187,-1.0537908,0.16015004,-0.1784917,-0.45720106,-1.2294333,0.68543017,0.6707427,-0.8880114,0.15600342,0.6767761,0.5555463,-0.5821256,-1.3227175,0.40596274,1.3569031,-1.5776324,-0.28020087,-0.23873757,-1.2656211,-1.9302816,0.83658373,-0.32947418
-0.36045885,1.586192,-1.4212189,-0.5346806,0.5613395,-1.3201525,-3.1726391,0.6035302,0.8880798,-0.87559944,-0.80364245,-0.77911854,-0.8283551,-0.2783953,1.069702,-1.5323219,-0.8051155,0.11949114,0.25538,-0.11831293,0.27781004,0.3508764,-0.2366626,-0.43787596,0.89173174,-0.39859045,-0.2814389,-0.120922044,1.1377127,-0.27796206,1.3704747,-0.6828381,-1.4426712,0.124510065,-0.65343994,0.53332496,0.45588756,-1.9354938,-0.8389528,0.079355136,0.90767485,0.28078246,-0.1754158,-0.07746782,1.1876385,0.6023383,-1.9406892,0.95231575,2.1854048,-1.2214534
2.4345713,-0.514723,0.32768863,0.13750353,-1.6222708,-0.63925374,-1.1230081,-0.6260346,0.8225122,0.24308766,0.7135985,-0.87511146,1.287197,1.0254778,0.04913701,-0.5484683,-1.1105986,0.17188178,1.1923318,0.27435592,-0.49948353,1.4126834,0.065248534,1.7388109,-0.98699987,-0.33257163,0.5028615,0.71555984,-0.81580937,0.18178584,0.68144596,0.14458273,0.14386894,-0.09087382,-0.32698834,-1.7818546,0.077900015,-1.0102298,-0.2423529,2.222141,-1.712472,-0.4077181,0.15189752,0.44043112,-0.055945333,-0.2154459,-0.031515982,1.1784047,1.5101029,0.7563265
-1.3908446,0.12630701,1.2129611,0.99376714,-0.2875325,0.7108938,0.3904573,0.8609091,0.2712949,1.438412,-0.5859604,0.1527063,-0.11752283,-0.48522285,0.5262335,-0.38556495,-0.081198305,-1.4088529,0.34035674,1.3927459,-0.6508631,0.8377227,-1.6926029,-0.9852305,1.4319596,0.64322805,-0.98222464,0.4049836,0.008456146,-0.89147204,0.16765402,-1.6515447,0.18917105,0.5879619,-0.18142636,-0.5290609,0.9919168,-0.5559634,-0.45055786,-0.59112376,-0.21201393,0.7530974,0.025697866,-0.6226153,0.30631307,1.3804364,-0.05414388,0.15301709,0.2344789,0.15624416
-1.3889828,-0.751915,-1.7700522,0.57732946,-0.063212685,-0.13574997,-0.07120269,0.5787774,0.7043639,0.6981791,0.11876352,0.35874802,0.34520584,-0.97418123,-0.33811873,1.5797732,1.7321832,-1.0430644,-0.27724192,0.036768634,-0.6508293,0.6786998,-0.20999277,-1.2305957,-0.36461365,0.52791786,1.3084304,0.5223042,0.82224035,0.18937953,0.3085388,0.15908436,-1.3473952,1.149015,-0.4722017,-0.99475855,-0.17436893,-1.0042769,-0.42538393,0.030142289,-0.12182267,-1.2022157,0.79089457,1.0264684,-0.21173394,-0.2177041,-0.21046107,-0.9738496,-0.91064924,0.78759825
-0.8257162,0.14303446,-0.17114024,-1.2421672,-2.1887288,1.998434,0.037887022,0.44837213,0.3204862,0.61635023,0.6806271,0.087026715,-0.41178778,-1.1588236,-1.3697106,-0.8239082,-0.67071474,0.40384293,0.56691724,-1.1596406,-0.29798678,0.5267541,1.099144,0.48199934,-0.59639436,-0.029282834,-0.68357736,-1.9012842,-0.102983214,1.5228189,-0.15945219,-0.13235871,1.9756752,0.23433708,0.14360909,1.4416138,0.36840415,0.2888413,0.7877667,-0.993976,-1.5889972,-0.5516455,-0.0805337,-0.18433808,1.519871,-0.8884449,-0.010469244,-1.2804719,1.1288669,-0.23428847
-0.1854111,0.5082968,0.6997121,2.2140539,-0.5489404,1.4213997,-2.3269975,1.1522545,-0.8536311,-0.8236554,1.1970147,-0.72400296,-0.3082394,0.9243586,-1.4322048,0.9554167,-0.2096309,-0.12388652,0.6870182,-0.5353916,-1.1058863,0.98545134,1.5882487,-1.1217654,1.2096164,-0.57999897,-1.8015504,-0.15219423,0.2934253,0.6478072,-0.44850338,-0.38573232,-1.3481089,1.2865185,-1.021949,0.83076435,-1.1237574,-1.1166941,-1.3153281,-0.8671991,-0.30564076,0.37156996,0.005349976,-1.446086,-2.1740313,-0.65883696,-2.7913995,0.3304283,0.7810306,0.8312784
-0.59755486,-1.8854793,1.0244713,0.16569723,-1.8270073,0.07835083,0.791559,0.49659213,-1.6388236,0.9192907,-1.1080283,2.2356222,-1.4649491,-1.0889627,0.9200167,-0.04850403,-2.1473234,1.1345946,0.119379655,-0.0962377,-0.45021403,0.046995413,-1.1944869,-0.8174697,-1.3649415,1.048517,1.3962581,0.6636761,0.260803,-0.030092228,-0.03032184,0.9167909,0.81512636,-2.2098684,0.08333257,-0.46612772,0.0049659973,-1.7024266,-0.347107,0.8878831,-0.9438112,1.8913707,-0.6356392,-0.18736182,-0.9162919,0.14493664,-0.043950483,-0.5212209,-0.08878652,0.30342177
0.54297346,0.47187495,-0.25679958,0.9950646,-0.29825562,-0.25755596,0.39038464,2.7427082,-0.18839592,0.6892051,-0.12680626,-1.0514833,0.95959646,0.826108,-0.3552332,-1.5876558,-0.4315188,-0.8767501,0.7150611,0.5949186,-0.5394905,-0.34438676,-0.6076779,0.09948709,-0.05026876,0.39894986,0.31924486,-0.49688578,-1.182491,-1.4131434,0.43472102,0.53054035,0.036744427,0.28796825,-0.26881886,-1.6975019,-1.0640663,-0.47742435,-0.88147074,1.7324262,0.86479926,0.4368222,1.1142597,0.52009135,-0.5274419,-0.09888074,0.15500735,-0.24810779,-0.08473882,-1.724472
1.9329536,-0.0090674665,-0.41981012,1.7623248,-0.08764267,1.4023836,0.5021565,0.7450243,0.4130021,0.16284095,1.2996294,-0.529669,-1.2828213,0.7973943,1.2512482,-0.19009402,-0.23503892,-0.9859169,0.4423106,-0.40364385,-1.5986208,1.8505569,1.3551615,0.37080798,-1.272623,1.4580021,0.47484398,0.7463925,0.098713085,-1.227025,-1.4070643,1.0940868,1.2566736,0.2593775,0.6295384,-0.9792428,-1.1215848,-0.7373103,-0.64198035,0.5958857,0.28685677,-0.52296567,-1.7931317,0.53537416,0.20472623,-1.1328251,-0.29192203,0.8826127,-0.99332976,-0.61605453
0.23311794,-0.5747649,0.7944942,1.1316992,0.27832183,-0.96841717,0.26677716,-0.1722098,-0.004684368,0.9181028,0.22986014,0.49194786,0.26034763,-0.5776511,0.16716972,0.7807413,-1.0985223,0.8067023,0.36402175,0.30433425,0.014733157,-0.7437324,0.1824206,-0.1888613,-0.71869814,-0.16051258,0.4879397,-0.45566553,-0.024203917,0.5872027,-1.0583289,-0.32444388,-0.51397806,-0.089547165,-0.42211628,-0.37380615,-1.0331943,-0.20911753,-0.28706893,0.16681117,0.5569914,0.5631016,-1.5219069,0.20847572,0.46224377,-0.35517195,-0.7948403,-2.067559,2.7504833,0.98889196
-1.0497072,0.31694353,0.807857,-0.72497326,0.61983395,-0.48088542,-0.45561266,-0.26789337,-0.9917092,-0.01411268,-0.5811984,-0.20480438,-0.4234473,-0.6868151,-0.7228656,0.23466446,0.9803131,0.36828005,-0.09901508,0.091401465,1.4304281,-0.5081507,-0.0028203612,0.51076585,0.6044119,-1.0162152,0.61057115,-0.09765187,1.152751,-0.72801614,-2.271508,-0.6486959,-0.9248779,-1.4037359,0.4753011,0.039018054,0.6671419,0.34930137,-0.7246771,0.09844691,0.32408538,-0.756337,0.7428362,-1.1540339,-0.5024665,1.329808,-2.0071466,-0.33362037,-1.028802,-0.10781398
-1.6853054,-0.32564792,0.098209806,2.0325003,0.25839618,-0.0145803075,0.353758,0.3771755,0.45457557,-1.241486,0.36621937,0.22451484,1.8038955,-1.3399764,1.4313979,0.3414958,-0.46393907,0.33672553,-0.46585503,-0.96514016,-0.5254695,1.5962507,1.782494,-0.4632137,-0.9198113,-0.23604023,0.7509788,0.5317038,-0.31232452,-0.46693772,-0.5804971,-0.3021873,0.6438553,0.9412459,-0.91506255,0.4024281,0.99135494,-0.42237186,0.16498944,0.70664304,-1.1949474,-1.018069,-0.4156863,-0.9909496,-0.5400099,1.5611324,-1.1535451,0.24618733,0.14159541,0.3610477
-0.24220671,0.5391111,-0.15120405,0.09282873,0.57793546,-0.4354323,-0.35315585,1.42248,-2.571563,-2.0723872,-0.11419577,0.36654046,0.76299864,1.0606768,2.082473,-0.25424966,0.8629428,-0.7361559,0.6395228,-0.7115723,-0.42539328,0.559833,1.3580438,0.96046376,-1.4136624,-0.11693801,-0.2642499,-0.027520666,-0.3228066,-0.12989175,-0.02437191,-0.6708739,-0.41533726,-0.6504175,-0.2525437,-0.13317557,-1.1191876,-0.0903276,-0.041940343,0.2262722,-0.20191336,0.1009418,-0.5030783,0.39830256,-1.0300497,0.4199955,0.5592308,-0.5338879,0.88427794,-0.77428424
-1.1862013,1.9574511,0.068919286,-0.03193452,-0.118913576,1.2662437,-0.108415104,0.4856011,-0.69535214,-0.20242217,-0.23066474,0.2655912,-0.6077786,0.02864245,0.5039688,-1.0520828,-1.7046803,-1.614547,-1.1259557,0.7332356,0.62902796,-0.54619193,-1.4448884,-0.82952535,-0.9002806,2.92602,0.051210295,1.1273335,-0.00987335,-0.6103434,1.80054,-1.2417222,-1.208974,0.46182203,-0.7715324,-0.060718678,-0.53878486,0.17880322,-0.10833482,0.21944188,0.11015368,-0.23758182,-1.3265905,-0.5069353,-0.15094627,-0.9150895,-1.0529383,0.7682493,-0.33863622,1.2097536
-0.045316804,1.2605176,0.29939026,-0.06600429,-0.18447722,1.1355203,-2.136199,-0.04936594,0.91520214,1.4846271,0.4710311,-0.7707988,-0.3840189,1.3004206,0.41074064,-0.18746956,0.88319594,2.0874896,0.98375773,-1.4203758,-0.3387264,0.5199465,-0.101986684,-1.9028252,-0.2413527,1.1069297,-2.2354445,-0.4780233,1.8036296,-0.58940417,-0.34447074,0.4943012,-1.4559436,-0.50623596,-1.0613356,-1.2815657,1.5466013,-0.11628956,-0.9619567,-1.125433,-0.015564196,-0.05449421,-0.30343258,-0.28353673,-1.1076602,0.38377616,-0.00629023,-1.5942479,-0.015550747,0.39802346
0.399128,-1.3130686,1.1274709,0.4122483,-0.16227095,1.3218253,-1.2317094,-0.6508398,-0.33354446,-1.1490793,-0.32021868,0.23778243,3.0918589,-0.465057,-0.050973017,-0.9976849,3.4638627,-0.32112032,0.7093845,-1.1489296,1.4276736,-1.3437687,-0.802771,-0.6407519,-0.70803,0.18569113,-0.04970503,0.22522147,0.813129,1.1336879,-0.47642305,0.26400027,1.2995093,2.1394784,-0.23559926,-1.0813566,-1.0640907,-0.37748393,0.13263138,-2.833332,0.8671824,0.30062363,-0.4873035,1.7784312,1.0905814,-0.6152875,-1.2103527,0.77713734,-1.0291045,0.7231819
-0.25726593,0.89265096,-1.1029775,-0.14805509,-0.036771137,1.16105,-0.72177815,-0.99876696,-0.16995813,0.86443055,0.8485345,0.4531483,-0.6356605,1.3541578,0.31122375,0.28970987,0.44441646,1.3228257,-0.21254316,0.4286422,-0.6962551,1.2743964,-0.15989141,-0.42687872,-1.0564278,-0.46773586,-0.4270403,-0.56363374,-0.5776462,-1.3182107,-1.7864887,-0.67036295,-0.8821148,1.2357838,1.5835531,0.6817049,-0.44637597,-1.2215273,0.5815518,0.022342667,-1.7977895,1.0154135,-0.42490938,-1.1835222,-0.29686254,-1.1915232,-1.8800597,0.5235726,1.5364758,1.550057
-0.9930674,0.39654076,0.2629851,0.46827644,0.1597633,-0.04240405,0.82580906,0.44254413,-0.36688152,-0.24128112,0.7435717,-0.19521584,0.9778371,1.7379053,-0.5132016,-1.5956738,-2.1305988,-0.9223306,-0.6426905,-0.3644064,-1.2001631,-0.46150586,-0.6848288,0.35913813,-0.0013544031,0.81214464,-1.683618,0.45149767,2.2045677,1.2482235,-0.017521499,-0.063389756,0.34264326,0.07760782,-0.610413,0.4754709,-0.06901315,-2.1715658,1.0644276,0.9460677,-0.72280025,-1.727408,0.98586667,1.4234926,0.6183016,-0.41284037,-1.354663,0.07181026,-0.2584341,-0.3331534
0.57051975,0.068584256,-0.9727041,-1.0110599,-1.2637178,-1.2067529,-0.6588294,0.7481087,-0.5510749,-0.12577942,-0.7595465,0.11966732,-0.25419307,0.2357985,0.57652205,-0.11557894,1.227438,-0.8687999,-0.8564783,-0.90718865,-0.9802809,0.44654584,0.7515239,0.4265172,-2.1405966,-0.039153785,-0.3935581,-0.7769076,1.254108,1.2555257,0.7099826,1.0977049,0.21039173,1.0858647,-1.7986796,-0.18262334,1.6652888,-0.6488873,-0.917982,-0.8879436,-0.57140034,0.38958073,1.2149285,1.0402963,0.30182925,-1.681138,-0.107231535,1.5691433,0.84447724,0.10225963
0.015629569,0.4109535,-0.7439285,1.8801934,0.8850705,0.4754837,-2.2891417,-1.165318,1.0228184,0.20579545,1.497985,2.8253107,-1.3033646,-0.16128428,0.035729628,0.61662346,-0.7353866,1.1752502,0.21532649,0.48541525,0.19231568,0.10826786,-0.9171364,-1.7565224,0.38094816,-0.5652249,2.1242793,-0.23373681,0.032505207,2.357426,-1.2612097,-0.15523407,-3.244692,1.3293543,-0.74958116,0.034025453,-0.1509549,0.6026175,-1.0320082,0.41597244,0.26195353,-0.5358767,0.118211865,1.8522209,0.34085757,-1.0810599,1.4512208,0.16654608,-0.026824147,0.38129818
-1.3041097,0.027182313,-0.16562961,-0.10203034,-0.78835547,-0.12633787,0.5675777,1.5906087,-0.8442327,0.28255516,0.052188434,-1.3981944,-1.6174896,-0.71768034,-1.0381845,-0.78098005,1.0701234,1.0345341,-0.8689054,-0.055373676,1.8137232,-1.605867,0.24565038,-0.32124618,0.84613293,-0.9023759,-1.076956,-0.5937938,-0.23499103,-1.0016575,0.80216426,0.67995995,1.0125388,-0.9096535,0.37046516,1.5494673,-0.8561645,0.66504776,0.65771806,-1.1614901,1.047751,-0.23417948,-0.586702,0.79727817,2.2715669,-0.043881256,-0.0010651571,-0.85265815,-0.40519303,0.60574067
-0.08146791,-1.6679094,0.030768534,-0.25651968,0.98188585,-1.9258081,-0.92733544,-0.8446178,-1.9012705,0.09893443,-0.62124366,0.7877252,-0.84002286,1.656403,-0.45331421,2.402551,-1.8012058,0.12980747,-1.1308814,0.41091657,0.286578,1.5918123,-0.4960072,0.30966103,-0.9581775,-0.5760627,-0.25925392,0.2099443,0.9542449,0.911528,-1.705128,0.33739838,-1.5427744,-0.31512773,0.09528856,0.69595104,-0.18331844,0.39692172,-2.4593296,-0.39227805,1.8738683,0.73653775,-1.1438804,-1.0235283,0.056671496,2.657789,-0.2497374,0.38690883,1.8971509,0.13008161
-0.6693282,1.2757887,1.5743119,-0.8318754,0.09778042,-0.057469603,0.2247014,0.68296355,-0.36769253,0.42808515,0.63421696,-1.2875938,1.7308333,-0.5711217,-0.6162903,-0.38082618,0.09755908,0.385787,0.6430618,0.47236082,-1.7056502,0.607167,-1.9363,-0.8093926,-1.0158125,0.069456026,-1.8741,-0.669298,0.84855455,-1.0010028,-0.29039076,-0.104587376,1.7042017,-0.80145764,-2.7910583,0.47719318,2.4391975,-0.9336192,0.98010176,1.1371541,-0.3950506,0.33342215,0.8628711,-0.4220026,0.2781002,-0.62502235,-0.3722557,0.297213,0.66373426,-1.8623201
0.8731861,-0.33635893,-0.24088173,-0.4812596,1.637564,-0.14784718,0.043690726,-0.97320235,-0.090541646,0.6308571,-0.19953208,1.1187593,-0.22661638,0.5167157,0.9393539,0.46364737,0.5878837,-0.04858462,-0.76638585,-0.29102534,0.5669194,-0.46758765,-0.34926057,0.46636367,-0.9042131,0.3038658,-0.06698566,0.71254706,1.3040166,-1.1650722,1.1948771,0.55201757,0.21439728,-0.9518913,-0.15219302,1.338291,-1.1014761,-0.029081741,1.7578746,-1.9856956,0.9951763,0.61486775,-0.6916015,-1.1935151,0.33713073,-0.0011072183,-0.3161051,0.59399456,0.8682925,0.25758046
1.0048481,-0.6934368,0.4738252,1.2336704,0.37968534,-0.19428292,0.86059636,1.2892656,-0.41228062,-0.13754056,1.3854884,-0.9769097,-0.0064856573,0.53131497,-0.23928195,0.66301745,0.88081306,-1.3706791,-1.1180924,-0.40643004,0.9077042,0.29560766,0.45991248,0.45292324,-1.5724094,0.6092,1.30163,-0.35466197,1.45551,0.7036094,-0.8230182,1.0704793,-0.56963754,0.46346837,0.8153062,-1.8301219,0.07050732,-0.8230752,0.84869283,0.53363395,-0.4440636,0.94721967,-0.6411267,1.17495,0.5431762,-1.2907963,0.5950284,0.5716574,1.3067737,0.5499146
-1.7679327,1.4891652,-0.12658621,-0.8375365,0.36365682,1.2719121,0.4678278,1.2343081,-1.4100192,0.9345376,0.86607873,0.7846706,-0.14066869,2.1069503,-0.6826386,0.79685044,0.512465,0.52411306,0.53993803,-1.2202083,-1.9438906,0.045487653,0.008280746,-0.14707263,-1.3304868,1.2523575,-0.5117823,-0.2821115,1.1711853,-0.78087795,0.47622222,1.9667709,0.00091066543,0.7526048,0.06788688,-1.2432247,-0.2254076,-0.6277041,-0.016974486,0.42615557,-0.30438435,0.42609376,-0.8916456,0.61919093,-0.7272047,-0.5461617,-0.013583087,-0.47551864,0.42988798,0.4141349
0.96526456,-0.5144832,-0.99955165,-0.19986138,0.7305368,1.1610873,-0.5047513,-0.25073424,0.7677572,0.5300037,0.8453975,1.0347288,-0.40969664,0.5406127,-0.59603983,0.26458433,-0.68436414,0.20903118,2.1471817,0.12793037,0.6294116,0.04060851,0.043394737,-1.0463544,0.8116583,0.7058596,0.64680505,-0.7200617,-0.16905235,-1.1899377,-1.0484425,0.22495641,1.4757041,-1.5570765,-0.011084578,1.8659452,-0.45416564,2.0993176,-0.11399728,-0.58238,1.808311,-0.8557392,-1.0931894,0.18653375,-1.252635,-0.07822886,0.1059158,-0.09963452,0.7356636,-0.8654304
0.14824156,0.56971735,-0.7594524,-0.585468,-0.18056987,0.60542095,-1.4434485,-0.28282854,0.2186696,0.26137254,-0.656962,0.7984989,-0.9331687,-0.17415361,-2.1045043,0.05839373,-1.0566766,-1.0640191,-1.1472725,0.7679815,-0.21521023,-0.23807979,0.124691375,0.22697477,-2.1991208,-2.1792672,1.3842661,0.5363348,0.6566192,-1.2105727,-0.892946,1.920442,0.14638187,1.973609,0.13343266,-1.5784608,-1.5982553,0.17054349,1.1118772,0.7571521,-0.3649825,0.5327346,-0.3817343,-0.88793504,-2.241107,0.78761584,0.042863823,0.14055353,0.21931894,-0.3305278
0.14778364,0.5458603,1.0144669,-0.8507462,0.3541012,0.18754631,1.912549,0.4383235,-0.23865987,-0.5683717,-0.23289382,-1.5112135,0.4546738,-0.7731621,0.7811066,-2.2463248,0.37881497,1.2302442,-0.19704945,-0.7436514,-0.19827576,-0.9363189,1.9145361,-1.2679331,-1.6461039,0.08155487,-1.4836688,-0.15270859,-1.6769171,0.70547736,0.6003482,-0.25441957,0.55138755,1.5015385,1.6337878,0.31464505,0.3681177,0.36973974,-1.6016628,1.4306148,0.14412819,-0.25809968,0.4096283,0.41546744,0.120474905,-0.7328402,1.1398864,-2.7830522,-0.43668,1.583651
-0.2694267,-0.48396733,1.2056688,-0.96964073,-0.54916394,1.4862576,-0.15035522,0.27286702,-0.34807694,-0.7558395,0.14459583,0.3969737,-0.4454531,-0.028838206,-0.19868799,-0.519799,-0.35508662,-2.0973449,0.76202446,1.3490514,2.4961247,-0.032155775,-0.054012496,-0.09682062,0.39161262,-0.16205539,1.0878532,0.0494736,-0.6297087,-0.25484204,-1.4702718,0.41558197,-1.5578779,1.0208563,-1.7439398,-1.1643155,-0.13188867,-0.5568908,-0.19631892,-0.80205727,1.8521534,-1.2098826,-0.8675373,0.5873347,-1.0966966,0.804428,1.491934,-0.16389889,0.21227008,-0.34460476
-0.07344349,-0.16867974,-0.5806855,-1.071305,1.2853618,1.8558968,0.5481133,0.72300786,0.71250856,-0.23016614,-0.79589105,0.9925508,-0.2652972,0.3041349,-0.56850994,-1.0000877,-1.8543577,-0.49007744,-0.3596056,-0.38526273,-0.35213104,0.77202886,-0.6252123,0.096570954,0.5717393,0.7429867,0.99640024,-1.13188,-0.2953089,-1.8210307,0.20866877,-0.5740541,-0.19708094,-0.3380561,1.2400308,1.050056,0.03090712,-0.12963592,-0.34984598,0.98640686,-0.8740124,0.9788895,-1.2401719,-0.45436227,0.17167108,-0.048764315,-1.3045409,0.70563537,1.3359632,0.53192955
-0.40363637,0.42700875,-0.65216655,1.475276,-0.06730111,-0.68783414,0.027803525,-0.5766019,0.15593824,1.7262245,0.09156963,-1.0250955,-0.14522323,0.43836215,0.11094458,-0.41584238,0.21366961,0.06829076,-1.46959,1.0102108,0.707453,-0.30206355,-0.80757433,-1.3976351,-1.2528933,-1.2114737,-1.1475515,-0.48371023,-0.07253504,0.91616744,1.6118388,-1.3302618,-0.5389482,1.4725341,1.2783295,0.14028941,0.583893,0.4074457,-0.96557313,0.046964176,-2.2887082,0.43748882,0.016024161,0.87861925,1.6474242,0.33246607,-0.11201265,-1.0565057,-1.3568966,0.21332392
-0.28824574,1.0397213,-2.050787,-1.6444229,2.019708,1.2149076,1.400323,-1.0761765,-1.7397845,0.29600954,0.7533488,1.1408778,-1.7912688,-0.35780498,1.0075438,-1.3564452,-0.48057842,-0.6791601,-0.06471845,0.0948069,-0.0884798,1.1376369,-1.0891974,-0.15456486,0.23324688,1.9296323,-0.8088624,-0.16845109,-0.26441962,2.3375895,-0.19042262,-0.17135486,0.28660467,-0.3123192,0.13295944,-0.16059792,-0.004745405,1.3098956,-1.3735805,1.6523336,-0.5804345,0.5650007,-0.37283215,-0.08746071,-1.0043895,0.25379747,-0.21861012,0.8951418,0.50227606,-1.64322
1.9356362,-0.21295032,0.13927446,-0.016512314,1.2579432,-0.4240511,1.0102496,1.0681471,0.30097526,0.035162244,-1.1593667,1.1941258,-1.3703527,0.79447246,-1.4739342,-1.554937,-0.72429883,1.3055475,0.45273834,-0.93149716,-1.4122584,-0.6899359,-0.8663286,0.108171634,-0.27156934,1.2570448,0.28330085,0.5058987,1.8958938,0.15954602,0.14167967,-0.6977807,0.20013967,2.7355099,-1.0754813,-0.5186623,-0.5424994,0.06281947,-1.258178,-0.77398056,0.5827471,0.57785505,-0.64680964,0.623816,0.7797714,0.21717334,0.33255935,-0.28847218,-1.2768449,1.0125028
0.2627656,0.7206792,-0.08540964,0.10478074,-1.2562982,0.18380088,0.92175764,0.9782527,-0.3102392,-0.33119193,0.9039643,0.1842896,-1.1952399,1.2221537,0.9278966,0.80823857,-0.63959306,0.94065,-0.39890468,-1.7443568,-0.4502281,1.15365,1.0172614,-0.20693678,0.65948224,1.8010327,0.09978641,-0.8275807,-0.035374958,-0.27970037,0.06593404,0.28758866,-0.059879497,1.1855118,0.28955558,-0.40841916,-0.030978236,-0.40433943,1.1393193,0.28092784,-1.6064382,1.079708,0.3824674,-0.25091738,-0.3120449,-1.7754946,0.5393378,-0.8919771,-0.38156638,1.9526561
0.70696163,-0.7183993,0.48890826,0.0007126459,1.8485774,0.5225038,-0.07255446,-0.1386195,0.5566847,0.5512933,-0.43446723,-0.12704688,-0.38112426,-0.14628127,-0.13273115,-0.11194237,0.83377194,0.76190656,1.9964522,1.1934233,0.65258604,-0.6544312,-0.79134256,-1.2785512,1.0456853,0.47578272,-0.24968742,0.23093095,1.0037289,1.5747652,-0.39366728,-1.4383372,0.62813336,-0.8990856,-1.0121056,0.39144492,-1.2501608,-0.6394979,1.6195437,-0.03779439,-0.47713828,-0.7784735,0.14068183,1.0751152,-0.11047106,-0.8978131,1.663848,-0.8643568,-0.5239331,0.6241259
0.48196292,0.16177984,-1.3963692,0.06984505,-0.6394261,-0.12814903,-1.3562908,0.108036645,1.0122373,0.722614,0.23987499,-1.6070027,-2.2500942,1.3360648,-0.23140143,-0.6127544,-0.795145,-0.9026786,1.8035327,0.19452102,0.5666124,-0.34337634,0.6468512,-1.3132248,-0.22636846,0.7434722,2.2442973,0.37827837,-0.6686047,-1.3202348,-0.54621077,0.4990309,1.1220216,-0.7955069,0.5842496,-0.5971866,-0.09601034,-0.30440855,1.439203,-0.75898534,1.9719961,0.25137445,-1.0701913,0.03134671,-0.2769279,-0.21105818,0.22141118,0.7706796,-1.2749131,0.08620542
-1.0422457,1.1213398,0.8134319,0.23009084,-1.1610913,-1.7459965,0.4623911,2.8741546,1.5330484,2.088625,1.2565521,-0.23550773,0.19848037,0.70575094,0.79123336,-0.62514657,0.81560165,-0.09847755,-0.55077857,-0.8698884,1.831145,1.1364121,0.161918,0.7224111,0.026063288,0.39992416,-0.14045043,0.060417052,1.1770675,-0.946124,-0.17405595,0.6122464,1.3042814,-0.7740133,1.0765166,0.5339374,0.21620011,-0.474783,0.32204357,1.4592469,0.5934543,0.19831374,0.3143695,1.0473679,-0.8733721,-1.3109218,0.7793626,0.8042414,-2.1067007,-0.21544315
0.7346549,-2.828637,-0.124526456,0.04964596,-2.002164,-2.1943028,-0.13220629,-0.025158398,-0.5452409,-0.40232533,-1.5533783,0.035710096,-0.7533422,-1.7886128,1.2915385,-0.53335875,-1.1780162,-0.39852476,0.7934113,-2.7881873,1.7688575,0.019333247,-0.37633842,-0.9214668,0.44759533,-1.8906907,-1.0246407,0.4136574,0.49462992,0.52728754,0.6802519,-1.0672275,0.1202938,0.08262142,0.52784985,-0.789992,0.6983149,0.44281664,-0.80744123,1.1430761,-0.9809544,0.86055076,-0.09853163,1.3977329,1.0768749,-0.058643576,-0.007079993,0.5277466,-0.039244123,-0.2566526
0.10141633,-0.06611135,-1.1234895,-0.041164655,-0.81630987,-1.3043786,1.0020555,0.58071077,0.68453634,-1.9190146,-0.96750396,-0.18999696,-0.51360416,1.1714493,-1.2211167,0.4867577,1.2891427,0.046970006,0.39228255,-0.70073926,1.5576729,-0.3471184,2.0756788,-0.20713472,-1.0180048,0.6090189,0.91134965,-3.1893392,-1.2683406,1.1115942,0.14554225,-0.8377754,-2.360289,-1.3477441,1.8991776,-0.12229513,-0.7419745,-0.3848394,0.9562745,1.1507118,-0.08278419,0.9327084,0.31222835,-0.6810197,-0.54570705,-0.27563345,-0.5698016,1.1799389,1.4127295,-2.5649784
-0.48647964,0.612968,0.6023472,-1.0675237,0.62932336,2.0347211,0.659062,-0.31416202,-1.1255577,-0.5166774,0.31505635,0.26423728,-1.7964883,-1.015813,-0.51985204,-0.6996761,-0.15348054,0.28227243,0.8349747,1.7351457,-0.20990252,-0.04259974,0.6307468,-0.33707622,1.6779938,-0.24494466,2.2755558,-1.1534168,-0.85055536,0.08044707,1.9136795,-0.8038397,-0.025149934,-0.029492468,2.800665,0.73377585,-0.5897574,1.3434619,1.7086757,1.1251395,-0.1662819,0.50448585,-1.748885,2.1463146,-0.87264204,-1.6068164,-0.3551459,-0.15788873,-1.5683099,0.64655775
2.511452,0.70159143,-0.13170922,-0.0973167,-0.19820735,-0.16791488,-1.6673,-0.7491224,-1.8979057,1.7739185,1.06921,-0.10902892,0.6450294,-0.5072657,0.32271317,1.0332712,-0.8173466,-0.93287534,-0.22133563,-1.355228,-1.1143874,-0.4062729,2.2602096,0.42307863,-0.50826764,0.44889194,0.26864347,-0.6341338,-0.29127267,2.0600219,0.105379984,-0.32809654,-1.5322766,1.6708297,0.12931806,1.5658503,-0.4601671,0.2643434,-0.050462224,-0.4287108,1.0568026,1.5727919,0.7152437,-0.9609227,0.009692257,-0.14426127,-2.1269662,-1.1021141,-0.6020641,-2.3724837
0.7242936,0.62515587,-0.905433,1.3678044,-0.029192027,1.2268807,-0.5402735,-0.49936926,0.55661,-0.28372267,-0.34815592,-0.6973744,-0.5975892,0.45627078,0.38856924,-0.9843261,-1.5509955,-0.32950038,0.3390657,0.45425373,-0.7781073,-0.7689626,-1.1066397,0.8787742,1.3012795,0.14152604,-0.9616585,-0.51030815,-1.1380092,2.435089,1.8169135,0.047942504,-0.8478293,0.69671583,-0.62505215,0.6442005,-0.5100685,0.7137371,-1.6727426,1.1920348,-1.3465046,-1.4325036,0.17102355,0.4728342,0.49282733,0.4132285,-0.33729634,0.19329941,1.4897805,-0.7256457
-0.7904602,0.97355217,0.54010963,2.4179184,-0.6803965,-1.3397025,0.39949676,-2.0034914,0.07761979,0.4861874,-0.38027197,0.23069274,0.86715806,-0.7307582,-1.3200223,-1.0448436,-0.003925103,-0.7672432,-1.4905057,0.5042573,-0.7401294,-0.679075,1.3019265,-0.03479478,-1.189396,-1.0276233,-0.16162832,2.1870508,-0.88231426,1.1183349,1.4942893,0.8418253,0.05483454,-1.588769,0.82900006,-0.27094963,0.024847794,-0.24978526,0.028900415,-0.059235148,-0.7695504,1.0111438,0.078977376,-1.7601615,0.7417291,0.8018525,-2.1031096,0.11907214,-1.0797249,-0.27392733
1.380039,0.4236829,1.9180518,1.308895,1.7104288,-1.4482211,0.7404728,0.5138014,-0.16421615,0.5384407,-1.4955517,1.3693268,0.9257419,-0.4598106,0.6877983,-1.1264265,0.29460794,0.0638442,-0.66356003,0.091855004,0.95419127,-1.355197,-0.6066208,0.0007837913,0.6258957,1.740264,-0.9083203,0.81484866,0.6823526,0.05753635,0.2755673,0.8001319,0.18816735,-0.9388102,-1.2029271,0.30582413,-0.14348443,0.039961617,1.8626344,-0.542332,0.022510415,0.6988797,0.6334075,-0.962944,-0.49502695,-0.10639083,0.16462244,-0.9430915,-2.6020188,1.2936462
1.4078194,0.60023093,-0.3332639,-0.6498892,-2.0918791,-0.2779493,3.1024027,0.5442678,0.48235822,0.49345914,-1.6980029,-0.6635635,1.5397682,1.0607637,-0.8884238,0.19231065,-2.0922372,-0.75899595,-0.66147757,-2.3543096,0.20967905,-1.6318179,-0.035457037,0.10885411,-0.23649384,-0.30892047,-1.158275,0.8281398,0.19290031,1.4042815,1.656774,0.5562699,-1.147824,0.19719793,-0.3353516,0.6730829,-0.38380215,-1.2436132,0.37720248,1.2644305,0.78292596,-1.3472809,1.1096853,1.1071291,-0.6883526,-0.59130156,-1.3222291,0.07755304,0.5809089,0.88892484
-1.7923887,-1.5414482,-0.8495852,-0.5604746,0.5894351,-1.6540399,-1.0951922,-1.8426087,0.5329355,-1.9057112,-0.23652439,0.087875634,-1.3294913,0.6441336,0.5664525,-1.0646597,-0.85268676,-0.07194135,1.0066193,1.0740905,1.1616871,-1.9513661,-1.4431713,-1.5916147,0.97761697,0.7356087,-1.9497887,-0.14959474,1.562039,0.22811021,-0.40230793,-1.2284769,-0.32338816,-0.4225535,-0.4067466,-1.6587031,-0.3565624,-0.6739831,-0.843555,1.2592685,0.3146038,-1.233135,0.17879808,0.06800569,-1.5190856,1.1234398,-2.534152,2.56638,-0.22169846,1.4488556
-0.070332296,0.19602214,-1.0578749,0.34909028,-0.24937163,-1.665399,-0.65071464,-0.109180145,-0.26622316,-0.41778252,-1.3932682,0.5796305,0.9356235,-1.0816526,-2.1130776,-1.3027263,1.498809,0.4831892,-0.9233629,0.09181276,0.3022827,0.22442165,1.9476918,0.91926795,-0.6178691,1.170687,0.11785821,-0.21758568,0.93107474,0.6381642,-1.6688721,0.94504297,-1.1710404,0.66669303,-2.7411146,1.0027616,-0.12164788,0.6779053,0.95093906,0.27599484,0.8858899,1.2118233,-1.6588889,0.80237716,0.77981085,0.1536067,-0.95782137,1.489246,1.6117567,1.558338
-0.7804729,-2.2699633,-1.1200185,0.58096695,-0.57005495,1.2193958,-0.21323258,-2.4529347,0.6902883,0.9562576,-1.3294271,-1.7406617,-0.08479055,-0.086931996,-0.2695969,0.84821916,-0.23011248,-0.41992238,0.28573182,0.9689292,-0.51166105,0.3027154,-0.5003348,1.254139,0.73268133,-0.47057068,-0.97191507,0.74540746,1.600346,1.5865554,0.4296546,-1.2348255,0.05198316,-0.9753109,-0.62008834,0.5862948,-1.2292392,0.68187755,0.21773583,-0.44538713,-0.4988137,0.6874827,-0.097649366,-0.54009366,0.2447351,-0.50530547,0.3819819,-2.4542181,0.46221012,0.50327
2.0381866,-0.25969064,-1.4856731,0.83245736,-0.64300716,-0.54590756,-0.30222568,-0.52952635,0.3469628,0.86423326,-0.5882652,0.19874974,-0.29517993,1.0530612,0.8236855,2.2485166,-0.29028043,0.4557019,0.14001048,0.20497388,-0.91074705,-0.43121544,1.5408269,0.92090243,-1.2417334,-0.5062278,-0.64290637,-1.0868721,0.62174433,1.5131284,-0.45098612,-1.4474363,-0.1910499,-2.0459425,-0.03884351,-0.29748294,1.3050325,-0.3156944,-0.8925268,0.72868216,0.60354257,-0.42880583,-0.5276928,0.6478941,-2.23248,-0.24291097,-0.45275614,-0.012676722,-0.21297744,0.5006888
-2.012303,-0.43025506,-0.13740377,1.0253963,-1.5051348,-0.07888088,-0.34785417,-0.69128,-1.5477474,-0.24639735,0.24091023,-0.37862256,-1.9481666,0.5378342,-1.9638388,-1.087342,-0.47957975,-3.05652,-0.22853284,-0.10644177,0.09972801,-0.21607101,-0.91869706,0.25831336,1.5241929,-1.7716973,0.025951283,-0.21417701,0.61599845,-0.51637894,-0.85188645,1.6444463,0.6162386,0.34833977,-0.40046966,2.012333,-0.6098763,0.7086525,1.2048311,1.8291448,0.8085486,-0.83609915,-0.42813143,0.5531452,-0.7205086,-1.3580048,1.2415065,0.39255196,2.1229794,-1.0975521
-1.0238308,0.64399505,0.7732754,1.0770463,-0.95895153,-0.27169505,0.5451127,1.5644106,-0.23557928,0.8878417,0.7478152,0.88603693,-0.07885817,-0.2680863,-0.38459128,-0.51227665,0.388593,-0.06786953,1.6612067,0.6208081,0.7394091,0.49745986,0.232985,1.7284913,-1.6317353,0.45483539,-0.74516374,-0.3124389,0.28413478,0.8832603,0.29154897,0.61979294,-1.4235352,0.1161495,-0.14471556,1.4063078,0.3614076,-0.5965321,2.8667815,0.94902253,-0.8058108,1.2872958,-2.142248,0.14509033,0.08454729,-1.0936108,-1.0498102,-1.4638137,-1.0462675,0.659038
0.76019686,-1.3002574,-0.7765991,-1.1561435,0.20465699,0.24362966,0.120050475,-0.87828296,-1.1094688,-0.21103868,0.711909,0.90268856,-0.7709587,-0.5453697,1.2670283,1.141779,0.10097498,-0.8032589,0.9010226,0.0027295053,0.9756952,1.7162906,-0.85184526,0.19914187,-0.23087636,1.6051898,-0.02132133,0.4956838,-0.17159276,0.4384669,1.6554949,-0.46431357,0.8502856,-1.3713229,0.038867757,-0.9335013,0.5567068,-0.04080514,0.18840586,0.6022453,0.1458798,-0.24271102,0.032622606,-1.2485151,-0.29634568,-0.4019746,2.2620242,0.34800798,-0.9070266,-0.6691521
0.052190043,-0.6440867,-0.123762466,0.11242529,-0.9578685,-1.3049791,-0.046827503,1.3210528,0.8977318,-0.39796993,0.57816195,0.97622997,-0.73020715,-0.04641005,-0.6304325,-0.20530532,0.5381813,-0.7825726,-0.11142014,0.23782885,0.90670526,0.706662,0.79390204,-0.8548787,0.831211,1.1302097,0.33691093,0.46156394,-0.751982,0.36641586,0.46371874,0.8698038,1.2877307,1.1673758,0.15220928,0.75186235,-0.021771643,0.6178855,-0.25253916,-0.61260206,-0.5594455,-0.33321995,0.62813616,0.12147888,0.3194648,0.19387718,2.3421211,-1.0796462,0.2863574,-1.0105145
1.2254212,0.013016523,0.4774202,0.74248105,0.17388003,1.3625753,1.9924177,-1.0523543,-0.7337977,-1.1073617,-0.8597568,0.60888326,0.47718233,-2.1915767,-1.0416609,-2.1508029,-0.21164353,2.2131593,0.67847115,0.56566626,-0.59547335,-1.0783968,0.97323304,0.5631062,-1.1761905,0.59192103,0.32530236,-0.15714791,-0.31525376,-0.20384896,1.14989,-0.021040995,-1.433842,0.66549313,0.43636933,0.5578944,-1.3718696,0.58333963,1.2783173,-0.19668776,-2.085634,0.6423861,-1.1189861,-0.2564487,-0.3268782,-0.6156995,0.050156776,0.5919922,0.7626757,-1.59215
0.12295785,1.0660646,-1.7452086,-0.86279094,0.4467198,-0.44079733,-1.6024213,-0.31011212,0.52486986,-0.5725555,0.12958346,-0.62192494,0.2220979,-0.44997433,-0.89438593,-0.1762446,-0.9041973,-0.14636552,-0.22367774,-0.6805536,1.3677305,-0.5768168,-0.7257204,0.10196314,0.56261283,0.6872665,0.21987039,-0.9180197,1.0360644,-0.7026412,-0.9127223,-0.38267982,0.8751128,0.89208466,0.9974078,2.0586054,0.17286836,0.38001326,-2.2010996,-0.95389634,-0.2582859,-1.5662472,-0.09529551,-1.4844233,0.9867268,1.4062082,-1.7074821,-2.2208123,1.0237142,-0.7141412
-0.62221986,-0.56028825,-1.0079002,-0.53747463,1.2115369,-0.8373241,-0.22550859,-0.15847856,0.2071853,0.8547716,-1.532614,-0.76452154,0.12706853,-0.21348412,0.19800946,0.060054876,0.79561013,-0.3474731,-0.9599593,-0.24322082,-0.13697006,0.31956452,-0.88326263,-0.5821639,0.42804816,0.09412227,-1.1049758,-0.5313925,0.41112566,-0.22505857,-0.71307015,-0.36005577,-1.4162213,-0.5257324,-1.3476073,-0.8366593,0.7348539,0.89050436,-0.37309614,-0.045905583,0.23348475,-0.20968765,-1.4606454,-1.9061748,0.61275613,-1.1595962,-1.4032903,0.19535951,2.227507,0.65297836
0.665613,0.2131323,2.2092092,-0.296636,0.35135412,0.0331521,-0.46299872,0.9156794,0.57033473,0.55690104,0.6980073,0.58960515,0.59375656,0.59664404,-0.41499758,-0.2663826,-2.2707982,0.046167,-0.2700019,0.54065263,-0.31604883,0.10895474,-0.58281076,-1.6592449,-0.41687837,-0.22665545,0.5532049,-0.067793526,2.468059,0.6445006,-0.0046359207,-0.10775201,-1.3015712,-0.14480685,0.73048526,0.5036195,-0.32257146,-0.41590095,-1.251812,0.17040467,-0.56869906,0.55135196,-0.11824919,-1.3590298,0.33709204,0.91240114,-0.8267902,1.0140667,0.14640336,0.6417328
-1.8739129,0.17336857,0.6164944,0.124978796,-1.1938032,-0.6394032,0.58011216,-0.27752805,0.5571115,-3.145804,-1.1201248,-0.1405568,1.4158266,-0.92628187,0.92601204,0.4364813,-0.5008873,0.90839416,-2.589421,1.6528757,-0.26434314,-1.5108842,0.5223993,-2.1042206,-1.4962779,-0.5646506,0.9764076,0.49461904,1.2940495,-0.70645624,-0.013809039,-0.5918643,-0.53499347,0.5007774,-1.0599885,-0.78858995,1.6519147,0.60437673,-0.5420957,-0.46112448,-0.7991807,0.049244747,0.3150408,0.32746178,2.1337435,0.947629,-1.8319672,-0.34042487,-1.2015951,-1.0772758
0.1899752,-0.20285746,0.0839494,-0.15723304,-0.76240957,-0.5499017,1.1209553,2.2660933,1.7323874,-1.4271032,1.2812418,0.060851764,0.47467268,-0.1061315,1.7907012,0.9028085,1.1798129,-0.097522296,0.119087644,-0.63497275,-0.07556591,-1.7130039,0.12784438,1.2381757,1.6965224,1.7721175,0.6908319,-0.8932566,-0.09378293,-2.9735975,-0.041212443,-1.0593822,1.4233776,-1.3378454,0.38189176,-1.391292,0.13554414,-2.2743227,-0.123376876,-0.5850118,0.06463213,0.10315775,1.3759265,-0.020552872,1.728721,-0.31429383,0.3202146,-0.560925,0.2520146,-0.34939733
-0.21040995,-1.3695424,1.1488725,-0.4137704,-1.0439095,-0.46259674,1.2175779,0.5224119,-0.7208531,0.23550749,-1.0389025,-0.052893873,-1.08563,0.25767595,-0.32737032,-1.9081383,1.275534,1.128339,-0.03391201,-0.113442004,0.46610564,-0.7198134,-1.3904613,0.15020756,1.4584787,-1.1624166,-0.2764711,1.0928234,-0.99453396,0.9865096,0.28948233,-0.09880686,-0.7188595,0.58945745,-1.8959532,-1.0802115,0.87510425,-1.0038166,1.2201136,-0.32478893,1.5176915,-0.13488998,1.1282371,0.07168518,-0.66551036,-1.798396,-2.0792058,0.021782054,-1.1121942,0.8550885
-0.6643295,0.30455238,-0.50813293,1.0380827,-0.42310467,-0.6730851,0.3512556,-1.8918519,3.1136968,0.24049477,3.241606,1.4966495,0.061258014,1.1512676,1.3768195,1.08903,-0.6345139,2.4109747,-0.2553611,-0.42574432,0.71481526,0.6644005,0.33268896,-0.52128977,-2.1062849,-0.04583039,0.31371942,1.3637153,-0.20837623,0.1446072,-1.9975711,1.3559805,0.7587458,1.6496145,0.20493059,-1.6518133,-0.01684583,-1.1453809,1.4442985,0.28393385,0.9420459,0.5236956,2.0332894,0.27155843,0.25835174,0.85134596,0.6630125,0.68760854,1.1399145,-0.9220628
-0.5971141,0.3455293,0.12775631,0.42891526,0.13124865,-0.06682171,-0.4203611,-0.89904577,-1.445358,1.1402181,-0.613905,-0.07013783,-0.533149,-0.8639489,-0.26809624,-2.1560163,-1.0908804,-1.9461973,1.3085344,-1.2946491,1.5044717,-0.221241,0.5751665,-0.57364213,-1.3169988,0.42594984,0.9812415,1.1249259,0.98990035,-1.0495906,0.6920107,1.1290346,0.5778883,-0.15705511,-0.6960338,-0.73769003,-0.53532726,-2.3029983,-0.84208196,0.0077889957,1.0813951,0.12703738,0.067451656,1.3191235,-0.0016136644,0.6327539,2.1085165,-0.44092774,1.4521437,-1.163417
-0.23332788,0.0237591,0.33130807,0.31376272,0.13793264,1.1979649,0.7717102,-0.8446943,0.23050182,-0.07138865,-0.8550907,0.5256707,-0.7755653,0.3682046,0.39085075,0.23037232,-1.3957456,-1.5626006,1.590417,-0.65539587,0.53913844,-0.7846003,-0.7405207,1.0215348,0.90558654,-1.0974224,0.89451385,1.1392934,-1.2889884,0.9131256,0.25016606,0.18291381,-0.17351526,0.086666115,-0.24446355,0.3185938,-1.2848928,-0.3866836,0.010925184,0.09416389,-1.3047398,-0.4600594,0.4524411,0.82569057,-0.29323387,0.5997393,0.27985072,-1.3130854,-0.8279978,0.098984644
0.9637095,1.8418608,0.5293033,-0.5235505,0.44408545,-0.7265235,0.8623453,-0.63645214,0.85229945,-0.6037856,-0.7316385,-0.80113184,0.7243917,1.7069468,-0.7518545,1.0197179,-1.4486368,2.010407,-1.5684481,-1.1374413,1.1701045,-1.2612062,-0.38091028,-1.3558253,-0.41509232,-1.7538165,0.42582777,1.121599,0.16777338,0.42901295,-0.9724148,1.2516619,0.12797189,-0.3505346,-0.78874683,0.6565429,-0.017509656,-0.7004664,1.5104153,0.02060076,-0.27292517,-0.511646,-0.20852053,0.9046649,-1.0039064,-1.5492952,-0.26274934,0.21626991,-1.2680571,-0.91428
-1.5635477,-0.84555966,1.1969919,-1.3109506,0.24469079,0.44772348,-0.19665863,0.123730004,0.6232667,1.4778265,-0.23512124,-1.0009264,1.5303117,0.56432134,-1.873812,-1.1116287,-0.28265545,0.09380068,-0.56733596,0.016142806,-0.8401294,0.59963816,-1.522565,-0.5020594,-0.86528796,-0.5312873,-0.81372464,-1.8960721,-1.423766,-1.0666201,0.83320147,2.3127525,-1.3445272,0.35982004,-0.52799857,0.5582413,-1.4079287,0.4324325,-0.36779666,2.8460233,0.85714376,-1.6822234,-1.2366593,0.28053346,0.3266675,1.5062824,-1.1501932,0.6986291,0.18786411,-0.86227065
-1.4819236,1.1942238,1.7264671,-1.5701493,1.5216615,-1.0047802,0.41792884,-0.44890168,-1.0090035,-1.3262472,0.9675288,0.18102749,0.50978535,0.36399466,0.29130867,-0.017201236,0.064884275,-1.5006926,-0.833684,0.13303237,0.05017424,0.4580209,0.9764965,-0.10579111,-1.4200557,-0.45374098,0.14655615,-1.0286691,0.18675974,0.4204067,-2.0768447,0.3690979,0.010106585,-0.24958143,0.071137115,-0.5351508,-1.0868114,1.3558817,0.5327105,-1.46599,-1.6511244,0.017140068,-0.6063703,-0.48337796,0.025181312,0.91433877,0.57566404,1.2102469,0.6949942,-0.31575638
-0.26122844,1.9388483,0.6403392,-0.53216094,-0.33898708,-0.30590954,-1.1533821,-2.4064965,0.6399014,-1.1719905,-1.1970334,0.09926543,1.0343174,-1.0633106,-1.2318144,1.5185906,-1.3330101,-1.7591012,0.15815341,-0.31116635,1.5305636,-0.8846612,0.45084697,-0.8650643,1.569888,-2.047178,-0.5765469,-0.44555578,0.52059054,-0.10605229,0.89480513,0.036038116,0.013624434,-0.59582376,1.1457456,0.6739244,-0.15648739,-0.3460459,-0.15027127,-0.66147184,0.7504135,-0.15242197,1.3532672,-0.4838831,1.7524036,-0.51496094,0.6168598,0.9242501,-0.3015956,0.61394894
0.20171136,0.7084474,-1.0186826,0.6767504,0.6093389,-0.25776505,0.92312616,-0.68806666,0.021568889,-0.6111309,1.1769179,0.669541,-1.966453,-0.3936104,1.7991449,0.3372329,-0.16436024,2.0007207,1.9886206,-1.6680956,-0.40237066,-0.3643884,0.49790573,0.41070965,-1.3097281,-0.619866,-0.23508601,1.8964419,-0.15630174,-0.42080164,-0.6824526,-0.53158796,0.5371058,-0.9982605,0.5827629,-1.3322263,0.19200876,-0.21727267,-1.2765867,0.693046,0.39748615,0.9663805,-1.4401056,-1.7958021,-0.05271412,0.37513912,-1.0203053,0.32236734,0.20991598,-0.9482379
0.4107466,1.0686101,-1.3493688,-0.009272251,-0.48496327,-1.6784782,0.5866106,1.5210626,-1.6844337,0.2028468,0.5463408,-0.8871887,-0.0326807,1.0182911,-0.35385472,-0.64637977,-0.38947287,-0.7457085,-1.8134985,0.2127657,-0.1931319,0.8146408,-0.72733474,0.2945493,-0.47606844,1.2994782,1.2663667,2.1246734,-1.2007426,0.048021354,0.22175972,0.4148476,-1.1592034,0.9325419,-1.0250123,-0.9232682,0.066625535,0.034158267,0.29612023,0.030746803,-1.1371332,-0.08004208,-0.41530576,-2.0864875,1.5152626,-0.16409786,-0.78556824,-0.6777581,-0.3514582,0.40945837
-0.41080713,-0.87887186,-0.55460054,-1.7265236,0.5627682,0.21485135,0.017733477,0.59573704,0.40749776,1.3865104,0.46264592,-1.1252438,-0.39886814,0.68945664,-1.3227001,0.28529647,-1.750732,-0.19977261,-0.5813545,-0.85677004,1.0421759,-0.23917733,1.0174431,-0.9556422,1.2086772,-0.0076282425,0.8282153,0.92733705,1.0492249,0.8894835,0.7003022,-0.54512966,0.34019357,-0.8834736,-0.8054785,-0.12027234,-0.27501476,-0.4553244,0.31893113,2.1739764,-1.070931,-0.84914494,-0.50259423,0.47354472,0.62819445,0.48028407,-0.38218334,0.30081326,-0.0054761064,0.06894112
-1.5876762,-1.0622241,1.0505048,0.105263665,1.2456919,-0.8334033,0.1629799,-0.954874,-0.23134953,1.1245102,-0.560236,-0.42407688,1.0292679,0.4374532,0.37839577,-1.3472182,-0.47296,-0.43500292,-2.0264578,0.00060894154,0.16066495,0.35470092,-0.64954275,-0.79985076,0.44437513,0.9117814,-0.0785553,-1.0056229,-0.28297785,-0.4489948,0.7685778,-1.7708795,0.515212,0.41575652,-0.61845225,-1.6499784,0.07259807,-0.4615365,-0.61324716,-3.0516768,-0.71194446,0.9620238,-0.06249522,0.02592334,-1.6399509,-1.323029,-0.42547008,0.41320527,0.0050383834,-0.43813404
0.032689746,-0.33098218,-0.39010996,-0.16821858,-0.6858417,-1.101188,-0.21015833,0.06976218,-0.7065603,0.57743627,-0.22852427,0.46845978,1.0432897,-1.5550056,-0.80288124,0.92779225,-0.988619,-0.20836186,-1.0922042,1.1954684,-0.6766967,0.50915676,-0.16561651,0.6687623,-1.1589265,0.61017054,-1.4209294,-0.18939397,0.8963494,0.585284,0.36473176,-0.51710165,-0.64889014,-1.6568134,0.32741043,0.003774622,1.3076247,0.71251494,-0.98819697,-0.7020643,-0.18238872,0.5088148,0.4522606,-1.3677821,0.041118577,0.70566183,-0.56183547,0.98207724,0.4221925,1.1558093
1.1850052,-0.22293973,0.19190319,0.08959572,-1.0841808,0.3883148,-0.9519559,-0.105511494,0.39296937,-1.6583924,1.1015652,-0.6339902,0.66536546,0.19094856,-1.2868868,0.14088768,-0.9338523,1.1679633,-1.3691794,-1.6838562,1.0915954,-1.0988771,0.8419147,2.6556997,1.1163441,-0.07578823,-0.46322757,-0.05424997,-0.061629523,0.74342763,-0.26430348,0.9977998,-0.9397405,1.3160586,-0.4718338,-0.37404975,-1.2880408,-0.11055008,0.08513351,-0.02002775,0.41836187,0.24005556,-1.1059974,1.7050167,1.0126523,-0.47574183,-1.8126619,-2.2766674,0.10505596,0.4599292
-0.8970374,0.0012670775,-1.4300003,-0.8621156,0.07786409,0.1805577,0.0077717444,-1.5373796,-1.5313103,2.026237,0.5170113,2.1547046,2.141378,-0.3454435,-1.4699804,-1.2992303,0.06285922,-0.18957505,-0.3988447,0.51242304,-1.7789893,-1.6740768,0.5921504,-0.50267005,0.13487,0.9166109,0.13904889,2.5118315,-0.9946097,-1.0961875,-0.04290284,-0.08279111,-0.16907638,-1.7621452,-0.65713733,0.79304343,1.7969153,-1.7974545,1.0672178,-0.6188612,0.26015702,-1.0364674,0.5351796,-1.3031601,-0.2198845,1.2451458,-0.5665926,1.2503567,1.9847875,1.2464961
-0.41941285,-1.8453639,0.044371065,-0.9574569,-0.5279039,-0.29480702,-0.5912804,-0.9623773,0.2896244,0.28606305,0.29632625,-0.06372111,0.31629366,-0.49158272,-1.6304485,1.0098892,1.112176,0.01889818,-1.5625873,0.53795713,-1.2457892,0.84567046,0.11669896,0.1946076,-0.6731083,1.252915,0.07895671,0.32285926,1.7172824,-0.53070843,-0.98519784,0.02215913,-0.4192262,0.24480337,-1.81299,0.5326443,-0.4094318,0.52013427,-0.8855319,0.037923954,-0.04374645,-1.5049326,-0.1714596,-0.09377929,0.22776651,-0.5305978,1.7006501,0.038538314,1.0938293,-0.072459124
-0.088994436,-0.9455366,-0.936262,0.8793782,0.983169,0.9515439,-1.2795091,-0.7816626,1.3480599,0.3002124,-0.42692688,2.1664982,-0.06065072,-0.5872751,0.44397596,0.088996895,0.0724996,-0.41272566,-0.7221544,0.38289088,-0.31058368,-1.9809631,0.55152184,-0.62612206,-0.8165035,-0.4226818,1.5046825,1.3142762,-0.45781288,0.26228285,-0.06872075,-1.4007455,-1.1346301,0.32816762,-0.87496096,-0.95997626,-0.07144896,-0.3238463,0.5358387,0.7563758,-0.23941721,0.15900004,-0.12519778,-0.20170102,-0.7773853,-0.7449192,-0.1356406,-0.8007811,1.3583537,-2.1643677
1.1496792,0.5855116,-0.54856646,-2.5480046,0.8683467,0.009688287,0.18278782,0.5813689,-1.0656843,1.439126,-1.135641,0.12711765,-0.15454605,-1.0011297,-1.1265057,0.9048674,-0.8201536,-0.9823168,-0.41710427,-0.07442124,-0.08668806,0.7815688,0.07180381,0.6861677,0.42325827,0.1770137,-0.17869554,2.3305035,-1.2059838,1.3327,1.9116137,1.4957621,-0.3146813,-1.0000086,0.4810107,0.004778405,0.94624704,0.17693548,-0.17873272,-0.87142926,-2.328844,-0.9735019,-0.90026045,-0.32390165,-0.972095,0.5769452,0.9880847,-1.3273139,1.7222977,0.14609626
-1.8154138,1.1710161,-1.0661033,-0.6025133,-1.9429512,-0.08675251,0.66234225,-0.25067958,0.17128536,1.5944126,-0.5083626,1.1652038,-0.49740723,-1.621209,1.4281536,0.8156927,-0.29939175,-0.64870393,-0.01396606,2.2242398,0.04504376,0.7359826,0.33599725,-0.8456218,0.64618343,0.28032115,1.1705792,-0.46091497,-0.86303216,1.2945467,-0.4852886,-0.3212305,-0.9743299,1.7581359,0.47642136,0.16899398,-0.36332884,-0.7445116,-0.2112965,-0.10204045,0.18478347,0.051288687,-0.38742784,-0.3380268,1.935577,-1.420423,0.9908886,-1.2706429,-0.2233703,1.3433582
0.13818634,0.030556237,-0.7289376,2.5686777,0.88884455,-0.16092175,-0.6088739,0.8584385,0.48811507,0.52859885,-0.99035144,-1.6386597,-0.68816113,-1.580878,1.6395469,-0.7083305,2.0758417,0.66774404,0.55927384,-2.124139,0.9522451,0.63993967,1.747529,0.2664161,0.20817843,-1.2526653,1.7298763,-0.89821696,-1.9724165,-0.45081007,-0.9850482,0.9897463,2.1722543,-0.37452805,-0.15124014,-0.26922724,1.0017571,-0.7622693,0.64488286,-0.26729384,0.31295007,1.2015697,1.5149082,0.9059332,1.0930145,-2.6617098,1.3574916,0.69921607,1.8503884,1.9465941
1.2845179,1.6724055,-0.5944283,0.023489928,0.94144356,-0.63151854,1.1308184,1.2840185,-0.41150144,1.538485,-0.5368077,0.33937955,-0.2895466,0.5945849,0.21523137,2.3550074,0.34880182,-0.38194484,0.443891,-1.0212897,-0.49205625,0.2794838,-1.0428946,0.33217767,0.512049,-0.64420193,0.3124865,0.54291373,-0.09622615,0.29428554,1.6984146,-0.5640488,-1.0474426,1.7038199,0.992677,-1.0724677,0.33457875,-1.1488389,0.6303641,1.6947443,1.0979818,1.5103247,0.17956789,-0.2331281,-1.5147494,0.11628235,0.27192694,1.0712124,-0.09382195,2.1237106
1.8718323,-0.10940924,-0.463465,0.599343,-0.25612387,-0.32001922,0.980083,1.5388508,0.29389393,0.09557991,0.59077173,-0.22672422,0.96551156,-2.1637268,1.0897961,-0.8215369,-0.2856392,-0.009046487,1.3077233,0.016164709,1.2649266,1.8426712,2.74587,0.64285785,1.4743272,0.34487048,0.5363964,0.14173417,0.38481447,1.4525934,0.063861236,-0.27188903,0.44532883,-1.9299722,1.1100215,-2.048113,1.2136427,1.4471192,-1.8218135,1.1060503,1.8059378,-0.34419248,-0.6918134,-1.2782924,-1.6967896,-0.25841144,-1.0443811,-0.23500586,0.933261,0.06463726
-0.1579221,1.7435852,0.20674372,-0.35670722,-0.21281913,-0.3564595,0.76230526,1.2490287,0.48559707,0.81998795,1.5412364,-0.2993358,-0.6195228,-1.2941667,-0.16986462,1.1047255,-0.24193777,0.2861852,0.48286492,0.86272055,-0.84132236,-0.2850578,-1.241581,0.12128554,1.9639444,-1.1545954,1.0161237,0.6050115,0.96080923,-0.00012582546,-0.6382965,-1.6991072,0.81876844,2.081561,-0.22075346,-0.054627083,0.5844565,-0.20743345,-1.7445507,1.4000391,0.163731,-0.28678977,-0.2887745,-2.4113123,-0.8055013,0.21228668,-1.9735906,0.77271515,-1.3057178,-0.010927432
0.17407526,0.1395216,0.06850715,-1.2379801,-0.38799632,0.8062768,0.4288627,-0.8694951,0.2079074,0.9368973,0.7203319,0.55091494,1.0536497,-0.9155315,-0.7307775,1.5837163,-0.69429547,-0.11441959,0.59461504,0.029170826,-1.2380841,0.12374604,0.4836226,-0.48731798,-0.02918451,0.10804783,0.47866443,-0.53586394,1.3074877,-0.3915842,-1.5595132,0.48680642,-1.6221007,-1.4114773,-0.7097837,0.2782759,-1.6931803,0.92541337,0.27146202,0.30110994,-0.07604647,-1.4081823,-0.8579183,-1.6945502,-0.99766755,-0.13734622,1.1757482,0.39680114,-0.28962407,0.48074898
2.8831875,1.7516917,-1.051373,-0.88307995,0.977848,-1.3583803,0.04077717,1.0032183,1.516646,0.18702275,-0.22700416,0.74941283,-2.3829095,-0.03163879,-0.28242803,0.10479154,0.94097346,1.9559542,-1.0941314,1.4152073,-0.31095228,-0.88128597,0.2134374,-0.6100094,1.0588435,-0.49832773,-0.7810081,-0.4669694,-0.9184958,-0.066217996,-0.014825803,-1.0357918,-0.034750763,-2.22246,0.78278077,0.6762457,1.2421044,0.73519737,-0.34930035,0.3641176,-0.24361268,1.0928079,1.0453295,0.9253549,-0.607768,0.10746267,-1.8742437,0.15307331,1.0132022,-0.26321453
1.0510828,0.30217388,0.83229446,0.030738886,-0.16905224,-0.2019332,0.2842347,1.0585812,-0.16051951,-0.18459146,1.0462161,1.576744,-0.2430544,-0.54686296,-0.2597376,-0.30502433,0.70321125,-1.2879308,-0.70386225,-0.61693114,-1.0136439,1.8251045,-1.1686131,1.1074611,-0.4457813,-0.7541335,-1.8789338,0.21359433,0.015709326,0.28217605,1.5160062,-0.91632277,-0.26290625,-0.29867554,1.7707807,1.084626,-0.8205477,1.2490083,1.4985397,1.1818374,0.5082268,-0.9307117,0.8902273,-0.68482286,-0.36965767,0.084500074,0.50371176,1.3000505,0.32264283,3.3509026
-0.90848094,-0.64127994,1.217026,-1.5910373,0.89652294,0.4644528,0.22375539,-0.6068938,0.25765932,-0.83580166,0.0019953672,-0.41449225,0.19511063,-1.135706,0.5503546,1.1995156,-0.67918754,-1.2899946,0.47146717,-0.035310052,0.76905483,-0.31050992,-0.102580674,-0.44518244,0.17610148,-0.47395438,-0.011739164,-0.119705275,0.09867012,0.058770552,1.6247145,-0.28444114,-0.9964107,-0.84228027,-0.05659103,0.665338,0.459014,0.12540083,0.56686807,1.2548147,-1.4451721,1.5223306,-1.1262732,-0.73455846,-1.7173182,2.0209365,0.06925978,-0.8056393,-0.0996768,0.28421128
-0.49353686,-2.007286,-0.461748,-0.93246436,1.2625471,0.56869507,-0.33013514,0.17662312,-0.80752134,-0.5331938,-0.9823301,-0.38025677,-0.98097175,-0.059085134,-0.37247336,-0.71978897,-0.7574219,0.12382968,0.4288419,1.4008484,0.5833326,1.0195951,1.683548,0.50314623,-0.78404355,0.62909484,1.905394,0.16273956,-0.2684123,0.68090457,-0.46119934,0.43193293,2.9475908,0.15314727,1.0312347,-0.54030263,1.995719,1.8674015,-0.2447101,0.024305547,0.13989009,-0.82322824,1.66669,0.9604483,0.69965225,-0.55971056,-1.4835006,1.3966652,2.3275237,-0.40451488
1.5215106,-1.7401272,-0.3524835,0.30603516,1.1936072,-1.5076398,0.11177426,-0.70961505,-0.37119403,2.4579244,-0.19870354,0.50576544,-1.3546273,0.35093284,0.29710525,0.44452858,-1.3886514,0.056809567,-0.027298646,1.2446605,1.3550885,-0.7496733,0.16903533,-0.20665266,0.16441076,0.12893718,0.49261844,0.06944531,-0.5664626,-0.48063305,-0.8788634,-0.8522849,-0.04091783,0.67289585,-1.5197958,0.013973813,0.10204258,-0.93213856,-0.64951825,-0.847494,-0.5679267,0.3378961,0.8602974,0.15497637,2.1980586,0.87448275,-0.7205236,-0.74636805,-0.7387775,0.8170274
-0.56464374,-1.31149,0.75746256,-0.1071879,0.6448056,0.7118286,1.7671144,-2.0588112,1.316379,0.34288785,0.13037284,0.5190135,0.5316199,-0.7408076,0.39851952,0.26676545,0.18681684,-1.9021672,-0.17170109,-0.15192686,-0.38597688,-0.25490066,-0.026888639,0.07102025,2.0378885,-0.64484763,1.2632273,0.65553397,1.2586453,-0.7540247,1.425591,-0.92989546,-0.7331124,0.64909816,-0.26114163,1.0666628,-1.4379582,0.5756367,-2.2751617,1.0620954,-0.45988065,-1.0168915,-2.2323759,0.27144757,0.70350164,-0.24394259,2.1347442,-0.93806076,-0.82189053,0.51707536
-0.21381001,1.8761337,-2.129537,0.4431587,-0.60013944,-0.656664,-2.6069598,0.73111105,0.5603404,0.4565019,1.2727972,0.24598345,0.9931132,-0.74685127,-0.28982273,-1.3335727,-0.9828226,0.05213981,-0.8697372,-1.5104402,2.04322,0.051279217,-2.6213286,-0.96602,-0.599638,-0.54441684,-1.5267309,1.4581226,0.3279279,-1.2864063,-1.0751467,0.5612491,0.97155195,1.0591066,0.496202,-1.4276586,0.89577943,-0.17832182,-0.4267726,0.13538922,0.27501473,-0.15327339,0.34036124,0.48068196,0.42895037,0.18877403,-1.0584271,-0.65271604,-1.6225542,-0.35823908
2.0251439,-0.08848265,-0.038336333,0.5045427,-0.81125784,-0.26438802,0.1810476,0.122610815,-0.1463858,0.3421675,-0.6974183,-0.6389812,1.0720786,1.8274658,-0.9526124,0.99756444,-0.57833046,0.43350238,-0.50389475,-0.25185892,-0.92175514,1.2817342,0.012608593,-0.36045653,0.71802354,-0.11108573,0.19202851,-0.3718104,1.0167626,0.27966833,-1.3331007,-0.8288661,-0.5676451,1.3941923,-0.6949585,-1.117568,0.872051,-1.4983342,1.0940443,-1.9291226,0.62454826,-3.0422127,0.41499835,-1.2516031,2.6896667,0.39355674,0.19661899,-1.6348921,0.64971644,0.080931515
-0.92580384,-1.0871301,0.46707863,-1.009593,1.5570813,1.0880738,0.5397576,1.4223876,-0.40603513,0.11092491,0.15673904,-0.35628742,0.20744938,-0.07627184,-0.06649072,-0.40118054,0.3872152,0.34235093,1.1202633,-0.6062812,0.48197752,-1.3455617,-2.4622655,1.1764951,1.264597,1.0935116,1.3489741,0.085019454,-0.05693888,-0.040662706,-1.1684967,-2.425884,-0.5523225,0.7424792,-0.663222,-0.43665236,1.8100644,-0.16277105,-1.1187147,-1.3928608,1.8292042,0.10559657,0.4474426,-0.1637884,0.34838748,0.040718287,-0.13289729,1.7175041,2.859238,1.2290809
-0.2915183,-0.2407244,0.06274772,0.0059942068,1.1402491,-0.8317091,-0.4823984,0.51192486,1.8423944,0.7161097,-0.24689916,0.7173552,1.328724,-0.14180507,2.0772207,-0.4559505,1.2824911,-1.2723229,0.33460566,0.6102383,0.30657306,-0.68433255,0.5290777,0.54346013,0.6751075,2.222588,1.7798249,1.4155456,-0.80952764,-0.610022,0.99773145,1.117111,0.543406,-0.07064735,0.13987003,2.5466473,-0.3404024,-1.264806,-2.1458387,-0.17287554,0.013973185,2.29595,-0.24509463,-1.7772971,1.1172907,-1.6003319,-0.99668556,-0.34573203,-0.14826801,0.34138328
0.017406331,0.23570447,-0.08286662,-1.6322985,0.47897097,0.1293256,0.034622267,-0.9782004,0.9489033,0.9056348,0.7509486,0.24769163,0.10123663,0.09727382,-1.3330747,-0.2895877,-0.2103642,-0.9126791,0.33890876,-0.59993714,-0.20779748,-0.71260345,0.14954138,-0.38172558,1.0771072,0.16888535,-0.76596636,-0.836152,-0.11980846,1.3625214,0.61342853,-0.5157524,-1.4143269,-0.57319254,-0.9735466,-0.7511818,2.0687816,-0.36532062,-0.52625966,-0.07124674,0.59213924,-2.7226272,0.43161574,1.0295198,1.7924843,1.5876638,0.25151125,0.057580024,-1.3145567,0.43146408
-1.5845426,-2.0476513,-1.450986,-0.13477331,-0.6714024,1.3376054,0.17707966,2.397614,0.3333687,0.4787857,1.77097,-0.93871313,-1.088977,-1.4839658,-0.5869675,0.56976926,-0.057804983,0.4613761,0.9487765,0.76739013,1.2714487,-0.2772782,-0.8582653,-0.1843061,-1.3349055,-0.45132905,0.33465785,-0.15801539,0.7081606,0.05219492,-0.62352407,0.09417275,-0.20796391,0.5344426,-2.0472114,-0.8475168,0.7937772,1.4622712,-0.081459805,0.105837375,-0.5666247,0.46534947,-1.2321905,1.2006378,1.2235099,-0.8042279,-0.25257283,-1.2563661,-0.9064351,0.5579896
-0.5465498,0.022951081,1.0302904,1.1472344,0.32497135,0.424723,-0.619372,0.60131145,2.4975564,0.6533828,-1.1740098,0.100722015,-1.0522864,0.8617788,-0.7291455,-0.54321605,-0.03807707,0.31258714,-0.23090164,1.1312251,0.604321,0.5931861,0.5460767,2.6489155,1.2142783,0.81486434,-0.53207725,-0.15980816,1.435618,-0.13610332,0.9432806,-1.6448284,0.9278459,-0.4373045,0.39711967,-0.32543603,0.90711087,-0.474757,-0.86744297,-0.6558521,-0.09440462,1.4049702,0.81228083,0.75870603,-0.49785197,0.004539908,-1.2102195,0.33243653,0.6197384,-0.36633477
-1.6262838,-0.5058637,-0.19750695,-1.1346211,0.24721456,1.5721619,-0.3806694,-1.8481739,0.5528327,0.7630549,-0.15833634,-0.9301189,1.1854694,-0.2636541,-1.138147,-0.816228,-0.6983612,-0.030690655,1.2605034,1.2546738,-0.88521796,-0.48232317,-1.2755913,1.2479644,-0.79270405,-0.2206243,-0.6400064,0.608276,-0.06767344,-0.055332754,0.41395083,0.60901195,0.71960944,1.468136,1.6256607,0.5343186,-0.18857192,1.0461208,-0.049616043,-0.25647807,0.6622323,2.2719364,1.6963197,-1.4089688,0.053915687,-1.6897722,-0.7494418,-0.7905692,0.6287729,0.6395746
0.5099574,0.5241678,1.7505226,1.8933842,-0.5612606,-0.46090737,0.03596655,-0.0054494287,-0.48141238,-0.27534065,-0.9840133,-0.25226644,1.2110466,-0.74571836,-0.36201626,-0.47792637,-0.67191344,0.3068814,0.007532378,0.9358561,1.1207867,-1.7287859,-1.9508508,1.19976,0.40209568,-0.7711471,0.39675832,-0.00064329145,0.1705237,1.5145034,-0.79904306,-0.72509784,0.67252195,0.8906729,1.4799997,0.9184597,1.5017036,1.2626506,0.18742158,-1.2494326,0.39642888,-0.9890914,1.446565,-1.7168198,-0.525593,0.20461985,-0.7199059,-0.6654277,-2.717953,-0.8664983
-0.4754408,1.2140152,0.8527428,1.2657403,-0.043548107,-1.2245605,-0.87050885,0.6524503,-0.71902895,0.07201141,1.1151267,-0.14800328,1.1896166,1.6908853,0.99341315,1.3525857,-0.88042736,0.12120195,-2.280424,-0.32079417,0.4598384,-1.2485065,1.2866898,0.88145435,-0.99169314,-0.031605754,0.10445298,0.31579182,0.5883388,-0.41867822,0.78852606,0.1404753,0.0301494,1.322048,-2.393066,1.5678275,0.55900335,0.33375433,-0.15016584,-0.50072837,0.7698506,-0.6403074,-0.16113226,3.2542808,-1.6287295,0.8985674,0.75051856,2.525081,-0.86908966,1.5647486
-0.15553035,-1.4606081,1.570112,0.8533105,-2.095734,0.043938685,1.3424023,-0.15676315,1.5536054,-0.4274382,0.10140338,2.1844103,1.2642226,0.554706,-1.8954393,-0.7353869,1.5027001,-1.3388948,0.64770985,-0.31611776,-0.11201269,0.18886897,-0.6113327,-0.099813156,-0.52633166,-0.28431246,-0.37255564,-1.036576,-1.7860014,-1.4283642,-0.3907689,1.0693371,0.66244966,-0.022773143,0.89693093,-0.969582,1.1507676,0.4048964,0.38509253,-0.5711582,0.5578943,-0.73915863,1.1172643,-0.023344891,2.1423066,-1.0196328,-0.14605555,-0.15954822,-1.896912,0.9741439
-1.1818073,0.29124457,0.52493715,1.6068729,0.6365783,1.2696419,0.117293954,-0.25501287,0.19286081,1.0210671,-0.10925592,0.75911266,0.2161731,-0.92911375,-0.00078285683,1.0172452,-1.4650003,0.2782619,-2.2202058,-0.9258747,-0.9264751,0.04785938,-0.7966612,-0.86975,-1.4910434,-0.08857978,-0.57072306,-0.6967217,0.94501895,-1.3877943,0.06402388,0.54480094,0.84305906,-0.011356489,0.11829828,-0.4851523,0.57266176,-1.2942957,0.5524502,-1.3981489,-1.0822656,-1.201282,1.5878525,0.60031796,0.402879,-0.8595813,0.10355958,-1.569363,0.5642017,-0.46213758
0.8846158,-1.5297151,-0.40709367,-0.76322293,-0.18516186,0.020894382,1.4150906,-0.7421722,1.8075664,-0.12055603,-0.7540323,1.4266814,-0.56446886,-0.5476232,0.40613976,0.8157572,0.33651304,1.6699926,-0.33612964,-2.3375275,0.5875177,0.711288,0.29721454,-0.45219252,-0.5294999,-0.48110104,0.9787163,0.48445675,-0.033438258,-0.56421417,1.6319387,-0.44506517,-0.0804946,-1.258394,-0.47732654,0.6585423,-0.037910935,-0.9245197,-0.44276398,0.1773544,0.48201644,1.9224976,2.6135252,0.5263889,-0.35562095,0.37256253,0.35002792,0.64416766,-0.7984792,-1.0850754
-0.8963278,-0.15514731,0.62697047,-0.78180915,2.613675,-1.1190952,0.61127496,0.94153666,0.62064743,1.1457977,0.03873178,0.27792823,-0.12559792,0.25118077,-0.73523307,0.43004286,-0.2700437,-0.588603,0.4486398,-0.15440315,1.5274452,-0.1248695,-0.03668491,0.06027201,1.4092746,0.09201391,-0.13716151,0.57204,-1.0298765,1.5427568,0.48806277,0.2919284,-1.3695505,-0.4148764,-1.5744826,0.8819576,-0.92081976,-1.7935232,-0.45833105,-1.0521817,0.5082714,-0.054857746,0.15339972,0.19473746,-0.07561228,0.45516512,-1.601823,-1.508106,0.48304367,-1.2412956
-1.1239274,-0.022208551,-1.3072987,1.058764,0.8743555,-0.1726268,-0.7047613,0.81999934,0.53097874,2.0860515,-0.17363405,1.0607424,-0.2600762,0.16892256,-0.88667405,-0.7460328,1.8144597,0.68060505,1.7011871,1.144751,0.6019924,-0.32704493,-1.7457476,-0.50320977,-0.7266069,-0.052996505,1.3538296,-0.16285878,0.5827224,-0.7346739,1.3189471,-0.32585537,-0.85411596,-0.6929571,0.28718674,-0.010806645,-1.9783541,1.3879644,0.5274105,0.9788249,-1.5593431,-0.23967248,-0.97663355,0.557062,1.1268559,0.04472827,1.2362086,-0.71237093,0.16827554,-1.4718995
-0.65390736,-0.25181726,1.036295,0.78552866,1.6501676,1.3747892,0.7881519,-0.4815783,-0.63358074,-0.93866974,-1.3338208,0.30759093,0.3177998,0.8341729,0.114461854,1.8906323,1.7309117,2.2272255,0.85439074,0.04750485,-0.70864147,-0.59580845,-0.87461585,0.7468545,1.5719537,-0.44066304,0.06084656,-1.1239381,0.94056743,-0.89340454,0.08454299,-1.3629985,-0.092067726,1.1381712,-0.009261651,-1.0811605,-0.16524822,1.6020992,1.8563917,-0.39784023,-0.64234686,0.7596806,0.3035152,-0.1280315,-1.3852316,-0.48996204,-0.7662716,0.25254786,-0.38995323,0.15975608
-1.2738416,-0.38588914,0.42829305,-1.5734605,1.0297256,0.12171975,-0.5441477,-0.06886524,0.75207174,-0.5066017,0.17442384,-0.70784,0.40354314,0.60431516,2.5225735,0.12797835,1.2269638,-1.5863827,-0.05680898,-1.0772595,-1.3381555,0.6590311,0.870253,0.029847426,-1.2527837,1.0324087,-0.7534618,-0.5491688,-0.16088681,-0.85332155,-0.7599917,1.2081374,0.11663459,-0.44167387,2.397758,0.21680975,-0.7647399,-0.5910255,-0.9647841,1.138186,-0.62422794,-0.21851414,0.09330738,1.3913974,-0.08178473,-0.16241302,0.05689363,-0.59941065,0.44027373,0.5353047
-0.1406978,0.60291916,0.0024510783,-0.18620922,1.3335637,-0.2705432,-1.2826524,1.0989466,0.28348237,-1.1436301,-1.7110838,-0.8397682,-0.40236637,0.40062648,0.01723781,-0.40159714,0.07000486,1.2960389,0.048528206,0.052521154,0.042807296,-2.2495174,-0.74156046,1.1380444,0.06185611,-1.2915471,0.52818584,0.15051739,-0.28963128,-0.27370214,-1.1433179,2.9048421,-0.54281473,-1.2959089,-0.06676923,-1.5387676,1.4481907,-0.44556996,1.216918,-0.79725647,-0.9395466,-0.98970634,0.82825875,1.3687038,0.21363705,-0.61828804,-0.14294969,0.4957448,1.6621064,0.18901291
0.24019746,-1.4725323,0.013488626,-1.1754085,0.7327723,-0.41385835,-0.3725503,-0.8450361,0.38693646,1.437937,0.7369678,0.42407426,0.3525324,0.6309252,-0.4721895,-0.13764806,0.6103703,0.28252313,0.3324474,0.6344795,-0.88634604,-1.0337807,-2.4197886,-0.026975645,0.1881585,0.5565759,-1.20612,1.4292179,-0.94369906,0.8773928,0.32668024,1.1107446,0.5320842,-2.0608287,0.018946564,1.0163008,-1.5826304,0.2778619,-1.0988383,0.38859358,-0.114183806,2.4930363,-0.32400775,1.1789306,0.7392117,-1.0881616,0.908265,1.2620244,-0.70704937,-0.32141095
1.242687,-0.24502619,-1.8208973,0.42539394,0.20822462,-0.3548654,-0.20989618,-0.8976483,-0.13258168,0.8058742,-0.16810396,1.4889205,-0.7670744,0.6959459,0.60940146,0.17802055,0.41387266,-0.9572224,-0.5966366,1.1958693,-1.0147868,0.2719352,-0.86156625,0.3878626,-1.0628082,0.24637239,0.040022984,1.0861357,2.4577954,0.87714404,1.2843635,-0.4967544,0.6626696,0.3648553,-0.23159297,-0.10846203,-0.5923174,-0.042927247,1.4012579,0.74821335,-0.17910856,-0.49518394,-0.42767155,-0.090371035,0.7473622,-0.8839224,0.64442503,0.61089593,-0.3641862,1.9139731
0.3465366,-1.2105755,-0.05868041,-0.10122458,0.9957273,0.08484051,-0.73709196,0.92008394,-0.35928348,-0.4462895,-1.5679466,0.5767181,0.36590356,-0.31964642,-0.6635283,0.8538836,-0.36305663,1.6515403,0.6790915,-0.051864166,0.057435438,-0.0016297265,0.5488046,1.3862166,-0.21723959,0.32338247,-0.22130665,-1.7140892,1.1018585,0.43200856,0.5546399,0.11452919,0.1179727,0.18760934,-1.9582626,0.473353,-0.22273415,-1.2711419,0.2845546,1.5478243,1.4160213,-1.0566688,-1.552464,1.2370067,-1.6979105,-0.032159586,0.26952887,-1.4880612,0.644727,-2.2562397
0.5082239,0.7281559,0.044512603,-1.8566138,0.40652126,-0.9471037,-1.3304548,0.09320462,-0.47444093,-1.6349251,-1.1464025,1.5643098,0.3136642,-0.19487362,-1.4456359,-0.026580608,0.18988024,0.21127906,-0.9572959,-1.3571264,-0.55597913,1.0149258,0.77845854,-0.9307201,0.7217115,0.2474782,-0.37194198,1.6120443,0.059252236,-0.05108679,0.47977835,-0.17850722,-0.6624648,-0.28066865,1.2761089,-0.7247919,0.46575817,-0.16449042,0.02610034,0.37786525,1.3978686,-0.6918855,-0.79374623,0.20316406,0.16307068,0.68339276,-0.054399665,1.6710128,1.8953164,1.5158632
0.20069982,-0.8457247,2.0396323,-0.033859126,0.04397975,-1.2204925,-0.3630635,0.20082726,-2.2822332,0.38333672,-0.18323843,0.9582306,0.69328725,2.0030723,-2.0394516,1.2849032,1.6785635,1.1347423,0.7276896,-0.80527544,-1.3161942,-0.7586545,-1.566354,-0.53431433,-0.9875545,-0.14782119,0.57418424,0.6920594,-0.9862384,0.37178376,0.24293612,-0.40124178,0.0086672455,-0.15485258,-0.76272374,-2.165914,-1.223153,-0.57305986,1.1657501,-0.7870524,-0.09780259,0.5974855,-0.31206107,0.3868285,0.74404705,1.0104991,-0.119983636,2.0298138,-0.47363442,1.6752894
0.8292572,-1.8808448,-0.11985968,0.20519365,-1.0249029,-0.9177501,-0.7948418,1.6139631,0.950702,2.224337,0.7374045,-1.3931831,-1.4488674,-0.87051004,0.02671711,0.7095771,0.7742607,-0.44102278,1.0798587,-0.02121607,-1.0415455,2.5211604,0.28082654,0.8244212,1.2206187,-0.2666626,-0.15119022,1.6616378,0.15739547,0.32926187,-0.2768693,0.51416683,-0.44252118,-0.6550406,-0.057935294,-0.03558958,-2.105032,-0.17564484,-1.1296414,0.5846602,-0.75227827,1.0657045,-1.7819272,-1.0568416,0.6934874,-0.074506395,-1.0179137,-0.4557933,-2.1383388,0.8683871
-0.065778814,0.7610076,1.1502081,-0.323964,-0.8205393,0.6314318,-0.15619011,0.8875735,0.15956584,0.26830477,0.5022635,0.18206745,0.042022586,0.7617139,0.4014228,-1.0430322,-1.1165982,-0.7967854,-0.5988732,0.8004919,0.2627428,-0.31064266,1.5284572,-0.4964341,-1.7602522,-0.96639264,1.4350744,-0.06812896,-0.50103736,-0.38298047,0.20820837,-1.1142744,-1.2167561,0.25364333,0.95282036,-0.48783517,0.3882605,0.55571884,-1.121297,0.967613,-0.92858344,-0.6620603,0.18633917,-0.95700896,-0.5553576,0.8565087,0.90195715,-0.3220976,1.0729421,0.80237174
0.42738858,2.1749394,-0.93144864,0.59851646,0.8433013,0.74477375,-0.9478368,-0.6075614,0.06811653,-0.30222437,-1.0328903,-0.57749695,2.430232,-0.046595823,0.14182878,2.316758,-0.2907182,-1.7539438,0.38838357,-1.7932456,-0.041278113,-0.8049636,-0.7037358,-1.8294628,0.18097144,-1.4894722,-1.3978702,-3.1409314,0.8440295,0.663011,-1.0028759,0.07360138,0.74823093,0.04583413,-0.21987192,0.80321443,-0.06643317,-1.1376563,0.3598543,-0.2843548,0.122132465,0.0988817,0.66962427,0.52615696,0.29668,2.0605469,0.8094441,-0.84653497,-0.83209807,1.0777498
-0.04511492,1.0829436,0.9514424,-0.66159236,-0.844853,1.7536227,-0.22150083,0.3564025,0.32920837,1.1742793,-1.120968,-1.2204633,-0.39527786,0.5747262,0.15289207,2.426922,-0.49293274,1.6953638,-0.1731711,-0.92093813,0.011558905,-1.3590899,2.18859,0.978891,0.22030988,2.022884,-0.10193173,-1.03184,-0.10853208,0.17753933,2.068253,-0.39195672,-0.42765248,-0.32805672,-0.35018763,0.25538734,-0.40103027,2.577381,0.11664037,1.1657372,-0.21653359,0.19878888,0.7938819,-0.6893365,0.13310093,-0.50004613,-0.6937153,0.64478153,-0.97703063,1.4414219
-0.7267459,-0.8717291,1.1991427,-0.55439466,-0.11995201,-0.09718394,-1.6537533,-0.5961835,1.0962608,0.68908,-0.7158561,-2.146528,-0.0071926904,0.6406548,0.016432067,-0.4328974,-0.04594488,-0.2922685,-0.79836756,1.3200871,-0.2971611,2.2721653,-0.4848718,-0.32918468,-2.2187107,0.26842043,-0.9734248,1.3374842,1.7084677,8.295812e-06,-0.7320721,0.661657,-0.985101,0.40742812,-1.2481508,-0.09835845,-1.0732802,-1.4046545,0.4871822,-1.1818436,-1.13318,0.14066087,1.7461325,-0.33641967,0.5034431,0.75010395,0.5495372,0.44879547,1.547371,0.83910257
0.3536792,-1.3769106,-0.61085165,-1.6432391,-0.5830061,1.2703059,-1.2169352,0.8259251,0.58160996,1.5340545,-0.09887662,1.1104847,-0.5431206,-0.318329,-1.0107725,-0.1986211,0.0530298,0.5252519,-0.19057359,-0.61442983,0.07120279,-0.02596356,0.42496789,-0.34283522,-0.24923423,0.04821299,-2.433856,0.18688191,-0.21610744,0.27847946,-1.1441885,0.65185934,0.094449304,0.8530029,1.9113661,-0.098910324,-1.090123,-0.11703875,1.3139828,-0.552316,0.5998368,-1.2664468,-0.5857606,1.1859996,-0.4470453,0.624627,0.091712266,-0.5949327,1.0457858,-1.2362856
0.42959985,0.8823639,1.1268132,0.06738327,-0.5251183,-0.058325615,0.057472453,0.32499078,-0.03193524,0.11497944,1.1371574,-0.6281368,1.3943057,1.5596613,-0.3026852,-0.6024852,0.9028549,2.015948,-0.31575623,0.71799374,0.35178977,0.29593748,-1.6306787,-1.124901,-1.5684152,-1.6037791,-0.21064293,-1.202151,0.37675384,0.27983162,0.99394685,0.6759369,-0.17119192,-2.5143843,0.8380585,1.0209317,0.3690925,1.5525745,2.1307654,0.44722113,-1.6653326,-1.73527,0.8379944,0.406148,-1.0374161,-0.26512212,1.3723224,0.5397123,0.59348804,0.35242173
-0.21660721,-0.85725486,1.0733905,1.0196402,2.0312226,1.3588104,0.14447153,1.6717048,-0.4593056,-0.60008305,-2.1334486,0.25600728,-0.73497534,-0.66976017,-1.3424603,-0.30968317,-0.48409465,0.41515264,-0.48131967,-1.3196776,0.0039977254,-0.34480718,-0.8890584,0.0060222624,-1.2967638,0.38544944,-1.3616227,-0.63318396,1.1907016,0.5375968,1.3629413,-0.5963899,0.07730155,0.094112985,-0.14831413,1.0590376,-1.778699,0.49247804,1.0409751,-0.84338886,-1.8635073,-0.906335,-0.07681042,-0.12643762,-0.21252741,-0.65545607,0.83046836,0.35295048,-0.5608874,1.5245413
0.9979697,0.3705485,-0.37294775,0.6391446,0.1242039,-0.46628743,0.0371304,-1.6002147,2.0116665,-0.19641091,-0.6218271,0.060416758,1.2601726,-0.02328032,-0.69221985,0.69918,-1.1043715,-0.42217958,-0.04025541,-0.058683988,1.7774583,0.98426694,-0.48772898,-0.7909423,0.15627393,-0.48932377,0.4438655,0.17821205,-1.5762279,-1.0790064,-0.10016445,1.8469598,-1.3630576,-1.259788,-0.86483324,-1.7352415,-1.2084746,1.1029505,-0.87352556,-0.05525266,-0.5119727,-1.4543067,-2.3753438,1.944636,0.6313212,-1.7137117,0.69473255,-0.16761136,-0.990018,1.5605787
-1.6538279,0.08840305,-0.5496349,0.28763047,0.22961414,0.15843202,-0.25934184,0.99298245,0.41445106,-0.52467036,0.25432166,-0.42390135,0.3109134,-0.5191189,0.87388915,-0.17414391,0.14090982,1.6633894,0.38793612,-0.83592147,1.437112,-0.6789492,-2.7510948,0.24177092,-1.120123,0.113333054,-1.6323633,-1.0806302,1.025109,0.9468453,-0.061420757,0.21888098,-0.34498036,0.4202223,-0.8242724,-0.38776332,1.116136,-0.27701655,0.7276715,-0.31426552,0.28993446,1.1880009,-0.8180486,-1.4050256,-0.076429494,0.28257576,0.8545196,-0.35076097,2.0132258,0.32256994
-0.9667433,0.66904294,0.41903973,-1.4321829,-0.036131855,1.0953664,-0.82810944,1.495915,0.31987518,0.20907483,0.5367159,0.13995844,-0.47942084,0.31214333,1.2560439,-0.29243684,-0.08302389,0.684805,-1.5203208,-0.34476072,-0.21155776,-1.6352332,-0.640377,1.946962,0.2614707,-0.119045146,0.6590971,-0.12300469,1.3189656,0.16984662,-2.1685116,-1.066216,1.0264482,-0.6766143,-0.31999025,-0.3522565,0.80169356,-0.42841747,0.09182317,0.121648334,-0.13492945,-0.71160644,-0.54222393,-0.37581453,-0.67621,-1.5664264,0.46465093,0.64460355,-0.35708818,-0.86791843
-2.064736,-0.28294268,-0.22754332,0.8753951,-0.9520998,-0.33073825,0.8948004,-1.0108376,0.07029393,0.20731016,-0.8407333,0.10339688,1.04112,0.1743187,1.0064391,0.23917477,0.798162,-0.46404645,0.35704732,-0.62704897,-0.1862746,-0.3932471,0.30545416,0.3996357,0.40884626,1.7627774,-0.12753317,1.3776145,-0.78466046,0.7095975,-0.20229882,-0.9921667,0.1749261,0.46444944,-0.10374668,0.67517805,-1.1330969,1.8516487,0.98480844,-0.23822741,-0.18503182,1.1872412,-1.4842517,-0.4938571,0.71550536,0.5752459,1.5577508,0.6392723,-1.5722692,0.2451782
-1.8332508,0.7752547,0.90843093,-0.07254208,0.81936204,-0.14894135,2.1889174,0.72210544,-0.53844064,1.2748185,0.11295647,0.093661785,0.038817976,0.09532049,-0.45867914,0.28660268,-0.74103165,-0.36634073,-1.8305515,-1.9380634,0.44443053,0.38793033,0.83922464,-0.6409826,-1.2865591,-0.056776706,0.7950485,-0.29297328,-1.4895256,0.16588801,0.043711156,-0.011383429,-0.06848586,-2.4711542,-1.2280463,-0.7884109,-0.5201926,-1.3319322,0.5922127,-1.6115599,0.7126151,-1.0353684,0.34909567,-0.06942868,0.40076867,0.15961006,0.6361755,0.7722495,0.62844425,1.4766656
0.25928026,-1.1641935,0.21136574,0.81672317,1.0998008,-1.0778118,-0.29885203,-0.22589943,-1.2016289,-0.6106116,1.1430337,-0.17182036,-0.7455582,-0.6734204,2.0973988,0.7627898,-0.09252463,0.91792995,0.29184395,0.47910282,-1.2022507,-0.9450379,-0.93400836,1.3142221,-0.6204352,0.6465912,0.2614187,0.59664613,0.22854967,-0.42295015,-0.86692923,0.35611537,-1.3243407,-1.7463797,0.044076465,-1.2528552,-1.8652205,-1.093795,0.07691423,-0.84275705,0.9460219,-0.6587222,0.20442005,0.5976878,-1.5707037,0.64187676,0.19414355,1.2328672,0.7630762,0.24214949
-1.3478693,-0.8974642,-0.5078497,-1.1363697,0.755553,0.8648598,-0.43766737,1.837066,-0.34880093,1.3267543,0.38675892,1.66702,1.0554391,1.2910463,-0.87492424,1.6169735,2.3170354,-0.5373966,-2.0139363,-0.326421,1.7418824,-1.2382216,0.40535253,-0.9008344,-1.4625576,-0.6857509,1.0058963,-0.6904523,0.54003334,-0.50871944,0.71712387,-1.9454838,1.1417016,-0.22398189,-1.8657038,-0.7143983,0.73983175,1.6052945,1.1938907,-0.624198,0.31909662,0.48032644,0.108010694,-1.3198236,-0.7622605,-1.8072922,1.2054051,-0.27204695,-0.5637399,1.4169883
0.32166404,-1.152385,0.25308195,0.36210105,1.3931224,0.58211756,-0.57899016,-0.5921699,1.1871296,0.8584028,2.0419667,-0.45116618,0.3590696,-1.3079116,-0.120078586,-0.50240296,-0.014517902,0.2376993,0.14018989,-2.8928819,1.175527,-0.372187,-0.35313514,0.09118472,-1.0074066,-0.724761,-0.21489671,-0.71523136,-0.38736767,-1.3795583,1.4596158,0.15782322,0.7509924,-0.69206214,0.52100265,-0.21099685,-1.4439236,0.6646562,-0.3268917,0.354954,0.32360005,-1.1970272,2.3858128,-0.6811215,1.8236473,-0.91783035,1.8132522,-2.2857637,0.20747922,0.027950218
-1.1946224,0.9843426,1.3110026,-1.0428389,0.72834677,1.5319935,-0.22325726,-1.9774027,0.11823518,1.6200358,-0.12468844,0.8479384,0.65648514,-1.7924771,-0.57968664,1.556017,1.3360401,-1.6639792,-0.9847874,-1.5228659,1.2137113,0.049460035,-0.9093841,0.71275795,-0.7239857,0.28287467,-2.8417683,-0.78132284,-1.0523037,-0.5329077,0.3958855,-0.053119317,0.2790582,1.3846573,0.48593906,-0.39114878,0.24991734,0.24618831,-0.27057397,-0.7368042,-0.045002386,-0.5147436,-0.6498202,0.9223153,0.24999216,0.5635446,3.0345159,0.29098448,1.0853499,0.25373814
-0.43917653,1.5066246,0.51567495,-0.5034634,0.062913686,1.0488348,0.8782984,0.015016359,-0.6786354,1.0637788,1.2757156,-0.30642447,1.2339368,1.0568196,-0.17085671,1.8417637,1.0753499,-1.1944362,1.3964303,-0.58276,-0.4791343,-1.2532116,-0.32572398,-0.4358576,0.3127922,1.1527797,0.3022802,-0.35878238,0.3785914,-0.35609943,0.42624453,0.5593306,0.97370136,-0.3191457,0.359673,-0.5203871,0.25265786,-1.0931324,-1.0154922,-0.092023484,1.0456575,0.25435603,0.8454823,-0.4203994,1.100932,0.6894169,0.97857404,1.4074767,0.2932462,0.18558213
-0.7592131,-0.23489247,-0.60921085,0.059051838,0.68783057,-0.12407819,-0.49088016,2.0720537,-1.2528046,-1.2333995,0.902448,-1.5337955,0.905773,0.54259235,0.46920443,0.23670809,-1.5200484,0.25450692,-0.4937997,1.4392375,-1.3828859,0.119954996,-0.66011375,-1.2765676,0.46188727,0.30904981,-1.9844294,-0.064533755,-0.47037125,-0.73757535,0.2945311,-0.27527812,1.201491,-0.0054602344,0.07389789,-0.24669233,-0.705741,2.1830535,0.49368268,-0.3413773,-0.3563572,0.6899783,-1.109763,-0.28954136,-1.4811908,0.51879823,0.51133627,-0.09463251,0.59858817,-0.25588125
1.146453,0.4475156,-1.5919777,-0.04567839,-0.39710078,1.288326,0.6087942,-1.1026763,-1.6274617,0.4283169,-0.62630737,0.8913281,-0.32275656,-2.3073807,0.25400874,1.2664698,-0.16055748,0.13656023,-0.33214867,0.7535482,0.8568345,-0.26215604,0.28060216,0.30244243,0.78996503,1.5471314,-1.3309177,-0.108270295,-2.187476,0.8747934,0.5331655,-0.34060833,0.3072573,-0.94719386,-0.9976074,-0.15923342,0.10714522,-1.5922521,-0.0653304,0.85535276,-1.5470165,-0.37310186,1.1326842,2.8309162,0.30470085,-1.435138,0.09933323,-0.34286904,0.2541625,-0.075381175
2.9887218,0.7625423,0.72023666,0.62391865,-0.5801407,0.749047,-1.7035899,-0.5459785,-0.6283807,0.61117387,-1.0877656,-0.19269794,0.33528936,-0.7723125,-0.100484654,0.7590405,-0.066622995,-0.4324942,-0.8169468,-2.4255047,1.3180566,-0.66356045,1.1261855,0.38982245,-1.4445345,-0.2228966,0.73754215,-1.3892694,-0.2886504,-1.7122616,-0.93294865,-0.91169524,-0.11594977,0.80630445,0.51352185,-0.26674175,1.5172803,-0.024035614,0.26339,-1.7903684,-0.048516862,1.7446537,-0.74731266,0.3085646,0.5393078,-0.74342936,0.67476267,-0.04475525,0.7949161,-0.1595817
-0.64484084,-0.18843669,0.5960871,0.77123904,1.230508,-1.3801279,-0.42356494,1.0337496,1.6493682,2.2371266,0.80290884,0.38456723,-1.1020154,0.8362948,1.0807462,0.67518824,-0.7783548,0.10116156,-1.7836434,0.40607592,-1.4767516,-0.76725864,-0.09627329,0.27178037,-2.366555,-0.4716655,-0.9982164,-0.8588385,0.09793324,1.2562149,0.3989429,0.22452801,-1.3354998,0.045731504,1.5392679,0.65801084,1.5534357,2.5393975,-0.8796156,1.1126392,-0.4979406,-1.0585912,1.5648706,0.253693,-0.76089454,0.89884055,1.4822034,3.033134,1.7453382,-1.8479152
-1.5869936,-0.0964131,-1.7355572,0.6716564,-0.070605256,-1.8068682,-2.0443554,1.1894795,-0.20945159,1.6844655,-1.7596643,0.13513695,-0.67633903,-0.33767694,2.212721,0.56247807,0.7902388,-1.2321382,0.38267577,0.53154624,-0.52406657,-0.5189266,1.9017991,0.9505084,-0.9087202,0.0778534,1.795608,0.39869612,-0.1746105,0.33128154,-2.8964982,-0.265982,0.72450596,0.9646073,0.64838284,-1.018758,-1.7953413,1.4769839,-1.4619097,0.70637906,-0.53446394,0.67486644,-0.23774867,-0.12810539,-2.0527232,1.0197319,-0.70170575,-2.326691,-0.3117669,1.424097
-0.6909777,0.15969044,-1.5647738,-0.37894502,-0.6349414,-0.032971647,-0.46219003,1.6216178,-1.3013113,1.3305162,0.1755832,-0.14822896,-0.14803903,-0.5684228,1.3121865,1.1640491,0.3443213,-0.9946206,0.34657237,0.5312411,0.18512228,-1.34403,-0.9044063,-1.2763584,1.9041177,-1.0976444,0.674946,0.011731913,0.15699232,0.6682796,0.71801543,0.85853034,0.6663297,-0.17402555,-1.2256316,-1.1863006,0.02120092,0.044007134,0.4001136,0.4691361,-2.7189918,1.2288662,-0.56098336,0.11246033,0.30225393,0.715737,0.16454013,-0.70448035,2.0156753,0.4346094
-0.82139915,2.427306,0.880125,1.3133343,-1.733774,-0.11070082,-0.29934087,1.9347405,0.60621905,1.7608005,0.35303208,-0.66030914,0.5517087,1.394406,0.5760201,-2.5192013,-0.52418166,0.7108135,0.6514535,-0.6709707,2.2625844,2.145978,0.014374721,1.8076911,0.7964287,0.7624646,-1.0244676,0.6645241,1.0682846,0.64241344,0.6561294,-0.61127484,-1.2851485,-2.0874028,0.13973516,1.1486657,0.273383,-0.028829543,-0.68157244,-0.103147574,0.28336167,2.6174054,-0.6666082,1.231937,0.2175486,-0.39308676,0.06926849,-0.81329066,-0.33985418,0.8905375
0.4998364,0.30080497,0.40020612,0.09308877,0.6905757,0.5639624,-0.93315315,-0.18413053,-0.50525707,-0.619002,0.59197605,-2.034825,0.072473995,0.5110645,0.10177576,1.0398905,-0.17810205,0.13220781,0.17608804,0.30773893,0.7208534,-0.29065087,-0.014655448,0.79491764,-1.1061996,0.46427065,1.0739113,-2.574128,0.7284623,-0.5423065,-2.0974605,-0.75541395,0.6080721,0.5543878,0.878261,1.7127887,0.09241391,-0.47043616,0.27283916,-1.2633594,-0.055909693,2.095378,-1.5967418,1.5572866,0.48518285,-0.157522,-1.0662929,-0.33799493,-0.15883686,-0.67951196
0.25728047,0.295669,-0.5409045,-0.75912184,-1.4816165,2.02304,0.7607632,0.15106039,1.8112956,-0.12078525,-1.5363008,-0.16419972,1.1551892,-0.5780952,-0.212331,-0.10834573,1.1012952,-1.1150924,0.796786,1.932486,-0.09824908,-1.1714352,0.46309993,0.75268054,0.33166003,-0.16970955,-0.4916261,-0.20502879,0.75999755,-0.6432418,0.10406238,-0.05540273,1.1192842,-1.8929212,1.6678474,-0.116540544,-0.10905968,-1.6931808,0.852642,-0.44056156,0.101215266,0.12453189,0.32025796,1.79318,-1.2287185,-1.0769712,-0.45759493,-1.4913672,1.7923033,-0.4456638
-0.83847076,0.8432201,1.606651,-1.0993816,-0.63984233,-0.48717907,-0.9584888,0.20927605,0.7479295,1.5794781,0.7731499,0.7662302,-0.47470173,-0.16620944,-0.3895415,0.54609036,-0.9776552,-1.6235698,-0.1455626,1.697086,0.82831985,-1.3193765,0.86413175,-1.0762442,-1.7759472,-0.53752065,-1.3647683,-0.7433665,-1.0600632,0.25298843,0.01914816,-1.53168,-0.4314754,-0.62708485,-0.030826923,-0.64406127,-0.8578784,0.12014623,-1.4401903,1.8766066,0.76517195,-0.6532076,-0.4808019,-0.20208725,-0.75750107,-2.2559445,-0.55262005,0.9004884,-2.1638837,-1.3684629
-0.26474187,-1.0937085,2.1636238,-1.7758939,1.2826273,0.48413357,0.3874865,0.08138538,0.26678,-1.0545546,-1.1069783,0.68912554,-0.41549522,0.6621436,1.0123994,1.4479609,-0.15119185,-0.17977834,0.206093,-0.22520754,-1.435142,-0.12438529,1.0997608,-0.8363193,-0.26481885,0.032203794,0.4525006,-0.4162996,-0.8030524,1.5422497,-1.0682538,-1.2341937,-0.5627496,-0.51062053,-0.3783187,-0.41359282,-0.64367735,-0.17744632,0.70781785,-0.68331456,0.5909548,0.66060776,0.6743864,0.49530002,0.10868208,0.24738012,0.0292495,0.058568954,-0.82047826,-0.7461191
-1.180952,1.6710207,-1.1568615,0.6459733,0.47977692,-1.7894167,-0.3528711,1.6298217,-1.5911483,-1.2758006,-0.65727764,0.96829927,-0.85490805,-0.72552496,-1.5708047,0.89218193,1.9361274,0.9726527,0.41882843,-0.5349439,-0.5016976,2.2333765,-0.547608,1.6932496,-0.6317643,0.3081312,2.333958,-0.15882678,-0.8390248,-0.83113897,-0.18190163,-0.2312295,0.3581462,0.7757268,-1.3477037,0.22330205,0.4055902,-0.208888,-0.6612746,1.9538906,0.7769875,-0.06489866,1.045877,-0.5254325,0.91362697,0.5496705,1.7565328,-0.2272565,-0.4185764,-0.35922602
1.5131023,-0.28819862,0.24023297,-0.45879403,0.6384383,-0.50269717,-0.49636814,-0.9730729,-1.3178906,1.4540584,-0.8092769,-1.4799055,-0.719516,0.6894379,-1.2157661,1.0480347,-1.1768653,1.1621814,1.1953409,-0.19147791,0.077968284,1.1858118,0.86709535,-0.5647856,1.5152382,-1.4157344,-0.39421317,0.91800815,-0.34737706,-0.43728697,0.87978226,-0.15312226,1.1813276,-0.8053257,-1.2184659,-0.110243164,1.2914659,0.59500825,0.19785395,1.052741,-0.2680257,-0.65118223,0.002699258,1.7268273,-0.7097902,-0.20855725,-2.227069,0.4816577,0.19102718,0.49327645
0.7650348,-0.7364683,-2.2018204,0.59639066,-1.8678675,0.50048065,-0.7198349,-0.85775244,0.8967321,-0.72249866,-1.0820729,0.61106265,0.03808042,-1.1594069,1.8529996,0.05077833,0.8227974,1.4838384,0.6627666,-0.9205224,-0.22106248,0.46403617,-0.9072302,-0.25134397,0.0049865087,-1.3483616,-0.130658,-0.38095474,1.1180308,0.46999824,-0.38617283,1.6602998,-1.3916031,-0.04544889,0.1448529,0.3004932,1.2366896,-0.54830325,0.8001682,1.183871,0.65463084,-0.09489116,-0.06253558,0.32809928,-0.8212938,0.40014485,0.99431676,0.4823938,1.3474013,0.4227195
-0.31466532,0.31170854,-0.96201724,0.41378617,0.4497945,-2.8610692,-0.39769694,0.36198375,-1.1349045,-0.23292163,0.23666887,0.43946666,1.0923554,-1.2703099,-0.037340913,-1.8017833,0.8728616,1.2531925,-0.86059403,1.6199936,-0.48204225,0.16036944,-0.39306992,0.40490505,1.5420474,-0.4333592,0.2916826,-2.0672355,-0.92540383,-0.3045448,-1.2080053,-0.22367965,-0.27813503,0.08115294,-0.22303379,-0.052273907,1.8830991,1.2622926,-0.9652278,-1.2139379,1.3610034,-0.36468083,1.4012303,0.94972914,-0.54920787,0.118429124,1.3321453,-1.1363183,0.5064271,0.6887572
0.2501944,0.6841792,0.8182892,-1.2433802,1.1634687,0.96835405,-0.88000023,-0.25202513,0.67639935,-0.33925506,0.45007718,-1.8682889,-0.76402146,1.7734294,-1.4648712,-0.0027751622,-0.7291811,0.2697144,1.7941884,1.0137346,-0.9924544,-0.16343556,-0.5438775,0.1792045,-0.06248207,0.20132838,-0.6803455,-0.07320135,-0.6969596,0.7372007,1.4358653,0.67211294,0.409669,0.51875114,0.6588784,-0.56415987,-0.28099847,1.0938263,-1.054482,0.474688,1.5225875,-0.04324611,1.5304313,0.17325622,-0.50811696,-1.4328625,0.3479364,-1.075369,0.3658947,-0.16188076
0.7099138,0.3177413,0.15421489,-1.562498,-1.0662022,-0.9111477,-0.17244129,0.32346696,-1.2852745,-0.48670423,0.33703232,0.6183347,0.91571623,-1.653315,1.1429123,-0.4360854,1.6157875,-1.0538992,2.2326453,-0.26335058,-0.90053576,0.52534115,-0.38521838,-0.4308152,0.5315614,0.8356854,0.59528315,1.3372895,0.016045045,-0.92930144,0.582442,0.3895124,0.73652405,0.7550054,-0.16863564,0.22626564,-0.3747467,0.311892,-0.42151225,0.70867234,-0.58223283,1.2411547,0.0037709048,0.8345894,0.4737578,1.2207842,0.2055986,-0.7003922,-2.507986,-0.63704586
-0.074025124,-0.9547234,-0.18341444,-0.17584388,0.13401984,-0.6601745,-0.5642655,1.8863103,0.15425019,0.54247344,0.27732295,-0.047047913,0.6069215,1.0336436,-1.478623,1.0517695,0.317576,1.5534935,0.25206575,1.2271796,0.14356539,-0.7123581,0.13375615,-0.3861388,-0.6895553,-0.68785924,0.012645781,1.1963364,2.5116427,1.1538117,-0.42248276,-2.037164,-0.036791634,-1.313568,-0.27915967,-1.2790636,1.7174335,1.3316407,0.020131476,-0.83410174,1.11311,-0.7436466,-0.052040644,-1.6266809,-0.4240967,-0.43644607,0.45981193,-0.089492746,-0.52433383,-0.4195382
-0.038785215,0.7241357,0.1005562,1.0848707,2.0051913,0.99043155,-0.5943841,0.7462979,1.9329464,-0.116765,-0.6924204,0.33934912,1.7442923,-0.1254395,-1.0349979,0.8445945,0.121609345,0.7110264,1.23282,-0.3848154,-1.566835,0.32465968,0.42240688,0.48472482,0.63214076,-0.18826781,-0.1301789,0.13771546,-2.1669726,0.0910948,0.54876816,0.4277178,-0.80308396,-0.17899156,-0.92675817,0.22596076,-0.44776848,1.6964434,-0.8149066,0.03989278,-0.17094946,-0.044682473,-1.5124388,-1.1320934,1.5700661,0.40873876,0.7932472,-0.678066,1.1967964,0.5049693
0.5394772,0.5663996,1.9499947,1.2102406,-0.68756175,-1.3897239,1.8823359,-0.12348028,-0.57803744,0.8429906,0.85050434,1.3161676,-1.2087625,-2.7717893,-0.44793063,-0.41262305,-0.6509219,2.5963311,1.016833,1.3592887,0.24873461,-0.35567415,1.0663285,0.15376511,-0.9449952,-1.1932662,0.010141488,1.4394034,0.5243003,-0.06746789,0.36929473,0.88571286,0.51142216,1.2401335,-2.224298,0.50030655,-1.152844,-0.76665175,-0.8999563,0.91632354,-1.3636793,-1.2599396,-1.1409322,-0.7008376,-1.5773525,-1.3508024,-0.35723004,0.5230166,0.008446688,-0.6591917
0.54055846,0.46865848,-1.7964007,-0.86695266,-0.99365526,-0.46047214,-0.19516191,-1.1011211,-0.31705076,-0.8555399,0.20116705,-0.8325868,1.0456636,1.5741,-0.5447077,-1.7823102,0.16314283,0.29372755,-0.46327913,1.8538363,1.4784417,-1.0656688,-0.14214768,0.74761224,0.19986458,1.637007,-0.00025906676,0.9748437,-0.642599,-0.16005819,-0.47064438,-0.63999027,-0.56185746,1.7045398,-0.92578125,-0.6297204,0.60742474,0.045980986,-1.2574356,-1.4114255,-1.0473608,0.2146851,1.6684672,0.3438735,0.58304244,2.2815926,1.7012252,-0.58120656,-0.20981912,-1.1877687
-0.8657382,0.93095213,-0.4984186,0.17714767,1.6400467,-0.4414735,-0.53862184,0.32052433,0.23595907,0.15294509,-0.51414526,-0.23309654,-0.051950514,-1.310937,-1.3059325,-0.1683551,-0.9644152,0.69110644,2.0080783,-0.9953835,-0.8915781,-0.53466284,0.63828135,-0.62043947,-1.608684,1.313852,0.87652296,-0.97753304,1.2512527,0.24424627,-0.0036950454,-0.14050965,2.9228241,-0.03426571,1.8511107,-0.019939067,-0.8026496,-0.6703606,0.15855367,1.4871975,-3.0170064,-0.91052395,-0.917551,1.5443381,-0.8899919,-1.118643,1.6181971,-0.4917183,1.0362512,0.03431883
-0.0052904673,0.27554944,0.3727992,0.00633898,-0.054808587,-0.7550265,-0.39194825,-0.35119206,-0.19896564,1.2633684,-0.25361234,0.8868143,0.36256582,1.2740201,-1.9716291,0.29644313,-0.044559523,-1.3159428,-1.8420379,-0.066500016,1.4679382,1.7536496,-0.6320946,-0.9277101,-0.5441807,1.1408505,-1.2235063,1.1403842,0.6047075,-0.71977466,-0.7251503,-0.86603343,-0.67985404,0.760759,0.44372955,-1.1803275,0.5657143,0.4354044,-0.051512383,-1.3741084,1.129572,0.021805642,-0.6295226,-0.40019664,0.8305018,0.47602332,-0.13806719,-0.7226773,-1.3146245,0.5632739
1.5198582,2.5721583,-1.5191426,-0.05553306,1.3375013,1.0629594,0.8987822,-0.46891016,1.405233,-0.7384194,0.18540087,-1.127729,0.6326261,-1.0893493,0.5494293,-0.68141717,-0.48162985,0.17442916,0.2774706,2.1740758,0.7404489,0.7122377,0.4277004,0.733332,-0.043447018,-1.2272875,-0.41773376,1.091006,-0.31284404,1.0096265,0.022767464,0.2372101,0.7407966,0.7683998,0.6898984,0.072088934,-0.4512036,0.64188296,-0.26486135,-1.3132292,-0.8483819,-2.124479,-2.6728384,-1.5339831,1.4705594,-1.1095273,-0.17850083,-0.076638564,-0.40865663,0.0095572835
0.20048226,0.87105125,1.6845446,1.454208,-0.53371686,-0.07666579,0.028007112,0.05616047,0.6864857,-0.7577156,-0.31626832,-1.1611972,1.3342159,1.3507259,1.2982475,-0.3524153,-1.699476,0.5199978,0.7661048,-0.6312492,1.0779256,-0.013988598,-0.95779496,-0.6727283,-1.2757448,-0.1519197,0.25785586,0.34039587,-1.63178,-0.861294,0.47107324,-0.16810445,0.9888615,0.50252485,-0.11923996,-0.8377066,-1.0772071,-0.8272293,-1.1511649,0.38516423,-0.025514586,0.52777493,-0.42501286,-0.1134825,-0.8081043,0.2785097,-0.28948537,-0.1009174,0.22085358,0.90094197
0.8261485,1.0436907,-1.4391881,-0.4325517,0.37748364,0.60157317,2.0026739,-2.4990149,0.0043625976,0.29698142,0.9801042,-0.56203234,0.21715106,0.9429377,0.6682978,-1.5187247,1.5223162,-0.41290155,0.7665151,0.38315752,0.80759,1.000222,0.042601086,0.17244226,-1.7826478,1.6614126,-0.07639355,1.0247878,-1.60532,-0.15134391,-1.5803751,-0.011184837,0.7641657,-0.4118637,-0.069228284,0.9485458,-0.25040668,1.2092313,-0.1318379,0.16766153,0.6667887,0.35901588,1.1306025,0.43915367,-0.47258446,-1.1878494,0.894266,-1.7865024,-1.1883966,2.1292036
1.4165394,1.1176867,-0.081766896,-1.225763,1.4116961,-1.0547539,1.846328,1.8374586,0.74567926,0.27180132,0.04283382,1.3260354,-0.90633756,0.08730292,0.48246226,-0.087576516,-0.87823886,-0.40731737,1.6082196,-0.2151154,-2.1983273,-0.6141117,0.17695309,-0.49939442,-0.09896857,0.43899512,-0.5537018,-0.4699499,-1.5834209,0.6772523,-2.3361819,-0.65323156,-0.61274487,2.9834223,-0.6236294,-0.1191265,0.64694524,0.5876806,1.7071611,-1.5646683,2.4837384,1.9561231,0.18317221,0.27650672,-0.4804515,-1.1537931,0.45673403,-0.81102926,0.92406887,-0.84001875
-0.3794423,1.6749427,-1.8206302,-2.3629112,-0.0038465557,-0.14606981,-0.3405432,1.6734165,1.3675842,-1.2990165,0.8354724,-0.14186168,-1.3340951,-0.79536045,-0.21540359,0.19161326,-0.7673947,1.5773157,0.47975317,-0.11248831,-0.78871506,-0.3053189,0.51099426,1.425735,0.986018,0.9238848,0.39536232,-0.48219907,-2.021556,0.43325138,-2.1977086,0.071693674,2.0012236,1.4813114,-0.06381579,0.67301506,1.7738364,-0.13472179,-1.0927463,-0.20484295,1.0539048,-0.12284096,0.607603,0.46124768,0.92333496,-0.5504214,0.20202082,1.9321953,-0.34020332,0.32849726
-1.4358453,-2.0765939,-0.57627785,1.5234164,0.6370179,0.3786546,1.5933263,1.7461237,-0.45795402,0.44692805,0.13447893,0.11447081,-1.7904155,-1.4850373,0.85339195,0.70322514,0.38817853,0.7253325,-1.7408596,-0.7856074,1.2614902,-0.19520356,0.10188573,-2.3266943,0.6626809,-0.24124748,0.9340092,1.1143832,0.4794928,-0.10349405,-0.077190205,0.9105181,0.30190495,-0.71493983,-0.82255423,-1.0333126,1.5406595,3.5099769,-3.073835,1.1327404,-0.18252555,-0.24880192,0.82676286,2.1858234,-0.5853938,-2.413741,0.736581,-0.2888747,1.0056334,-1.009878
-1.2415491,-0.80971336,0.16124843,0.081211515,0.17631508,0.014540868,1.3610734,-0.9574189,-0.8724595,0.8652678,0.7649166,0.99304587,-0.012175114,0.84100443,-1.1054151,0.6155836,0.38249698,0.42994863,1.0524197,0.8038811,-1.1654294,0.5221709,-0.5022553,-0.9540893,-0.9014162,-1.1561364,-0.03875997,0.99149984,0.2112249,-0.77885115,0.5411483,-0.02678392,0.08190204,0.4101077,2.4388494,-0.3312199,0.40192962,-1.3174576,0.7345622,0.807178,-1.7239119,0.013710827,-0.2661841,0.40498707,0.5474964,0.043330003,0.43664432,-0.38973808,-0.47405162,1.0556875
-0.43776473,-1.9260844,-0.5949208,0.5281281,0.41080648,-0.584302,-0.89790785,-0.7563267,-0.52869684,0.17592426,-1.7311926,0.6361897,0.43781537,-0.5419767,1.3853141,0.37445042,0.39437014,0.31422958,0.32607797,-1.8870696,-0.905564,0.44910875,-1.3808115,-1.5560822,0.15041605,-0.22934115,0.43415934,1.0648808,-1.6962731,0.89724225,0.75209904,-0.13590524,-0.24359412,0.24827276,-1.595345,-1.6621957,0.113342315,0.52626157,0.10820484,-1.0404551,-0.5026286,0.61144257,1.2526605,0.2401733,0.513967,0.7404019,0.7760605,1.7028972,1.5910603,0.009820144
0.51906615,1.1471732,0.7968547,0.5817333,-0.094944194,0.03272213,-1.1306474,0.4797946,-0.47818434,0.43871447,-0.06442467,1.3449265,1.2900174,-1.0088853,0.93394244,0.010324343,-0.69863915,-0.99380195,0.8873119,-0.45080438,0.53004116,-0.6054742,0.72722214,0.862021,0.13195346,0.7537409,-0.9003109,-1.473165,-1.0604472,0.7349019,-0.6852803,-0.969565,-0.07500258,0.98945796,0.3248636,-0.35662007,-1.4347773,-1.3239467,-1.5929742,0.69428533,-0.29432377,-1.0464176,1.0462565,-1.0514084,0.81955564,-0.1955834,-0.92122465,-0.2172067,-0.0617968,-0.11349758
0.19764745,0.289443,-1.5789927,0.47763434,0.38373277,-0.26406646,-2.380276,-0.31962582,-0.49850687,1.4666092,-0.088730656,1.823159,-0.66255975,1.0433356,1.7319919,-0.13445428,0.43362322,0.56898564,0.66702825,0.96701306,0.22250189,-1.0514168,-0.14559694,-0.47887582,-0.22498113,-1.0617547,-0.016171034,0.68083185,-0.24676964,-1.1463094,0.64485145,0.3750704,1.7770313,0.02698106,1.3750706,2.5306625,0.88689196,-0.8768383,-0.5788899,0.05536109,0.38581747,-0.4125861,-0.461948,0.85579425,0.5898149,-0.46440294,-0.43974796,1.3605297,-0.9093059,-0.38431475
-0.0686148,-0.14523369,0.43788707,-0.12128202,-0.014666883,-2.16135,-0.8196984,-0.3483057,0.25767803,0.28824538,0.29694864,-0.92762506,1.0876176,-0.49460903,-0.99078375,-1.1837951,-0.31036192,0.09362682,-0.085964516,-0.90346026,0.057037402,-0.5435653,-0.3916947,-0.31694064,0.728055,-0.2120595,0.11606093,0.45482358,0.28810552,-0.5077425,-0.60033864,1.5877373,-0.1553962,-0.16969278,0.12442355,-2.1792493,-0.32666084,-0.34901282,0.8734269,-0.9991737,-0.93326145,1.7386779,-0.31866685,-0.3272937,1.4367642,-0.017607747,1.6709832,-2.1955655,-1.1528736,-0.9469815
-1.6607797,0.50706345,1.0942914,0.65285134,-1.550599,0.13985993,0.7515902,-0.6804363,1.0606719,-0.6902935,0.42988178,0.6874337,0.29223007,-0.18845093,0.10496354,0.6571648,-0.24146527,-0.5771975,1.5236753,-0.9958777,-0.09506355,0.19851007,-0.5851196,2.1183028,1.1970035,-0.39233866,-0.6283217,2.0802016,-0.7394621,0.033564117,0.44039312,1.2747204,-0.41724178,-1.1580292,0.62623477,0.13096061,0.030722663,-0.66760135,-0.6817873,1.3183198,0.41294158,-0.62193745,0.59831375,1.363785,-0.34195685,0.79638046,1.2057328,1.2678798,-1.7396907,1.2626579
2.3577385,1.3517773,0.10848372,1.4051188,-0.052829035,-0.4121343,0.63644195,-0.48525187,-1.4022439,-2.2102385,-0.7054935,-0.29219982,-0.64875835,1.0583422,0.22968076,0.7974365,0.92699236,-0.20469958,0.66710407,-0.19486825,0.44674367,0.5874708,-1.185974,1.551287,1.5643182,1.2191788,-1.0975959,-0.24677722,2.6186633,1.563717,1.5917915,-0.5915908,1.4637654,1.2451936,-0.29420218,-1.182982,-1.2296327,1.057473,-0.24665214,0.57784516,0.24581696,0.9599012,0.6332721,0.23093705,-0.13543661,-0.46023577,1.5753747,-0.20092452,-0.22476815,-0.7014923
0.29479936,0.5033735,-0.94355017,1.6334764,0.052591965,0.5481073,-1.171987,-1.3281353,1.090533,-1.0033895,-0.08648265,-0.093498334,0.7487915,-1.2184894,-0.18273658,-1.7906611,-0.28321624,0.37754577,0.037019696,-0.18934345,0.68382424,-0.7461883,-1.3809128,-2.0295565,0.51956826,-1.361659,-0.7190343,0.80315775,0.6974518,0.8524112,0.76534337,-0.45991987,0.123215474,-1.1307971,-1.7328703,-1.1593902,-0.3980998,0.29991457,0.7856863,1.33879,-0.3249706,0.012075254,1.7480477,-0.7793228,-1.1661874,-0.9887677,0.4856184,0.1801613,0.99350893,-1.4133791
0.6780087,-0.07896114,1.4857783,1.3853073,-1.6751031,0.7764158,-0.2361015,0.12599792,0.23725215,-0.50839657,-1.7139468,0.5461246,-0.99532926,0.9616853,-0.23180085,1.7090808,-0.66905993,-0.01621638,-0.17244881,-0.98811185,-1.6298003,-1.3291975,0.5082167,-0.6809764,-0.5094293,1.1008722,0.05791425,-0.5427924,-0.050052695,-0.15329894,-0.73320276,-1.3543342,-1.4023254,-1.1916143,2.0572639,1.1466637,-1.85021,-0.80466354,2.7414057,0.24176338,-0.3582447,0.55910254,-2.15421,-1.5176958,-0.51472574,-0.29387167,0.19954476,-1.3439002,-0.62135565,-1.0709406
0.7940307,0.75755566,0.6509246,0.4973563,0.13398103,1.6524771,0.19914687,-2.0845137,1.2410864,-0.15297446,0.0018551552,-0.22381778,1.5323759,0.6633362,-1.1109841,-0.65362585,0.61342317,-0.3324794,0.15875393,-1.2130308,-0.211914,-1.1949708,0.49596712,1.2827946,0.04343397,0.48788893,0.100103214,0.43196696,0.2656711,0.711333,0.8175997,1.3952734,-0.6539248,0.4649616,-0.2229242,-0.14983675,1.4315655,0.7764825,-0.80471635,0.753718,0.67420864,-0.21191138,0.099534795,0.8142574,0.2629855,0.99262494,-0.23562467,-0.9758806,1.1313258,0.5996367
1.7377971,0.7445604,-1.4346491,-0.21642631,-0.11053258,0.59724766,-1.2913802,0.6065838,-0.8927052,0.15347035,0.91918427,0.05478711,-0.9533777,1.4043497,0.45865375,-0.80911255,-0.7052788,-0.75800663,1.8474325,-0.7884793,-0.19061857,-2.2889388,-0.5529417,0.026350897,1.1285661,-0.5528507,0.62289447,-1.896132,-0.8505436,-0.34424037,0.23407152,1.2135208,-0.8692202,1.8361783,-1.2916955,-1.3799206,-1.8791463,-0.20302756,1.1388415,-0.9596636,0.64419776,0.059520137,-1.2958499,0.6658344,1.21427,-0.8194738,0.87328845,-1.4162564,-0.5640949,-0.8793097
-0.34128654,0.71999156,-1.2765775,0.2018247,1.2306045,0.55946124,-0.25854206,-0.8111559,0.3684029,0.97820526,0.7725728,-0.2392619,0.5983876,0.03336083,-0.3606103,-0.038028892,-0.5267313,0.51155,0.8396481,1.9189684,-1.4971312,0.93789256,1.4742856,-0.26440844,-0.44981802,0.59571785,-1.1682494,-1.3574032,0.10432346,0.10370224,0.5040632,-0.809396,-0.11783391,-0.45583665,-1.1808068,0.71568346,-0.10617569,1.1920664,0.5408211,0.29901183,-0.41638684,1.0909613,0.0916726,0.0039171386,-0.9168966,-0.26741463,-1.4112428,0.38761216,0.38442683,1.1903139
1.703388,0.70155585,-2.6275108,1.4098533,0.13248916,0.8103277,1.0291992,-0.6951137,-0.21840993,-0.37388083,1.0974342,0.25401264,0.666298,-0.408914,-0.67174804,-0.22770697,0.49193698,-1.0249934,0.8403677,-0.02848209,1.4602637,-0.796023,-0.8087723,2.359109,-0.1339213,-0.5244322,0.22578347,-0.21106306,-1.4775951,0.2767549,0.40433687,1.3517346,0.4762821,-0.30682197,-0.036586683,0.026525484,-0.17200382,-0.08886367,-0.56742156,0.1430719,-1.9218004,1.2392344,0.84354776,-1.4901459,-1.0351782,0.1350703,-0.8669836,-0.19761665,0.1375488,-0.24446309
-0.34889352,-0.0074070496,0.9073427,-1.0344539,0.09835159,1.7069961,0.818003,-1.6556399,-0.30679804,0.063418314,-1.1305246,2.1624308,-0.30866873,-1.7079959,0.769607,0.3270992,-0.92221594,0.15999062,-0.24273342,0.9363875,-0.13423869,1.3527039,-0.5964235,-0.0742639,1.6820747,0.16688271,1.129075,0.15490244,-0.95819193,0.4501984,0.93241566,-0.15217933,-1.9130731,0.036290087,1.4939854,-0.39945042,0.7365118,0.12645939,0.6370935,0.5483727,-0.3613335,0.8896721,-2.3937185,0.35802433,-0.7713936,0.46892336,-0.3851043,-0.4667774,0.21879579,-0.1383853
0.96496594,-0.2114598,-1.1719886,-1.0374676,-0.7864315,1.8157917,2.948012,-1.0045391,-0.4546203,1.2076917,-0.95131236,0.9826942,-0.20290196,-1.6377726,-1.3899553,1.1340208,0.13789794,0.072793275,0.38553923,0.21236584,-0.6944874,1.068868,-0.16972074,2.4641411,1.6199803,0.12218151,0.6462518,0.5861809,-0.54420716,0.8315765,-1.9715563,-0.1855783,0.5379197,-1.4540783,0.13147826,-0.93353695,-0.37199757,-0.10157447,-0.027862769,-0.17023443,0.7677731,-0.99228936,0.68855625,0.35348073,1.9355905,-0.2291439,0.59740406,0.5345495,0.71968186,0.77890044
0.8941356,-0.8958439,-0.029405694,1.6576655,-0.3607268,-2.0768182,-0.17264639,-0.86663306,1.2120543,0.6731549,0.6752294,0.19919144,-1.8749878,1.0844647,0.4483917,1.2531635,1.896686,-0.1976254,1.9492022,-0.15667535,1.453255,0.7266962,1.3361056,-0.06256485,-0.033746034,0.98990446,-1.1205128,0.28910512,0.5960549,0.6134498,0.057704154,1.544808,-2.1961682,2.4098284,-1.8227193,1.3308358,1.565673,-1.2251604,0.3410414,-0.2186303,-0.9445022,-0.3674193,2.2477353,0.17332226,0.93629974,-0.69087636,-0.050402593,-1.7383442,-0.72824436,0.7362227
-0.4993104,-0.81376976,-1.1338669,-0.5078662,-1.1407552,0.704793,-1.3245908,-0.78243214,-1.7861084,0.14234906,-1.0242698,-0.44193152,1.0711787,-0.17415372,-1.1406631,0.06798024,-0.3822847,0.11844132,0.062386308,-0.78065085,-0.77620924,2.0714788,1.9015198,-0.5668668,-0.14796312,-0.03390646,2.3616862,-1.2247801,-0.56316644,-0.6400947,0.064393505,-1.4223641,0.19262181,-0.41415808,-0.680919,-0.5656579,0.8076016,-1.1979436,-1.5579184,1.4760015,-0.32390162,1.1822104,0.4778844,-0.032858044,0.065877385,0.2472409,-2.6600893,2.161164,1.1031164,-0.48607096
1.1850507,0.590203,-0.16807124,-0.3942999,0.8395665,0.67611206,-0.9126242,0.46589926,-0.60646987,0.25463006,0.2175692,1.9372867,-0.20646039,0.73384994,-0.6388147,-0.18907857,-0.10471359,-0.7131703,0.046341777,-1.6520573,-0.45655835,0.56077063,0.5052992,-0.48516884,0.57797396,0.43048447,-0.9047913,0.7537378,0.56213665,2.5556128,0.17260621,-1.1323962,-1.2192155,0.60535336,2.4609041,0.25453663,0.6149465,-1.0080752,-1.0635434,0.5037898,-1.2763224,0.051446132,0.63962007,-0.8107309,-0.12940007,2.0395122,1.1462455,0.916619,-0.3353373,0.9594187
1.0079494,1.7708675,1.3768657,-0.69498664,2.053561,-0.47930652,1.228833,-0.09024818,2.1522682,-0.9546623,-0.13818657,0.6169622,-1.1316817,-0.8216495,1.3381282,-1.2656357,-0.8337623,0.63265514,0.4830306,0.3860783,0.66365397,-0.54621154,-0.24118978,2.9850278,-0.624566,-0.24649186,-0.7682404,0.32438126,-0.35071537,0.971848,0.0367632,-0.38941887,0.35996124,0.30795595,1.6780951,1.8035824,-0.95407796,-0.051625766,0.5645847,0.18036263,-1.5608392,0.16132995,0.56080884,-0.22220814,0.42382237,0.27900037,0.7933968,1.6755595,1.2816157,-0.51301545
0.16079825,1.1285503,-1.3767549,-0.28245395,1.1763484,-0.72851425,0.15754943,0.17774051,0.69606084,0.13978572,-1.559979,-1.1246341,-0.36917022,-2.2677052,-0.42679736,-1.3037899,1.0594268,1.4409623,0.97006816,0.17199324,-0.0681794,0.0021331965,1.1448971,-0.23644386,0.22377114,0.13424768,-0.79170454,0.3933605,0.20870538,0.68495464,-1.124275,-0.028472848,0.68646854,-1.0861056,-0.76640016,-0.19937758,-1.1646059,-0.6516516,-1.2049806,1.5640689,-0.8973204,0.47176045,-1.5971876,0.8875926,0.99550444,-0.489094,0.11246893,0.4411048,0.5642355,-0.14237954
-1.789531,0.009031501,1.58591,-0.044790506,2.2323332,-0.5540783,-0.37308508,1.170806,-0.637528,-0.012297288,-0.6383172,1.0604596,2.4380631,1.3980114,1.0366466,-0.9272553,0.52196294,0.6088599,-0.4531961,1.5229514,1.3902633,-0.47124714,-0.77644193,0.74930936,-0.1332821,-0.08573929,-0.275325,0.8990282,-1.2186799,-1.8408408,-1.5985332,-0.28582972,0.69486326,-0.08059468,0.86977315,0.07212174,-0.047000874,-1.1013477,-0.46081474,0.2711641,0.26774055,-0.12826839,0.5820363,-0.033443373,2.2763658,-0.013790461,-0.32361418,-0.48234448,0.62144786,0.78424346
-0.46888733,0.9741299,-0.82394487,0.05330749,-0.008370936,-1.8383439,-0.9355525,0.066436574,0.74771434,-0.5649186,0.8779345,0.9494427,0.3276022,0.35118625,2.2122264,-0.003892312,-1.50098,0.5992062,1.7340684,-0.6248606,1.4386175,-1.9416134,-0.3206127,0.7626422,0.65605736,-0.509237,0.09617357,-0.74472505,-1.0174091,-0.5763458,-1.6068907,0.40290833,0.19662558,-0.13628039,-0.49007967,1.772748,1.3487303,1.562752,-1.292659,-2.5478358,-0.5114357,2.0204918,1.9576327,-0.027891513,-2.3649924,1.0060605,-0.51837575,-0.15670235,-0.033268664,-0.36872357
-0.5561996,0.6164419,-0.3486593,0.89529085,-0.83417296,0.7047473,0.5346884,-1.935674,0.39444098,-0.7533761,-0.5068336,0.04835558,-0.08308879,0.4035936,-0.690677,-1.7044557,-0.2710713,-2.0851064,-0.37237686,1.2194916,-0.025922995,0.0759371,-0.8263592,-0.1406024,2.5317333,-0.65067744,0.47055846,-0.28288025,0.7564527,0.89267474,-0.35978293,-3.49187,-0.64719397,-0.2333034,-0.18334296,-0.1111388,0.5999057,-1.9466804,0.39831397,-0.35166556,-0.97982824,-0.58256423,1.8946295,-1.0959301,-1.5706589,-0.09422886,0.29217872,1.7562689,0.082912795,-1.1386076
0.8793326,-2.0499265,-0.2646909,0.9907384,-1.091323,1.5123239,-1.0449352,0.35392892,-0.7753607,-0.3030934,-1.0803368,0.13678971,1.1684943,-0.67950106,-0.76794994,-0.4048539,-1.8715098,-0.98495734,1.6058011,0.83049667,0.15675208,1.8964148,0.007030798,0.96088254,-1.2629482,2.0348513,0.35820317,-0.09353658,0.85227245,0.9725002,-0.9864921,-0.011106335,0.16413777,-0.0506315,0.5432202,0.16997184,0.84838456,-0.33956665,-0.5087655,1.9962614,0.520462,-0.46743652,0.058765978,1.577789,-0.47576946,1.1313087,0.45835212,1.629833,-0.9967651,0.066951066
-1.102029,-1.4041585,1.1647116,0.69868535,0.30114973,0.3432822,-0.5666329,1.1111022,-0.037181538,-0.6954686,-0.0099515235,0.024996065,-0.44842547,0.714045,0.45607296,-1.4552407,0.037547585,1.4065951,-1.6249486,-0.87522066,-0.06178031,0.49659258,-0.65661484,0.14149366,-2.0354135,0.6378066,0.03871641,-0.124748014,0.8450061,0.060810644,-0.0016186846,0.74366367,1.3522159,0.49633604,0.12326556,0.5723819,-0.28160566,-0.8399148,-0.09560032,-1.9608319,-1.2210563,0.65277493,-0.8770715,1.7110683,-0.12335392,-0.77334595,-0.6084672,1.0868303,2.3162057,-1.437672
-0.32778785,0.0907029,-0.3965442,-0.7639457,0.13517547,-0.5189331,1.2311671,-1.2649547,-1.5271623,-0.90569645,-0.21081947,0.40137914,0.6607811,0.36692107,-0.053268634,0.8515319,0.89139724,0.6944197,-0.78627086,-2.054141,0.14007896,0.2860533,-1.1869595,0.61289257,0.5258673,2.1291537,-0.68569595,0.5767035,1.3690808,0.13842192,-0.88052666,0.54823184,-0.5135539,-0.8455053,0.62822545,-0.88854295,2.537232,1.1198708,-0.1505601,-0.34817764,0.5557235,-0.660065,-1.2278582,1.193646,-0.9940362,-0.6092103,0.45908755,1.4797522,-0.094689764,-0.33676016
0.44209567,0.8745856,0.2597814,-0.022018217,0.7715816,-0.41292784,-0.37487167,0.9680046,-0.027013743,0.52564967,0.32184044,-3.1690762,-0.93909013,0.50126976,-0.41741687,1.1312405,1.2735171,-0.2657063,-0.115501404,-0.37757078,1.4518856,0.43660823,-1.2590967,0.77912194,-0.31116524,-0.8416401,-0.3302405,-0.5696563,-0.7027036,1.1779625,-0.9993372,-0.56725436,-1.1966877,1.0942764,-1.2957411,-1.2055507,0.27608177,0.012714984,-0.35046694,-0.55251086,0.16264024,-1.7064146,1.0659723,-0.73673195,-1.2680802,-0.032134425,0.98452574,0.97518235,1.2367191,-0.45664006
0.4381413,-1.4261929,-0.46731657,-0.24083287,1.1685556,-0.26431978,1.4578803,-1.8124635,-0.36402828,0.9057258,-0.9335351,0.5209515,0.085478224,-0.13348737,-0.74005306,-0.007716081,0.14719729,-0.7858975,0.19706278,0.615977,0.081787884,-1.3070726,-0.059392717,-0.38615647,-0.64520264,-0.07536555,-0.42907512,-0.23982781,0.008761869,-0.025632938,0.112729475,0.07858791,-0.196032,-2.8975596,-1.5010555,0.08451254,0.50192994,-1.5822005,0.4248293,-1.8177693,-0.04159868,1.1017145,0.61412746,-1.3951231,-1.3157725,0.97887945,0.34967208,-1.5694906,-0.2568778,1.1453485
-0.8011951,0.6106987,0.7270909,0.16652104,-0.47503805,-0.5906186,0.15359992,-0.022129307,0.84234166,-0.2750261,-0.5023615,1.122844,-0.4777783,-0.22096193,0.9724534,0.7366957,0.66968274,-0.5267518,-0.991975,1.9288056,-0.08742796,0.34222776,-0.20947796,0.563466,0.39527395,-1.5967187,-1.1608694,-0.31688994,1.7336754,0.51388365,-1.5884379,-0.74036723,0.93648785,-0.060167354,0.4574346,0.8293856,0.7205617,1.4584116,0.9687629,-1.4584469,0.4219599,0.8322125,-1.4449221,0.003248001,-0.43778494,0.5664622,-1.0672323,-2.1495743,-0.65357375,1.517643
-0.9036245,-0.63022137,-0.6429867,0.17336343,0.22790758,0.62713003,0.61832863,1.7782384,0.9770838,1.172685,-0.7366346,0.969414,-0.5321643,-2.0246398,-2.0411413,-0.51106584,-0.51698935,-0.8277918,0.66489,-1.1548226,1.4855229,0.105066724,-0.12812667,-0.056292746,1.4313314,0.2238327,0.91995275,-1.4567786,0.18153441,0.23294725,-1.0868695,0.6302105,0.32666576,1.9897275,2.0690289,-0.3925069,2.8364556,-0.40145758,-1.8305198,1.8097234,-0.28146058,-1.6496856,-0.16657047,-1.3812745,-1.8200539,-0.25285846,1.024173,0.47216323,-0.7849445,-0.71563953
1.5112445,0.59765375,0.9539841,-0.6018198,0.49125448,2.145563,-1.025927,-0.3149438,-0.23091152,0.7926,0.41886714,-0.06112446,0.34827754,0.25929946,1.0252352,-0.26264954,0.5677215,-0.83754885,-0.8950854,-0.06426534,0.32642525,-0.79429555,-1.1832666,0.86858046,-0.09647485,0.9172842,0.40717354,0.22503033,1.0109111,-1.1504585,0.21193144,1.3680661,0.54786664,0.8681895,-0.48200405,0.70261985,-0.10055717,-1.0540359,-0.0926682,0.43227088,-0.49354208,-0.23935188,-0.47021157,-0.6271179,-0.79335034,-0.43130055,-0.0012080589,-0.1782149,0.22927271,-1.5844387
-0.50670826,1.44252,-0.2813922,-1.302958,-1.1480141,0.46678025,0.39887393,-0.2467734,-1.5674459,0.7241612,-1.5774893,0.22218335,-0.3995595,0.65742224,-2.062728,-0.97930574,0.091853224,-0.43815973,0.9290447,0.74759454,-2.747133,1.1440011,-0.22858262,0.7078947,-2.4366376,0.14336458,-0.75986266,-2.6819715,0.6198741,0.18699735,-0.3385788,0.13189454,1.4680268,-0.47845775,-0.26922846,0.39886463,0.18258011,-2.9323092,-0.18798734,0.53153086,0.8361835,0.14709702,0.786435,0.42281494,-0.80955213,1.2432635,-1.0083147,0.4404842,0.98714656,-0.48850128
1.0492854,-2.0962443,0.3462865,-0.50840163,-0.16233745,-1.5591353,-1.079576,-0.09480266,-0.11028161,1.1497657,0.44840202,-0.3093824,1.9950141,-0.7752936,0.8303485,-0.21033035,-0.72615486,-1.4096563,1.2016865,-0.7988622,0.32215077,-0.26750985,1.201778,-0.14349464,-1.475496,-0.33456743,-1.1425481,-0.734725,0.91111493,0.07892727,0.3017269,0.19491525,-0.49285564,-2.0681112,1.0494621,0.36698374,2.968891,2.1559124,-1.2107673,1.9394585,-0.8478135,-0.47256425,-0.26526177,-0.12790985,0.505275,0.6545297,-0.40113664,-0.5041409,0.010536613,-1.295924
-2.2966385,0.32681733,1.1424888,-1.873554,-2.3606648,-2.1958902,1.694366,-1.1983237,-0.010827626,0.12679718,0.19027355,-0.8032585,-0.7654663,-0.49280685,-0.13167983,1.4918536,2.63505,1.3409854,-1.1368442,-0.0032754408,1.1455295,-0.7834621,0.88208854,-0.8874855,1.9864646,-1.8766544,-0.16620515,-0.034736983,0.87883246,-2.2151446,-1.1900563,0.794525,0.4533671,-0.12444898,-1.6693392,-2.067057,-0.33519047,0.07685182,0.7299435,0.18106693,0.35551602,-1.2216785,1.6462924,-0.7054453,-0.07744907,-1.1771424,-0.2284061,-0.5448116,0.28303257,0.24101818
-2.2012782,-0.55865854,-0.5797536,0.34971774,1.6127857,-1.1775424,0.26609766,0.34129208,-0.5200032,-0.5231056,0.13133988,0.74599504,1.5284884,0.09953866,-0.54091245,0.6533107,-0.37297136,0.7210901,0.35128993,0.07293453,-0.5945567,-1.1593273,0.6822917,-0.769706,-1.5185553,-0.5588865,-0.31071597,-0.50978166,-1.541263,-0.97628725,-0.18519436,1.5181293,1.7124044,-0.7400826,0.26763728,-0.8425472,1.079496,0.7486413,0.060246486,-0.283765,0.627251,0.39916572,-0.66044223,2.1619875,-0.76499087,-1.2684114,-1.2284174,0.5939164,0.35269168,-0.15927975
1.1204774,-0.911612,1.2754111,-0.255397,-0.3561085,-0.57972175,-0.19811003,-0.029697597,2.1638315,0.41840884,-1.1514256,-1.2938236,-0.8380423,-0.63956,2.9712095,-0.14108887,0.48103333,-0.24301827,-1.4133158,-1.6332376,1.0366223,-1.0333256,0.19673215,0.057356607,0.31927538,0.45197976,0.92011803,0.74225414,0.08403679,-0.8628444,0.7703393,-0.43129852,0.6861484,-1.0723257,1.1835679,-0.45754144,-0.045349095,-0.39937866,0.38986948,0.65885055,1.4336361,0.47781777,-0.76116747,-0.2083018,0.53925616,-0.4708235,0.65860623,-0.2340034,-0.33648968,0.15028727
0.21736051,-0.2856428,-0.32796863,0.8842255,-0.4969338,0.89522463,0.35361442,0.69658124,0.99372876,0.134214,0.32890114,0.18691854,1.5528122,-1.355933,-0.14297998,1.034784,0.32438788,-0.76355857,0.4852677,0.48139173,-0.5013949,0.21524313,-0.7800114,-1.2304335,-0.3550231,1.4830883,0.014506657,-1.8991636,0.11359935,0.38188314,0.092482746,-0.8347688,1.0630258,-0.57470953,0.8382723,-0.04044507,-0.7174153,-0.5984815,0.65824264,-0.29089564,-0.5337982,-0.32017916,-1.4318495,-0.72245294,-0.8238195,1.5779871,1.1280526,-0.28062862,-0.5834575,-0.20742594
-1.3325438,0.14119563,-0.34306118,0.15536831,-1.0237908,0.88404864,0.6488887,0.0014117033,0.6060328,1.8738259,1.2731471,-0.92558175,0.24036045,-0.8939382,1.9918613,2.4722152,-0.6003364,0.87564623,0.43678686,-0.9513392,0.06276977,0.20246036,1.8816277,-1.4601232,-0.5752347,0.5147553,1.153144,-1.678943,-0.97751254,-1.5494508,-1.512577,1.102609,0.62675744,-1.484013,-0.21245144,1.107169,-1.473809,0.482788,-0.39587745,1.5877141,1.2362849,1.3315518,1.1544118,0.778595,-0.33922464,0.6333044,0.8517669,0.8939204,1.2262996,1.3103813
-0.5790334,-0.14824486,0.37758607,-0.5356041,-0.0069010854,-1.1746343,0.92913336,-1.2066935,-0.70913035,1.7095304,-0.65476817,0.6113294,1.371592,-0.76577497,-0.07471989,-0.5683157,0.68823117,-0.82377374,0.23747922,-0.091826364,0.6267566,-1.0168934,-0.07961797,-0.14304064,-0.98242056,1.5620766,0.36031973,-0.40210316,0.04412832,-2.1961086,1.9432658,-0.91895294,1.1781195,0.99790454,-0.9316809,-0.44378534,1.1255808,1.8218478,-0.059312623,1.1790535,0.18009728,-0.29074997,0.6634757,-1.0258946,1.0827692,0.3940615,-1.8086782,0.6205888,0.51595795,0.2291926
1.6579667,0.9306669,1.4421246,-0.98794526,0.18807065,-0.3957943,0.121680856,0.8078354,0.9759745,-0.14088169,-1.062456,-0.45380205,-0.51041573,-0.25506496,-0.06327893,-1.2088577,0.47989383,-0.90656483,0.05252623,-1.4572883,1.0035217,-0.02362805,-0.31764472,0.37373653,-1.9375014,-0.33712715,1.2892318,0.44844407,0.30733573,-0.78331894,0.8586532,1.8663741,2.278774,-0.6204876,1.2717661,0.29218578,-0.70563895,1.0771505,0.014959961,-1.1105436,0.81225646,0.5955729,1.6077541,-2.805408,0.061532672,0.583122,0.04044753,0.52685,-0.14845864,0.025785703
-0.37040588,0.5514371,-1.5103447,0.58952993,-1.9237993,0.64623594,-0.060129914,0.047249865,-1.0597385,-0.10463591,-0.30800512,-0.020853138,-0.29016984,1.1297232,0.5080661,-0.531314,-0.6919836,0.37464583,1.0973022,-0.009163831,0.6765094,0.5800379,-0.38115805,-0.14890336,-0.22350064,0.19398141,-1.157848,-0.40868878,0.12739858,-0.4052105,0.73511297,1.6630822,-0.15099384,1.4156256,-0.12104601,0.18908818,1.1069231,-0.17958952,-0.45324352,-1.8233981,-0.25385687,1.9135853,-0.5034523,0.55710787,-0.5773669,0.5758552,-2.1131325,-0.21168372,0.78990006,-1.1668564
1.1106904,-0.49424484,0.16686323,-1.586579,-1.8747246,-1.3879569,1.4936783,-0.5384486,1.1133379,0.8671828,-0.036805615,1.7595823,1.1416687,1.156346,-0.83825123,0.48973328,1.1150187,1.7106366,1.0258781,-0.0325083,-0.8222987,1.8148558,-0.12488193,1.1849812,0.36472788,1.120705,-0.08701493,1.0011508,-1.3191712,-0.07945248,-1.215282,1.1236186,-1.5595353,0.6422033,-0.9857088,-1.2428124,-1.9449272,1.064158,0.23930866,-1.3024842,0.89267945,2.1804726,1.054609,0.073894784,-1.6720386,-0.87822354,-0.7668497,0.617208,0.78229576,0.2821459
-1.8512903,0.267,-0.616071,-1.6714524,0.5646674,-0.45597857,0.803753,-0.62800217,-0.46663195,-1.0391932,-0.7951866,-0.7640334,-0.38240364,0.6010858,-0.03763159,-0.69240797,-0.62263745,1.5139635,0.5523922,0.22479324,-0.35136455,0.3562674,0.7145999,-0.004222755,-0.14992607,-2.1304615,0.43247318,-0.39301756,1.1033114,-0.8702278,0.9772551,0.79162747,0.17070413,0.65288574,-1.9060185,-1.0751674,-0.27141562,1.7310433,-1.7906276,0.7418841,0.14082351,-1.4322641,0.8796935,-0.76047987,0.13944408,0.5251131,-0.9263002,-1.4582093,1.1766745,0.6949395
0.24374117,1.4041755,-0.64677435,2.168048,-0.9067349,-0.3341431,-1.6655358,0.36704758,1.3609654,-1.6618856,0.979703,-1.0222937,0.4171703,0.2632615,-0.044347674,-0.24416536,2.1741538,0.5275798,1.1711565,0.14070901,1.006592,-1.0855738,3.154559,0.92230964,0.4418092,-1.0759153,0.14993598,0.035980407,-0.5767798,2.2714403,0.66313833,1.2277306,1.0379184,0.4374727,-0.5449409,-0.84141934,-1.8954097,0.04373522,-0.19283576,-0.0153009575,-0.10576643,0.5857712,-1.0621872,1.5236349,-0.123477206,-0.798169,-0.517767,0.10733712,-0.023600478,1.2788051
-0.58180755,0.79698235,-0.35668823,0.48365977,0.8862345,0.1514269,-0.9253928,0.26251078,-0.44077453,-0.012015602,0.98344696,-0.46093577,1.1188765,0.058806337,-0.5926309,-1.5555938,-0.33202472,0.011196662,0.90763146,0.5317319,-0.02645,-0.5481241,-0.53177005,-0.82170224,0.15394057,-0.5289308,-0.9528735,0.58398086,1.6344229,-0.13323943,0.050206047,-0.25648782,1.5883925,-1.6122997,-0.9673626,-1.4178143,-0.6754046,0.6444156,-1.2480148,-1.5080527,-0.9008117,-0.7441433,-0.7046334,0.93683356,0.23350208,0.20666364,-0.33701813,0.5235563,0.9166418,0.078324266
0.95886743,-1.4132909,0.2973265,-0.9186516,-1.8538022,-0.43507722,-1.8499135,-1.1356828,0.19165029,-0.07788786,1.0663903,0.16093539,1.6667624,0.42361298,0.6350835,-0.32684663,0.27230147,0.25363645,0.50165576,1.9375274,-2.1265774,0.4242699,0.53703326,0.16412188,-0.5329221,0.14146285,0.37685728,2.234038,-0.4578382,-2.1396244,1.5769293,0.3706591,1.485322,0.19403268,1.8824297,-0.20147108,1.1306376,-1.728354,-0.97898203,0.02827689,0.7403026,1.082218,0.6325022,-0.25787538,-1.3507073,0.65738976,0.6024575,-1.0866898,1.0032815,0.5678137
1.5960517,-1.9039227,0.46492696,-0.69022244,0.36986718,-0.28606117,-2.0492525,-0.0331353,-0.064554155,-0.05256052,-0.73785543,-0.11713193,0.5573278,0.085025065,1.8888439,0.35508734,-0.68820274,-1.0726128,1.1396444,1.2681017,-2.7849407,-0.30088225,0.09504551,-0.7486005,-1.3245047,0.21557957,-0.15944572,-1.7911851,-0.5515961,0.18111278,-0.2621967,-0.13220029,0.76310456,0.44541132,0.3604673,0.57185477,-0.85965556,-0.21946502,0.22654057,-0.5056679,0.57901406,-0.25111195,-0.22040413,1.4170723,-0.60141957,-0.715518,-0.36404696,-0.13746761,-0.81676537,-0.3963265
-1.6684564,-1.1713694,2.6538057,-0.16706161,0.04846976,0.6747334,-0.26469442,-0.13436097,0.32305348,0.9522776,1.1463768,-0.3798468,-1.475024,1.0290334,-0.3099147,-1.2129623,-0.5193404,-0.6593276,1.4361407,0.3494377,0.31768525,0.59133804,0.76639026,-0.0015589906,0.315798,1.5211093,0.5457688,1.4520913,0.29533562,-0.388952,0.7192109,-0.46277583,0.37983245,-1.3089015,-0.41580436,1.1911612,-0.12047058,-0.8793226,0.0056169243,-0.3050074,1.3377863,-0.6107413,-0.12575725,0.4911967,-0.38465112,-0.6818933,1.1782537,-0.6458377,0.41991132,-0.24874847
-1.6572231,-0.15758853,-0.9065018,-1.5843667,0.6533146,0.45384774,-0.48196086,0.26115763,0.17461447,0.941917,-0.3355174,1.8033466,0.048432853,1.3183955,0.6176682,0.8096022,-0.5355427,-0.4379991,0.33580306,-1.5408245,-0.9535294,0.037027933,0.6712612,-1.0782229,-0.7162982,0.08962165,-0.80692226,1.8751174,-0.03475047,0.1443725,-1.025863,-0.8400308,1.7120061,-0.77810746,0.35037982,0.85689664,0.8072288,-0.5926123,-0.6194031,0.48019192,2.669622,0.3083823,-0.73548144,1.0102825,0.12435089,-0.3447259,-0.17572041,-1.1533537,0.35438642,0.10763848
-0.94830006,0.44228905,-0.11022003,-1.1190368,0.33145398,1.7992253,0.08215801,-2.2306216,1.0517546,2.9437459,-0.49592352,-1.3989881,1.8155863,-0.39962208,-0.15646762,-0.077908434,-0.4091662,-1.0525709,0.25162384,0.080201924,0.5164728,0.77159345,0.29072595,-1.4327077,-0.43749708,0.07691383,-0.67180413,0.21717922,-0.06491173,-0.25012472,-0.38241076,-1.7999015,1.3120604,-0.24835667,-0.55381644,1.6453545,-1.0441325,1.1068711,-0.29426906,-0.7807816,-0.75020945,1.5028849,-0.085875295,0.93819433,-0.9555412,-0.26984745,0.4248487,0.6899127,-2.2906442,-0.4581094
0.5342926,-0.46168068,0.48024377,2.5303555,0.32863027,0.22937162,-0.7582039,0.8708229,0.5088653,0.14552817,0.77579606,0.38552886,-1.0293475,-0.65160465,1.6444995,-0.43954512,0.4224446,-0.6985361,-0.82404226,0.17366494,0.18801017,0.06255139,0.23640609,-0.6325422,-1.3202771,-0.9373043,-0.2673946,1.9481769,0.24105015,-0.9551755,0.61869425,0.8112633,0.6029766,1.3072431,0.18498875,-0.5149157,-0.72971797,0.3850733,0.93676037,-0.2262367,-0.27178538,1.1643069,-0.02490219,-0.5905885,1.3919959,0.98096377,-0.82877076,0.1520832,0.96348685,0.02003893
-0.36681646,2.4260356,0.51224893,1.1788538,-1.3887664,-1.1238874,0.705003,0.77952635,0.67218757,-0.6598555,-0.84177095,0.8610187,0.036483917,1.5392079,-0.62615126,0.7604682,0.17873953,-1.1484123,-0.9660869,0.90779805,-0.12994227,0.9766098,0.09782486,0.8063029,1.0627924,0.3987467,-1.4473971,-1.4294271,-1.4204943,-0.1752525,-0.115136534,-1.4999753,-0.7096958,0.26856312,-1.0261502,0.47646523,0.89924634,-0.059337076,-1.2727518,0.7820767,-0.53032756,-0.21929626,0.16987225,0.100339934,-0.67150915,1.1056253,-0.2991739,-1.5983424,0.783762,-1.7410766
0.0859009,-0.36544243,-0.18079828,-0.691584,-0.58656985,0.33074424,0.14131442,0.4132923,-0.42679393,-0.89057183,-1.0372231,-0.39219022,1.1016694,1.0397544,-0.82617563,-1.3365914,-0.6190279,-1.4521115,-1.168551,-0.327822,-2.2378654,-0.8747787,-0.18983275,0.39562097,-0.17419353,-0.13992281,-0.20071487,-0.73770946,-0.6560219,-0.9758744,1.9867655,0.48008078,-0.8757638,0.19748919,0.18527411,0.37523463,-1.3227451,-1.2227551,-1.3246478,0.5594106,-1.1884397,1.6431992,0.6659629,0.17695558,-0.9981993,-0.011411165,0.21542786,0.3642265,2.3732643,-0.5667743
0.25837153,-0.4799166,0.67920846,-0.25358513,1.2748145,-1.1274292,-0.21347842,-1.2812525,0.4669774,1.1044552,-0.096144445,-1.4818497,-1.913591,-0.44158876,-0.07610444,0.0024566983,-0.41155228,-2.3633282,-1.1622946,0.55929136,1.0136955,-0.66215366,0.094670966,0.6228283,-0.943636,-0.6314517,1.5626235,0.4180772,-0.24150503,-0.9138508,-0.90978414,0.44065642,-1.1278678,1.4748597,0.5470555,-0.20971307,1.1003519,1.0051794,0.2297386,0.40301567,0.09497975,-0.87908643,-1.5792525,-0.78578955,-0.063277386,1.4404454,-0.78006226,0.096383415,0.82312834,1.2872349
1.2564998,0.43393764,-2.8415859,2.1755574,0.055049144,-1.4305751,-0.409352,1.0590377,0.9639489,0.9185258,0.12645587,1.1136699,0.9336025,0.19309229,-1.545312,-1.2143694,1.1950216,-0.27009684,0.51473194,-0.6516095,0.16542204,1.5008568,1.0341512,-1.2782521,2.5107164,-0.76879334,0.18258564,1.3683037,1.1763093,0.8614066,0.6840681,1.2881831,0.12363769,-0.9101151,0.07823836,-0.0958609,0.12844588,-0.628269,-0.04236264,-0.18783787,-0.24537751,-0.46863917,0.35064363,0.34412986,-0.58800757,0.38449013,-0.55002743,0.65539205,-0.58056647,0.8517872
0.89066786,1.060501,-1.1595153,0.5509109,-1.3666744,0.7466002,-1.1344702,0.7166854,-1.6620547,-0.2457979,0.70483786,-0.9637702,-0.5837738,1.5721569,1.0216123,0.1443202,0.21149069,-0.5684771,-1.0216718,-0.66579074,-0.7630338,-0.08331141,1.4912101,1.0187182,1.3600873,0.88864213,-3.0600977,0.29028165,-0.79447603,-0.24153528,-0.49091604,-0.25776088,0.3323164,0.6451331,0.5742708,-0.4248496,-0.389248,-2.3009384,2.8120866,-1.8403898,-0.9901762,1.1957024,-0.8018069,-2.0922701,-0.5562626,-1.3082145,0.2645331,-0.5718666,-0.65425897,-0.9342549
0.096489176,-0.49098745,-0.24217856,-0.4444441,0.5167056,0.20135228,0.88870966,-0.2591284,-1.4691225,-0.65891963,-1.3628147,-0.20078146,-0.18815182,-0.5922786,0.698451,0.6682951,-0.84622496,-0.16713288,0.26279873,0.4014647,1.4098005,-0.46765107,-1.1736974,-1.7470552,0.21733612,-1.2379099,-0.15528397,-2.627103,0.36840507,1.3960081,-0.71684784,-0.24065252,-1.1491722,1.031848,0.2244943,-0.78653324,-0.10433836,-1.5637748,-0.56063336,1.6253879,0.38438278,-1.7861319,1.3317708,0.29119873,0.8526687,-0.6031985,0.8321783,-0.5281244,-0.7003208,0.020581385
2.162104,1.0476251,0.98392665,-0.91250306,-0.11201833,-0.5645112,-0.92398685,0.69449854,-0.93324906,0.12130322,-0.7477875,0.16646288,-0.12759916,-1.7056469,-1.1022127,-0.9798727,-0.8732241,-0.6150863,1.3316848,-0.28627172,0.34305906,-0.3925863,-0.14288837,-1.1950179,-1.0676882,-1.8086523,0.21423413,-1.2864196,-0.2920164,-0.8242961,0.19315608,-0.11047838,-0.048692744,0.12283325,-0.24790141,0.5947516,-0.46869132,-0.31250143,1.4486004,1.6673663,2.0566452,0.23897056,-1.8465114,-0.67935,-0.697944,-1.0441453,-1.5047355,1.0717435,1.334525,0.36435443
-0.7473763,-0.33001235,-1.374912,0.03744602,0.7303361,-1.326042,0.20772569,0.63038486,0.287119,-0.20237635,-0.39562535,0.8920242,-1.3852994,0.7384847,-1.3924258,0.625875,0.45220867,0.7877595,1.0217355,-1.4601598,-0.32317728,-0.17101863,-0.22946186,-0.27869326,1.0734075,-0.9281918,-0.36321416,-1.8771042,-0.3155547,0.7460915,0.21118003,-0.3459225,-0.47651166,-0.19709001,-1.0732839,-0.35522848,0.63115793,0.041931942,0.6769016,-0.6545529,1.5893954,-0.068209946,1.6254663,-0.7427803,0.02607387,0.43465143,1.0117285,-0.16716923,0.50892365,-0.2954954
0.23303016,0.6057428,-0.30687153,-0.2889743,0.1760222,0.10453256,-0.52957976,0.55060357,0.99034065,0.60483426,0.9309424,-1.4815344,0.83184516,-0.60043615,1.3367788,-0.48927695,-0.009219769,-0.67757237,1.5948012,1.8329964,1.0513042,-0.48958573,-1.9258612,1.3877527,0.25871304,-1.0993507,-0.6420478,0.004350893,-0.8480156,0.4343608,-1.0592369,0.19006048,1.6249847,-0.4243845,-0.6394875,1.2210691,0.14598359,0.20275833,0.665188,-0.49396586,0.15074848,2.3635302,0.84370273,1.6278602,0.25904843,0.37667018,0.4687475,0.299098,0.8756093,-1.3021332
0.98907,0.23332879,-0.65807056,-0.4611708,-1.7186017,-0.37265557,0.35974032,-0.28334475,2.3072584,1.1291049,-0.84013736,-0.6012475,-0.1835277,0.34165648,0.06626834,0.20296091,-0.6778471,0.59664375,0.3659914,0.76331854,0.06989168,0.6426858,1.5577997,0.690963,0.04419845,0.20978858,0.23857439,1.0808508,-0.5322627,-0.16257913,-0.23883805,1.8854152,0.4783642,-0.477659,-0.9178914,-0.4640139,0.113988064,-1.1289934,-0.85703117,-0.587278,0.06425655,-0.40518558,-0.3718851,0.42915466,0.036801863,-0.21665792,1.1121784,1.002586,-0.05943134,-0.6130495
0.6839516,-1.0454792,0.0032730973,-0.9714743,-0.91447276,0.2150693,0.27586064,-0.4399068,1.9918807,-1.1016214,-1.0501578,-0.60229605,0.711593,1.4865602,2.9091153,0.49374434,-1.3245692,0.27950284,0.8273475,-0.4710619,1.5334854,-1.0250671,0.66070104,0.01273681,0.14637011,-0.2819154,-2.0448942,0.77534777,0.28775385,0.6816231,-0.9319855,0.52033615,0.013687036,1.9081622,0.10306824,2.4828713,0.36851886,0.7457314,0.24676189,0.030334862,-1.0153166,-0.121086836,1.9413487,-0.43822268,-1.0675119,0.47626668,-1.4989284,-1.8996669,-0.048337083,-2.2858057
0.12640831,0.3778073,1.6239493,-1.8348817,-0.6989449,-0.5858945,0.26944733,0.6886799,-0.85863686,0.008438514,0.5404893,0.004644036,1.5132229,1.7972593,-0.20683925,-0.41725528,0.60592574,-1.0656626,-0.20583394,-0.5332976,0.3281367,0.35139066,0.3520024,-0.36775056,-0.012539314,1.3358207,0.1749958,-0.7028784,-0.24613446,0.21447955,-1.7009528,1.1185061,-0.58269054,-0.4303107,-0.22134572,0.68360513,0.6072665,-1.1509148,0.34202597,0.3347792,-0.5588235,0.6038533,0.8769545,-0.83503294,1.5802133,0.41448626,1.7580656,-0.2217691,0.31972107,-1.0477589
0.34043857,-0.06300796,0.16888289,2.2695556,0.07837143,-0.6359118,0.42016605,-0.09218708,0.48829678,0.94804496,0.9231689,1.541023,-0.5034613,-1.8579582,-0.3591222,-0.08239254,0.41141993,-0.50040513,-0.085809946,0.46949905,-0.71819085,1.2205912,-0.8049436,0.91675675,0.26869443,0.049790546,-0.6050644,1.268464,-0.8366131,0.97138464,2.2317307,1.7846283,-1.147503,0.4196224,1.5967872,-1.4232965,0.17663501,0.8156075,0.46765184,1.3785771,0.76201814,-0.070961855,1.0076152,0.37420732,2.2121618,1.1253545,-0.75661576,-0.33786863,-0.20546074,-1.1107321
-0.92962956,1.0538712,-0.84321254,-0.95638055,0.089619264,1.3403686,-1.1116767,-0.42906797,2.1060834,1.8652637,-0.64636207,-0.9958729,-2.316727,-1.8554518,0.13766825,1.05334,0.11617566,-0.37738505,-0.5493064,0.040211517,-0.5038257,-1.7751105,-1.0201058,0.21145524,1.5711195,-0.2666118,0.14250751,1.1160412,-1.2145535,-0.021393064,-1.5772783,-0.15646093,0.105487354,-0.48140875,0.5145632,-1.6568052,-0.81554955,0.37901947,0.32886347,0.08279057,0.9767315,1.9807395,1.0051333,-0.17895202,0.50231475,-0.24689497,-3.609775,-0.5841878,-0.38939315,1.489321
-0.39268047,-0.29662994,0.40080518,0.6633384,-1.0332309,0.5234001,-0.21923363,-0.3719841,-0.76382816,0.7653001,-0.31051907,1.1128458,1.9578257,-0.80486256,-1.5828701,0.25357628,0.27539736,0.46595886,-1.0643097,-1.5628703,1.2516677,-1.2625511,-1.4580355,0.24431574,-0.8213648,0.12614293,-0.63711023,-0.0004933351,-1.1341269,0.7707498,0.001913797,0.23133765,-0.31301653,1.1404234,0.9438617,0.034703847,0.71310884,-0.6441947,0.89944124,1.1469785,1.2750485,0.4932473,0.0030036548,-0.40556678,-0.07913571,-1.2994888,0.5172622,-0.51974916,0.22689304,1.2506773
0.20998845,0.7372719,0.5121212,-0.904904,0.99785286,-0.74890137,-1.5833012,-1.5253677,-2.135206,-0.071676634,0.3570028,0.14622831,-0.043565955,-1.1381947,1.4049572,1.5891398,0.20637979,-0.25306892,0.779431,1.271602,0.029760972,-0.529187,-0.15522648,0.038648937,1.3714036,-0.32735702,0.16299807,0.40277225,0.82795644,-0.71993357,-0.9103106,-0.14883493,0.9255423,0.26503795,0.42222157,2.4862516,-0.36898232,-0.47709596,1.0290844,0.90237665,-0.91575813,-0.26801658,-0.38740763,-0.5280364,-0.65440226,1.9729217,-0.949443,-1.6587722,0.63653,0.566578
0.7287289,-2.1525965,1.2768201,0.08632571,-0.5914615,0.5234579,-0.08405606,-0.9964774,-0.17390236,1.3428593,-0.15332228,2.5433395,-0.65241843,-0.7190077,0.85019636,-0.08937448,0.14188468,0.16522345,-0.6015329,-0.9550073,-0.15300816,-2.6057985,0.3631642,-1.5527883,0.1301819,-0.2938904,-1.561592,-0.5205712,-0.2902396,0.89513624,1.8342321,0.87578475,-0.8413684,0.7477915,0.7525073,0.998322,-3.5154061,-0.79163146,1.6851707,0.7557071,0.087361775,0.32290098,-1.4304731,-1.4685427,0.2395289,0.4548593,-0.35195762,0.6665091,2.2555704,1.6039102
1.6528606,-1.2487726,-0.279666,0.032479655,2.3513827,0.48095155,2.5066109,0.34449193,-0.25434503,-1.00752,-2.234855,0.5808455,1.7134831,0.74920976,0.042068847,-2.024723,-1.0194674,0.8563012,3.468427,0.0053375578,-0.4487433,1.040739,-0.15382539,0.30739215,0.6491695,-1.6709061,0.33998135,-0.64138263,1.1461061,0.78377,-0.32117885,-1.0913806,-0.6447222,-0.705183,0.86086535,-2.132265,-0.21295883,1.4153061,1.137258,0.3421686,-0.88975793,0.21248612,-1.0268329,0.31698444,0.8137776,0.83366627,0.38588735,-1.6198514,1.9847982,0.5221368
-1.0778247,-0.27461088,-2.4531898,-0.16698998,2.8169336,-0.46500653,-0.6090827,-0.1260606,-0.74601924,-0.3382152,-0.5030348,0.22546056,-0.4310536,-0.07874306,1.667151,0.75159246,1.1021156,0.32260776,0.8977632,-0.3910234,-1.5070506,-1.02246,-0.10153666,-2.0603652,-2.1981573,0.5975154,0.3338766,0.3401269,1.9786335,0.77565634,-0.12760334,1.5604283,0.29959944,0.8602345,0.94417256,1.2602222,0.36127424,-1.672379,0.13892955,0.2616626,-1.053521,-1.5155022,-0.29746142,-1.7389345,-0.9326726,-0.97144645,-1.8888648,-0.30426383,1.9721754,0.49885467
-0.88569945,-0.9634417,-0.55587244,0.74387246,0.06268051,0.6663416,-0.8864139,-0.49097657,0.090804145,-1.1391324,0.29023752,0.022949155,0.92746526,0.36633953,1.030184,-0.50401956,-0.46914878,0.9412779,-0.30171376,-0.51977384,-0.9344807,-0.5662151,-0.63237345,2.0591445,-0.64208424,-0.6645016,-1.5353419,-0.13782597,-0.34776866,-0.61126745,-0.27795497,-0.03821512,0.22192593,0.092663996,-0.57100725,-0.9282046,-1.3157251,-2.4244387,-1.9883411,0.6224776,0.17056105,0.18034907,-0.31980348,1.4497044,1.3912566,-0.7032646,-0.064593114,-1.1741687,0.6638736,-2.147182
-1.2214891,0.44673836,-0.28554115,1.3096375,-0.7464447,1.1721848,0.66966355,-2.3674226,1.3031846,0.008937123,1.2031794,0.54304487,1.2416027,0.21390846,0.4046503,-1.308885,-0.060791716,-1.908466,-1.3425977,-1.5003353,1.1834193,1.1244757,0.38997275,0.65080094,0.9465981,0.21336791,-0.49668768,1.3540272,1.7178118,1.5681077,0.22472835,0.07570815,-0.13781448,0.2901298,1.5350429,-1.6459194,-0.16181387,0.29026031,-1.4912484,-1.4812607,-0.5897608,0.39206162,0.37981516,-1.6110111,-1.523153,-0.9824561,-0.36737442,-0.45922428,1.7013183,1.0631269
1.8367096,-0.308679,-0.23940106,-1.8154169,0.6679191,0.76216877,-1.6624283,0.34401622,0.94611603,-0.3221498,-2.3148797,-0.77126235,0.46385977,-0.2246893,1.1211162,0.8852832,1.0724815,-2.0661442,0.6732896,-1.5957702,0.3277992,-0.27890775,-0.5041458,-2.0068216,-0.016642516,0.16624758,-1.0566802,-0.2909887,1.7341955,1.6053436,-0.82191676,1.9776464,-1.0650948,-1.3776493,0.03566002,-0.73942786,-0.5872434,1.0513923,0.13889237,-0.23901442,0.8186431,-0.20045514,-1.0693628,0.29463026,-1.1717021,-0.52324986,1.4632792,0.06979591,-1.7824365,-0.89066064
-2.142456,1.3657206,1.4550829,-0.010476828,0.5996531,0.54322076,-0.036370777,-1.4566915,0.3792022,-2.160814,1.1124729,1.0048321,1.5701339,-0.5912241,-2.711949,0.00015608151,-0.14399837,-0.5235844,-1.7973744,-1.6997889,0.057545736,-0.6637159,-0.29608554,-0.58704096,0.534216,0.22623144,0.08493842,0.52346355,0.3073431,-0.13498665,-0.80686325,0.5803867,-1.1493865,0.5555621,1.101966,-0.41012,0.28582802,-1.7004236,3.4086423,-0.19764242,0.11117943,-0.043370288,1.8304375,0.54743373,0.10261978,-1.0244033,-1.4040132,0.64649737,0.76835257,-0.61746424
0.3731182,1.4222888,-0.017632606,1.1523056,1.1906942,-0.91872346,0.47300377,1.5578862,-0.07171777,0.44711122,-1.9439225,-0.77560496,1.2529445,-0.71480167,0.32758376,0.6126754,0.5195795,-1.4788781,0.38224316,-0.02968304,-0.5371126,0.44858515,0.21232602,1.1348029,-1.9308193,0.78590184,0.5647907,-0.5585826,-0.214548,-1.4635375,-1.1567817,-0.14765713,0.74212945,1.1142347,0.89013344,-1.4079262,-1.0017467,-0.7010932,0.27914673,0.83213043,0.39310977,0.72341585,1.4079391,-1.7013397,-0.7966027,-0.9465375,0.5474096,-0.5549126,0.3836227,-1.0498775
0.46582037,0.23922703,1.6258531,1.3621181,-0.83758765,-0.94125086,0.71014696,-0.5707793,0.3551027,0.10578062,0.7925821,-0.2310333,0.5572185,-0.69635785,0.5387248,-0.75414926,0.70906943,-0.017316509,0.4913295,0.6453476,0.12408157,-0.0018330726,-1.193114,-0.5271913,0.7721436,0.4378767,1.0741023,-0.1662642,0.9217372,0.32185704,1.0586668,-0.18097438,-0.2292741,0.5843288,0.38893858,-0.7884111,-0.7725075,0.4124176,-0.677144,-0.03927392,-0.9717896,0.29614073,0.6892305,-1.254708,0.61607045,0.56452733,-0.14580168,-0.3929347,-1.1123216,0.69780827
0.48311415,-0.9249271,-2.5765183,-0.85250676,0.39144278,0.4347389,-1.0478672,1.934245,-0.21340846,-0.3206616,0.8322011,0.400321,-1.4306558,-0.80565614,-1.6402882,-1.0448962,-1.6036114,0.32108682,-1.0007368,-0.028876921,-0.29169744,-0.08877272,-0.13502131,0.39488187,0.85354954,1.2353543,1.2718261,1.4748826,-0.49835825,-1.2819676,0.6394292,-0.032391604,-0.31448832,-0.022501934,1.7187015,-1.1252156,-0.22506605,-0.9632615,0.23239855,0.27375403,0.20068026,-0.80107856,-1.8450266,0.16899878,0.108125046,-1.5751308,-0.45956534,0.2547909,-1.0889602,0.5667172
0.04264977,0.17630163,1.1858281,-0.45058885,-1.7019111,-1.5199404,-0.6254616,2.4122648,-0.63686,0.4041803,-1.2602088,0.023147412,0.0037895723,-0.69092005,0.54880565,-2.275779,0.9981929,-1.015711,-0.53018165,0.2115418,-1.2444844,-0.67646897,0.009869716,0.5067312,0.90076524,-0.90619606,0.6412207,0.39223582,0.21733697,0.64624935,1.0374004,-0.01745482,-1.4300512,-0.7603189,0.13357505,0.43142512,0.20730314,0.16605496,0.91135865,-0.16205542,1.017352,-0.5772733,-2.353426,-1.479004,1.0756367,0.35426828,-0.7676991,-0.16829792,-1.1201011,-0.24565504
-1.3272252,1.07483,-0.015738467,-1.776341,0.46671298,0.29640087,0.41813463,-0.82658756,0.2845742,-1.4414047,0.7259857,1.3088902,-0.97925174,0.44888598,-0.89024276,0.0528508,1.2903266,1.7964387,0.9246702,1.6156131,-0.756354,0.072358675,-1.2746966,0.38641137,0.67690367,1.6889195,-0.24221113,-0.059345715,0.5241357,0.5707959,-0.31245348,1.1495559,-1.1938313,0.35045385,-0.7197681,-0.035162903,-1.3130202,-0.059162878,-0.43387207,-0.46071258,0.52834934,-0.095621854,0.77285075,-0.16078831,-0.11220261,1.3732353,0.8287035,0.5769227,-1.879417,-0.028735152
0.13657714,1.3390145,0.38097247,0.8387756,1.3793796,0.49162343,-1.2942827,-0.044218518,1.185873,0.3941782,-0.33706778,-1.5176194,1.1592089,0.18450055,-0.589806,-1.2920247,-0.19870213,-1.0743,-0.51695293,-1.5072492,1.6011176,-0.99539363,0.14129947,-0.26030734,-1.7160684,0.10973066,0.621571,-1.549429,-0.68162954,-0.0153206745,-0.5338179,1.606182,0.22295003,-0.38860193,0.35772282,0.039331287,-0.764326,0.3038296,-0.95518816,0.91194963,-2.353569,-0.15804747,0.19033208,0.43165016,0.82775444,0.099815786,0.7752686,-0.9378481,0.81585497,0.49687284
1.0314054,-0.08704241,0.46883294,-1.9175277,1.4952608,-1.996231,0.72736484,0.56790215,0.44076934,-0.14951006,-0.1846817,-1.721897,1.3308418,2.7361445,1.2752727,-0.56260115,1.0232239,0.23778228,-0.5030288,-0.11762544,-0.8319824,0.66625553,-0.6900593,-0.77345645,-0.14241152,-1.114361,0.5857083,0.2751467,-0.26921493,0.26630068,-1.5663927,-0.26287025,-0.7731349,0.6666937,0.7315232,0.57104313,0.6830375,-1.1054703,-3.1267166,0.18638848,0.5198926,0.8080762,1.3612098,1.3363931,1.6263505,-0.5016976,1.557537,1.0845255,-1.0815022,-1.0708594
-0.75293005,1.3757803,-0.70037043,1.0940822,0.20074408,-0.81944156,-1.2323993,-0.5669463,0.36976117,-1.6426678,1.1795665,-1.1378272,-0.7750459,-0.97613245,-0.37053996,0.7847232,0.4839117,-0.07092802,-1.6316965,-1.2170168,-0.5904617,0.12052623,-0.04800954,0.38266876,-1.4313129,1.0312116,0.6544563,-0.7850189,0.5412224,1.816495,0.102294624,-0.40423787,0.07039555,0.35608187,-0.45427307,-0.44226757,0.66647094,0.03524963,-0.66075426,-0.48583323,-1.50041,-2.387091,-0.046489377,0.72650814,0.7251335,-0.28481165,-0.11356375,0.6406434,1.9622848,-0.42030543
1.2968818,0.04633415,0.5776248,1.2045887,-1.2142347,-0.8970129,0.068001315,-0.35987383,0.31935757,0.3750103,-1.5732265,0.71324193,-0.50171053,-1.721641,-0.8194407,1.2523471,0.11636381,-1.9203597,-0.33096606,-0.5034357,-0.3098299,-0.61787134,1.2205681,0.4309261,1.1478468,1.2029662,-0.5286497,0.9575948,1.7919863,0.021771766,-0.36471376,0.8872377,0.611616,0.5553825,0.16063996,-1.0730023,-0.66211545,-0.567118,0.546924,-1.6631571,0.7230766,-0.97722435,0.5906425,-0.034512643,0.75089633,-0.28754517,0.028077193,-0.49464968,0.21822628,0.329456
2.1437252,0.5650245,-2.6102731,0.2496103,0.2527806,-0.026287176,-0.036317907,0.007400167,0.8145499,0.45175564,-0.12725346,-0.19758141,-1.9146672,1.3707323,-1.4256922,0.72869366,-0.7886426,1.1736274,-0.55990964,-1.1896396,1.9662198,-0.44363397,1.4517168,-1.2810714,-0.29589775,0.3980854,-1.0479846,2.4770558,1.105771,0.6556673,-1.2232988,1.4669944,-0.7077786,0.48057973,1.9955492,0.08662887,0.07659506,0.13584307,-0.40255663,-0.677166,-0.2753587,-1.5989264,-0.25995904,-0.32637787,1.1404583,0.40724123,-0.36033043,-0.1301223,0.89550257,-0.30280024
-1.2736629,-0.67959726,0.22096117,-1.096693,0.57640535,-0.8761977,0.44355604,1.2891018,-1.1283749,-0.4874353,1.3693681,-0.1297754,-0.67374057,-0.7168839,-1.2401451,1.290616,1.4773581,0.49901408,0.73423827,0.5838011,-1.3303682,0.047294315,-0.95344615,0.6862967,-0.37461117,0.027152836,-0.859906,-1.5749495,-0.43532422,0.67971057,-0.24163996,-0.6769865,0.58527976,-0.6275152,1.0252134,-0.81113714,-0.8057074,-0.49259725,0.4266305,1.0072792,0.858592,-0.45621294,-2.2591999,-1.155258,1.3461193,-0.37159595,-0.8714774,1.2935303,0.2902524,-0.36814994
-0.5971103,-0.0558805,-0.37392223,1.0244888,0.40643412,0.55429256,0.03124803,-0.024424028,-0.3767105,-0.03307302,-0.01820452,1.6740311,-0.159069,-0.31361297,-0.93184364,0.042337097,-0.38794723,0.09616892,-0.78039825,0.44636706,-1.3045152,-0.7811908,0.31025216,-0.422732,-1.1992276,-0.039611463,1.1927131,-1.1170452,-0.96912897,1.671046,-0.66885215,-0.12824094,-1.0653175,0.060138743,1.2077453,-0.42544723,1.1864276,-1.0000712,0.4403555,1.903117,-1.4019777,-1.1434,-1.5665826,0.48418877,-1.1812129,-0.37325168,0.3321697,-1.170006,-0.5352364,-2.098892
-0.48998317,-2.3427033,1.2969158,-1.2175821,-2.829839,1.0447586,1.6455001,0.7742882,0.71688974,1.0474236,-0.72441566,0.42823657,-1.5055782,-0.90804297,1.2403402,1.0351735,0.88899297,-1.6663783,-1.029593,1.0147913,-0.97827154,1.6923662,-1.1859639,0.7907339,-0.66929436,0.981751,0.7332431,-0.35355815,-0.47134256,0.030762387,0.364513,2.6160986,-1.7761725,0.3033209,-1.5085642,-2.7934833,-1.1465015,0.4194719,0.2490465,2.3130784,0.080673166,0.24633092,1.30041,0.3125164,-0.97925127,-0.13521636,-1.136637,0.55022967,-1.4946288,-1.7493756
0.5110056,-1.080815,0.31634337,1.7030301,0.25000146,1.6159332,-1.726694,-2.0894136,0.08075052,0.9724097,0.23520796,1.572338,0.8157931,0.34336317,0.95051914,-0.48498663,-2.1157832,0.21907872,1.1477731,-0.65768373,-0.35381243,-0.87148225,-1.8200346,-0.74240243,0.38082144,0.9536634,0.6208057,0.07766589,-0.81131864,-0.61601067,0.9837057,-1.8146913,-1.6287389,1.2451288,-1.1385207,1.6272751,-0.74438924,0.353524,-1.457901,-1.4099247,0.73595405,-1.0133959,1.1563739,-1.1408643,1.452527,-1.0522318,-1.3774066,0.5211964,1.0694232,-0.30038288
-0.56162065,-1.5011601,-0.912341,1.3631363,1.3241051,0.6804755,1.0354053,2.7071571,1.0351782,1.3085333,0.3836602,-0.6883948,1.1182725,-1.0674386,-0.07978532,1.2177489,-1.1067221,-0.20068441,0.97650975,-0.020157715,-0.25368118,1.5203325,0.4231263,1.1081719,1.5753849,0.08176364,1.40466,0.39232826,-0.40659434,0.74012107,-0.23190363,0.5568221,-0.18032068,0.88183874,0.4011567,0.29907805,-1.4664106,-0.19899821,0.9043421,-1.2825524,-0.5080841,0.056145772,-0.61777073,0.011747105,0.69267964,0.37927464,-0.8936539,-0.6051963,0.718264,0.84352386
-0.8867753,-2.3048215,-1.9525621,0.037880942,0.75005907,-0.21338962,-2.2009294,-0.043246925,-1.4040753,0.238555,0.4131837,-0.07964528,0.35517365,-1.9173156,0.77102387,0.7913358,0.3286828,-0.9948077,0.92014086,0.6522978,1.5396168,0.77192456,0.38699558,-0.59439576,1.5484378,0.7838964,0.31529203,0.86511666,-0.12051007,0.84711486,-0.39436445,1.2113268,-2.2803051,-0.25658184,-1.572773,1.2114441,-0.9071084,0.67446804,-0.19440274,2.243256,0.5738167,1.7158866,-0.1797692,-2.4910538,1.7366573,-0.2708599,0.0602696,-0.6240701,-1.8740716,0.52014774
0.49909455,1.276917,0.2873653,0.6218165,0.22151238,-0.61155266,0.7772376,-0.26696151,-0.24874532,0.4912434,-0.17250444,-0.29714197,-0.9365365,-1.6622598,0.54119366,0.9728853,0.2903608,0.6766063,-0.47807586,2.226607,1.1372501,0.42434427,-1.8793097,-0.9116237,-0.8132531,-0.8306318,-0.39706543,-0.74889386,1.3500991,-0.9148007,-0.019951407,-0.3657333,-0.79845476,-0.31675893,1.5714294,0.4269392,0.3203106,-0.07968869,0.06760005,0.52895206,0.121705726,0.92221415,-1.3364186,-1.3453357,1.994198,-2.2997293,0.59045535,-2.1498992,0.5377032,1.0692152
1.0907334,-0.91143346,1.1239864,0.18267003,-0.31103483,1.658315,0.008988898,0.42835912,0.85064304,-0.07228449,-0.9053437,-2.512203,0.5950632,-0.3505116,0.3937757,1.5089576,-3.3773885,-0.52901304,-0.95425195,0.35540682,-0.9350129,-0.060913134,-0.8797154,0.09625956,-1.779916,0.8666084,-0.5206903,-0.56174016,-0.28502885,-0.3706633,-0.31642085,0.8533509,0.70764536,0.33301175,0.39601627,-0.16561787,-0.4907177,0.29966533,-0.32439741,-0.49847218,0.9187839,-0.11084371,-1.0978798,-0.2192473,1.1567662,0.4441054,-0.53188145,-0.40160176,0.9308721,0.7935937
1.0467137,0.18492626,-0.9032308,-0.09507347,0.41748112,0.64539117,1.2873081,-0.48837736,-0.98991823,0.4802586,-0.687691,0.58704865,-0.3037892,0.14672838,0.11862848,0.970557,-0.6909606,1.8621337,1.8050267,-0.7020611,-0.78571445,0.5935348,-0.66387075,0.913589,1.2274668,0.46205038,-1.6351366,-1.2867513,-0.57928395,0.29738426,2.161862,-1.2428176,0.82938856,-1.0143331,0.8104199,-2.3475802,-1.3827239,0.45281193,-0.20444256,-0.49499914,-0.25401855,0.5271944,-1.4613258,0.14551702,0.40798727,-1.6394753,0.67160296,-1.3750578,0.2721064,-0.2937675
-0.9477014,-1.2108089,0.02364206,1.9816779,-0.76150966,-0.658413,-0.46458703,-0.79230595,1.4055623,1.3885509,0.1567067,-1.4126446,-0.36748993,0.34651965,1.5315429,-1.4688963,-0.2559375,0.060752586,0.114998326,-2.199472,-0.17103247,1.0966434,-1.3069782,-0.5060574,0.6749661,-0.53949,-0.49755648,-1.1041151,0.051294737,-0.3465508,-0.891891,0.04883556,0.20359723,-0.48146105,-0.9116978,-0.74938834,-0.38339603,0.063689165,0.3684328,-0.9356095,1.2059733,0.2725395,1.1784219,-1.5825951,1.7631826,-0.42816126,0.9840217,0.82574326,-0.2514899,0.65408695
-1.6762837,-1.0836117,0.5079287,-0.09521218,-0.4830982,1.5511082,-0.8584198,-0.8827953,0.17742571,0.47006646,-0.049268745,0.2263323,-0.17142501,-0.29902536,0.3641777,-1.3429803,-0.6361535,-0.41230518,-1.7528429,0.6986977,0.2316449,-0.85618794,-1.3958564,-0.25860104,0.19870415,0.01084277,-0.39412695,0.2713391,0.69619435,-0.68986344,-0.20833468,-0.46257886,-0.36188984,0.59423643,-1.8925836,-0.1208635,-0.002352918,-1.1961635,1.4229928,-0.44357082,0.33776182,-0.34763157,0.01392671,0.8939816,-0.26458013,-0.5323826,-0.510265,-0.51479787,0.5345059,-0.3692298
2.3916552,0.26551762,-1.1405587,0.66100043,-1.5072638,0.35285,0.46510157,-0.0995825,-0.42693233,-1.3220508,0.34640795,0.068226084,-0.37370986,0.28910717,0.2268361,0.24793866,1.5353084,1.9400191,0.31275707,-0.10072559,-0.7527338,1.0079107,-0.5829735,0.35598916,-0.76690054,1.6233839,-1.2733924,0.8515937,-0.90816283,-0.5036859,-0.94909775,0.27822793,0.5786562,-1.2661388,0.5830123,-0.1956218,-1.1097201,0.33330896,2.578116,0.6222462,-0.6962988,-0.5683944,-0.31723025,-1.2615235,-0.21389574,0.034581807,-0.23631473,-0.13349058,1.4880109,0.7956263
0.44331497,0.18607704,1.672768,-0.3490351,1.7899437,-1.5369788,0.5851633,0.023910167,0.8654521,0.3275231,1.4402413,-2.5192056,-0.95817614,2.1955116,1.5861949,0.11527742,1.4558113,2.0349817,1.0744808,0.009382645,0.9457598,-1.2149544,-0.42436618,0.32079142,-0.5348491,1.446454,-1.0760084,0.9580529,-1.9084358,-0.10349412,-0.1779781,-1.1476713,1.6377372,-0.6772577,-0.7917767,0.4070907,-2.1275444,-0.5054883,0.68727434,0.082238145,1.3261217,-0.41103727,-1.250954,1.6963145,0.794873,0.34316808,-1.3402892,0.05584349,-0.50912184,-1.0379025
-0.014722345,-0.05751297,0.064100645,1.5726227,0.21570617,0.07373153,-0.024586637,1.9715011,-1.0561998,-0.4617174,-0.10007059,-1.7352581,1.4079827,-0.44102135,-0.2089818,0.24365307,-0.29744023,2.1515,-2.2495406,0.5964725,-0.22897388,-0.36973417,-0.37256837,0.1386851,-0.6425148,-1.4671978,-0.62512517,1.0491384,0.22797205,-0.3524963,0.37707254,0.4573861,0.92594326,1.9174697,0.2904559,-0.093377315,-0.69738156,-0.8111556,-0.630908,1.2521747,0.75989234,-2.169425,-0.6105849,0.6428184,0.95334053,-1.0297437,-0.19970736,0.529126,1.6895783,0.23210198
-0.1910773,-0.73317957,1.0343757,0.50867337,-0.09157505,1.2636607,0.35019526,-0.9689247,-0.3820911,1.4504322,-0.648122,0.9470003,1.2062045,0.47820565,0.21809195,1.5340418,-1.3564417,-0.83648825,1.0219896,0.62398326,-0.58499396,-0.7259919,0.14909011,-1.5427833,1.4480062,-0.09936433,0.21378796,0.21637937,0.26555282,-0.6375384,0.5517237,-0.7184634,0.46595314,0.398798,0.2924091,-0.88438857,-0.20014055,-0.6394779,0.44986546,0.66211,-0.13920717,0.2793444,-1.0146469,-0.9783906,0.32207558,0.4250375,1.0807123,-0.20943287,0.45420793,-0.6610702
0.104736805,-0.43665007,-0.9902061,1.0814734,-0.58558685,-1.0852726,0.03654825,0.27523744,0.77305174,0.62553626,-0.7629811,-0.11271413,-1.1049247,0.27332556,0.45426586,0.25192097,-0.6633161,-0.8462701,0.9879662,-0.57264376,-1.4704624,-1.124039,-2.0955284,-0.2583531,0.44233942,-0.11974475,-0.38906634,0.7271331,1.6351931,-1.3805926,-0.7681746,0.07538328,-1.3470633,-0.72493887,0.21379994,0.020932017,0.06588212,-1.2937107,-1.3661795,-1.6680388,-1.0543776,0.47439212,0.2010783,-0.41974378,0.5330028,2.2855647,0.6355958,-0.9121682,0.3466948,0.5301365
0.58967716,0.04239587,-0.45500755,-0.26175904,0.24084985,-0.115677506,-1.671946,0.8573176,-0.035990544,1.7554184,-1.0310708,0.6937123,0.5438889,-1.9990515,-0.17979504,-1.2328156,-0.0021912984,-0.18986976,1.2515818,0.7469954,-0.63383543,0.959804,1.081881,0.6154732,0.21025932,-1.3038424,1.6167778,-1.0337415,-1.1927712,0.035261653,-0.8093254,-0.9110742,0.8696586,0.91331667,0.13797066,0.62142414,-2.44325,-0.10756233,0.05420302,-0.84675187,-0.7439024,0.11136722,-0.59143615,-2.0328476,-1.7105713,-0.17560466,0.55608875,-0.5721806,-0.8785864,-1.1337539
0.15436657,0.9533847,-0.5148086,-0.5566865,-0.23780616,-0.6372603,1.3353907,1.2064965,0.4961024,-0.62043464,-1.5444853,-0.8695292,2.0104675,-1.1969786,-0.12006029,-0.35203502,-0.32492384,-0.8594088,1.0270666,0.64498127,-1.5043775,1.6891344,-0.9868151,-0.86119175,-0.9012066,-0.22662663,-0.7446459,0.7561957,1.114774,-0.32404217,-0.4046816,-1.3783848,-1.4816482,-0.2442171,0.58230305,-0.8098621,-2.9998715,2.3852167,-0.9355182,-1.0554776,-0.6374614,0.25113958,-0.7871821,0.25909674,0.99032104,0.6647179,0.019804068,0.5305082,0.23541611,-1.8087238
1.0095801,0.027814975,1.5744435,-0.5539728,-0.688456,0.6359258,0.0059793177,-0.7626406,-0.7002592,0.6392674,0.25066465,0.6273493,1.737826,1.6217186,-0.98500454,0.36126953,-0.6782922,0.42413396,0.22916687,-0.41419074,-1.9114037,0.43186253,0.6646822,0.522397,0.38594887,0.1634679,-0.06887155,-0.7394083,-1.1642569,-0.080756575,-1.5240436,0.597157,1.2703921,0.85567427,0.5603033,-0.28976583,0.9371442,1.2937356,1.1814364,0.5179191,-0.17280695,-1.2403728,-0.4735448,1.5584174,-0.93428063,-0.73226124,-1.4162717,-0.5662521,0.39066172,-1.3374188
-0.39324594,-0.18489686,-0.83148277,-0.94691783,-0.5578866,1.0748868,-1.183908,-0.21580373,-1.1603703,-0.082585126,-0.39282367,-1.3927094,-0.6169123,-1.5965592,-1.5869495,-0.4780022,-0.38557744,0.19880743,-0.09453368,0.9103117,-0.26516026,-0.18681692,-0.2335242,0.23902304,0.021679785,0.23793675,-0.14457957,-0.7627162,0.9999006,-0.42555988,-1.1351409,-0.2971449,-0.72966635,-0.14463997,0.34231406,1.0136368,0.8112442,0.78965336,-0.36444068,-0.9407995,-0.4064118,0.51114124,-0.30328482,0.020447604,0.97157735,0.3475722,0.6269151,0.42465624,1.0982065,0.4802693
-1.1767026,1.2240559,2.1052356,-1.2935556,-0.0028193924,-0.4271434,0.3059328,-1.2541885,2.1586297,-0.4201868,1.0478971,0.89930826,-0.45384756,0.85770667,-0.25885537,1.273281,-1.2904553,0.06426347,-0.20754093,1.7387483,0.19156003,-0.54235125,-0.7740484,-0.9987732,-0.74877894,0.34025726,0.5956599,-1.8939375,-0.7134526,0.8754693,0.7536047,0.45207548,-1.1134804,1.014831,-1.671501,-0.85167533,-0.6443053,1.4020921,-0.56688434,-0.29153025,-0.10412681,1.6633081,-0.21286337,-0.27463683,0.73007286,0.78869885,-0.17998348,-1.6691625,0.06731052,0.58984745
1.1692568,2.1981912,1.3894477,-0.14026667,1.7426811,0.2186555,0.5642332,0.014850678,0.5913821,-0.333283,-0.66133773,0.9625057,0.09463353,0.21105024,1.2433057,2.6217027,0.25550365,0.84967804,0.42471462,-0.29738212,0.18840145,0.8169925,0.62878937,-0.5672597,0.21673407,-0.31164038,-0.36132726,0.7852763,0.34680074,-0.23609163,-0.12190524,-0.3657815,0.9015297,0.90416294,-0.68774337,-0.07877449,0.024967037,0.011813348,-1.5884657,-1.4551425,0.6436167,-0.92662954,1.4554585,-0.4119351,0.34407288,-0.870052,-1.2069713,0.8216489,2.016986,-0.7132215
0.37104478,-0.33978343,-0.4882191,-0.13349484,-0.772591,0.6460593,-0.2985141,1.4965827,-0.40713134,0.25480938,-2.2150517,0.23433718,-0.029498963,-0.08245239,1.7001958,-1.1665097,-0.040634777,0.62679255,-1.4203672,0.018627621,-0.26588508,-0.6215255,-0.18139213,0.63308537,0.3311694,-1.8462616,1.3177292,0.43574816,-0.6329742,0.75392926,-0.74154174,0.51279086,-1.2074925,2.357589,-0.14147617,0.0657325,0.981835,0.29009527,0.61783427,1.6875464,-0.720875,1.4148917,0.8792952,0.7051677,-0.7617691,-0.44715127,-0.65167105,1.6154844,0.70328414,-0.11784623
1.5224843,-0.73950785,-2.1641922,-0.3312646,0.7842037,0.83541834,0.5413644,0.69797826,-0.18159842,-0.20213474,-2.7310605,0.6643008,-0.70172805,1.376626,-0.49938035,1.3106177,1.8439565,0.6842049,0.06722095,-0.12334797,1.3553323,-0.25013033,1.6999578,0.5844908,0.47143927,0.48739702,-0.9161543,-0.58692104,-1.09036,-0.25184542,-0.22112167,-1.8250319,-1.6624869,0.1420583,-0.8972212,0.58569056,0.06904646,-2.2080054,1.9013269,-0.7939352,0.54845196,1.4204303,0.6972927,2.803337,-1.8606644,2.384435,-0.86961776,-1.0987732,0.7418623,0.058713704
1.0714978,0.10269147,0.33867818,-0.27474684,0.55470127,-0.292815,-0.52004004,0.47156477,-2.1200035,0.6541158,-0.3384853,-0.118394695,-0.27886888,-0.8890899,0.3184707,0.15014356,-0.29434565,1.2960144,0.23571031,0.6094671,-0.019243447,-1.2044619,-0.031557657,-0.56685776,-2.0107706,-1.2398041,0.17774501,-0.6752503,-0.2759143,-1.3995644,-0.8377301,-1.563385,0.5353093,1.4233257,-0.39975616,-1.8365976,-0.09135378,-0.27754185,-1.6110194,0.9769747,1.0112171,-0.25031674,2.580822,-0.76830655,-0.13964531,-0.8922345,1.6573784,0.31759092,1.0294019,-0.061846275
1.4421234,1.2480395,-2.1366315,-0.40294772,0.63452244,0.37055734,-0.38892803,0.4199138,-1.0403615,-0.9265896,0.040613126,-1.2085491,-0.16208693,-0.76029783,-0.30203053,0.23923938,-1.5686803,0.3117394,-0.31867087,-0.117629245,0.6681355,-0.2879073,-0.15893462,-1.08561,1.519035,0.24731675,-1.0721767,1.3295548,-1.3783622,0.77923024,-1.3172771,0.26996848,0.098715864,-1.2015427,-0.13829438,-1.390081,-0.9078274,0.17165983,-1.4057014,0.46420118,0.005505142,0.7005801,0.7290139,-0.1139493,-0.24754147,-0.6777828,-0.06129413,0.30451694,-0.186129,0.6812202
-0.39595738,0.41509116,-1.7324947,-1.5968273,1.1205724,-0.38988551,-0.7663296,0.76366466,-0.92109597,0.061640505,-0.15403272,-0.43015823,-0.7101017,-0.39054415,1.7040255,-0.29638955,-0.8287818,0.021442072,-0.2645595,0.33508846,-0.7851191,-0.3170924,-0.5714048,-0.120890446,-0.6195539,0.38529032,0.27374086,0.5712122,0.51434875,1.2608949,-0.21130529,-2.2276096,-0.3700293,-0.27480632,-0.23201758,0.715539,-1.4713945,-0.09720623,-1.2019935,-0.25191793,0.12257812,-0.15027206,0.7389328,0.17767413,1.7540637,-0.4381722,1.4574292,-0.7929165,-0.42277628,0.4969089
-0.61514467,0.1291541,-0.3535493,1.4967328,0.8482615,0.08234445,-0.9591587,0.82660127,0.73637074,-0.24037229,-2.2912211,1.0184745,1.663106,-0.13277124,0.35872486,3.2331576,-0.13177776,0.3514255,-1.7646986,-0.99964267,0.819972,0.59361064,0.19733252,-0.3768752,-0.13507175,2.0895863,0.63978815,0.23279522,-0.54525054,0.46142507,1.2975223,-0.6361622,1.359021,-0.8745622,0.02709611,0.90578586,1.2868676,-0.56786066,0.6132854,-0.885858,-1.4771427,1.4684607,0.90624213,-1.2623476,-0.15312153,-1.7134156,0.23061585,-1.2682079,-1.3921702,1.1537337
-0.49336305,0.090459615,-0.2053476,-0.25737926,0.6689157,0.5085664,-0.580759,-0.5441247,-1.9190124,1.7846445,0.8017548,0.9872694,-0.32707927,0.13767779,-0.6047329,-1.1161598,-0.23288934,1.0954288,1.1301132,0.22997557,-0.11356368,1.3860695,0.24587977,0.2508447,0.94110125,1.5002872,-0.025059449,-0.7116588,-0.46016496,-0.6569296,-0.8738741,0.41385078,0.88122183,1.6386796,-1.5037041,0.6063003,1.1465745,2.395422,-0.51062065,0.54304254,0.14711937,-1.3055135,-0.23227721,1.5354692,0.42666212,-1.3645929,-0.42798507,-0.34947175,0.83082795,-0.5119364
1.4175824,-0.19893509,-0.24091691,-0.7555387,0.9724594,-0.030175056,0.29933673,1.1404517,0.37864193,-1.4192108,1.946189,0.9738089,-0.16408175,-0.9054586,0.6643756,1.267563,0.2672454,0.3938024,-0.66892225,0.35273662,-0.256071,-0.19473578,1.2090741,0.11232962,-1.4988484,1.6705146,0.7771947,0.46117562,-0.119030625,0.15597863,-1.8247561,0.059032325,0.6577243,-1.7220489,-0.16809423,-0.7627487,-0.3467584,-0.31409326,1.4170845,-0.6477126,2.0434375,1.3860862,-1.2792684,0.22166067,0.4919865,-0.41902652,0.7395838,-0.29061678,0.2577328,-0.83955234
-0.42333737,-0.6061019,-0.26221463,-1.5888555,0.2657255,-0.64501953,-0.30887252,-0.23271193,0.74219817,-1.1395165,1.122104,-1.1631992,1.2327392,-0.10080104,-2.162425,-2.7241995,0.54013777,0.7679575,1.6743357,-1.157176,-0.4990176,1.228677,-0.8485731,-0.6037867,0.91192955,-0.76002455,-1.0191871,0.623015,0.8486252,-0.16205092,-0.19429986,-0.6126766,-0.67325675,-0.5200474,-0.6055059,-0.6147323,2.045012,-1.5659977,-1.1202718,1.4614444,-0.1495692,0.916663,-2.4861708,0.025487639,1.1055009,0.8658378,-0.1114748,1.8117869,0.5775345,-1.4609929
-1.0392448,0.33031607,0.6907282,0.33533013,1.1009395,0.7732457,1.895778,-0.47148383,1.7105632,-1.6334912,-0.7975681,-0.30066872,0.8154178,0.23595385,-0.54674476,-2.1035714,-1.2439634,2.2728667,-1.9849058,-0.05989858,-0.3661395,2.1996355,-1.2145354,-0.81884336,0.52708334,1.3074453,1.6397473,0.54623044,-0.88667357,0.83586836,-0.6134337,1.7978226,0.49914742,0.7586948,-0.25140685,-0.7683132,0.8447464,-0.071752645,0.68302613,-0.38889864,-0.02252196,0.1117817,-1.3804765,0.96766704,-0.16096142,-0.8432254,0.74805933,0.32011536,0.32931316,0.31406862
-0.9702911,0.6702269,-0.31572634,1.603763,-0.61314994,-0.33647218,1.0448297,0.06536432,0.4348266,0.013324415,0.9872433,0.9990949,1.0525867,-0.40870878,-0.32171094,0.40439555,-0.14330484,-0.2820649,1.8029537,0.6010467,0.35093057,-0.532161,-1.5455735,-1.0394245,-0.82837266,-1.491001,0.35734043,0.5524667,0.44218984,-0.06021549,-0.6186893,0.031746093,-1.0424168,0.14550734,-0.11952908,-1.151256,-1.1327815,1.1395057,0.7147428,-0.81616277,-1.0898937,-1.1161665,-0.4159012,0.8526243,1.0850803,0.034824718,-0.025133932,-1.1812317,0.6465379,1.0589559
0.53658044,-2.735671,-0.67722905,1.0428517,-0.08490099,1.3648049,1.1004168,1.4330387,0.69043064,-1.4103462,-0.2952886,-1.0686903,1.8200485,-1.1323519,0.18661654,-0.11578524,0.9783916,-0.91701466,0.37458077,1.7671579,-0.81983465,-1.0186359,0.55437183,0.5800483,-1.7329992,0.14652699,0.67404544,-0.6182241,-0.13661641,-1.0243864,0.80570084,0.18975234,1.0148802,-2.9329972,0.4309452,-0.2268008,1.069418,-0.27779528,-0.5303035,1.0949429,-1.1694638,-0.031202283,0.35302684,0.3467533,-1.1914374,-1.0920812,-0.6552007,-1.4620093,-0.3566653,-0.3501734
1.0751078,0.63758653,-0.920802,-0.89773154,1.2659316,-1.3059287,-0.97553873,-1.256256,-0.5477952,1.6274781,0.17039607,-0.04304275,-0.2665667,0.26439783,-0.15471904,0.6311105,-1.6055434,1.337421,0.21226774,-2.1735914,-0.75970936,-0.60980576,1.4708385,-0.68691206,0.55654234,0.38782594,0.12566385,-0.808913,0.6183011,0.46836618,0.68790907,-0.76720583,0.5824742,1.919,0.6902654,0.43947825,1.1133192,0.1306716,0.35628343,-0.5047747,-0.07142922,0.33196875,1.5232347,0.3753245,-1.3876443,0.82477623,0.27022985,-0.33034617,0.6055363,-0.7902215
-0.62387395,0.46457636,-1.2476555,-0.65723383,-1.3226011,0.16200797,-0.027467487,0.5272688,-0.23174004,0.20429781,0.1204143,-0.8863032,0.9718584,1.5469793,-1.1292132,0.25875267,0.08405226,0.18818237,-0.36005142,0.19817564,1.4093075,-1.3755939,-1.8668238,0.8559866,1.2032651,0.7954057,-0.8468611,-1.1565275,-1.1549152,0.96142507,-0.019546526,-1.2738031,0.47064513,-0.49548814,-0.63589907,-0.388531,-0.3121484,-1.0581942,0.3713709,0.5748892,-0.35929823,0.6805789,1.5203032,-1.1585763,0.77741104,0.6013525,1.8067148,1.2521336,-2.3206456,-0.5392504
0.9135473,0.5728592,0.5398928,-0.9423864,-2.5305033,-0.6233396,-1.1712215,-0.3425436,0.7516688,0.15100439,0.09578647,-1.1297759,1.325888,-0.60823566,-0.8083696,-0.039866377,-0.74753237,-1.3134441,-1.2444009,-1.0368239,0.15497896,1.2362096,1.0704418,-0.022274615,-0.54982144,0.31575912,0.9117663,-0.30973163,0.26178497,0.025185104,1.1760892,-0.08569324,-1.7129586,1.5848058,-0.19599259,-0.14128217,0.8730816,0.83483326,-0.48772657,0.4243773,0.60732245,-0.30630398,0.50889385,0.060323894,-0.44054377,-1.1267433,0.38001817,-1.0738597,0.12122542,0.3260973
0.42235687,-0.33651876,-1.4270467,0.9511982,-1.6767737,-1.1022215,0.08145166,0.50826144,-0.29553956,1.2189884,0.92723507,0.6964658,1.0046675,0.502292,0.21921317,-0.55923194,0.9398857,-2.2568066,0.11247501,-0.82509166,-0.30099726,1.1365824,-0.3016726,-0.29719013,-0.32153672,-1.188455,0.6786067,-0.8496406,0.1556652,0.07850255,-0.16630866,-0.19508529,-0.89125556,0.96215177,-0.31105512,0.2858755,-0.45744285,0.433684,-0.69720644,1.1006745,1.0921865,-0.060514946,-0.27965793,-0.9409593,0.09032973,-0.49323475,0.5755,-0.8062375,-0.30402514,-1.1250284
-0.91794854,1.2761047,2.4426079,-1.7819153,0.26331085,0.9757307,0.39542323,0.25071716,-0.3619658,0.67467314,-0.20483005,0.53557664,1.2139305,0.03486847,0.5386551,0.23362541,-0.4386473,0.12186937,-0.17549123,-0.31266084,-0.94590795,0.69178575,-0.5360281,0.99511266,0.4208862,0.117054924,0.93602854,1.084109,-0.1513494,1.3361425,-1.4196142,0.2153184,0.80156106,-0.60676396,-0.60436195,1.5118136,0.55048174,0.68995374,0.6055339,0.5798515,-0.2551761,0.92504215,-1.5269402,1.4434686,-0.6316177,-1.1977186,0.31322291,0.8267151,0.3486359,-0.7944618
-0.51679975,0.05443613,0.4095775,-0.7633812,0.9360706,-0.19563265,0.59994805,-1.5121586,1.779875,1.3760765,0.546372,0.4148588,-0.38270155,-0.9118742,1.5319817,1.3631922,-0.6406636,-1.425545,-0.5176034,-0.113575935,-1.3480713,-0.37635678,-1.172094,-0.28033516,0.31871057,0.19854596,-0.2748271,-1.1183915,-1.096635,-0.76143837,0.3643153,0.4878123,-0.8143816,0.62314814,0.19364552,1.6426929,-2.681856,0.17627499,0.07605772,-1.0233209,-0.7225295,1.0223355,-0.24701281,-1.449696,-0.052819736,0.2822973,0.2685736,0.3093744,-1.9364624,1.4958249
2.081249,0.26219943,-1.640165,0.99829704,0.64837676,1.0746821,0.8112904,0.18269178,-0.63109154,-0.13954544,-0.010003397,-0.25572276,-1.5754344,0.06721349,0.038430855,-0.5335763,-1.7392001,-1.6267053,1.0761882,-0.6631831,0.9332499,-0.3718996,-1.1461569,-0.8358529,1.1816974,-0.97637707,1.2016677,-0.7369867,-0.23442586,-0.42185372,1.2907666,2.9804583,-0.013326528,1.260497,-1.1345614,0.5159609,-1.8139555,0.80710065,-0.077165194,0.72362864,-0.31914717,2.4071665,-1.0056096,0.56111777,-0.054656804,2.4405031,0.9861518,-0.2714869,-0.8956791,0.9643223
-1.961687,0.9435829,0.69026935,-1.2674996,0.9060793,-0.21563613,0.53476626,0.11522817,0.14407803,1.1473296,-0.5277809,-0.22543056,0.42366394,0.65759814,-0.5237745,0.09110352,0.30929738,2.7804601,-0.51780003,-0.27811438,-0.49188533,1.4075153,-0.28778973,0.59305966,-0.9548544,-1.067575,-0.6646454,-1.9363478,0.15687084,0.021783723,0.10335696,1.5467117,0.78323257,-0.3732863,-1.4194667,-1.4324481,-0.2517046,-0.27072716,0.18002579,1.7691913,1.4045147,-1.7362945,0.49731284,1.1656249,0.1649298,-1.4073768,0.16611421,-1.7925937,-1.0443553,0.6991609
-0.7098331,-1.8330976,-1.4974097,1.2538062,0.595033,-0.26219875,0.2943617,0.20386304,0.5466221,1.0591054,-0.51969177,-0.20442648,-1.190226,-0.985289,-0.71461916,0.0625411,-0.9514823,-0.6986298,1.2120187,0.21673432,-1.9299798,0.8769643,-1.7871403,-0.7397034,0.7489476,-0.36703026,1.063716,-1.4211706,-0.2591687,-1.695158,-0.39647207,-1.1824023,-0.5547828,1.31961,-0.5713817,-0.7508264,-1.3031762,0.028149454,-0.28756824,1.0149713,0.092277095,-0.25474858,-0.06770504,0.19736896,-0.1986671,-0.069705,0.98846227,0.061188392,-1.7246884,0.13417804
-1.301941,0.22759025,-1.6237127,0.069231346,1.8271319,-1.1309925,0.4705625,-1.3721004,1.2869016,-0.77328444,-1.0784522,0.64332926,-0.32872748,-0.09188478,0.22279759,-0.9290738,-0.16077243,0.17195578,0.852042,-0.89284873,-1.7985601,0.2413576,0.26694348,-0.58546764,0.68609685,-0.1252848,-1.0545809,1.6901155,-0.26990348,-0.22796492,-0.4509013,0.7183845,1.2308894,-0.9243563,-0.43677077,0.4616687,-1.5813847,-0.6428465,-0.4781604,-0.5778403,-0.11773937,0.7339348,-1.0187318,-0.3493533,-0.60301435,0.5756882,-1.5247127,-1.6229354,2.660629,-0.12517616
-1.2041471,0.21346827,-0.10668319,-1.9327681,-0.9484398,1.7401137,0.92118,2.807733,-0.75924057,-0.6559648,0.8947019,-1.9369538,-0.48603758,0.28988487,1.1407954,-0.7611634,-1.8112068,1.2894557,0.24486715,0.16739084,-0.83073485,-0.7517968,0.14271292,-0.8254329,-0.3106062,1.2416294,1.1590877,3.0668807,-1.9410323,-0.36580873,0.5412452,0.022623582,-0.2703418,-1.4624987,-1.1305982,-0.42152718,-0.424865,0.9053958,-1.4918157,-0.47189707,1.2383881,1.0674816,-0.86565715,-0.43353012,-1.9938132,-1.8754402,2.4509091,-0.49043077,0.45952022,1.8499212
1.0515761,-0.17598552,1.1846025,1.5681425,1.012495,0.65933913,-0.17324562,-1.2946552,1.5908192,0.9748205,2.9276838,0.21230152,-0.6815129,-0.2596166,0.27229723,-1.252198,-0.28291214,0.3790692,-0.9025721,0.7288427,0.06961043,-0.61759025,0.9465871,-0.93535626,-0.22967567,-0.7393804,-0.2730513,-0.55565184,0.043236125,0.79820424,-0.4389016,2.2156851,1.2565529,1.1959046,-0.4100836,-1.6331736,0.1260056,0.067386754,-0.04411478,-0.7398627,-0.95098466,1.677171,1.1862452,-0.021274336,0.17657511,0.89212364,-1.249824,0.1412705,1.6092651,-0.14583799
-1.3754718,-0.78910875,1.2253453,-1.309568,1.2249019,-0.24551274,1.8518226,-1.4463074,-3.1128857,-0.85276407,-0.7556166,0.58724356,0.8147811,2.2185473,2.2114978,-0.50112194,-0.55007344,2.0819407,0.758915,-1.3503335,-0.22174186,-1.0199264,-0.9868083,-0.50211215,-0.74179024,0.7241004,-0.37902158,-1.0452236,0.4104604,-0.4433176,-0.68982893,0.9136894,-0.9310344,1.234336,-0.7234522,-1.236847,1.1378262,0.8779744,0.7661612,-1.3300678,0.98315656,1.1300045,-0.3755954,-0.094913565,0.006245253,-0.10223418,0.90737593,1.9999655,1.2902282,0.10208216
1.7365084,-0.6785729,-0.4696986,0.34513062,-1.3045535,0.039878253,-1.9184959,-0.5667549,-1.7050216,-1.2856135,-1.0167731,0.9535452,-1.6242044,0.21123311,-1.2789512,-0.6624129,0.9710033,-0.8550927,-0.72280633,-0.92314184,1.5415863,0.6550009,0.59053725,-0.0025858183,0.36356756,-2.0628505,-0.0635627,0.34787798,-0.8999544,-0.6721196,-0.38887405,-0.89027035,0.05779375,0.921658,0.8133087,-0.20100246,1.0488018,0.7826026,0.90804136,-1.4277538,1.4448822,-0.3459799,-0.5809891,-0.3602024,1.4646034,-0.40513274,0.41659454,-0.30076018,-0.74560404,1.2110163
-0.52616775,-0.59988296,1.3532169,-0.042215094,-2.2304814,1.3138112,-0.33480224,-0.5798555,-0.04562754,0.16116741,0.1474952,-2.0860198,-0.31738228,1.3442494,-0.84675837,-0.9038842,-0.32018527,-0.38993934,-0.033178896,-0.36536917,1.6613816,-0.6655531,-0.59915465,-0.57755584,-0.32114422,-1.5091934,1.4879245,0.43238074,1.668557,1.0985699,-0.67228967,-1.4755287,0.5454515,0.44202918,-0.06605204,-1.2461782,-0.7599687,0.6860368,0.26040477,0.6011727,-1.0852262,0.8564209,-0.3171966,0.092998594,2.0212955,-0.15856548,-2.367031,-1.3633865,2.070778,-0.1719856
0.41345328,1.5099887,0.833827,-1.3479905,-1.3774203,1.6713058,0.46860117,-0.08166483,-1.6776947,-0.5389914,-0.14577623,0.3423927,-0.6323084,-0.33642718,0.9126573,-1.1560692,0.5474119,-1.728738,-1.0401982,2.0626755,1.092132,-1.4250875,-0.06813982,1.078036,-0.53103095,-1.5500098,0.27593148,-0.27863505,1.5016098,-0.006540872,-0.67415816,0.95755535,0.36158305,0.016768238,0.18008451,-0.0433545,0.34293824,-0.04750297,0.5822562,0.2736065,0.69387054,-0.9971974,-0.11480184,-0.6994003,0.20705691,-0.2697334,1.0802207,-0.1687182,0.93866605,-0.056109775
-0.34869966,-0.571785,1.7027092,-1.3183674,1.9445225,0.35670677,1.5218526,-0.7689667,2.289576,0.82711047,1.6668563,0.89464515,-0.82567126,0.9953593,-0.090125926,0.022344654,-1.9970379,0.05634263,0.26053578,-1.3081179,-0.22782332,-1.3567024,-0.35256281,0.50467247,-0.7597515,1.3033069,-1.4872001,0.033268802,0.04510233,-0.28296396,-1.0301067,-0.13481404,0.30204123,1.4969395,-0.27176738,0.9167455,0.29203224,-0.39414537,0.44860053,0.22046375,1.0683746,-1.978637,0.4357601,1.918142,-1.148525,-0.56461036,0.23048183,-0.10972561,-0.79853934,-0.06814088
0.048403267,0.38012412,-0.51495665,-1.5017105,0.16741042,-0.3629559,-0.14052638,-0.78970915,-0.9152678,1.1241119,1.6530111,-1.2577404,-3.242661,0.28214005,-0.12260427,-0.09231065,-1.8811057,-1.1003722,1.1012775,0.019702507,0.7309548,-1.6668518,0.91030955,-0.7105251,1.6538848,1.3497151,-0.7599197,1.4837221,0.3397231,0.2603571,0.046617165,-0.943553,1.1135025,-0.3330898,-0.47377315,0.87400424,-1.1815505,1.0679961,-0.07029602,0.52888757,-0.3868883,-1.3781348,0.41279963,-2.0439453,-0.5458284,1.0564322,0.89136326,1.381695,0.10864479,0.51487577
0.41653278,-0.3714759,-0.96349174,0.08816644,0.116642945,-1.6098733,-1.2803893,0.50622237,0.85721695,1.0978223,1.4964498,1.0175649,0.3773075,0.4627839,0.8267701,1.8096857,0.30350822,-2.439063,1.3472836,1.3082393,-0.6352465,0.26820493,0.73913664,0.77558213,0.9522889,-0.1265485,-0.46803927,-0.37751988,-0.61735487,-0.06328731,0.76281637,-0.75227916,1.2554525,0.16958562,-0.31041384,-0.41732663,-0.44154993,-0.34525868,-0.77049327,1.7494034,-0.21620171,0.34027416,-1.0180264,2.419212,-0.04737177,-0.15466857,1.9723907,0.56926256,0.97561854,0.96671426
-1.0478015,-0.56073135,1.3233504,-0.20482801,0.8783168,-0.59193236,-0.86561877,-0.32165477,-0.48536208,0.103032075,-0.33981007,0.25909576,0.89951175,-1.160479,-0.5979394,-0.18409313,-0.020994857,-0.50916076,-0.9382019,-0.8214515,0.1555304,1.0632871,-0.48503482,2.457139,-1.2091315,1.3291302,0.2822628,-0.051365837,0.98233026,0.45885673,0.27843022,0.33682218,-1.0584264,1.7783167,-0.42522442,0.12564456,-0.036546897,2.2982605,-0.85530967,0.5384457,1.6708753,1.4082471,0.7733792,0.9551856,0.8755106,-0.63659155,1.5476825,0.059370536,-0.88120866,1.057562
-0.113783374,0.41514674,1.0081017,0.11736414,0.7945103,0.10154066,1.8571001,1.0230327,-0.008992259,-0.69179314,-0.45532528,-0.33812985,-0.75625724,-1.2462329,0.9566139,0.9042202,-0.4532778,-0.5588689,-0.2544364,2.2866378,0.46058607,-0.29603767,0.14697477,-2.6879811,0.7587618,-0.08625527,-0.6328573,1.0711029,0.17427619,-1.706337,0.08436929,0.575006,0.08016372,-0.44878304,1.1269084,-1.5183156,1.2552623,-1.48356,-0.817864,-1.9005696,1.229983,-0.35109326,0.24139847,0.026958244,-1.365194,-0.48717695,1.1396254,0.3571552,0.2626362,-0.28508672
-2.4863703,-0.13201249,1.236316,0.9019627,-2.273447,-2.2116454,-0.28002587,-1.4807538,-0.89532757,1.1266197,-1.6454641,0.6672834,-0.89318544,-0.6718162,-1.042859,-1.2233115,0.6836771,0.8433525,-0.06792021,-0.284413,-0.9395573,-0.83601624,-0.79520804,0.91022354,-1.0025204,0.9189032,-0.5251836,0.61734897,0.6655604,-1.2848917,0.18836576,0.9187207,-1.3959607,1.0777876,-1.1832758,-0.81721723,-0.20575163,0.026185319,-0.020878375,0.13989186,-0.4001575,-0.64211136,-0.5379868,0.2604247,1.3174481,-0.020183152,-0.73072535,-0.08784288,2.0312757,-1.6653986
-0.67876923,0.095547356,-0.12934197,-1.2212328,0.32189885,0.70175403,0.36884865,-0.83459735,-1.006092,-1.3385714,-0.13436185,0.7149563,-0.67800254,0.46707883,-1.6915938,-0.33456665,-1.0083772,2.035059,-0.47340176,0.70719343,0.66365695,0.94361067,1.8577384,0.561452,0.31198317,1.3833516,0.65441126,-1.1471602,0.029309863,-0.046103872,-0.68676126,0.6056973,0.48888692,0.36799815,-1.469564,-0.7175049,-0.12833408,0.89467007,-0.17550504,-1.0105277,-0.7535667,1.0489132,0.5124568,0.2883371,-0.9406254,-1.768208,0.74691767,-0.9809304,-0.31966865,-0.015368124
-0.5380049,-0.73367333,0.83763635,-0.33552074,-1.0804183,1.9496915,0.32686886,0.29797363,0.9318016,0.46450832,-1.6052837,-1.7634625,1.573073,-0.12560076,-0.7550638,-0.646593,-0.07270454,-1.4298512,0.08692051,0.7711254,-0.35618263,0.1192778,-0.7991734,0.11635826,-0.065816745,-0.5903615,0.05376504,1.1332126,-1.7913173,-0.35632244,0.04154994,1.5216169,-0.83265257,-0.034548223,-0.40233174,0.25699666,2.425383,0.078209385,-1.3698676,1.0897027,-0.7716908,-1.4529006,0.38750067,-0.081453174,-0.07592846,-0.09412467,-1.9976828,1.0831469,-0.33449182,1.6711828
1.5396636,1.1059151,0.8181407,0.5264044,-1.028592,0.84453404,-0.821114,0.5976907,0.004014059,-0.7294201,0.021152606,0.29368752,-0.32621422,0.40841594,-1.1137575,-1.6519378,-0.07812778,-0.98971593,0.9956444,1.3640448,-0.64998764,-0.8503672,1.0214125,-0.4186823,-0.6620044,0.30173376,-1.9177021,-0.85025156,0.5672544,3.1845746,0.7843162,1.0688529,-0.7546561,-1.383157,0.5392784,-0.4178041,-0.59047586,0.28869098,0.00026074963,1.152061,-0.316324,2.1270645,0.53687555,-0.8490016,-0.61791116,0.18859228,1.0694473,-1.0565138,1.1870446,-0.55911106
0.30665186,0.9475282,-0.67133176,-1.5079466,0.31923017,-0.29140082,0.9478857,0.20470846,0.52684915,0.7033705,1.0080259,-0.4582132,0.39025423,0.60560894,0.3381017,0.56132454,0.96724,0.16049112,0.10930302,0.42622325,-0.7486445,1.5350089,0.27470294,0.83601594,-0.43276495,1.670394,0.7143534,-0.2038177,-0.06077879,1.9180849,-0.089707434,0.5223915,-0.97933334,-0.02038124,0.7220972,-0.3658935,-0.6731682,1.4126067,1.0184488,0.75888205,1.2450032,-0.30641025,-0.9807916,-1.1928892,1.1943891,-0.23971933,0.38822743,0.8451006,0.11828632,0.27101514
-0.44814554,-1.2057202,0.92667013,0.6755684,2.3912368,1.471304,0.27107725,0.21934031,0.60673976,0.03945077,-0.6567487,-0.6241546,-1.8867508,1.1755873,0.22871168,1.2613515,0.42851767,0.108723775,-1.040208,0.20142317,-1.1366044,-0.5491149,1.2098244,1.5138457,-0.7951539,-0.05132322,-0.6129265,-0.22270176,1.5724483,2.11805,1.6403077,-0.15565833,0.03441951,-1.8477049,-0.73929065,-1.3340075,0.74618775,0.9240235,-1.2059616,0.8873039,0.43385845,0.75007474,-1.1613413,0.17002124,0.010139753,-0.6787505,-1.2415179,0.36312717,-1.003502,-0.22532421
-1.8022257,-0.23374484,1.3962637,0.31990927,0.22916207,-0.28344,0.20271346,-0.96448416,-0.25945273,-0.7334743,-0.82626206,-1.0956115,2.1113234,0.47850466,-2.0357218,1.5687603,-0.7052779,-1.1074544,0.26229838,-0.009672354,-0.744332,0.59594584,0.045483347,-0.6591863,1.1716213,0.28355768,0.20050944,0.31651738,0.24604948,-0.26161188,0.4935169,0.07157172,0.15591079,0.85839754,0.042231403,0.21414448,-0.42797008,-0.13997914,0.34750438,0.6747958,-1.0873865,-1.1524423,-0.2999714,-0.7523285,-0.120020546,-0.2899169,0.012362149,0.7362225,-1.213312,-0.7368869
1.4992509,0.61173403,-1.1217161,-0.30280423,3.088157,0.65743446,-1.3533348,-0.9277632,-0.5315645,0.3891603,-0.10531863,-2.101515,-0.7360493,-0.34513408,-0.48729002,0.69919056,0.33345714,-0.18233521,-1.4976687,-1.3170766,-0.40632594,-1.5840136,-0.7903622,-1.4750841,-0.047406983,0.9603383,0.30571505,-0.15466627,-1.259808,-0.929153,2.0760334,0.5060005,-1.7332224,-0.38138187,-0.84525436,-1.0400332,-1.4389168,-0.51593566,0.5039698,-0.5816888,-1.3648448,-0.20730467,0.25773403,-0.7158087,1.2790965,-0.35113585,0.34413204,0.30649844,-0.25279757,-0.82586807
-1.0802104,-0.7054433,1.146636,0.69654894,-1.1916363,1.0544064,0.53873813,-1.9406313,-0.38833854,-2.2599905,-0.3933038,0.012954409,-1.1759917,1.0026268,0.9604607,-0.8939364,-0.7721741,-0.7384266,-0.28345445,0.54451126,2.1334984,0.8969266,-1.5051298,1.170681,-0.27409616,1.9160241,0.0708775,0.3526106,-0.38646019,0.127833,-1.5397707,-1.005041,-0.36224017,-0.31991795,-1.4273984,0.41571528,0.2111094,1.40104,1.7439493,0.9073379,0.7922119,-0.516018,-1.0841922,-0.13807052,-0.10170132,0.6234386,-0.03874565,-1.259958,1.0816367,1.5018173
-0.8275996,0.82925075,0.17396364,1.0369602,0.29602456,-0.8052458,0.1221337,-0.929218,-1.1303507,0.4725561,-0.95122135,-0.38683766,0.79972637,-0.12872508,0.7910915,0.44508356,0.6030124,-0.16141154,-0.9023948,-0.97779214,-0.06823782,0.084266916,1.1126667,-0.56114566,0.35728186,-0.37654996,-1.7717224,-2.2054505,-2.1961415,0.5223041,-1.2348609,0.2992871,1.13749,-1.2314218,2.006212,-0.04662173,0.9512257,-2.065829,-0.878603,0.018020729,-0.2627905,-1.266226,0.30209526,0.8494359,0.54161024,0.2655709,-0.19443147,1.1504765,0.17589334,-0.044479072
-0.02921293,2.0266752,-1.0910316,0.8693003,-0.8520407,1.0726997,-1.2207128,0.9182608,-0.93955535,-0.120807655,0.27445817,1.3530728,-0.10163063,0.25832573,0.06378223,-0.36869693,-0.99891055,-1.624632,1.205506,0.58454764,-0.3242417,0.114769764,0.5971107,0.3082073,-0.51490664,-1.0452844,1.9923508,-0.31674942,-0.520436,0.5199318,-0.15781458,-0.9150757,0.6857624,-1.7910025,-0.24224447,3.0795455,-1.8071394,-0.95008326,-0.670784,0.22459613,-1.7579395,0.66814256,-0.7401854,0.24482583,1.4217077,0.21765439,-0.38354158,0.050855875,0.4551205,-0.012988085
0.80597496,-1.3798518,-0.20317563,0.15381347,-1.1717758,1.1248951,-1.2471628,0.5913219,0.88603216,-0.55295193,-2.2867525,-0.29617885,-0.02345668,0.039588887,0.14689884,1.1345024,-0.092926,-0.38368687,0.7970887,-0.23479292,1.2444184,0.45804623,1.050283,0.41117695,2.6980548,-0.57903475,1.8677886,0.2652456,-0.1782003,-0.36189237,0.1431309,1.1508521,-0.46354747,1.5257611,-0.056098517,-0.33576545,-0.89636123,1.6634189,-1.2874883,-0.6583555,2.3910258,0.3153598,0.15604022,-0.6014419,0.9830668,-1.5425308,-0.84371936,-1.2970599,0.7934469,1.3763465
-0.9659605,1.121789,-0.4602302,-0.79712695,2.1923413,0.08086831,0.8637381,-1.2249345,0.2561172,1.4712157,-0.28787512,0.3209866,-0.9998183,1.0438489,0.4677704,1.0624125,-0.5848619,-0.47103906,-1.2436146,1.1973236,0.5615983,-0.36001173,-0.07054075,0.78498226,0.10405621,-0.026950141,1.1069765,0.5093412,-0.7093564,-0.63369185,-0.3098979,0.9367972,-0.44628695,1.4597496,1.0061634,0.4553876,0.9017994,1.4267557,-0.4931218,0.5601978,1.1397264,-0.27566698,1.0549814,1.7873615,-0.7767788,-0.13057375,-1.6164247,0.5519975,-0.36330295,-1.0189738
-0.52885306,-0.64703447,0.35834682,-1.0056598,-0.0919327,-1.9256226,-1.0081118,0.08267041,-0.8206139,-0.052646488,0.98673445,0.92683357,0.42204145,-2.210519,-0.06983503,-1.1797425,-0.4303573,0.46454325,0.24421829,0.7152675,-1.2209717,0.762229,-0.9091324,0.7495064,-0.90461546,-0.48532903,1.3725679,-0.933229,1.1335336,1.9802275,-2.0839787,1.238751,1.5683118,-0.2599058,-0.9471829,0.52928823,0.048982255,1.5393573,-1.308652,-0.6691001,0.56143045,-0.49655306,0.18243814,1.7322996,0.887292,0.18617114,0.58538747,-0.29028964,1.3926177,-0.36460406
0.5957556,1.2530793,0.33218715,0.29380676,0.12074104,1.0965655,-0.74788046,-0.41228673,0.11850848,0.49168083,-0.1713567,0.98585063,-1.3970318,-0.42175552,-1.6518886,-0.1533264,0.35519823,0.4537515,0.14504439,0.9591479,0.62745047,0.16974497,-1.1077323,0.63680947,-0.8011538,-0.22430317,-0.45369247,-1.477543,0.5933037,0.89118844,-0.49719262,-0.37622684,-0.35940668,2.040778,0.7435429,-1.1782014,-0.23396634,-1.0867665,0.30969304,-0.21844125,1.0839074,0.37596354,1.2064911,-0.82592857,0.35381776,1.0313904,0.51461935,-0.30394077,0.6786408,-0.9105748
-1.7060025,-0.511523,1.0522947,0.9768334,-1.2288136,0.83514893,-0.04734387,1.7205946,0.7032272,0.65062517,0.8149517,1.236209,-1.1322625,-0.65673214,0.6907433,-1.51152,-0.6266091,1.2788552,-0.12121245,-0.075594194,-0.71057224,1.202628,-0.9823406,-0.015555833,-0.21196245,-0.55090684,-1.6493543,0.941706,0.19542754,1.1511891,-0.6666533,-0.6431479,0.4491797,0.21537979,-1.1994197,-1.3033503,-0.98670655,0.0981722,1.6316386,-0.77444375,-0.7464723,-1.6340137,-0.49670443,-1.8842379,-0.009310381,0.07284971,0.16135822,1.6146697,-1.0477667,1.2734158
0.41575477,-0.3978948,0.99275875,-0.33233112,-0.60768235,-0.4124405,0.5093911,-0.1041015,-0.23148242,-0.42877626,-0.4721144,-0.5156662,-0.5452974,-1.084779,-0.4001091,-0.17624876,0.174372,1.7787931,0.41123828,-2.8589816,0.14488475,-0.7414829,0.84357584,-0.08701053,0.5856306,0.82244635,-0.58887637,1.6903704,0.64315766,1.6655078,1.6706827,0.53405464,-0.5454584,-1.2844235,0.34138983,-0.96443087,0.36757287,1.0135958,0.045632355,2.4845417,-1.997302,0.2144739,-2.9612586,2.1722753,-0.40026516,-1.2343804,2.3536785,-0.9353152,-1.0121018,-0.88831526
0.4078408,0.095666945,-0.015178579,-0.3425019,-1.7077504,-0.05935517,-0.7969516,0.10583046,2.6928422,-0.4382064,-1.2893639,1.0239161,-0.13850203,0.36697054,-2.0410168,1.387752,0.65540373,0.24664567,0.56333387,-1.9318899,-1.7854503,-0.87086487,0.64946586,0.011860472,0.7612203,0.96841633,-1.1753466,-0.6650023,0.6748465,0.5199583,1.1772851,-1.6547811,-0.14934582,-0.5527391,0.8853093,-1.7515233,1.1167727,0.13276294,1.8649696,1.1381687,-0.33118668,-1.9478186,-0.7472059,-0.1408297,0.8676299,0.8167882,-0.023638913,0.05431982,-0.6118554,-0.27487528
-1.4516937,1.10903,-2.3542886,1.4005983,-0.7438586,0.8529013,-0.27487502,0.6508435,-0.5609926,-0.3919551,-0.050091214,-0.063244835,-1.1497405,0.24653693,1.2282758,0.29478306,-0.31205624,0.084101446,0.95970494,0.7018068,-0.636902,0.94270664,-2.2658765,-0.86672443,-0.6125205,0.6512841,0.18577652,0.7524813,1.6033598,0.37688273,-1.6078314,0.44301096,1.7292155,-0.20152946,-0.045890454,-1.1748712,-0.65070885,1.3852046,1.6320348,-0.7906854,0.2862428,-0.08325922,-0.4814698,0.20969269,0.254775,-0.08142672,-1.3999699,-0.9440478,0.39996302,-1.0518174
0.54183257,0.5725115,-0.14955638,0.5264024,-0.27066678,-0.12038791,-0.16298665,0.2120675,-0.37559623,1.6977789,-0.4768167,0.1286277,-0.099944554,2.2961397,1.3759861,-0.22074237,0.11047404,-0.025316495,0.7574305,0.3100145,0.11331901,1.7077696,1.6774327,0.09895184,0.47162405,0.6933011,1.736511,0.20248024,0.6457703,-0.9620508,-0.07951079,1.7344636,-0.0033689695,1.3578305,-0.13711536,-0.11056278,-1.2932409,0.81891125,-0.2976439,-0.70630264,-1.5276787,2.4589655,2.3159077,0.6786327,-0.12809972,-0.8273912,-0.9939007,-1.2695489,-1.8074661,-0.13754702
-1.1727164,0.073108196,-2.5336661,0.80635726,0.40597323,1.2293935,-0.8080894,0.78638476,-1.1437005,-0.8161287,1.0200398,-1.5392361,1.0243671,0.17024209,-0.5023669,0.40116832,1.5514237,1.2549,-0.27537364,0.31367594,0.8948546,-0.9069549,0.5267284,0.106937096,-0.13215584,0.57088166,-1.3705182,-0.81980044,-1.0071748,1.813409,1.182844,0.18469062,-1.3927559,0.15006928,-0.46311164,0.04650372,-0.0018663519,-1.6150177,-0.6601622,-2.227476,0.25779852,-0.61798656,-0.594858,-1.2623773,0.22266532,0.40235215,-0.2749653,1.0514483,-0.25390983,-2.2596047
0.9975015,1.2124809,-0.32940838,-0.0052161906,-0.15746924,-0.09367188,0.09620779,1.1395476,-0.5456536,-0.4416698,-0.5012516,1.0923318,-0.4837933,-1.5262709,2.139936,0.1460737,-1.5728787,-0.49626458,-1.7742536,1.3660457,-0.8371435,1.6806861,-0.98850965,0.81228054,-0.42330956,0.21148515,-0.27243885,0.061750166,1.5396017,1.2334634,0.8570944,-0.39831877,1.2906796,-1.7850287,-0.17032738,-1.3854638,1.5035596,0.49617139,-0.23935987,0.2790453,0.43167496,0.62386346,-0.004584731,-0.55995667,0.25706378,-1.3994615,-0.47237372,-1.3861471,0.7837436,-1.6080706
0.089556195,1.3993608,0.17750108,-1.2300068,1.1984408,1.0708497,-0.5580361,2.149134,0.85956347,-0.027710393,-0.19536495,-0.8653543,-0.18356861,-2.0700839,1.4830852,-2.4226773,-1.3792392,0.76650965,-0.3332623,0.16452666,0.4764366,2.1294794,-0.029238902,0.79427046,-0.1409481,-0.6630832,-1.5577142,0.8349211,0.6092388,0.09426571,1.1958642,0.70369864,-0.101605944,-1.7634565,-1.1385896,-0.62019163,0.091108665,-1.1361883,1.4053922,1.4958919,0.98629934,0.54853463,0.8779065,1.2049578,-0.05894087,-0.7103221,-0.17027517,-0.011848542,-1.4410166,0.38177508
-0.14893776,-0.87639993,2.254147,0.95777893,0.6305865,0.07335842,1.0215365,-0.19628687,-0.04529003,-1.923591,-0.2792529,-0.45516738,1.5467377,0.07584199,-1.111349,-1.3217535,-0.29373214,0.4276905,-0.6063243,-1.2627261,1.1682795,0.7444697,0.6539705,1.0741068,-0.25338912,1.1552823,-0.9062387,1.6135924,-0.099353544,-1.5210556,-0.9114616,0.331319,0.9173393,0.35168034,-0.040740117,-0.37206045,0.19806929,-0.024291301,-0.17500432,-1.2766945,-0.42080197,-0.9291712,0.8522305,-1.1576021,0.10810679,-2.8245792,0.342631,-0.9529457,-1.5973684,0.08149529
-0.52957803,-0.23387535,-0.5191446,2.246116,0.16656673,-0.7725909,-0.17862849,0.7483349,0.536823,-2.0303502,-0.9655478,-0.035057865,-0.7600618,0.50330895,-0.40954462,-0.6352234,-0.004164682,-0.22541824,-1.3012726,-0.4820062,0.34831733,0.7483683,-0.22755866,0.3919135,0.39095232,-1.0268557,0.09043703,-0.7270323,-0.5289755,0.24957871,-1.4553537,-0.5526439,0.50003976,2.7509027,0.61396766,0.37264937,0.10705889,-0.7234049,1.37852,-0.2687086,-1.3860937,-1.0480862,0.70447654,-1.3534722,-0.9990521,-1.219118,-1.635049,1.286366,-0.8627879,-0.8813447
0.05887429,-0.059607282,0.52672005,-0.6940027,1.0197165,1.1982635,-0.048442326,-1.5002072,1.2616478,-0.6729261,-0.50432086,0.016932203,1.9213313,-0.44818246,0.05341425,-0.21655053,0.9681411,-0.09185827,0.8464361,0.5202467,0.8411641,0.2730179,-1.4559176,-0.7042557,2.4161904,-2.3958673,-1.0983237,-0.89179224,-0.5758947,0.5955518,0.15749507,1.5806918,-0.6297184,-0.62536234,2.0293868,1.5331424,1.8027788,-0.7919545,0.101173595,0.42777574,-0.34794673,0.85477185,0.7491981,0.12197074,-0.21048646,1.0431799,-0.5906313,1.9751941,1.4044571,0.6931612
-0.13213748,0.41510552,0.21190639,-0.31824112,-0.17684068,0.29637858,-0.5804217,-0.041270338,-1.687318,-0.37803167,-0.31689993,1.3904151,0.005130912,0.68221635,0.20588057,-0.30979922,-0.19417745,-0.1945278,-1.431118,-1.7618768,0.59643465,-0.79077417,-1.6269222,1.2198248,0.2250208,-0.096522845,0.44639224,1.141686,1.2371442,1.626366,0.51357275,0.16787551,-1.6880821,1.6473957,-0.83953524,-0.7236346,0.79001087,-1.1204584,-0.016102681,-1.8115257,0.52855796,0.039426997,0.8071713,0.76440215,-1.2921116,1.7299962,2.6436481,-0.15363759,-1.3160048,-0.93737644
-0.038783494,-1.0434754,1.8065454,0.35302415,-0.67133695,0.98838264,-0.7275191,-0.82076925,-0.42459336,0.15430164,-1.6480613,0.36257997,-0.4868365,0.10646516,0.36648056,-1.4831915,-1.720369,0.9638709,-0.4356178,1.8367411,0.05758111,-1.9716761,-0.4535623,0.40805,-0.9913297,-1.8174382,-0.33374622,-0.52545273,1.2632263,-0.092059426,-0.7483246,0.6779113,-1.2895087,-0.3700143,-0.5334196,2.1024926,0.21022847,-0.001723381,-0.26456466,-0.74000686,0.49072897,0.44944978,0.58901376,-1.8684032,0.48958123,-0.24587122,0.49493343,0.31283408,1.7589345,0.21015532
0.03805138,0.06035256,-0.695529,-1.5771217,-1.1078749,1.1100729,0.4781303,-0.27160326,0.5411345,-0.514599,-0.8164964,0.26458535,-0.7143979,-0.20010312,-1.2061247,-0.7442821,-1.1272304,-0.5215002,0.32957134,0.110720284,-0.3427184,-1.009239,0.16282971,-0.084645435,0.8643418,1.7601827,-1.6698421,-1.3050938,0.697196,0.7480713,-1.2166113,-1.3627473,-0.2678185,-1.0016392,-1.4255131,0.991336,2.2631974,0.3840131,0.8238207,0.6199786,-0.8874261,-0.005147211,1.6093067,-0.57520264,0.2655152,0.63627553,-0.68562573,-0.82205546,1.211958,0.6297474
-0.6515047,0.22604264,-0.35213888,-0.1053327,-0.17262453,2.2732193,0.21945304,-0.9403754,-1.643768,1.2047242,-0.32721016,-0.28323588,0.20672071,-2.1751015,-0.5258586,0.41168925,0.8889267,-0.6194512,1.3338295,-0.23187192,1.160926,1.4885321,-0.8032489,1.0185081,-1.9321736,-1.1753795,-0.5032497,-1.011039,-0.37771872,0.731033,-1.2702694,-0.15175936,0.9980162,-0.051282503,2.422182,-2.221215,-1.734938,-1.4321569,0.70082724,0.17741537,-0.63195395,0.52282566,-0.870416,1.4288862,-1.8089819,1.0623823,0.61217046,-1.2829801,0.4085765,-0.011708033
2.079557,-0.57010156,-2.35297,-0.60587883,-0.5953955,-1.4132535,0.4143651,-1.3157116,-1.0337245,-0.26332226,-0.09568193,0.13057368,0.09408432,-0.7239401,1.0098958,-0.42218816,-0.24594982,3.050201,1.4546286,0.29540828,-0.2564263,-0.43380204,-0.05489144,-0.19199498,-1.0113014,-0.12777843,-0.4151927,-0.48365495,2.4209766,-0.44367048,-0.7257882,-0.16503465,0.16350183,-0.5078376,-0.38546148,0.86061823,0.4761769,-1.0284207,0.0847632,0.8127251,-1.2405314,1.6526375,-0.4417565,-0.17189261,0.40876195,-0.53884387,-0.4047343,-0.33994675,0.055025816,-0.4613664
-1.3252937,-1.9085705,-0.23685102,0.40908545,-0.08708377,-1.3927809,0.150416,0.27139696,-0.983577,-0.7232944,0.62444115,-1.2039224,0.8508244,0.03569654,0.03628171,-0.16156517,0.11313287,1.1129606,0.22162141,0.08482369,-1.5372692,-1.2914973,-1.4086554,1.0329444,-0.32404628,1.2070107,1.2447532,-0.8222622,0.42807642,0.040048596,-0.6577241,-0.09376354,-0.13634813,-0.05360006,-0.9258249,-0.44718432,-0.59851307,-0.20684174,0.54469174,1.2990757,-2.2476048,0.9461955,0.063913405,0.13239405,1.704174,-0.8880792,0.5478462,1.4242715,-0.32323834,-1.9295772
-1.8692201,-0.47790548,0.84774697,1.1174283,0.9077708,0.7877351,0.7842549,-0.82902855,1.2796384,0.46789655,0.24918632,0.39887297,-0.8454453,0.73468745,0.2678567,0.28082177,-0.24704006,-0.88488734,0.44999182,1.1248751,0.059494525,-0.70785356,-0.48853183,-0.9379003,1.346806,-0.5873461,-0.38922438,0.068774335,-0.44424328,-0.34460232,-0.07616715,-1.0080869,-0.15120935,-2.045066,-0.072455965,-0.7048087,-1.7511837,0.32464,0.0013563859,-2.9101155,0.9764552,0.09132976,-1.2963152,2.051701,-1.8087647,1.0915617,-0.69107544,0.88902307,0.34666193,-0.35243654
-1.1748401,0.85722244,-0.6711331,-0.48859742,-1.9539896,0.25361902,0.15638208,-0.11383457,-1.9033885,-2.5658224,-0.6690707,-0.44320104,-0.23471853,0.3463893,-2.1260874,-1.0657649,-0.3202003,0.71448404,-0.8077018,2.246041,-0.17413832,0.49599326,2.1621058,0.6685257,0.20259534,-0.23850313,1.5649463,-1.0297488,0.71913713,-0.6231696,-0.55762297,-1.0607462,-0.004820209,0.17662364,-0.6628441,1.6035581,-0.66611147,-0.38886255,-0.8968027,-0.27218604,0.50086355,-1.507763,0.3431261,-0.6955079,-0.1337782,-1.4809166,0.53210044,1.1046451,1.6078048,1.3998369
-1.1509228,-0.4796803,1.3814536,-0.38759366,0.3988624,-0.35697708,-0.579589,-0.091677666,-0.15444247,-0.009837092,1.3376333,1.1990377,-0.6807281,-0.8540456,-3.6948524,0.7151189,0.4063737,-0.69674724,-1.0601348,-0.8205464,-0.34454688,-1.0035655,-1.3026301,-0.6872083,-1.4608176,-0.783102,0.16357745,-0.359493,-1.4795537,1.0504341,0.13438286,0.8723536,-2.0849638,1.0265712,0.080398366,-1.5670171,-1.6899376,-0.12062025,0.656469,-0.60686773,2.3140857,0.40351012,0.40860897,-0.22359586,0.9151049,-0.85517466,0.63388234,0.48916513,0.8668643,0.52247435
-0.052646276,-1.6600653,1.7024802,0.5750103,0.84167004,-1.4503043,0.27502346,0.22538617,-0.36115804,-1.0398644,0.29623935,1.6552985,-0.45551646,1.1708359,-0.71152997,-0.8552392,0.7648837,-0.56477106,0.6661657,-0.4916014,-1.7385508,1.9009297,1.1126213,-1.9872195,0.41086763,-0.71634394,-0.86038834,1.1373315,-0.78080887,-0.51825374,-2.9800758,0.33497298,1.3033477,-2.1251466,1.2284896,1.7784369,-0.5595109,0.28572145,0.7479116,-1.8011562,-0.0639433,-0.31219363,1.8832638,-0.67251265,0.6827997,0.5208395,0.5784752,-0.31380045,0.95499384,0.33001348
1.5826503,-0.924432,-0.5682419,-0.5212383,-0.019052325,0.11991153,-1.1261445,-0.20753303,0.6008407,-0.5606011,0.8320639,-1.1480789,0.644471,-0.5954623,0.40339896,-1.0980581,-0.50514674,-0.44119415,2.3255925,-0.25312534,-0.48187882,0.012804921,1.086419,-0.9530103,-1.7598943,0.7501778,0.52973866,-0.39052892,-0.6967134,-1.3506362,-0.9091419,1.6333667,-0.23437893,0.11344542,0.20570767,0.93471855,-0.015583977,-0.07410106,1.8398623,1.520713,-1.3365418,0.16288531,0.41665176,-0.29354092,0.51339585,0.13760811,-1.7579161,0.85223746,0.61028993,1.1812636
1.226154,0.33274913,-1.40512,0.60158026,-0.0062380484,0.03014297,0.41606548,-1.1422155,2.0629554,-0.31278467,1.4784554,0.1516472,1.9031135,1.1880829,2.2841218,-0.8374786,-0.039241426,-1.7753754,1.2411271,-1.0454043,-0.06001267,-0.68070185,0.50452584,0.06969278,0.20168976,0.17929853,-0.47302753,-1.0836172,-0.032689985,0.13075335,-0.3699872,1.1571125,0.6096593,-1.0138971,0.1927475,-0.6123088,-1.2317104,0.64654195,-0.9012651,0.23284239,-0.14524154,0.39713615,-0.37797424,-0.027394583,0.14148526,-0.61078644,0.760978,-0.027628452,1.1636406,0.008177881
0.8202012,-1.255234,0.22211514,0.2625768,-0.18914554,-0.28078485,-0.44589245,1.0192643,-0.28219727,0.24544555,0.78003496,-1.1021786,0.5777992,0.39538506,0.29283255,-0.95689845,0.053433657,0.43052465,-0.7581096,1.0799965,-0.18246758,-0.41432548,-1.5371109,-1.7883941,0.122441694,-0.08700208,-0.65517646,0.8088586,-1.6603879,-0.042101648,-1.0861079,1.362696,0.7312622,0.95912176,-0.9234759,0.34835625,-0.94752973,0.12960365,0.6407128,2.0716207,1.392046,2.6829762,0.4764587,1.1579484,-0.1614135,0.71454227,-0.47852838,1.0143309,-1.994698,0.20803499
0.112642534,-0.72238123,0.11642825,-1.6036615,0.62215185,0.4463203,1.1151105,0.93722004,-1.207782,0.17585252,-0.22942394,-0.43407455,-2.2854164,0.08028708,0.7191428,0.22315341,-1.0205978,-0.8262171,1.0964917,0.63657594,-0.50081027,0.28938273,0.17719366,0.00859392,-0.11111911,0.6744596,2.0183077,-0.5803677,0.47225353,-0.7109312,-0.672332,1.0450641,-0.08170117,1.309207,-0.40596142,0.19621153,-0.49143416,-0.16316943,-2.1532886,0.7454512,1.5358952,0.52057916,-1.1768811,1.4165746,1.7939433,-1.6340468,1.2323518,0.4703921,1.1255093,0.059079684
-1.0478175,2.142386,-0.4113669,0.04920966,-1.459908,0.12727597,-2.2244315,-0.16938329,-0.6912282,0.04832594,0.32116115,0.96529216,-1.6302075,-1.2819575,1.4864107,-2.3882492,-0.55244195,0.22526407,-1.0601403,0.8606736,-1.389676,0.6049014,0.078775205,0.21561629,0.16211204,0.7922361,0.20956984,0.48830238,-0.69941336,0.28469807,1.0079191,-0.024071021,0.583379,0.46236476,0.11842814,0.76462483,1.841162,-0.13323012,1.3143548,-0.7292262,1.5060313,0.46744964,2.0631032,-0.68330675,0.3213266,0.9443581,-0.7214795,-0.2026599,0.16524865,-1.3015722
-0.21690544,-0.13763891,0.3065284,3.1176205,-0.84180844,0.9438808,-0.28759125,0.9267844,0.2365859,-0.70996624,1.9430127,0.3268774,1.1573893,-0.024368284,-0.8429994,0.22961329,-0.21026129,-0.09383505,0.7243249,-0.7847162,0.14613517,1.2994194,0.3583574,-0.4356049,-0.07755553,-0.3611301,1.0757645,-0.6326734,-0.28144372,-0.9892492,0.47581646,-0.66244566,0.47981304,0.80541366,-0.660331,-0.6310321,-1.6022148,2.7689326,0.24705885,-0.50537205,-0.075506784,1.0481195,-1.8532872,-2.2686021,0.21786872,-0.62512285,0.59083223,-0.10435815,-0.80955964,0.07841889
-0.008787473,0.41470054,-0.7883928,0.8746533,-1.5016619,0.019912314,0.58194894,0.016619498,0.3979824,-1.8763373,-0.35316548,1.1979237,0.40638596,-1.2826761,-0.19335373,1.4985992,-1.1383784,0.16641785,-0.21652988,1.4723653,0.55531913,-0.50895447,0.14177822,-0.103013486,-1.0583861,-0.433745,-0.34775516,1.6874942,1.8593345,-0.41086587,2.4314961,-0.6405035,-0.08809368,-0.044684023,-0.43910667,-1.6816313,0.98108035,0.71634376,-0.8523502,0.7607642,2.926851,0.5406961,-0.7599414,0.53260565,-1.185724,0.06928285,-0.1103069,0.24114317,0.39681494,1.2292165
0.13317288,0.7880461,1.5719998,-0.9971724,-0.42611155,1.317796,-1.0894316,-1.0805202,0.065810874,-0.029729985,0.90991217,0.3589961,0.7568314,-1.0387282,-0.4511472,0.40099573,1.1217587,-0.1006665,0.102178454,-0.49621797,-0.20456788,-0.2790666,-1.3479925,-0.4795399,0.65561616,1.8275543,-1.0551836,-0.033934016,0.75493073,-0.32393643,0.41805562,0.689597,0.6241124,-1.0275198,0.6702889,1.7807815,-1.0011452,-0.7856262,0.44839504,1.4300234,0.033174615,-1.3601488,-0.16699088,0.38471803,1.7033368,0.28610137,0.81258416,0.57070786,-0.4341636,-1.1391486
-0.17255442,0.28398573,1.0988913,-0.09962028,-0.698944,-0.7263422,-0.09014553,0.5847667,0.81953657,-0.77702546,1.0465418,0.53527516,-0.99284476,-1.7462524,0.12760662,1.2043773,-0.88278097,-0.5740895,-0.47936434,0.67651474,1.1226029,-0.65751684,-1.059401,-3.203639,2.1747582,0.1135571,-0.14118811,0.66911846,-0.59567076,-0.6982895,0.0030352252,-0.5762629,-0.101807594,-0.99851036,-0.063111395,-1.7164246,-0.0034950112,-0.46620196,0.08212421,1.2790657,0.8583015,-0.6688198,-0.5615458,-0.5837592,-1.1427286,-0.79331905,-0.24821793,-0.11233069,-0.610102,-0.8905853
2.7557628,2.2028756,0.36628273,0.9518159,-0.29594702,-0.16315058,0.099353105,-0.25505188,-2.2275283,-0.49162763,0.4577037,0.1311719,-0.3319721,-0.51702434,-1.2281003,0.2012407,-0.2489072,-0.6957946,-0.5627161,-1.435942,1.2539752,1.2485307,0.7981546,-1.2708067,-1.3256346,-0.44341844,-1.4718916,0.98962116,-0.6743796,-0.53460187,0.36512795,-0.84575754,-0.49372092,1.3182175,1.6265924,1.3403513,1.4214913,-0.17018875,0.80867374,-1.2699269,0.86725914,1.1505319,-0.032387014,0.18481396,-0.023701321,0.10741849,0.699754,-0.3915473,0.81926227,-0.62592125
0.21110427,0.43323794,-1.066394,-0.34729972,-1.5052632,-1.2241443,0.64213026,-1.0691965,1.2016195,-1.6749595,0.5567446,0.31038553,-0.63833064,-0.74914396,-2.7391417,-0.68789387,-1.4077116,0.88660365,0.017437948,2.307768,-0.5703997,1.4078231,-0.17653273,-0.80121666,1.4546459,0.7090707,1.3710892,0.14912795,0.8764921,0.42920372,0.20625947,0.014433735,-1.4492334,0.12066938,-0.20978689,0.16690792,1.0014474,1.5639029,-0.26701048,-0.1861084,0.9025618,0.22274375,-0.21228819,-1.0096315,0.5212171,-2.0642357,-0.7130275,0.46130976,0.4146405,-1.0876887
-0.73641354,0.8960017,-0.7307754,1.2228069,0.6153757,-0.31902957,2.1089475,1.063898,-0.39685744,-0.247311,0.6164388,-1.527269,0.57367957,2.447393,-0.793379,-0.21847609,-0.13987292,0.5326184,-1.4672492,1.2051029,-1.0784845,-0.25912923,-0.9111494,0.18155682,-0.6836385,-0.99249077,0.65414804,0.511784,0.03000308,0.39363447,1.1245991,-0.5608497,-0.5074916,-1.1712184,-0.67489225,-1.0226654,-2.4463089,0.64974487,0.10173118,1.8428319,-0.67146844,1.634922,0.031481247,-0.2133085,0.080837086,-0.27989173,0.7993426,-1.7616303,0.32380947,-1.6480412
-1.5268496,-1.379571,-0.00066528196,-0.13019735,-0.436465,0.3103984,0.070513025,-0.22283107,0.4812717,1.3951815,-0.78529173,0.38068604,1.248449,-1.4081304,-1.1144888,1.4027196,1.102448,-0.6140857,0.30068442,-1.0153439,0.8529198,1.1461167,-2.0604668,1.5787973,-0.6480059,1.60711,0.12580636,-1.3667275,-0.70326954,-0.36752895,1.1283494,-0.15711029,-1.7359042,-1.2730931,-0.47413895,-0.23675601,-0.4986052,-1.3658406,0.95187575,0.608594,0.74128455,-0.65341043,0.36835536,0.5216984,-0.12819318,-0.6954207,-2.794319,-0.70130855,0.06703545,-1.1148767
-0.4095453,2.1447847,0.1699586,0.88225216,2.225679,-0.24311082,-0.21604317,-0.16230145,-0.49230838,-0.53869087,0.85700625,0.5428904,0.8086225,-0.80294573,0.4817699,1.6626409,-0.572987,-0.25871813,0.30093077,-1.8547472,1.1290216,-1.0666652,1.5465367,0.31186035,-0.9614108,0.28243718,0.42471072,0.38818547,0.23126693,0.40209883,-0.89895076,-0.70819396,-0.18006822,-0.8994451,0.17032784,-0.84943485,-0.19158043,0.72109944,-0.2756198,-0.7461475,-0.35120094,-3.1635869,-0.4674536,-0.38589463,-1.0430764,1.408954,0.51756436,0.4134911,-1.250527,-1.0684109
-1.3577338,1.339116,0.19012575,-0.30956542,1.273644,0.11915524,-0.6616667,-2.097084,-0.77238405,0.13630074,-0.12328007,0.9984175,0.83591676,-0.6619079,0.9027555,-0.75379765,1.090352,0.48854056,0.012869043,-1.5699468,-0.0016280818,0.26312622,0.5607563,-0.36299196,-0.48492503,0.34134102,0.11705469,-0.13033082,-0.8266736,1.7175511,-0.80110055,0.29621184,0.9447166,-1.9695493,0.7778022,-1.2029369,-2.876535,-0.6144806,-0.6022127,-0.171579,-0.24197163,-0.50942117,0.16796713,-1.270192,0.18919182,-1.3145328,-0.5593129,0.63415825,1.9335251,-0.52300054
2.4365737,-0.88168234,0.46975106,0.94089353,0.13567331,2.0583105,-0.16278212,-0.2604878,-1.202329,0.5826725,1.590303,0.09784539,1.8466607,0.8535805,0.25459918,-0.40346393,-1.244002,-1.612433,-0.7531207,-0.4666833,0.5887023,-0.41012532,0.3211696,1.226019,0.54261273,-0.93165284,-0.12062217,-1.8645397,-0.42087922,1.556282,-0.082791604,0.49344578,0.43625027,0.96073806,1.0030864,-0.4505214,1.2307937,1.0571436,-1.4385427,0.39721856,-1.4166067,-0.947363,-0.4457195,-0.99741405,-0.89113706,0.0046525863,-1.1238493,0.8941489,0.4108114,0.98628676
-1.5961485,0.59205395,0.30247092,0.5796047,0.8660078,-0.43839043,-0.18072641,-1.1768242,-0.21058168,0.54220635,-0.5873403,-0.022830075,-0.5687741,0.7546097,-1.1096728,-0.2417155,-0.055807803,-0.92008626,-0.74734294,0.19360545,-0.46856374,-0.49097982,-0.90458834,0.09294152,-2.1046016,0.15846446,1.7067244,-2.887969,0.36662233,-0.2811303,-0.0075530508,0.2521234,-0.00585502,0.873589,-0.15778367,0.14499457,0.7729793,-0.33297378,0.34171948,-0.3403559,0.16836838,-0.43588844,-0.19800067,0.99303544,-0.17146155,-0.4800562,0.78336394,0.14696406,-0.3281447,-0.20343463
0.3193343,0.7476554,-0.55745506,0.5330002,0.82238877,0.36340874,-0.9265026,1.4026911,-0.69502074,0.0451823,1.0050918,-0.15401636,0.66891396,0.24312177,0.68244416,0.077865615,1.1576256,0.42862856,0.87297046,0.7548818,-1.3711452,1.1469601,0.5913103,1.1825005,1.0161308,0.49038944,0.36669108,-0.067140855,1.1840744,-0.0062013613,-1.585925,-0.7275527,0.30451685,-0.52307945,0.37598982,-0.2276746,-1.3697232,0.5968961,-0.49095908,0.8468242,0.34728515,1.1638793,1.1430192,1.1323999,0.5952269,0.5636419,0.5838542,1.597009,-0.14937598,-0.8284506
-0.3965301,-0.39930284,-0.35480136,-0.49016637,-1.2741356,-0.3948244,0.36659658,-0.028550806,0.57249135,-0.17183532,-0.2365554,-0.0077814045,0.39677122,-2.0346658,0.058765944,-0.31395885,-0.15032968,-1.5557353,0.36316597,-1.5727437,-1.4726744,-0.053821772,0.18195659,-1.0606201,-0.47610217,0.39380282,1.0716267,1.0077132,-1.487416,0.3778067,1.6241539,-2.1570551,-1.7749901,1.8760822,0.67869073,-0.1451704,-0.2861382,2.2904043,-0.47257364,1.4182142,-1.2935123,-0.3934834,0.65284985,0.21046992,1.0277961,-0.42351168,-0.24100098,1.0866752,1.0075234,0.69576377
-0.024816167,0.79618347,-0.34954557,0.1871669,-0.14808077,-0.19916382,0.7259179,-1.7426871,-0.4845168,-0.11743203,-0.38622475,1.1914684,1.2734959,0.5522525,-1.2521206,-0.11089566,-0.3601619,0.7766215,-0.16345026,1.6474226,-0.3240935,-0.9670597,-1.5437148,0.30101165,-0.87844443,1.4539701,0.93267363,0.58941525,-0.5744636,-0.14954028,1.8535367,0.023057785,-0.42694986,-0.42850992,0.29118398,-0.5834126,-0.86800164,-0.6268498,0.36498812,-0.49552894,0.4765487,-0.2512473,0.6781964,-1.4943444,-0.20145611,1.959113,0.45185682,-0.85708857,1.2496473,0.001903541
0.6049189,1.4519427,0.9045585,0.1933552,0.2137117,-0.48430166,-1.4663488,1.3309839,-0.921413,-0.86927444,1.8566465,-1.2846615,0.37153405,-2.5682929,-0.46604246,0.10581622,-1.8660585,0.26898867,1.8292686,-0.4424332,-0.6452563,-0.87472373,-0.24786189,0.3202985,0.7862716,1.1653876,-1.133958,0.6479625,-0.9994174,0.9767673,-0.86983526,-0.79459256,-1.27579,1.237022,-0.25510812,0.7065961,0.14269271,1.078109,-0.06670212,1.2027645,-0.2521861,1.2622955,1.5723413,-1.0230837,-0.8274325,1.5978935,-2.040619,-0.17666824,0.43524054,-1.9310567
1.983591,-0.43711385,1.5311507,-0.6329505,0.02947207,-1.0452455,-1.809661,-1.4233155,-0.54961413,-2.0942698,-0.9688005,-1.3254706,0.9909458,1.0806432,-0.7689237,0.27416083,1.467739,-0.22784561,0.97470427,-0.4189325,0.9011547,0.12896213,-0.2490471,-0.8329509,0.46491858,0.42046213,-1.6550115,0.7616716,1.0419335,-0.11318938,-0.04657704,-1.3194891,-0.5309589,-0.25511196,1.3903966,0.4275908,0.65455717,1.6670259,-0.5323485,0.4794767,1.4230068,0.21192615,-0.50348073,-1.0153553,-1.4814991,0.85329926,1.0029992,1.1098835,-0.1705826,0.7577856
0.47917196,0.18129723,0.14311893,-0.15922341,0.777661,-0.79971355,0.20314427,0.028295554,-0.017258262,0.7073043,2.361485,1.5296655,-0.47048151,0.07886889,-3.2342381,1.0832573,-0.057513498,1.1258153,0.7027136,-1.6272275,-1.9503317,-0.36536306,0.5919361,1.2775396,0.584191,-1.4970802,-2.0295455,0.5736053,-0.05614848,0.2922084,0.86587745,-0.07865982,0.31614,-1.9377831,-0.03504031,0.77121747,0.34139144,-0.6947307,-0.29987684,-0.39854768,0.28016916,-0.52389616,0.085177206,-0.6433644,1.0870299,1.0643835,-0.53517276,0.489259,-0.49491346,-0.01663044
0.6589746,-0.35237122,0.71387476,0.004730955,0.80250823,-0.5169569,-0.22755374,-2.0120685,-1.5086992,1.031553,1.2969692,0.34309956,1.1212105,1.3122815,-0.107994154,-1.0891296,-0.86291885,0.20711891,-0.78307015,-0.73853546,0.42977753,0.28070766,-1.7344555,-0.5771587,0.09131206,-1.0729212,-0.77042085,-2.0087478,1.0674989,0.31724682,0.5081895,-1.9695675,0.5200546,0.7816282,0.2461659,0.7992955,0.7453341,-1.1499408,-0.1703434,-0.13427533,0.666161,-0.98839444,-0.40389466,-0.23940615,1.0307003,0.55661994,0.5812361,0.092618674,1.3262376,-1.1319005
-1.5536846,1.3053457,-0.24246474,0.97927976,-0.10969023,0.3140604,-0.7157033,1.0259572,0.7203423,1.2514105,-0.564657,1.4286802,0.7127154,-0.1709081,-0.7540383,-0.37498528,1.0482707,0.58705366,-0.51252395,0.43169847,0.6349317,-0.551454,2.4119344,-0.349322,-0.37769243,1.4265989,-1.8620666,0.04306842,-0.18201613,0.2522301,0.135031,-0.087503985,0.58795,0.84155893,-2.3819995,-0.9956239,1.8059988,0.040792987,0.064959385,-1.0653584,-0.2286179,-0.25245568,0.33384395,0.36946157,0.6526525,-0.278843,-1.3234326,2.4145327,1.2068548,0.4240026
-0.64205354,0.9512391,0.5253221,0.24621047,0.41341707,0.86209,0.6603249,-0.15126972,-0.649139,0.42632946,-0.30367687,0.34275028,0.4169341,-0.9991463,0.32840812,-0.50267977,0.0007831142,-0.4129999,0.89128673,1.0024147,-1.6042675,0.98033035,0.58168656,-0.41085932,-0.9833567,-0.090928204,0.8902,0.09580628,0.18530674,1.9407654,0.047713615,0.92059714,1.2210563,-0.20484744,0.9030577,-1.3439317,0.5941659,-0.052115403,0.3396305,3.304308,0.34621555,-0.5580001,-0.3345166,-0.0521378,0.5895921,-0.27868503,-1.115484,-0.011646604,0.7200262,-0.46981174
-0.04062811,-1.5423249,-0.360613,1.2616338,-0.53830945,-0.87947345,-0.15383427,0.20728023,-0.39792216,-1.6224983,0.80857664,0.4272544,1.4269884,0.9098543,-0.7571169,-0.599355,1.4853104,0.3304947,-0.37764844,1.4806539,0.66226554,-0.16413501,-0.8708529,0.099046186,1.3320694,0.032675583,0.5969491,1.4533404,0.23217,-0.6071263,-0.13459241,0.51505464,0.8068606,1.2677717,0.99520665,0.23690662,1.1084251,-0.25282112,2.2003212,1.0195915,-1.2730182,-0.47671136,1.8932543,-0.06728415,-0.03291151,-0.06132932,-0.5945837,1.6023461,0.9385686,1.0706904
-0.45821774,0.005236774,-0.91941404,-0.9229991,0.5878634,2.0331519,1.7979107,0.47566342,-0.45779756,-0.14896502,-0.5852253,1.5432017,0.046816934,0.009421477,-1.7812433,1.0074424,0.15301603,0.4431513,0.9707284,-0.96074665,-1.5025785,1.6264219,0.72814417,-1.3372635,1.7127044,-0.9270286,-0.12360581,0.6709333,1.2000213,-0.726227,-0.12926662,-0.21986702,0.21094777,-0.58709425,0.8655354,-1.324851,-0.830589,1.6690714,-0.99122155,0.14395897,0.60299027,0.050507072,-0.41664544,0.46612373,-0.31054094,1.4299793,-0.057266925,1.0730485,0.48154965,-0.7023954
0.28690705,0.4317733,-0.15671456,-0.90987647,0.07460069,0.61087126,-0.32725513,0.7556899,1.6770617,-0.90460676,0.06475614,-0.24014755,1.6433828,-1.2192547,-0.8394776,0.3459801,-1.5644201,-1.0468507,-0.90295506,-1.4103734,-0.25928834,-0.49985912,0.8306878,0.56863064,0.57361674,-0.49643523,-1.4391861,1.9192967,1.0416613,-0.27790973,-1.1038893,-0.47460562,0.35647675,-1.2249212,-1.088129,-0.008811704,0.73891133,1.0411811,0.2951668,-0.6303667,0.025863957,0.36416113,0.59970284,-0.10915175,1.1435616,-0.55968046,-0.40081954,0.20314041,0.5934784,-0.24965844
0.47472546,-0.3673425,0.28923446,-0.46219972,1.9697961,-0.91941744,-0.13105586,-0.3728488,0.7776076,0.50135773,-0.38596365,-1.6487255,-0.5382219,0.2779547,-0.9976159,-2.8581843,-0.97235674,-0.58447576,-1.220725,0.17955251,0.32010442,0.920764,-0.7538659,0.94511056,-0.2588045,0.6157803,-0.57431686,0.74679685,-2.064094,0.36580908,0.6886206,1.2549279,-1.2858322,1.0547234,2.030899,-0.8004016,1.3268754,-0.6039948,0.34702882,0.5503805,-1.7625763,0.68279856,-0.15482216,-0.2414344,0.8667809,-0.4404607,-0.88104844,-0.69528896,-0.030507274,-0.042742435
0.685196,0.13661249,-2.0026367,1.5584064,-1.0591211,0.103436396,0.3130756,0.27884552,0.26158962,-0.9109795,-1.34787,0.2904375,-1.4022931,0.48179355,2.1703277,0.6051411,0.16684398,1.7808528,-0.23650233,-1.2690824,0.35071468,-0.39901307,-0.3317777,-0.50099003,1.0334314,0.62838376,0.2891624,-1.0887024,0.60750794,-1.0218282,-1.232675,-0.3008583,-1.0087826,-0.12939532,0.29728705,0.04326022,-0.22783911,-0.18935913,-0.27170005,-0.47105968,1.6721863,1.3081468,0.29765844,-0.76677036,-0.8799573,0.26392895,0.78112483,-2.786281,1.5631164,0.8315553
1.0556325,-0.41429976,-0.6431901,1.7052846,0.62724024,1.3348653,-0.42262554,-3.3655286,-0.34205806,1.6720016,0.07498514,-0.14524652,-0.45865336,1.1185784,-0.6952181,-0.45807326,0.5298379,0.9445877,-0.2691366,-0.31550106,0.79933715,-0.36321843,0.09012722,1.5871863,0.33715376,-0.8080102,-2.5420542,0.37282094,-1.315386,-0.123758264,-0.24618505,0.32744995,2.5104632,0.86833733,0.8160128,-0.34364402,0.64759797,1.4670281,-0.06803228,0.02684003,-0.053884685,-0.10849671,1.7280759,0.056401215,-0.8308642,-1.6453056,-1.2353705,0.20068,-0.045374993,-0.7512165
-0.34091172,0.19489664,-0.8939014,-1.38042,0.9832876,-0.0037154565,1.2418126,-1.3452874,-0.36648452,-0.27071398,0.6309937,0.25562084,-1.4636314,0.5344226,0.00029102596,-0.8821567,1.0230753,0.7748754,0.49448776,0.021966279,0.6024744,0.016613755,-1.3799378,0.4903302,1.3645811,-1.7980797,-1.5876831,-0.3683595,-0.2877104,1.3630104,-0.26319575,0.081333436,-0.38392717,-0.43553603,-0.54773104,-1.5641023,-1.2790588,-0.2909113,1.0500305,0.67911243,-1.0893952,-0.26238948,0.4190913,-1.405113,-0.3865654,-1.1089363,0.9848386,0.2938862,0.25210613,-0.25252095
0.4509442,-0.59202135,1.7103227,-0.14062156,-0.36537018,0.11769118,-1.5812289,-0.66792023,-0.6962034,-0.82057124,-2.4250386,-0.65792197,-0.35318857,0.21880251,0.08134664,0.7806847,0.02088011,-0.06975662,-0.56275034,0.8022516,-0.58263296,-0.75953823,0.13257594,1.5936542,0.1375344,-0.1481416,1.8983219,-0.20360863,-0.6408028,0.019798009,0.07572539,-1.324662,1.2508259,0.5645378,-0.5403863,-0.75572586,0.59255713,0.22372487,-0.24468127,0.626418,-0.4075316,0.5503446,0.39346987,0.82898074,-1.0990125,0.8570157,-0.48419914,0.013926374,-0.17584035,0.26287162
0.41216397,0.24451317,-0.46423528,-1.1093557,-1.8355466,-0.14963472,-0.45060176,0.48640752,1.3682078,-0.88406,0.7947305,0.12229301,0.5306762,-0.85046613,-0.17260545,1.1108619,0.6933509,0.46735036,0.83098286,-0.7269908,-0.90979075,1.6442299,0.22172655,0.67421156,-0.5358434,0.34301493,0.6772554,0.9693058,0.7495804,0.9553165,0.5338934,-1.0249318,0.62615806,-0.577333,-0.5828506,0.12972832,1.1375519,0.15814103,0.0013940802,0.57558876,-1.2350292,0.90629995,0.5909164,0.03365352,0.89087486,0.14852352,-0.75851285,-0.5880938,0.51980567,0.7285207
-1.7924923,0.32396197,-1.9640046,-1.036508,-1.5226507,0.110424906,0.13494489,0.9582904,0.15737644,2.0063202,-1.8974596,-0.32032543,0.9563462,-0.21202163,0.015974225,-0.78724533,-0.96186215,1.0228212,0.6967356,-0.63567513,-0.3152752,1.3219789,0.90566266,-0.60326684,-1.0226395,-0.19201581,0.6470027,0.963481,0.10573698,0.23238343,-0.97565746,1.5905566,-0.18742298,0.31359807,-0.9252105,0.81457907,-0.7468013,-0.35148352,-0.39484075,0.66115814,-2.2203987,0.84471184,0.6086403,0.3659524,0.64688873,0.21011855,0.287434,-0.4791927,0.52415925,-0.72997767
-0.6934406,-0.46189415,-0.01609717,-0.5990541,1.6529825,-0.040516995,0.6548281,-1.2631361,-0.023044877,0.20122491,0.6461054,-0.30859074,1.3714056,0.40898135,0.3058389,0.06328044,1.634843,-2.5511062,1.6258447,-0.59820634,0.46385515,-1.856973,0.20128497,0.11304746,2.0823224,0.66351724,0.51779413,-0.3250449,0.54986364,1.3808976,0.6950212,0.3016956,-0.7849685,-0.31007624,0.7546995,1.7733771,-1.3161448,0.18059799,0.10985523,0.8430088,0.6669329,-0.87031054,3.951585,-0.519035,1.6909217,0.49272996,0.88304996,0.010250768,0.27869585,-0.46123925
-0.21497633,0.6257452,1.402891,0.4206666,-0.6064363,0.24378663,0.025552936,-0.13456455,1.2004545,0.27663323,-0.1290988,0.17742407,-0.98945034,0.5716044,1.0172439,-1.1250159,-1.8945391,-0.4764851,0.26019344,0.2936328,0.30540648,-0.69517183,0.62543994,0.33167353,-0.1058003,-0.10795977,-0.9532364,2.0069582,-1.3674078,-1.4066937,-0.1874445,1.440683,-0.8844912,0.6939684,-1.3783212,0.23062763,-0.176955,0.8955109,-0.3173934,-0.30273935,-1.0105219,-0.15972948,-0.0671442,-1.5849653,0.92573833,1.3395458,0.5953662,-0.42611772,0.359942,1.1351645
-0.9522142,-1.1101089,0.19317798,1.2752923,-2.6737962,0.5032733,0.5266481,0.64697134,0.43426302,-0.31971106,0.80172205,0.45612735,-0.67521685,0.43452075,-0.68252575,-0.86317027,1.5664822,0.45346683,-0.9563015,-1.9014496,0.37431356,-0.9050405,-0.30956617,-0.23511617,0.96788317,-1.0426093,0.18280423,-1.0581956,1.4808229,-1.1056811,-0.255469,-3.2463462,1.3897941,0.26760265,-0.25070995,0.7000014,-0.28054285,0.37743858,-1.9305403,1.7321898,0.615896,0.5557246,-1.1746593,-1.5472398,1.4624256,-0.6982507,-0.59039104,0.033461593,-0.8043253,-0.99376196
1.4030154,-0.28121147,-0.7498853,-0.96235603,0.0019275309,0.8086753,-0.065726474,-0.0699615,-0.20706625,-1.4196694,-0.16627437,0.7560262,-0.10044873,-0.9347135,-0.02457861,0.43531704,0.19513826,-1.2753643,0.0946203,0.15728027,-0.61589545,-0.84221685,-1.5344051,0.69236207,-0.86510944,-0.80443436,1.018753,-2.0594144,1.010694,-1.5341152,-0.05019946,1.0161262,-0.5922772,-0.7567515,-0.6804013,-0.30582908,-0.19473936,0.66425765,-0.98293895,0.58324707,-0.9070065,-0.8564119,-0.8060862,-0.4807905,0.4065984,0.09172462,0.37617442,0.51132864,-0.72279125,0.51598513
-0.08167178,-0.25084844,0.64795375,-0.117081,3.1348858,1.0068692,-1.2790108,-0.38235497,0.8608222,-0.9903868,-1.2315187,1.3270638,1.8509715,-0.24342267,0.23453325,0.42446366,-0.74116445,0.54289216,2.3132677,1.0608698,-0.16451152,-1.9590133,-1.6958804,0.70141786,-0.19281825,0.5548158,0.44518927,-0.3936025,0.9633888,0.53502434,-0.41252714,0.53225535,-0.2736047,-0.22131559,-1.8636037,-0.2757563,-0.56019485,-0.461148,0.44335508,0.9303628,-0.707888,0.71149343,-1.2967063,-0.38692513,-1.0024494,0.25460476,2.3108966,0.33939362,0.62246436,-0.43985358
2.1225283,1.7480186,-2.1614864,1.8884119,0.08367237,-0.9858751,0.81087536,0.034912482,0.97492504,0.4719909,-0.106461234,0.66140246,-1.8255552,-1.0482556,-0.07483266,0.7346171,-0.28712568,0.22701219,0.03134424,0.75612307,-0.9619355,-0.7094669,-1.2380488,0.38383034,-0.46100903,0.5387249,0.3908002,-1.0101974,-1.0134858,0.51685,-1.0774156,0.57897276,0.89793545,1.2767441,-1.448991,1.0238649,-0.27328733,-0.744738,0.40034842,-0.73082054,1.3285092,-1.1947024,-0.014029038,0.8656953,0.77878225,1.4212565,1.2958728,0.83588547,2.4030304,0.072433494
-1.4925522,0.39972067,-0.24745037,-0.6243171,-1.9302387,-0.6742755,-0.6557941,0.36029565,-0.666863,-0.8730489,1.0167145,1.2644322,0.56625056,-3.0773194,-0.3836008,-0.99014634,0.97510624,0.42500535,0.46492952,-2.0682278,0.9291637,1.7746817,-1.1658789,-1.9373049,-1.0391613,-0.061491635,1.3554753,1.3363266,0.614406,-0.23649801,0.46764332,0.69205904,-2.169121,0.21957655,0.03533711,-0.97137845,-0.46902326,0.03129232,-0.74305755,-0.10906621,0.912401,1.8193558,-0.20186087,-0.8357671,-1.4446895,1.5733824,0.036148306,1.0562052,0.6479686,-0.3739959
-0.48111144,-1.4141426,-0.19285375,0.49954176,-1.2830355,-1.1772544,0.9099229,0.97777396,0.9225724,-1.8652447,-0.9216823,0.74177957,-0.5746944,-1.7101866,0.68984044,1.8333123,0.2785278,0.12849256,1.2286901,-0.26626116,0.17113677,1.4519695,0.9487441,-0.016459413,0.14090133,-0.44915095,-0.5304368,-0.9732421,0.14091049,0.5555386,0.67900544,1.474081,-1.085663,-2.003907,-1.5988867,0.17338665,-0.49998072,-0.5778677,0.34265506,-0.90138066,0.51207715,0.96417254,-0.22261862,-0.29387373,-0.37192038,0.9446208,-0.038006943,0.29474092,0.14122093,0.6345372
0.19992708,-0.036932454,-0.015863746,-0.049720947,1.9240497,0.52465636,0.1658975,0.76747304,-0.5638729,-1.4071751,-0.47286656,-0.03147264,0.38855854,-0.80708426,0.8081951,0.68972665,-0.3179381,0.09396055,1.5191398,0.5416084,-0.7471225,-0.74287456,0.8246444,-0.12797272,0.13758622,-1.7709976,0.46039373,-1.0256232,0.9590134,-0.27913603,-1.2452415,0.24049969,0.656623,-0.9280433,1.3118347,0.20680866,0.12297939,-0.09354806,-0.9265285,0.13191175,-0.1706239,-0.5213625,-0.38320374,-0.60142493,-0.8130268,-0.23033966,-0.016083611,-1.3266729,-0.46391267,-0.69359106
0.7714929,-0.74110097,-0.25848684,-0.6745394,0.3804545,-0.42192852,0.67190486,-0.34174567,-0.88921535,1.0500733,-0.088393025,-1.4040661,1.0743386,1.4201741,-0.77193713,-0.0037504253,-0.39618164,-0.0879133,1.0881896,0.7591183,-0.15957923,0.22846824,-0.79634595,-1.1369655,1.1321433,-0.64353985,1.0555795,-0.41766483,-1.9046322,0.4948244,0.038304992,-1.5500851,0.14083935,-0.2134947,1.0008918,-0.28662777,-0.24121891,1.3974983,1.6354432,1.2605059,1.775037,1.3921539,1.3014933,0.17275783,0.31022716,0.35313544,2.0317788,0.34953317,-0.5968862,-0.25911754
0.25011352,2.2572548,0.10031626,-2.8909433,-0.15532975,-0.46490008,2.1397803,-0.05300617,-0.28098667,0.06755742,-1.8850086,-0.67446953,-0.14570157,-1.1232537,0.73688483,0.63352233,-0.8454118,0.58138627,0.11188543,-0.34349915,1.5084301,-0.8257319,1.8036054,-0.64196175,-2.6347299,-0.45865595,-0.7197309,1.4027652,-0.21350996,-0.45689353,-1.0505975,2.6559606,-0.6902133,-1.1144785,0.68458265,-1.7650676,2.352855,-0.29983404,0.6284502,-0.5878911,-1.1238561,-1.4255174,1.0418112,0.23608623,-0.41524595,-0.8752461,0.2040972,-0.49576682,0.8510999,-0.3184241
-1.9761968,0.9060142,0.23711121,0.27660373,1.2608092,0.3237497,1.5436511,-1.1496638,0.1957055,0.23794048,0.2802533,1.2988453,-0.9926029,1.4123654,0.43517303,0.8696306,-0.96005416,-0.50649536,0.31506154,-0.40324247,-0.40965518,0.93270034,0.38229504,-0.59387225,-0.81529576,1.0973607,-0.5738361,0.5937002,0.63059366,0.014470719,1.3339317,-1.4455845,0.66166085,-0.06745719,-0.0039609955,1.6721677,1.1076287,-0.7359171,0.70941174,0.4993916,0.945872,2.1410012,0.56341445,-3.60318,0.77449185,-0.66363627,0.008042664,0.5763598,-0.40477654,-0.9673964
0.43808234,0.38511068,-0.34440786,-2.3288703,1.0773984,1.0659608,1.6303465,0.6561886,-0.79275197,0.38837788,0.101377,0.27371797,-0.15532997,1.7085016,-0.046628717,0.74922115,-3.6821873,0.54818547,1.2711035,-0.012507981,2.2893481,-0.5732804,-0.9325335,0.36909416,-1.8147278,-0.1400519,0.34503016,0.8075453,-0.725125,0.25065914,-0.6173794,-0.38399476,-0.6371579,-0.54677576,-1.7697321,-0.013145148,0.16690181,1.0830393,-0.08244116,-0.6556469,0.016496807,0.10458779,-1.6159197,0.42506304,-0.1852919,1.2757618,-1.917052,-0.420831,0.6008514,1.1800584
1.6157558,-0.5346267,-0.75548965,-0.0069290916,1.4892507,1.3312558,-0.4404297,1.1856343,-0.16107698,-0.5258405,0.19203731,1.0524131,0.8602603,-0.42304143,1.9660993,0.6493929,-0.12804791,1.3265876,-0.96341014,0.4152647,0.7563199,1.5627352,-0.1592967,0.06957224,-1.3545747,-0.8897266,0.20250006,0.075981095,-1.7599111,-1.4015745,-1.0015719,-1.3222812,1.0600742,-1.761487,-1.2063571,2.0094197,0.06693889,-1.2488235,0.99762946,0.0058313124,0.08719394,0.0012959243,-1.0284821,-0.16989172,0.9634689,-1.2440188,0.04770716,1.7332696,-0.9193994,0.6677248
0.1540241,0.45358008,0.4258857,-0.07865724,0.062164675,1.5700946,0.2912896,1.1582478,-0.7531214,0.5568048,-0.5559256,0.2488199,-1.2012186,0.10357891,-0.06827073,-0.8153165,0.43482244,-1.5218889,-2.6122649,0.92088526,-0.9966281,-0.97407895,0.40090108,-0.92215496,0.56983596,1.343583,0.72415555,-0.30275056,-0.923715,-0.8806066,-0.87432206,-0.30415717,0.060055826,1.638302,0.46010867,0.13250796,0.5591655,-1.269631,-1.6171488,0.45676693,-0.42435235,-0.5082789,0.40801293,0.6962143,0.8202233,-1.5007432,-0.14637254,-1.4957677,-0.566613,0.16858011
-0.27011764,1.316181,-0.06916469,1.2397735,1.027476,-1.1109099,-0.76967,-0.39668918,-0.3003952,-0.075076826,-1.373274,1.5653088,-0.15133332,-0.1370125,2.3624964,-0.7823242,0.3997747,0.2794044,-0.07175163,-1.1944374,-1.1509272,-0.38516167,-0.98602873,1.3140373,-1.1421812,0.01958087,0.6548087,-1.4534534,0.79826814,-0.74291056,-0.16929929,-0.06521197,1.4526397,0.49864158,-0.43081233,-0.6468855,-0.26145932,-2.2149148,-0.88461226,-0.99709386,1.540328,0.082306944,-0.7457035,-1.6034384,-1.0300764,0.5504239,-0.23761712,0.31603396,-0.50356376,0.8507648
0.58231205,0.81706613,0.8938711,-0.77764356,0.29345918,2.0094314,-0.53064436,-0.5043362,-0.41475755,-0.15813412,-0.16834055,0.34195167,0.0749957,0.9290108,0.73086846,-0.71045625,-2.2265553,-1.2507008,-0.09846193,-0.19653004,2.635065,0.83056194,-2.2088463,-1.7047662,0.35503036,0.040771715,-0.32341823,-1.2887137,1.451625,-0.5165219,1.514744,0.13167748,0.284077,-0.30580118,0.53165513,0.34276855,0.19742987,0.12469342,0.6432777,2.0083866,1.7012645,-1.2250903,0.028753852,0.3078802,0.10275861,-0.31183913,-1.8298908,0.33497825,-2.5705788,-0.13453998
-0.4328858,0.8195216,-1.0904484,-1.2916822,1.8535634,1.6576633,0.09127887,-0.12840758,2.6582341,0.91559875,1.6352203,1.3414457,-0.4211425,-0.24314979,-0.49136314,1.3095062,-0.63607854,-0.33590853,0.58373886,0.6046452,-0.06996716,-0.9324076,-0.0085908435,1.3278373,-1.6509378,1.3948293,0.71597534,0.719096,-1.2256643,-1.9528999,-0.8341269,0.5359573,-0.6525094,1.3631642,0.4781913,1.6480935,-1.2884107,-0.9869853,1.2910945,0.4606979,-0.8038139,-0.5390432,-1.1161597,-1.3191941,-0.2873812,0.56475925,0.31243604,-0.5676513,1.6877455,1.9033921
0.97913784,0.912237,1.2078234,-0.6754826,-0.16167791,1.3873644,0.18610148,-0.98489016,0.50870657,-1.8364685,-2.9538481,0.11136002,-0.7430163,0.66098756,1.4274126,0.41526952,1.8611469,0.23227753,-0.77533567,0.9305978,-0.056510508,-0.94636244,0.21601132,1.3230543,0.65946466,1.4278017,0.038598105,0.5449627,-2.8618655,0.50680935,-0.13556509,0.42330343,-1.3622984,-0.41515902,0.54849166,2.0234928,1.7002203,-2.847564,-0.4208337,0.26872063,-2.5203981,-0.3551985,0.70842034,0.6192213,1.1074455,0.1651075,1.742527,-2.1064525,0.31788334,-0.123719245
-1.7787244,-1.5177836,-0.44932467,0.7138328,-0.67695147,1.5328996,-0.9716398,-1.7069972,0.9784433,2.3902445,-1.2729607,2.0000424,-0.09805716,1.133747,1.3332995,-0.6508336,1.1990285e-05,0.6987268,1.252773,-1.5987204,-1.7620642,-0.13651657,0.09492758,-0.007058131,-0.2642171,-1.5309523,0.7338593,0.81482154,0.94159937,0.532535,-0.64500916,-0.16467981,0.3851832,-0.02944807,0.4930962,1.8831787,0.32510874,-0.59246594,0.045693554,0.15299743,0.970612,0.75855184,-0.41983122,-0.2849228,-0.43151233,-0.42391887,-0.064164914,0.57855725,2.3578231,-0.48341897
0.43010297,-0.8896797,-0.89814067,0.22165239,1.0349988,-0.7345387,-1.1586589,-0.6163781,-1.6671271,0.14159757,-2.195005,-0.5623034,-1.4099313,0.95618147,-0.2280387,-0.7742271,0.728499,1.3881919,-1.349311,-0.61547434,-1.785794,-0.41886017,-0.54338866,1.2555275,0.6824069,-0.91426456,-1.1256086,-0.42292082,0.7887458,-0.1517914,0.9949712,0.014933754,2.5646932,-0.4734402,-0.7341198,-0.520158,-1.618548,-0.5495871,0.14090301,1.7641191,0.38849786,-0.54950374,0.30622214,-0.16751106,0.091225244,-1.6995084,0.06140557,-0.9458291,1.034258,-0.6653769
0.19551787,-1.6485604,0.56253284,0.5642224,-1.0797691,-0.2893864,-0.5318927,-0.70036334,0.6152661,-0.51118624,-1.0733217,1.6426975,-0.49824446,0.9711034,1.2361066,1.8858272,0.39252287,-1.103694,0.34367555,-0.022049207,1.1238041,0.790751,-0.86064106,-1.2981375,1.0069491,-0.3193784,0.7154937,0.99643385,-0.72176814,-0.60880387,0.5118821,0.78959686,2.7089708,-0.08387208,0.63122606,1.4026965,1.1166143,0.8959473,0.45198154,2.1390476,-1.6982232,-1.5933809,-0.029405098,0.07137252,-1.8555584,-0.3693522,-0.70012015,1.0312221,-1.2662599,-0.14532281
0.17116778,0.03277243,-0.6037927,0.6991656,-1.2170732,0.10625967,-1.0750353,0.034017105,-0.595403,0.5251356,0.09195088,0.8476315,0.7792495,-0.14309949,1.8701562,-0.18508473,1.0147597,-0.59303814,0.85967785,0.34590217,-1.2886705,-0.1875002,1.629023,-0.5158763,-1.7453918,1.1487122,1.0214397,-0.11658494,-2.5647032,-0.57052904,-1.7997681,-1.1807588,0.2435004,0.27570513,-0.19016069,-0.43842238,-0.65248865,0.52986753,-1.0262905,-0.15442416,-1.9295979,0.4145692,1.3531791,0.1294025,0.95579475,-1.4167914,-0.9547936,0.5655656,-2.3366318,-0.19589429
0.15744191,-0.96764946,0.148901,-1.3127985,0.399382,1.2766292,-1.4250462,-0.155173,-1.231431,-0.8007958,-0.71633214,-0.7544768,-1.8624572,0.79535246,-0.08819685,0.34268826,-1.3840967,-0.51130813,0.15126923,0.2303565,-0.5388145,-1.3484212,-0.45966756,-2.0008657,-0.2050374,2.1773708,-0.5146583,1.3232536,1.0027883,0.44573396,0.46616238,-0.18295212,-0.045403615,1.5458969,0.49574786,0.42498678,1.418576,-1.2207292,0.40477955,-0.594436,-0.823898,0.98027456,0.35518375,2.0125704,-0.5482043,1.8132586,-1.5978944,0.3648344,0.23125353,0.04548922
0.15150079,0.8712569,-0.5270237,-0.07239689,-0.41591978,-0.3170781,-0.6674407,-0.2233237,-0.66686183,0.24643637,0.9038957,-1.1927725,0.2782986,1.3774871,1.4105129,0.89416176,-0.02337997,0.28033808,1.1821305,0.3261987,0.48119357,-2.221776,-1.2146246,-0.07155771,0.6846846,-1.3809377,-1.6098331,1.201368,0.26633456,-1.3299637,0.37263855,-0.06410933,1.0252517,0.44803596,0.99061084,0.3164285,1.7339476,-0.031079674,2.11784,0.89292836,0.8293673,-0.99158424,0.041900165,-0.78031737,0.7696309,-0.38472134,0.38266096,-0.41277266,2.1950097,-2.0767832
-0.24678242,0.087061584,-0.44633296,0.3389879,-1.2416643,-0.86931366,0.1048475,1.3634534,-2.0302527,-1.189829,-0.9238841,0.7777858,0.80018216,-0.049099933,-0.14533286,-1.5522913,1.4132627,-0.62203443,1.1099167,1.1392683,0.02460825,0.26673993,0.36976764,-0.5314978,-1.0573992,0.40179303,-1.6990509,0.049745105,-2.1555974,0.088140875,-0.24091953,0.271394,0.55843997,-1.053451,1.5161774,2.5100796,-0.2765029,-0.19641602,-0.88687974,0.8942545,1.0498835,0.40795818,-0.88336897,0.86707044,1.3113778,1.8990914,1.8265663,0.5126615,0.4600441,0.4242659
-0.1503409,0.005172212,-0.10398316,-0.6641922,-0.5813281,-3.0973701,0.41103423,0.54353577,-1.014155,0.84615993,-0.52507645,-0.26057443,-1.1106381,1.61252,1.1578692,-0.35365823,-0.10378363,-1.9952335,-1.1143197,0.17886798,-0.21591058,-1.4270033,-1.2511405,-1.1231745,-0.74314123,1.4911646,0.37145948,1.3312219,-1.9415236,0.64597785,0.09222245,0.6011853,0.021275934,-0.32405716,-1.1143281,1.2450455,-0.6997798,-1.2019919,-1.8746136,-2.0270662,-3.1501505,-1.8665363,0.67681986,-1.9240308,-0.18094689,0.43984574,-0.40525955,0.805962,-0.4907176,0.6486834
-0.22214381,0.7115347,0.51768225,-1.0500193,0.564706,-1.0401696,-1.4297171,-0.48618233,0.09674845,-0.22917356,0.10887741,0.6296063,-0.010637442,0.998026,0.17834331,0.44869766,-0.884314,0.48064232,-1.5959289,-0.40432715,0.59893185,-1.1071546,0.35782233,-0.42862216,-1.3961955,-0.6187397,-0.11214199,-0.64171433,-0.46630687,1.412927,0.43594643,0.043275267,-0.21553515,0.38111198,1.6649891,-1.21964,0.15950312,0.21092764,0.72929007,1.2621275,-0.09620782,0.11818802,-0.2634503,0.5014109,0.79894257,0.07779781,1.1580666,1.574582,1.2012852,-0.34910104
0.7129014,-0.54373455,0.54002494,-1.048046,-0.44984707,-1.0377196,-0.48544845,-0.298392,-0.93601424,1.1683882,-0.31508675,0.56026936,-1.0033702,0.83725226,-0.1741336,0.93604285,-0.7548476,0.12398588,-0.3669939,1.1762125,0.29479316,0.18827504,-0.7569986,-0.22049864,1.2377703,-0.8801864,-0.27036062,0.8762168,0.6198529,0.2260177,0.49035832,-1.0255277,0.3130107,1.2868149,-1.2506882,-0.4265202,0.5567235,-1.2203883,-0.25289804,0.26074207,-0.71355575,0.371794,0.018926738,0.84565246,0.8880791,0.8314349,1.7490503,0.6538951,0.030529253,1.1779774
-2.3650963,-0.7745728,-0.44613677,-0.61148006,0.5313255,0.020278614,-0.90001494,-1.2293608,0.80135185,-0.123586155,-0.82771635,1.0924376,-1.3797425,1.571459,-0.30394357,-0.9917968,0.273654,0.32587698,-1.0402892,-0.4963154,2.0374532,0.379491,-1.2047893,0.37831005,-0.16472538,-1.0371662,0.15380402,-0.033175677,-1.084627,0.6937819,-0.31619573,1.3864954,0.13785581,0.4181201,-0.06004111,-1.1040974,-0.7251597,-1.3254434,1.2649738,0.39079392,-0.8471997,-1.3851622,-1.2994226,0.46525937,1.029891,-0.9461724,0.03688295,0.3506179,0.080187775,-1.0698189
1.6869438,0.19135879,-0.061831582,0.365856,0.62237954,0.16449504,-0.34177026,-1.2651153,0.4175266,-0.7332522,-0.5693897,0.44860312,0.18620083,0.45831072,-0.14318447,-1.2371482,-1.7264653,-0.26068637,-1.7134484,-1.5989845,1.675333,-1.135127,0.2807199,-0.043121774,-0.16718264,0.6389014,0.014790041,-0.7069995,-0.9036579,-0.64960575,1.452438,-0.9262652,-0.5336825,-0.13466993,-0.5296624,0.17067981,1.1973256,-0.02300563,0.24004479,-0.83699924,0.52649105,-0.23704174,-1.1514637,0.81976765,0.3431152,-0.7173262,-0.3161759,0.02044952,0.2428204,1.5692344
1.8873866,1.2153543,-0.9722486,-0.70542544,0.45524973,1.5496395,-0.4449635,-1.3355949,-1.1496432,-0.22943363,-1.0806259,-0.7634883,0.22051328,1.4423615,-1.8958559,-1.0220383,-0.79660034,-0.5426063,-0.53659266,-0.31021732,-0.30718756,0.04761196,0.46610528,-0.75598377,0.16096349,-1.9779706,0.7681357,-1.7344599,0.49986973,-0.7613799,1.0934204,-1.5499966,-0.1671305,-0.1529841,0.93491185,-0.49675542,-1.3154857,-0.7681182,-1.5229912,-0.9164191,-0.19654638,-1.3810713,0.7797778,0.4760831,-0.65495145,0.79929316,-0.2185676,-0.19503836,0.5388805,-0.86588293
0.58910143,0.18354651,0.35891613,-2.2864404,0.11581303,-0.15191692,1.0513402,0.6624865,-0.63875437,0.38095596,1.3450956,-0.86058736,0.055790853,0.77636987,0.5660602,1.0790038,-0.39382526,0.47760367,0.34133682,0.06469398,0.6061457,1.6752816,-2.6481736,0.17397092,-0.1240897,-0.31893042,-0.25583372,-0.6541309,-0.008487938,0.124080665,-0.39677212,0.5508646,-1.221358,0.8677247,0.3429263,-0.2568174,0.19868524,0.53515637,-1.2435262,0.7283531,-0.95905393,0.26807368,0.61026156,-1.3459754,0.68130064,-0.64681953,-1.3549011,0.6414692,0.3222893,-0.404844
1.1386184,1.184205,0.120519385,-0.6155684,2.235816,0.59007484,2.3945363,1.0806113,0.34153196,-0.046488006,-2.2860897,1.9686365,1.1437807,-0.50985223,-0.15324841,-0.1267882,-0.75828975,0.62776977,-0.28001264,1.2313083,0.17517403,-1.1178001,0.06179411,3.258703,-0.5925823,-1.266829,0.2253792,0.9259127,-0.361756,-0.0976548,-0.64292526,0.8767239,1.7008818,-1.6065125,-0.056146696,0.083632186,-2.2930784,0.06448915,-0.28435,-0.69998837,-1.2170892,-0.042636175,-0.58566797,-0.3338018,-1.4074923,0.60808194,1.5359263,-0.25561294,-1.8944045,-0.07155013
-0.22529942,-0.6020226,-0.6628679,-0.94190156,1.0480611,-1.6801037,-1.4264948,-1.0686498,-0.9554279,0.40897858,1.1648723,1.7191242,-0.44058046,1.265942,0.59772086,-0.3419392,0.54676205,0.19638555,-0.032888044,-1.6839387,0.025397837,0.008855511,0.2637453,-0.14311272,0.7245628,-0.83092535,0.3556579,1.366702,0.14331448,2.760898,-0.24097085,0.95140517,-0.34406635,0.086706094,-0.73539495,-1.2067763,-0.36904523,0.48750815,1.0094736,-1.7799171,1.1537291,0.47532314,0.67046535,0.71452564,-0.36671224,-0.25970253,-0.90812707,0.52133685,-0.64126843,-0.3491296
0.7094428,0.8022557,-2.3028593,-1.0854535,0.62545633,-0.49030626,0.03392999,1.5827397,-0.7639761,1.6600031,0.38478297,-0.58056635,0.6122408,2.0238109,0.33762586,-0.05188735,-1.3853557,1.2713608,0.066812225,-0.26326588,-1.2406496,0.21962164,-0.32933912,0.39253983,0.14077343,-1.8251853,0.24595866,0.32310516,1.2305132,-1.3662444,0.017873768,-0.28110996,-0.25860673,0.5004016,-0.64267427,-0.9959724,1.325523,0.28968742,0.45820796,-0.9137533,-0.6037278,0.63893914,0.29143262,-1.3779254,-0.8765595,1.1188272,0.75317806,0.18311146,0.042602956,-0.53726107
0.34789687,-1.2734303,0.81471956,0.10353528,-0.89876777,-0.849784,1.1121914,-0.82465917,-0.7888779,-0.4572246,-0.65005624,-0.6788349,1.1293998,0.5432669,-0.12695467,0.17876457,-3.456177,-0.7261173,-0.8981785,-0.57992226,-0.23396565,0.80270547,-0.86584157,0.057401784,1.0369794,1.635337,-0.22629522,2.2852697,-0.4792829,-0.20517759,1.4111016,0.15382846,1.2475932,0.64035994,-0.8610398,0.8028099,0.4161438,0.25716472,0.7362367,2.0692513,0.75253314,-2.666179,-2.4149616,0.85963166,0.42455202,0.7702217,0.41796842,0.82983387,-0.46436542,0.23820768
-1.1265827,0.6766832,0.6879421,0.6350838,0.20331423,-0.24657284,-0.83541775,0.6160345,-1.8220606,0.4999237,0.18249829,0.8544455,-0.30333728,0.6803002,1.5701284,0.5953364,-1.109758,-0.8566752,0.2275026,0.9235606,1.1026587,0.68812895,-0.15360095,0.8875083,-0.06331663,0.1829025,-0.44379768,0.3349256,-0.46161187,-0.33485943,0.78975123,0.11558431,0.7150213,-0.8883811,0.54116726,1.3160105,0.07040906,-0.9069656,-0.54531795,0.74574804,0.3636911,-1.0579457,0.2031231,-1.4383732,0.81232476,2.2008996,0.08677455,-0.17077197,-1.3919448,-0.09070004
0.81957453,0.34402543,-0.6286195,-0.9260466,0.051321372,-0.27869338,1.5392498,-0.05650179,-0.81575686,0.22878967,-0.33213344,-0.7802325,-0.73019624,1.4858766,0.8590048,0.79311866,-0.38696593,1.563544,0.7004734,0.14090961,0.033648536,2.238678,0.90246624,0.2706429,-0.24526405,-0.15906017,-1.435731,1.1191562,1.1293248,0.60612386,-0.62546086,-0.57463837,0.28717852,0.57776934,-1.7816391,0.9489328,-0.9265117,-0.58459103,-0.4162892,0.17756264,-0.03597596,-0.09686783,0.28698048,0.41623828,-0.8479604,-1.613861,0.1293027,0.092375115,0.5878633,0.30770776
0.74879897,-1.0071291,-1.4170481,0.033252317,1.2801155,0.6498979,0.5820865,0.9138382,0.6648163,-0.1469898,1.1688926,-0.6688898,-1.4432422,-0.7855081,0.48670304,-0.17855284,1.2214967,-0.32464623,-0.6522081,-0.3984142,-0.19222388,-1.645696,0.443634,-0.29484904,-0.09505996,-1.6307359,-1.1258634,-0.24622989,-0.04574428,-0.70351565,0.4276093,-0.57887286,1.0366204,0.5465875,1.2819598,-0.5405706,0.06003254,-0.94613963,0.009075775,-0.20132856,-0.104429066,0.24403821,-0.05628006,0.15860878,0.89573973,0.076922074,1.6046162,-0.14927721,-0.9252248,-1.089016
0.16736959,-0.3418167,-0.9309106,-0.8265493,0.29722434,0.32700405,-0.24525484,2.528719,1.3253297,1.4303095,1.2781816,-0.0011414094,0.21348166,-0.35065204,0.63533896,-2.0678337,0.62239325,-1.0065229,-0.58854365,0.7509813,0.22797827,-0.34231266,0.7429014,0.575845,1.994837,0.121620566,0.005955461,0.20688987,1.733146,1.1394053,-0.58876944,0.93646204,-1.3297563,-0.88876194,0.56030136,-0.49039826,-1.0255544,0.567004,0.016964706,-0.26185995,0.000999062,1.043106,-1.3956625,1.1494629,-0.16880453,-0.8852732,-0.31859076,0.36171514,1.1995901,-1.4149294
0.19221374,0.33932078,-0.7316253,-0.16955929,-0.6673636,-0.532221,1.2278734,-0.34065992,0.5242555,0.035245825,1.3399137,0.14934592,2.1194704,-0.48416215,-0.34429777,0.31381446,-1.6157854,-1.2895167,-0.3400421,0.5878069,1.9143332,-1.5983645,1.4054743,0.7249183,0.59978133,-0.45778826,0.8781284,0.7576425,0.42780265,0.8428503,0.6970329,0.72637457,-1.7243702,-2.917524,-1.0084175,0.50189894,-0.021014513,0.77987134,-0.6987217,0.41250193,0.6243824,1.115778,0.8990481,-1.724869,-0.6778004,0.8104612,2.756215,-1.7698644,-1.6120999,-0.100254886
1.2453204,-0.15485196,-0.97495484,0.29751718,1.4585402,-1.7878621,-0.54072,-0.45041603,1.2526017,-1.9766711,-0.8917899,-0.31875515,0.67901975,-0.8751343,1.1597188,-1.5084634,-0.5372958,-0.828667,-0.34717822,1.0963897,-2.4096339,-1.1408308,-0.66400766,0.8168677,1.6657404,0.6153068,-0.5441,-0.3205183,0.28734782,1.5751156,0.8385532,1.1762413,0.6530158,0.17734334,-0.27619353,0.14727038,-1.8455662,-1.5046613,-0.6632065,1.0667591,-1.4394943,-0.9453622,1.9442995,-0.1935429,-1.7227187,-0.16764487,-0.20697798,0.23434517,-0.17210454,-0.4712175
0.91913754,0.3289423,1.0785906,0.95900923,-0.65841275,0.015402215,-0.42145547,0.39958334,1.4624656,-1.2277813,-1.6428866,-0.8473737,1.1132203,0.08492893,-0.0042587784,-0.980949,-1.2965426,0.083360836,0.48805124,-0.20750174,-0.8252192,-0.006978794,0.7587534,-1.529765,0.1309661,-0.93868786,0.6814467,-1.2445308,0.17440376,-1.3852971,-0.7441073,-0.67940736,-0.46879306,0.46996385,1.7937627,-0.6787971,-0.03482701,-0.078118905,-1.0541855,0.2969116,-0.6700595,0.22075707,0.49439898,2.1781714,0.6029921,-0.46996683,0.5961601,-0.26577383,1.6165154,-0.43786597
0.07415821,2.8549092,0.85599977,1.2776742,-0.9436563,-0.57567626,-0.79106253,0.8078703,0.79887456,0.022820856,1.1273255,0.6115383,0.9305325,-0.47394642,0.7994156,0.23170176,-0.252337,0.10533585,0.35938308,0.42765704,-0.52463114,1.367302,1.5970786,1.8114702,1.3241376,-1.1090909,0.24712783,-0.49462885,0.81762,-2.1959536,1.2792994,0.8883298,0.5310391,0.04673072,1.2517155,-0.23584025,-0.019668315,0.58372015,0.69682944,0.5159873,-0.47760186,-1.6174062,0.11115246,-0.2562509,1.1951016,1.1387024,-0.34665853,-2.1491868,1.0383042,-0.39936846
0.69999135,0.30809003,1.9271431,0.5127913,1.0093982,0.51989675,0.6794211,-2.728761,0.27079338,-0.5803758,-0.67455083,-1.8050662,-1.5668465,-0.97098184,0.5131402,-2.4922318,-2.1071,1.4613497,-0.46407446,-1.2732809,0.08540245,-1.5594333,-1.7240804,0.7257881,0.36196846,0.41159657,0.502749,-0.38757434,0.39920282,1.0260345,0.15969448,-1.666733,0.23704581,0.4700542,-0.43190518,-1.3243179,-0.011037982,-0.8800205,0.66229004,-0.60074466,0.17483857,0.33034,-0.792917,-0.40779772,0.40540802,-0.58495677,-0.5537651,1.7343963,-1.9401265,-1.5363828
1.2352637,-1.3069229,1.0646126,-1.23165,1.0164219,1.6141838,1.1856853,-0.19083081,-0.7361358,1.0869128,0.9263878,1.1174082,-0.52402395,0.8510411,0.3754667,-0.051967416,-1.3329848,-0.07642951,0.90589815,0.52360743,0.6413979,0.67998034,-0.40681276,-0.29918295,0.2815277,0.41812274,-0.24170017,0.42399374,2.118717,-0.73258305,-0.25017557,-0.071757905,0.6970414,-0.5564798,-1.3226064,0.0049095424,-0.11377328,-0.9166007,1.1296836,-0.83814055,-0.5969128,0.46629152,-0.43733835,1.7682134,1.2047468,0.3172008,0.10656082,-0.24077886,-0.17135607,0.6059209
-0.0053157806,-0.05136913,2.2602575,-1.7613385,-1.6951511,1.9484601,-2.7462745,0.36620212,-0.47027984,1.5831236,1.4202483,1.4003605,-0.99577403,-1.6252904,0.53454465,-0.56011796,1.101702,1.2596315,-1.7969652,-0.59159535,-0.28214052,-1.7620425,-2.0380287,1.8783431,1.2112238,-0.15075332,0.09673656,0.94255745,1.1773822,-1.0749565,0.37110287,-0.9192313,-1.206526,0.46314454,-1.0143862,0.30842105,0.21309063,0.53901553,-2.322911,-0.34125838,1.0502886,-0.5825148,1.5561824,0.6093894,1.517219,-1.8571472,0.4211783,2.211359,-0.14999817,0.41397327
-0.61372674,-0.66773826,0.48055354,0.22317319,0.4631049,0.65779346,-1.615873,0.7819825,-1.6984547,-0.15575817,0.3980307,-0.78843284,1.3904539,0.23313622,1.6527337,0.41012222,0.0006647209,-1.5198525,-0.80029005,1.1617563,0.63732225,-0.0128630735,-1.1330813,0.40430894,0.11584479,1.3664931,-0.60133064,-0.5684828,-0.21995364,-0.135396,-1.8114607,-0.8633139,0.14080833,2.09567,-0.29424322,0.76407295,0.3027087,0.122097164,0.36791128,0.48588508,-0.5572943,0.09233229,-0.18601544,1.1770543,0.27689978,1.0671866,-0.53017104,-1.0879524,-0.80313337,-0.10690144
-0.33561003,0.54140604,-0.1442998,-1.3081634,0.5202424,0.5372225,-2.6650517,-0.8395628,-0.30921876,-0.093830526,1.8168657,0.91352147,0.531819,-1.4768248,0.42396668,-0.34267825,-0.89623004,-0.14413345,0.2810773,1.0451506,0.47863036,0.59800315,-0.2330378,-0.9829463,1.3529452,0.34562704,0.42327705,1.2363589,0.793917,0.64312255,1.0835546,-0.6841523,-0.75039154,0.037220445,1.9254966,0.15338781,0.35621196,0.1913578,-0.66948396,-0.09133879,-0.92824906,0.43110746,-0.86987257,0.79582894,1.9698359,-0.4974321,-0.77825594,-2.1806555,1.07234,0.76886004
0.059562404,-1.0925263,-0.4620138,0.90015686,-0.007527578,1.07706,0.4903164,1.2502787,1.1626939,0.41183615,2.1789181,-0.2116807,-0.29922876,1.1032346,0.061729405,1.248844,-0.1290139,-0.5203749,0.10577061,0.58876896,0.5505755,0.7368944,-1.1610094,-1.2221048,-0.40459043,-0.057738077,1.3207722,-1.8197944,-0.31769976,0.03443279,-0.6281826,0.08295291,-1.3565625,1.7837055,-1.0096587,-0.10723717,-0.88729113,-0.089529365,0.98601854,0.46712434,-0.666094,1.1109586,0.018080473,0.011894443,0.16503957,-1.2061309,-0.26891878,-1.4559566,-0.4764644,-0.17766474
-0.10115889,-0.69309247,-1.131262,1.0202916,-0.07127677,1.2793708,-0.05608606,-0.26190317,-0.2997418,-1.2114381,0.6209964,0.23792288,-0.41199493,1.2947373,1.1776099,1.326538,0.095320955,-0.6895247,1.3565208,-0.013307924,0.6842036,2.587751,-0.044720095,0.4636279,-0.027652897,-2.5146816,-1.5807873,0.4088959,0.5275153,-1.7040869,-1.2021705,-0.17443337,0.89218765,-0.3736635,-1.4709399,0.4222279,-0.7841628,0.80169487,0.26476046,-1.6304345,0.71808064,-0.16650072,0.48566628,0.9792331,0.08681583,-0.0424054,-1.388622,-0.012963964,-1.8805208,0.4730193
2.3237982,0.94708467,1.531671,-0.3585073,2.0561829,-0.1772131,0.92470133,-0.5071493,1.3129917,0.3338135,2.8776867,0.8582261,-0.88554007,-0.34969482,-1.2503009,-0.6040526,-0.1929735,0.47915113,0.6667105,0.35390055,0.87663215,-0.23127066,1.3952106,-1.2003523,-0.23534459,0.50663507,1.0433294,0.3167736,0.15345763,1.0510159,-0.6402475,-0.9580065,-0.52713966,-0.7191296,-0.28321478,1.6848346,1.1785698,0.91182995,-1.1669964,-0.73192793,0.34371343,1.0873789,-0.5422687,1.3740796,-2.7952623,0.9055797,-0.9317721,0.9952441,0.81291765,-2.926208
-0.8885476,1.2236629,0.7004407,-1.1696675,0.17515157,1.3358555,-0.019212656,-0.19769934,-0.22771795,0.57276094,1.123219,0.6543109,1.163583,-0.62806094,0.2452062,-0.31783703,0.63382894,0.33623096,1.1398507,-0.19091591,-2.2974274,-0.40598,0.546145,-0.29619384,0.28995013,-0.24262348,0.39530158,-0.8208379,-0.31379434,1.3032008,-0.018128036,0.07048829,-0.69167244,-0.3332884,-0.6893774,-0.8378352,-0.13704732,1.0445071,-0.61609983,1.3494108,-0.1639615,-1.386343,1.4054526,-0.29570213,-0.6944646,-0.18810594,-0.081372015,-2.7656868,-0.28073254,-0.3321402
-1.5323968,1.2523894,-0.55527616,-1.0528882,-0.004780731,0.6638078,1.4918869,0.8840541,-0.22266176,-1.0647144,0.6042993,1.0930452,1.8111377,-1.4882933,-0.15822217,0.61886406,-1.424793,-0.0759144,1.8629969,0.9819976,1.668958,-0.48250413,-1.6102593,-0.15443037,-0.0209263,-1.4992124,1.8540895,-0.5784456,-1.4761149,1.1956215,0.2447845,-0.37199286,0.9278351,0.23666896,-0.7751099,0.56392795,2.157292,0.3871242,-0.80984133,1.2620182,-0.34540686,0.71162826,0.69139594,-0.117137186,-0.1935702,0.2667767,-1.3174417,-1.9510697,-0.9728975,-1.432438
-0.6788299,0.531159,0.009315133,-1.0188414,-0.48493147,-0.39074895,-0.3147188,0.59529954,0.38614297,0.5742888,-1.0525279,1.303444,0.96866137,0.0770196,-1.8098272,0.8214221,0.09270092,0.4739337,0.178238,0.29621717,-0.79180425,-0.2626173,1.179865,0.5204004,1.1225172,-2.105559,-2.1810918,-0.3816593,-1.3298509,-0.9095498,0.14306729,-1.371689,1.4848354,-0.74047655,0.9785586,0.9551107,-0.94603676,0.5349445,0.9788747,-1.0464985,-0.6757968,0.07927768,0.20211075,0.60733116,1.1993997,-0.62206453,0.29456076,-0.28377032,0.73657143,1.0273788
-0.18011834,-0.4988308,0.43855187,-0.33552584,0.09261056,1.095214,-0.7315526,-0.031770308,0.79817235,-0.698708,-0.0056606634,0.97211033,1.017523,0.91531235,0.357968,1.711104,-1.0358578,-1.0306482,-0.73241466,-0.19280298,-0.30702436,-1.3087958,2.0382779,0.072040804,0.38795105,0.40767926,1.3393083,0.041583627,0.43339086,0.51537687,-0.124426864,-1.2831901,-2.0534275,-1.3130342,-0.655364,-0.29064184,2.2299068,0.40013283,-0.13577792,0.91011393,-1.6866063,0.5919966,-0.70142174,-1.5164238,-0.07028863,-1.7490723,0.6391201,-1.0746856,2.810381,0.3225473
-0.8607427,-0.5801983,-0.33700764,-1.3928707,1.0117971,-1.9242594,0.5730604,0.6894413,-1.6538217,-1.0816923,0.89293724,0.91404593,-0.08362978,0.8863111,0.57874185,-0.13748613,-1.370009,0.24378476,0.29706925,0.7943894,0.30564633,1.4057124,0.3100831,-0.5866151,-0.3263171,0.96911174,-1.6355827,2.244602,0.252735,-0.6027446,0.5793301,-1.0018268,-0.08851915,0.058312833,-0.38815525,-0.7244663,-0.28642473,-0.81820637,2.13352,0.16050479,0.6099224,0.18143792,-1.2548277,1.471435,0.3487857,0.75856525,0.69506305,0.45919213,0.52583224,0.3078095
-2.040712,-0.33698627,1.9153867,-1.5924966,0.8146027,-0.3560706,-0.7500279,1.2031715,0.47967497,-1.5978093,0.2892797,-0.4521097,0.2895581,-0.29157767,1.8768896,0.9908864,-0.33932123,2.5695336,-1.1613122,-0.68716,-0.22901848,1.7500254,-1.3214573,-1.3962628,-0.33268428,0.46059173,-0.30215335,-0.11395436,-1.9590495,-0.8691404,-0.506766,-0.18772827,-0.5076668,-0.34465793,1.005869,0.20455906,1.1980804,0.18361574,-1.4824338,1.2646186,1.1179563,-0.6494809,-0.7069613,-0.33217597,1.9387425,0.63758236,1.1244255,2.2448232,1.3647947,-0.01241662
0.46428722,0.27060014,-1.6240119,-0.2943087,0.12450384,1.3482541,-1.2056482,0.6414548,-0.3116914,1.9929162,-2.4169662,0.7941982,0.18639043,-0.3416968,0.8615063,-0.28192332,0.06504858,-1.1205612,1.1636524,1.0981712,0.8993146,-2.0048447,0.83519775,-0.055186063,1.8574375,0.66618985,-0.055807758,-0.03450595,-0.16533211,0.090610504,1.9141262,0.057207223,0.74718755,-0.4563512,0.8724554,0.74055195,0.8051074,-0.36115843,1.0970956,-1.0936829,0.33846524,0.35931012,-0.98082733,0.21611941,-0.1341721,-1.9033041,0.16960907,0.8484676,1.5968659,0.5844688
0.88143045,0.90731466,-1.3061274,0.040976238,0.67180705,1.1083591,-0.2680589,1.6843628,0.15422888,-0.0652022,1.281693,1.0807788,1.4175502,0.050345372,1.7283051,0.7266456,1.922432,-0.011445523,-0.6209121,0.5290245,0.42717716,-1.0036535,0.6349449,-1.1630619,-0.7381519,0.44653505,-0.8405141,1.1084563,0.8689968,0.15281573,-0.20791149,0.31834674,-1.0603092,-0.5526507,0.031061836,0.30385515,0.58531743,-0.3479139,0.332122,-0.5801046,0.28383005,-0.4561268,0.31174788,-1.1866138,0.1250017,-1.5696169,-2.5573976,-0.009316613,-0.46855944,0.8666338
0.4376259,1.1948992,0.99255633,-0.5634962,1.1094441,0.69245934,1.1685275,-0.29792166,0.8921436,0.60190725,0.87910944,0.10069225,-1.2103028,-1.1142812,-0.09201413,-0.3993619,-0.70909053,0.5421749,-0.5138568,-0.24760109,-1.6112264,-0.9179289,-1.2538106,0.18412468,-2.8603408,-2.1129875,0.7322061,1.8251001,0.19452071,-2.207279,-1.0896313,0.18764748,0.54085684,-2.3975146,0.12229587,0.61515266,-1.1122091,0.8355374,1.5516373,-0.13192146,-0.7425429,-1.7203369,0.6054621,0.4490441,-1.5766762,2.2978826,0.20793886,1.0477239,-0.52702457,-0.6406989
0.57422817,-0.70135784,0.74352074,-1.8410252,-0.018897003,-1.8859013,-0.016206725,-0.4955917,0.9626058,-1.51556,-0.34474704,1.5324196,-1.1812949,0.6926397,-0.22315647,0.6474366,-0.7942792,-0.72438604,-0.1769919,1.4028201,-2.4375038,-0.057846054,0.5936339,-0.009158044,1.0793793,-0.3645664,-0.47574928,-1.9190159,0.58579236,-0.07653902,-0.018004246,-1.9192432,0.85981536,-1.9290254,-0.198635,-0.28003374,-0.40404785,-0.2703578,1.9491792,0.13331135,0.8021516,0.454633,0.3931395,1.695447,0.35354352,-1.3144407,0.43491393,0.32868823,1.0273426,-0.12825699
1.1241441,-0.94908607,0.8196969,1.1566911,1.1074085,-0.46391028,-1.0495318,-0.9792184,1.3673217,0.6304915,-0.91986626,0.024672912,0.09989025,0.62488586,0.9120408,-0.20188478,-0.15802942,-0.65999544,0.14106196,-1.2882248,0.8457617,0.05661332,2.6267662,1.6849245,-0.05684158,-0.64403963,-0.7269908,-2.4150655,0.858389,0.36200038,1.2702867,-0.7855013,1.0481445,0.8047593,0.769021,0.8665886,0.38655958,-1.3630908,-2.2470593,1.8892571,-0.7162505,0.31252414,0.7712322,2.0824928,-0.7274623,-1.1208607,-0.36630347,-0.3991464,-0.5747457,0.78887534
0.27476418,-1.4925894,0.09707403,0.18965596,0.024924498,1.9061923,0.04290486,0.13371606,0.34307,0.3088595,-0.08436974,-1.5667742,-0.8218774,0.16741143,0.8573799,-0.41004246,-0.62419766,0.51422226,1.9529306,-0.53582305,0.37400457,1.2694176,-1.7172625,-0.34234548,-0.6917649,0.89737135,0.501977,-1.8879381,-0.7247028,-1.5819122,0.9188688,-0.7725819,2.1370857,0.50435364,0.38913453,-0.35721052,0.026363103,0.48468006,0.6786783,0.22936122,-0.619489,-1.1303351,-0.36707616,1.7253526,-0.6060045,0.19359419,-1.5797412,-0.7897878,-1.8221942,-0.119658776
-0.2687418,-1.4405437,1.2081748,0.10941142,0.07333185,-0.48553327,-0.110721156,0.08656772,-1.9475627,0.64118034,-1.4041947,1.097706,0.100630075,1.0570294,-2.0901048,-1.274173,-0.12871951,-0.28726915,0.3474346,-1.1526684,0.8291799,0.5874788,0.19970179,-1.3914659,1.4891107,1.2425368,-0.7209666,-0.13527663,0.8532863,0.017058155,-2.1306877,-0.3766899,-0.7919834,-0.4838772,0.061903927,1.003452,1.9101402,-0.52575064,-0.91895086,-1.4432358,-2.4339325,-0.2705005,-0.6783061,-0.95580965,-1.6626316,-0.98330355,0.081680596,-1.1407051,1.5647737,1.2620944
-0.9231798,-0.7775577,-1.6042758,0.95670414,0.82253927,-1.1781378,-0.06861227,0.68215114,0.030542206,-0.14285077,0.7941885,0.28882852,-0.01896064,-0.08132756,0.5233215,0.37270895,-0.92690593,-0.40086198,-0.5829325,0.37804848,-0.42117465,-1.4753484,1.0267841,-0.8833198,0.16098171,-0.70218354,1.0395997,-1.5299152,1.9356909,-1.303512,-0.5697336,0.3147465,-0.41488484,-0.110090815,1.2631288,-0.36815017,0.14940156,0.5549739,0.78768027,0.6574208,1.35277,1.455161,0.00835411,0.69027925,0.84778994,-0.25496978,0.52462816,0.57436615,-0.038752858,0.7172406
-0.21532676,-0.78052413,-0.7142997,-0.47159332,0.30946913,0.15825352,0.37954965,-1.4721552,0.40061674,-0.3462276,-0.92809093,0.9996605,-0.61131024,0.3854993,0.25606418,-1.2141075,-0.59502953,-0.95649445,0.03209914,-0.49207008,-0.28033096,-0.78656924,-0.09001908,-0.05784394,0.49329188,-0.705721,-1.0578519,0.15722921,0.41206837,-0.97147983,-0.6305863,-0.36412865,-0.47761375,-1.2719934,1.4991738,-1.2433087,0.15536825,-2.0059748,0.7098414,-1.2853781,-0.70958394,-2.3394535,-1.2723743,-0.13523865,-0.61659044,1.2175543,0.47160125,-0.69849956,0.5738916,1.3766717
0.40928563,-0.23295909,-0.10971303,-1.4866382,0.9486061,-0.74887425,0.039242566,0.47317326,-0.6450566,2.022121,0.65927887,0.7072687,-0.34741613,0.13141884,1.1353955,-0.85921,-0.41735548,-0.36175618,-0.9191585,-0.7786154,-0.08276595,-0.83774644,-0.12645754,-0.5634892,1.1664473,-0.6231861,-0.6813812,0.70452505,0.4648842,0.8618817,0.75389636,-0.8191404,0.08732132,-0.29791045,-1.4856924,-0.44412088,-1.0102023,-0.67896706,-0.26299596,-0.03937255,-0.4612345,-0.878425,-0.57825136,-0.37598285,0.04910968,-2.44947,-0.8729355,1.1645708,1.334111,-0.19279844
-0.90926087,0.15499842,0.33477944,2.8937867,0.4677598,-0.9131147,1.2404442,0.27231038,1.0086905,0.15822583,0.34668514,0.032862984,-1.1048095,1.7381176,0.41287854,-1.1035348,-1.4070083,-0.5104784,-0.18819107,0.22334264,0.22222658,-0.44237304,-0.36851704,-0.33693784,1.0214044,1.8146462,-1.4532676,-0.4380236,0.9392163,-0.8396442,0.035673793,0.46297926,0.5797874,-1.2259669,-0.23479575,-0.7187811,0.23199424,0.56891626,-0.10124725,0.90999997,0.7169112,-0.38358414,-0.75879496,1.3903935,-1.2618035,1.0913944,-1.2402594,1.8111719,0.59321636,0.35282102
0.08476221,-0.9758009,-0.39703345,-0.2709926,0.21796319,0.8153894,0.5500822,-0.47795638,0.73711103,1.2874049,0.37780625,-1.0886241,0.13923049,1.4138386,-0.5164037,0.16356939,-1.2603269,1.9761612,2.6469429,-1.1095799,-0.24565613,1.19644,1.2883508,-1.019592,1.1269388,-1.1180767,1.6281301,-0.7462871,0.3916918,-0.4739137,0.26756254,1.8359826,0.39461967,-0.45624822,1.1046494,-0.3418767,-0.060746513,-0.55342424,-1.9584188,-0.15787087,-0.0126959365,1.8958846,0.9024056,0.24593237,-0.3844995,1.47997,1.2278194,-1.1205136,-0.24540192,0.39122996
-0.16027607,-0.07259524,-0.49744606,1.8801415,0.36543143,-0.21074559,0.9483427,-0.38581446,0.33200002,0.99568367,0.44531056,-1.1307306,-0.6201699,1.3932458,-1.1405761,0.5544091,-0.4575082,-0.6683528,0.18210682,-0.7827115,0.84169227,0.08932963,0.3882071,0.044551484,0.7216337,-1.7025796,0.7488057,-1.469517,-0.04836569,3.0327063,-0.22326542,-0.061743684,-1.0102123,-1.3939536,0.5035801,1.5446221,0.23781298,0.9970523,0.22286615,-1.579583,-0.9793745,-0.72957194,-0.17649175,0.08664521,0.84542453,0.36457402,0.02958487,-1.000839,-0.06634984,0.40919793
1.2729576,-0.6748642,-0.67665094,2.7479284,-0.48370492,0.80148745,0.60969317,-0.41249764,-0.25344634,-0.99537694,0.285551,0.65448594,-0.27006754,-1.2312034,1.0104065,0.600942,-0.19174962,0.058397733,-0.8959312,-0.18483582,-0.7041861,1.1697096,-0.8723419,0.475518,-0.4344158,-0.0022337574,0.5757558,-0.35499907,0.33353093,-0.76912147,0.17125477,1.2319981,0.22423388,0.91024977,0.41425866,-0.27869278,-0.37957078,-0.25457054,-1.9582068,-0.2701201,-0.43939,-0.96804214,0.49672574,0.94301695,-1.4331511,0.6545385,0.18131232,0.14038242,-0.41070378,-0.09300624
-0.59739906,0.3061241,-0.8208525,1.6249882,-0.77723634,1.0551832,-0.6335966,-1.620939,0.092755266,0.34617364,1.6296397,0.18970844,1.9460953,0.44144398,-0.21867156,-0.8774564,0.030857503,0.83480316,-0.26331055,-0.14376518,-0.8534952,-0.5968891,-0.9618611,-1.3512324,0.6420087,0.22690424,0.92477155,-0.6701785,1.2570326,-0.11666817,0.43245366,-0.21833837,0.9453184,-0.13696928,-0.08632864,-0.45734304,-0.58378273,1.3427689,-0.6131892,0.015196985,-0.04713838,-0.08421803,0.7536103,-0.3411983,-0.0015704881,-0.91591763,-2.4268022,-1.019785,-1.1817445,-1.6212031
0.36008003,-0.046248402,-0.7490848,0.16335866,1.741393,-1.425106,0.05718571,-0.08686867,0.86496484,0.90226525,0.45132428,0.4018552,0.9467796,-0.18550892,0.8149065,0.49127588,-0.3351808,-0.7618851,-0.19142747,-1.244108,-0.6136312,0.38762125,0.24635619,-0.110398374,-0.88595724,1.5095524,-0.71850616,0.21008712,0.6945136,0.28336626,-0.55171835,-0.20186226,-0.35642764,-1.2056888,-1.7488788,-1.2196923,-0.62518954,-0.07031313,-0.394254,0.6862933,-2.5150228,-0.039584756,-1.9812216,1.177256,-0.8263807,0.1009615,0.5452069,-0.9630562,1.3626922,-0.7613361
0.40271547,-0.24589507,0.42463386,-0.60998476,0.85413396,-0.3600368,-0.62105304,0.75920457,-2.2627873,2.7204075,-1.8516347,0.23663133,0.5856133,-0.3219584,-0.9625441,0.21600814,-0.061069496,0.40213296,-0.25340748,-0.21792588,0.87523305,1.1707488,1.0624163,-0.55471385,-0.89513505,0.9290442,-0.5212139,-0.062599085,0.65218735,0.74318093,1.0981408,0.17086719,0.38802326,1.6403229,1.3499755,-0.17404215,-0.8310175,-0.37161154,0.39764205,0.06255557,1.1607218,0.06445219,0.127838,0.07390806,0.23739502,-0.4081897,0.44826752,-0.44410393,0.24199116,0.21850578
-0.90249306,0.97461873,1.3957927,0.18629245,-0.33421627,-0.3905236,0.8021592,-1.76565,-1.6423912,0.20009343,1.2977035,-1.3098496,-1.2028772,-0.7497089,0.30013832,-0.47570366,-2.617303,-0.71598566,-0.17759098,-0.15869243,1.8637801,0.06313835,0.06573802,-1.1544063,-0.3565251,0.43071675,1.067906,1.262625,-1.2419996,-0.06267807,0.08228435,1.0751109,2.7573786,1.0135314,0.8336458,-0.3688037,1.6964911,-0.087744616,0.59244037,-0.022870457,0.85841024,-0.6034178,-0.28741154,0.17990798,-0.29757166,0.6121721,0.8209883,0.4340388,0.5478536,-1.1556213
-1.162949,0.91558397,0.104419634,-0.20501967,-0.06990436,-0.37821144,0.3906562,0.96539617,-0.72136474,0.60255224,-1.1585886,0.3407711,-2.3129709,1.1252522,-1.2143984,0.61306244,-0.07343098,-0.38782647,0.43885174,1.6349169,1.5478041,-0.9390447,0.20999385,-1.0795064,0.7112131,0.9388231,1.7326328,0.60702497,-0.76082313,1.1065695,0.47826964,-1.1576333,0.47233748,0.2662143,-1.7795433,1.6115686,0.3365044,-0.119689755,-0.4032669,-0.15829128,1.2844231,-1.091319,0.1763613,1.4828912,1.0887055,-0.704336,1.32271,-0.042007223,-1.0834823,-1.202836
-0.83452106,-1.1948802,2.0967464,-0.9697864,-0.14858775,-0.62352103,0.5196044,0.8433519,1.0899223,-0.7622344,-1.6946723,-1.5975565,-1.0262494,-0.3209296,0.13814965,0.7444472,1.0412165,-0.53354764,2.0931053,-0.6331991,0.77830166,0.25255594,0.82186764,0.36245957,0.8068387,0.054158513,0.35235795,-0.8976711,0.7898808,-1.0192473,0.08141078,0.23106185,0.65613335,1.0630074,1.0336349,1.5113629,0.42533135,-0.7380019,0.73381346,-1.8758745,1.4365021,0.4365886,-0.1308217,-0.933055,-1.4315706,-0.54909116,-0.0960425,-1.158561,-0.9217603,1.2653242
-1.2479056,-0.94152266,1.3991028,-0.572,0.9587407,-0.15638177,0.42656252,-0.28684437,0.16004781,-1.4683478,-1.5042722,-0.9066467,0.48607767,-0.89318293,0.062236372,-0.41306046,-1.4347019,0.5810668,-1.58281,0.8842286,-1.0053762,2.4895017,0.39221773,-1.5860051,0.13715377,1.2471701,0.89044476,-0.23063095,-0.06742786,-1.3347814,-0.50693744,-1.0391135,1.1067746,-2.1709502,-0.39081222,-1.6888769,2.4841166,-0.6154991,0.5446376,1.2868531,0.62325174,-0.43164364,-0.229002,0.3413863,0.80696976,-0.44369859,-1.2228346,-0.35751107,1.4111162,-0.13172661
0.48553416,-0.027561493,-0.86502665,0.01714109,0.55837464,-1.7288105,0.21994194,-0.547525,-0.30331513,-0.39571887,-1.2007048,0.40154573,0.10421592,-1.0935669,1.6526049,-0.90742135,0.7818685,0.80720896,0.17828527,0.91471446,-0.7111284,2.6756625,0.96246636,0.2786207,-0.98740345,1.0662899,0.5344201,-0.3859978,0.6055354,-0.6151939,-0.03235035,-1.4627572,3.1290483,-2.5099113,-1.3670505,0.32634506,1.0591941,-1.6805689,-0.5595767,0.18231983,0.16886815,-0.6423709,-0.78681,-0.19196561,-1.4153398,0.58148074,0.3445939,-0.5749733,-0.606993,0.044739116
-0.1174148,0.22255683,0.15127033,-1.3532982,-1.0336367,0.1287194,-0.4767604,0.4474846,-0.77710044,-0.2593402,-0.6091844,-0.15739563,-0.39947072,0.63183546,-0.3774628,0.59344035,0.62166363,0.5254911,-0.5409866,-1.4479519,-1.4833056,0.8656505,-0.6261408,-0.3858581,-0.6300313,1.4281466,-1.5062448,-1.2147908,0.11134837,0.48345953,-0.68552375,1.5164071,0.37005657,1.1050079,1.7407696,-1.0166563,0.08052881,1.7743713,0.17922059,0.9681547,-0.11118363,-0.965167,-0.2956125,-0.35333553,0.9782622,-0.011839175,1.1614397,-0.18004523,1.3625846,-1.2143302
-0.18726033,2.259988,-0.80983806,-0.34994224,0.9688984,0.6973333,0.17588048,0.6994319,-0.7681879,1.4977788,-0.83315384,0.3227086,-0.41671512,1.618622,0.15752508,-0.14570895,-1.7253876,-1.0611281,-0.840647,0.50327784,1.6756479,-0.039242882,0.6683197,-0.5434578,-0.51401013,0.8341994,0.5484579,0.78183305,-0.36247942,0.11844272,0.5052705,1.4873246,1.1945697,-0.9810701,2.3329306,2.0663786,1.573393,-1.7147973,-0.06635308,-0.3632085,-0.9880479,0.64942586,0.28932157,0.6684569,0.62322205,0.26549637,0.419078,-0.8329486,1.0109532,-0.4332673
0.99837965,-1.0039148,-0.21347116,0.32117403,-0.5937067,0.9428365,0.43228665,-1.5942826,0.239406,-0.29038408,-0.4989767,1.4250758,1.1224302,-0.41811055,1.9140798,-2.1761663,0.5224913,-0.4297648,0.7008668,-0.48428816,0.26464418,-0.9916721,-0.73918784,-2.4771967,-0.25538915,-0.6132227,1.2917439,-2.0670633,0.81904095,0.12820336,1.1821941,1.179649,0.737486,-1.0988117,-1.8485101,0.8683574,0.9917194,0.66039485,-0.022141574,0.45559618,1.3156028,-0.2780381,-0.49372962,-0.6932783,-0.67135894,0.43768746,1.0860902,-0.10196118,-1.116895,0.74865395
-0.6190678,0.5364088,0.9179956,1.1594892,-0.00017962075,-1.2106638,-2.763597,0.067917496,-0.11997941,-0.10550453,1.1560125,-0.124989584,0.7481971,0.56464905,1.488087,0.90300095,-1.1986346,0.2737855,0.54368854,-0.5455389,2.1136687,-1.3301238,0.9668794,-0.6474124,-1.721368,0.4957752,1.0669315,1.5642791,0.97209615,0.294541,0.3758387,-0.091957286,-0.47667035,-0.57743204,1.7361617,-0.25168964,-0.8501758,1.5020988,-1.1821764,0.036192555,0.1813685,-0.6512914,-0.7387808,1.508238,-0.00064567983,-1.7373143,0.08132915,0.36158967,0.1224716,1.489529
-0.504587,-1.4010183,1.0515859,-1.2124155,-0.0178772,1.0007346,-0.10797548,0.7260331,-0.28773156,0.25989825,-0.9422754,0.28804782,0.552466,0.86975235,0.9377274,0.4538395,-1.8250341,0.637026,-0.49806184,0.26837024,1.1151623,0.78499377,0.08561538,-1.2586625,-1.7476814,0.83507353,0.12911217,-1.3688774,-1.7300711,-0.64742327,0.03613951,-0.16673638,0.5837541,0.75200653,-0.018871937,0.8761554,0.5640586,-1.6618466,-0.024422036,-0.26925752,-1.6823862,0.12882192,-0.88259214,1.6710613,0.2092816,-0.19493642,-0.60651207,-1.5798857,0.14517146,-0.065241046
-1.4753767,2.0272167,-0.28997213,1.2312096,0.34591243,-0.79423785,1.4590325,0.2251968,0.27903944,-0.38578665,0.21533184,-0.66711366,-0.42575786,-0.20893408,0.35374457,0.3214651,-0.143768,-0.016684366,0.6052668,1.1846445,0.07504558,0.18546036,0.5394102,-0.9036817,0.58088464,1.7372539,0.35298494,0.32709384,0.4489604,-1.2843497,1.543082,-0.30629185,0.21063043,1.3694683,-0.21368338,-0.44088262,-0.64888537,0.99212354,-2.3815603,0.79469323,-1.2397509,-0.029064924,0.55409086,-0.69936574,-0.5114559,-1.725682,-0.52192336,0.51577514,0.04068685,-0.020907175
0.98670435,-0.8545489,1.3110826,-0.34465274,1.4501286,1.050694,-0.6043578,-0.07662075,1.5346551,0.69701964,-0.53116983,0.033872027,0.5011449,-0.8708164,0.74209994,1.1361732,1.2491628,0.020473039,-0.32022712,-0.5884612,-0.5999606,-0.6811895,-0.9479455,0.2631876,-0.035972565,0.58357865,1.2162211,1.3413374,0.7246738,0.28847533,-0.73109967,-0.85312,0.38024426,-1.0465243,-1.0638456,0.5453261,1.1721703,-2.3164763,1.326169,-0.14159466,-0.36830294,0.12417306,-0.66126865,-0.37254378,-0.6199777,0.78001297,-0.25706258,0.5311829,-0.3861419,0.5640735
0.083064966,-0.044450182,0.20465238,-0.5992379,-0.9399045,-0.34564054,-1.1793312,1.2280214,2.6861637,0.008558782,-1.2624223,1.0167296,0.08035502,0.72771925,0.64060503,-0.5186589,1.5278317,2.154773,0.43241203,0.9385398,-0.0864821,0.6725793,0.071570955,-1.0283173,-0.69714254,-0.21174182,-0.40297794,0.28521028,-0.99346364,-1.3911918,0.9019486,0.44808853,0.53678095,-0.7008974,0.93121976,-0.61877006,1.8515806,-0.10742676,-0.49653265,1.0913996,0.04079565,1.5101842,0.3381992,-0.36897567,0.1755708,-0.5023469,-0.4523941,-0.032818515,0.9381045,-0.84883165
1.7791739,0.8066213,-0.299343,0.2906685,-0.9169547,0.13972361,0.27193883,-0.51684815,-0.09878297,-0.5512973,0.44464573,-0.30504984,-0.7024436,-0.95111215,-0.74050945,-0.76395476,-0.93265146,-0.4508172,-0.10697224,1.213953,-0.25431046,-0.3087594,1.3626171,0.8028286,0.6204033,-0.656319,-0.3806407,-1.2464011,-0.62437844,-0.30994922,-0.5373647,-0.016769223,-0.20393151,-0.11772123,0.08312123,0.4643121,0.46899343,0.5816765,0.2658631,-0.21064252,0.7526422,-0.9735044,0.38143024,-1.658795,-1.6743678,0.8613954,0.6686555,1.1327686,1.3980079,0.81494004
1.798603,0.2859311,2.5754888,0.7279806,0.22934808,0.8091866,0.26345724,0.4503805,-0.7811559,0.833676,-0.36638743,-0.28734857,0.023552466,0.117404096,1.0073334,0.85555404,-1.7484317,1.0701426,0.46292666,0.91267306,-0.29590827,-0.17301548,0.99345255,1.4987363,-0.5017242,-0.2727565,-0.7532839,0.3336183,0.39063537,-0.43604374,-0.056618016,-1.8415502,-0.4900372,-0.81049895,-1.042688,1.1327868,0.11922899,0.24946865,-0.42389628,1.7403374,0.15966536,-0.9560849,0.32520303,0.72196674,1.9478941,0.012029421,1.1961302,-0.030317731,1.5122902,-2.7717085
0.12723543,-0.07784067,-0.708751,-2.4628232,0.2487456,-2.1172655,0.8718857,0.33280188,-0.23053804,0.21605098,1.229636,-0.6527024,-0.14066489,1.4047518,0.42227113,-0.2046404,-0.39756307,-0.20109534,-2.4074054,-0.7763354,-0.16965853,0.16918185,0.19970006,1.142898,0.6920077,0.5906244,-2.3585925,-1.0669682,-0.55669814,1.1243281,0.00454052,1.4112126,-0.20436701,-0.15319405,-0.1894032,0.24338463,-0.23086642,-0.24547496,0.18155538,-1.6417195,0.7429702,0.41596067,0.73966324,-0.93770695,-0.32876468,1.0158987,-2.0149157,-0.38032272,0.22666182,-0.06816352
0.86569893,-1.0426817,-0.23591428,1.309628,-1.0882055,-1.6629196,0.8662064,-1.2026556,0.44091237,0.5823213,-0.6191615,-0.3886197,-0.46483552,0.07867434,-1.4723432,-0.019930063,-0.21830544,0.8952047,1.0212163,0.15056011,-0.2906746,-0.3469283,0.97655183,0.89022213,0.24358107,-0.9199851,-0.30560786,-0.89485115,1.731725,1.9415613,2.0427332,2.48058,0.82899404,-0.016767746,-0.43246725,-1.40413,-0.8935178,-0.67013633,0.109033264,1.5351368,-0.415151,0.7376289,1.7278596,0.018143218,-0.5254882,0.7630555,1.3562083,-0.42780283,-0.20135847,1.225417
-0.64398324,1.845218,-1.4135244,-0.5063317,0.42879733,0.20434001,1.0158129,-0.1395568,0.3889853,1.7179372,-0.588977,-0.62487626,0.15693069,-0.51500154,0.07671182,0.8118201,0.009561691,-2.2329025,1.8087106,0.06576875,-0.7915243,-0.14695062,-3.1488054,0.7220451,-0.724748,-1.4064418,-0.84056485,-0.37510493,-1.7436389,-0.2221171,-1.1102962,0.32371384,0.63325226,1.3375561,-0.0592541,-1.9007771,0.27125055,-0.58134305,-1.9689678,-2.7407773,0.5573157,-1.6850789,-0.6875247,0.5593407,-0.8394963,-0.5056389,0.19541009,0.81244195,-1.2089576,0.42794722
1.2242469,-1.3363436,-0.694808,-0.30406004,0.40371946,-1.812287,1.8072238,-0.14184435,0.18985234,-0.093698464,0.4529022,-0.9862799,-0.7711648,-0.61430293,-0.19019671,1.1520698,1.431445,0.38113737,1.6388903,-0.93903583,-0.6644987,0.5969902,-1.1259215,-0.24998645,-0.86621577,-1.1414996,-0.3237625,-1.3842407,0.0610906,-0.82279277,2.0613494,2.7053394,1.2881573,-0.03964017,-0.9546826,-1.4954001,0.6182565,-0.37609762,1.0729095,1.757477,1.4321561,-0.9319822,1.0101266,1.1902156,-2.0697296,0.28441355,0.5683553,-0.92028034,0.3709483,0.12859799
-0.28495952,1.5812838,0.42775106,0.19387978,0.30933854,1.3102623,0.85187966,-0.29529867,0.77636075,-0.14281306,0.6575499,1.8822836,-0.13934895,-1.4214844,1.7900344,-0.8443654,0.4281841,1.2593422,0.54834825,2.790135,0.9757456,-1.0775045,2.648634,0.5577918,-0.71067375,-0.12651722,-0.27746147,0.42097524,-0.60333645,0.11610074,-0.6087661,-0.7612982,0.13333979,-0.54165435,0.86953527,0.38596395,-0.35960257,-1.0592952,-0.04046471,-0.09097054,-0.19904935,-0.63707596,-0.32813773,-0.5844927,-0.5649839,-1.5961161,-1.3210453,-0.48165983,0.38921764,-0.10799983
-0.05712497,-0.11563957,1.0828902,-0.5501777,0.07280267,0.1837549,0.66393,-1.591796,0.26937687,1.2935772,-0.29297608,0.5651093,-1.4600441,0.9760266,0.8972996,0.18029924,-1.9049238,0.74362224,0.72476333,-0.40707907,0.7798543,-0.6544254,0.72054875,-1.8243736,1.0871099,1.0200629,-1.4544469,-0.19530484,0.35008332,-0.5334987,0.13052121,0.32218772,-0.5042995,0.6709256,-1.318106,0.1374469,0.64288116,-0.6789098,-0.55081683,1.3100001,1.4767997,-0.27300596,1.2881173,0.74962914,-0.338961,0.71450526,1.0287791,1.4468871,-0.7155056,-0.05246005
0.29988846,0.106020235,-0.31502143,0.30369914,2.159901,-1.5754433,0.6272486,0.31462702,0.1430217,2.0167947,2.1034,-1.7018803,-0.6521914,-0.13838741,-1.2041955,-0.15134697,-0.6741895,-1.1741782,0.6433912,1.1758443,0.37654814,0.7312394,-0.63877004,-0.6074772,-1.0236651,1.1198409,-1.2466602,-0.7024839,-0.18467568,0.077481374,0.79305655,-0.47422266,0.7486187,0.39344898,-0.5141685,-0.6364626,-1.5058507,0.30401704,0.34045228,0.44040924,0.88058406,0.5938228,-0.36899686,0.7609037,-1.6883947,0.54157776,-0.24958363,-0.1491454,1.3030555,0.720593
1.2453464,-0.6264998,0.056703947,0.55969113,1.2253237,0.117761336,0.7080583,0.6549057,-1.6152192,2.1309116,1.5005687,-1.3644297,1.3506387,0.5287254,-2.5230582,-0.41736725,0.6744389,0.69926697,-0.5044246,-0.8686089,-0.43969825,-0.96058893,-0.18153827,-0.3437602,-0.7410419,-1.4401276,-0.477882,-0.9284158,-0.6976048,-0.28288835,-0.7162354,0.5739107,0.57295984,-0.9518922,0.9007078,1.1666284,-0.2981713,-0.4294684,0.38892195,0.030289238,-1.609924,-0.49596328,0.45640478,0.3146876,-0.9114483,0.24146631,-0.09279765,-0.34312233,1.3848138,-1.0129969
1.1788027,-0.47609684,-0.1974642,-2.302907,0.55708086,-0.08832219,0.46278945,2.2497017,-0.09279433,0.39425743,0.7235399,0.41782203,0.20008706,-1.2312789,-1.2119783,0.39640018,-0.029179914,1.3023418,-1.622166,0.34745216,0.20344341,-0.8316449,-0.10776757,0.97466797,1.5634874,1.0905751,0.5500683,0.38134065,-0.4228113,0.22502671,-0.5810349,-0.23502836,1.2276788,0.2821342,0.49357697,-0.45669624,-0.8799981,1.5988616,0.05925851,-2.3006704,0.6420279,1.4844325,-0.48251417,-1.3287058,0.5467939,0.98115605,1.0095801,-0.8238636,0.5138097,0.93006736
0.75076246,-2.4192522,-1.7320329,-0.96394396,-1.76396,-0.86978406,-0.32245243,0.4406117,-0.026132256,-0.44185942,0.20082451,-0.9490648,1.5108585,2.0203254,-0.7839521,0.86369205,1.3631556,1.5922316,0.56573695,0.011524517,1.5502548,-0.6798787,0.26141965,-0.3323026,-0.59487367,-1.1354791,0.5757982,-0.3392032,-0.057864532,0.20959873,-0.8817429,0.10773858,-0.9015071,2.001878,0.61924475,-0.3113189,1.7791415,-1.3201568,-0.5354559,1.5777572,-0.65366596,0.5778405,0.6069394,-1.0731277,0.6490619,-0.49896234,-0.35803807,-0.32540503,-0.021933023,-1.1747328
0.4655433,1.1420465,-1.3522942,-0.7852405,-1.1684394,-0.6260443,0.13226214,-0.29940525,-0.83398855,-0.9109308,-1.6147138,2.5195498,-0.35186392,-0.9484816,-0.1819742,-0.14681837,-0.5055347,0.50337595,2.0232887,-1.4825832,-0.78324425,-1.4026202,0.78875375,0.34270674,-1.0397494,0.73269564,0.03668184,0.4801492,1.863967,0.49143428,0.76908624,0.10516677,0.07336916,-0.9162287,1.201415,-0.025237607,2.5251572,1.0369214,1.5454469,-0.022933032,0.30618757,-0.39686832,-0.747142,-0.259352,-0.0019756362,-0.35559154,-0.0006618804,0.7718921,-0.93230116,1.0426793
0.32799083,-1.9229134,-0.033620313,-1.6567847,1.04616,0.9590319,0.6631507,-0.45339513,-0.29052982,1.3617928,0.13787846,0.021762645,1.8809768,-1.3882143,-0.49399891,0.39680892,0.59122634,0.4982827,0.77963233,-0.8878193,2.1036398,-0.1972143,0.34318367,-0.77334636,-1.0241987,-0.43180633,-0.41865247,-0.14190236,-1.8887438,-0.0024491427,-0.28681785,-1.5800065,0.98398465,1.4840871,-0.16797614,0.3273019,1.6506965,-1.3355657,-0.30556077,0.8191973,-0.79247063,0.35197243,1.435948,0.13233578,-0.17185119,-1.0412153,0.008564413,0.11759874,0.54095083,0.43028635
0.8279424,1.0607796,1.0821073,-0.584959,0.18291664,-1.4430305,-1.1657517,-0.3470145,-0.72043777,0.91318786,0.5671958,1.0536039,0.4436107,-0.48273358,0.24239011,-1.4872608,1.2418494,0.89323694,0.30304822,-1.3771893,1.5906674,-1.8991886,-0.6968791,-0.9700248,0.00843252,0.82778007,1.801247,0.7578486,-0.046955496,0.058067564,-1.2829583,0.0076139993,-0.5780874,-0.71961856,1.1540952,0.06567323,1.4686977,-1.0824795,-0.5254832,0.039866567,1.1113234,-1.2184848,0.2077364,-0.9613206,-2.8644795,-0.37659255,0.19191459,1.9517882,-1.016277,-1.4826703
-0.010971712,-0.12657547,0.38923553,1.2210988,1.928891,1.256441,-0.11391364,-1.0438213,0.23345561,0.3130725,0.81609815,0.995214,0.0335252,-0.031203909,1.6261978,0.48010498,0.8863794,-0.8288146,-0.9641005,-0.5817584,0.8162795,-0.7009875,-0.67898697,1.0860436,-1.9461083,2.008752,-0.2960871,0.122706406,-0.3188523,-0.44086376,-1.1193683,-0.07002176,-0.71935797,-0.11273153,1.266597,-0.9377212,0.12939276,-0.25278977,-0.0457318,-1.2202157,-0.8657011,-0.96949255,-1.2838664,-2.2524807,-1.2158453,0.84743047,0.7636521,-1.0036869,1.6421133,-0.22559902
-0.21041566,1.9008406,0.4065989,-0.2952365,-1.3134125,-1.3829975,-0.18463242,-1.1463704,-0.14202188,-2.6160786,0.4911855,-0.4949781,-3.7048144,0.94131887,-0.027420836,0.9054044,0.87535197,-1.6927395,-1.8623891,-0.8149177,0.116457395,-0.23330176,-0.4693473,0.42278045,-0.7277548,-0.56961256,-0.8004695,0.51563144,-1.2235783,-0.8844618,0.018628111,-1.0932226,-1.8774942,0.15836734,-2.777349,-1.4953393,-0.11996163,0.5803086,-0.49084875,-0.5545134,-1.51985,-0.2686859,0.17569433,0.26186648,0.5000121,-0.23156777,-1.4150707,0.23181215,-0.5811587,-0.5396681
0.77486044,0.61012596,-0.6798255,0.2984926,-0.83433646,0.016968055,-0.891844,0.5561969,-0.048887044,-1.0215366,0.5137669,-1.5147249,0.35014188,0.7157739,0.25398386,0.34775126,-0.18879676,-1.7827425,0.69675773,0.06594947,1.1728626,0.4116275,0.9048028,1.8221235,-1.1949563,-0.42944533,-1.5744278,1.4605837,0.9549353,0.7519481,1.417171,0.0067927237,-0.010116634,-0.5294169,-1.3362819,0.89033014,-0.22383854,0.45015943,-0.47545135,0.97466356,0.1853828,1.3112167,1.44241,-0.6545502,-1.1182871,0.54236096,1.4186248,-0.55536765,-1.5306251,1.0093554
-2.4941578,-0.79856884,0.33955967,-0.2584298,0.57287306,1.9781047,-0.23340671,0.26440188,-0.9314671,0.36890218,-0.6864357,0.2711881,1.4141054,0.9454116,-1.4768113,0.5897902,-0.19683611,0.57724833,0.2937181,-2.0385635,1.9472411,1.266466,-0.512799,-0.56268966,1.0610585,-1.6659175,0.5258114,0.022209292,-0.09415255,1.7692771,0.71682936,-0.22606824,1.1022956,1.434516,2.0606523,1.8284116,2.7373955,1.6634034,1.1042632,0.7766737,0.592349,0.76987475,-0.5772251,1.590375,-1.1323916,-1.2669153,-2.4779394,0.009367361,0.9912976,-0.6051953
-0.6611459,1.0714784,-0.8114092,-1.1284963,0.62336326,1.0694436,-0.16009362,-0.33303106,0.61528516,0.946966,-1.2139698,-0.8184578,-0.38853273,-1.1723261,0.6272804,-0.194556,-1.7758594,1.2010895,0.10796288,-0.83492756,-1.6371129,-1.7305129,0.8586744,0.32614136,0.59488165,-1.5750439,-0.6224057,-0.15471762,0.5413195,-1.3076279,-0.11369282,-1.4065866,0.57133734,-2.281781,-1.178265,0.22210248,-0.9258322,0.0021083036,-0.101869844,0.09094414,-0.14729959,-0.8920879,-0.44889393,1.2217261,-0.10281446,0.009789802,-1.421133,-0.07642732,-0.61593205,-0.6898259
-0.08335586,1.0312827,-0.474111,-0.30830902,-0.1400507,-0.38419402,0.34576437,0.5867516,0.719561,0.7970321,-1.0405545,1.8624018,0.7907991,0.05639852,1.1039572,0.71515614,-0.19156517,-1.9059762,0.5220811,0.438569,0.75756633,-1.1857381,-0.21454504,-0.9467283,0.62421817,0.016852496,-0.50868994,-0.23165908,-0.15702164,-0.15666184,-1.6971381,-0.43790823,0.06508269,0.86840254,-0.31449455,-0.48563313,1.1899819,0.52522206,-1.2472869,0.4449647,1.9309082,1.6083219,-0.0061964574,0.47593114,0.081183605,0.007512641,-1.3918052,1.1216782,0.60117227,0.7083396
0.24719393,-1.528973,2.3845797,0.9544122,1.559166,1.7078269,-0.15376224,-1.8589016,-0.17648073,0.0063900305,0.20710963,1.0087018,0.39687222,-1.3171585,-1.1281347,-0.28514746,0.17669226,-0.370562,-1.2137039,1.0677649,-0.1287849,-0.4049795,0.2061871,-2.346521,-0.5258173,-0.5874685,-0.43482468,-1.0509397,0.35085753,0.008147872,-0.8365596,1.6864532,-0.52228886,-0.36292627,-0.75387025,0.42461726,-1.5806453,0.36944395,-0.008559633,-0.21376568,0.53983974,-0.48182374,1.2769284,-0.056858707,1.5170759,1.2502297,-0.093977705,0.13366388,0.13023002,1.9243077
-0.47648835,1.9035858,1.1982304,-0.53106385,0.024529776,0.31552508,-1.0403925,0.8242682,0.0986569,-0.16309081,-0.31554046,-1.0122119,-0.5976913,0.2682059,0.52139765,0.5426506,-0.08828749,2.2385757,1.4144742,0.5177555,-0.5201205,0.2777222,-2.0284278,-0.2621644,-0.20910732,0.46330518,-1.717303,-1.6829563,1.9855745,-0.78990185,-2.1049373,-0.041082658,0.14935265,1.7555488,-1.2968591,0.7146053,2.483529,0.3989475,1.462004,1.2345049,-0.574627,-0.44771102,-0.063805245,-0.31036356,0.9286901,1.4893059,0.5028653,0.07578946,-0.15905696,-0.8658062
1.7891017,-0.44865248,0.014176552,-0.21064997,0.29859656,0.85867566,-1.8735849,-0.8217294,1.1866925,-0.9808658,0.2608889,-0.4403237,-0.27527866,-0.07116063,0.2194457,0.032409776,-1.4499254,0.47986257,0.24655414,-1.219437,0.8961849,-0.73601735,-1.1183634,-0.49728715,-1.6354395,-1.4833634,0.070708156,0.19963671,-1.5539492,-1.1064526,0.07584643,-0.4419014,1.042178,-1.0706012,0.71671134,-0.04672191,-0.6275227,1.6424772,0.16204226,0.07582136,-1.9951063,0.44960818,-0.868075,0.11760159,0.09965378,-0.20364583,-0.6729777,-0.6615453,-1.1648787,0.22030361
-0.7830411,-0.8157358,-0.5273081,-0.9713897,-0.2599691,0.82195383,-1.6205986,0.9736109,0.67384976,0.32088867,0.37886152,1.0362931,-0.25276396,-1.3442614,-0.57336277,-1.0159795,0.3274052,-2.1378467,-0.025141077,-1.0996861,-0.013294821,0.3648753,0.27985144,0.4953401,-0.20298637,-0.7323711,0.5817277,-0.04895331,1.2478018,0.8829075,-0.9348516,0.7516214,-0.62784076,0.9572574,1.0439903,2.7108917,1.1495938,0.3595431,0.984179,-0.67622894,0.19725467,-0.30866992,1.9261535,-0.4929323,0.044893503,1.0651709,-0.09670616,0.21474357,-0.9933114,0.2904364
0.49822327,0.4831248,0.15477383,1.8797231,0.024028683,0.66343266,2.005702,-0.09278159,-0.8973902,-0.031082248,0.98566234,0.14966926,-1.4916046,-0.08063974,1.0120903,0.69750386,0.2590372,1.4433727,-0.96650916,-0.08283774,2.1226475,0.70053566,0.34040108,-0.8332669,-1.9554193,0.71605915,0.41044575,-0.25588745,-0.40691307,0.43447155,0.80511147,-0.07368385,1.065883,0.95197076,0.47815385,1.6385841,-1.1617656,0.36369714,1.2330986,-1.0156913,0.24791835,-0.50006956,0.08027362,0.26960796,0.92270744,0.2820807,0.613092,0.02800273,-1.1402478,-1.5180298
-0.51720583,-0.43165886,-0.4813257,-0.38477746,2.464001,-0.4815486,0.85218006,0.13913219,0.5930658,0.47563532,0.6701244,0.0078561455,1.2370241,0.18205449,-0.9786855,-0.13413125,-0.1551677,0.53433317,-0.6836311,0.5723071,0.88084656,-0.108398914,-0.03942375,-0.4350904,1.1588334,-1.3524942,0.4906154,-0.3774113,-2.5690203,-0.29710904,0.78169835,0.79140776,-1.8196892,-0.31939012,1.1314149,-1.3391503,-0.003713286,-0.51423794,-0.4143895,0.7257644,0.30034894,-1.687776,0.5052365,-1.0791173,0.16326423,-0.064420275,-1.1279327,0.14865671,1.4968061,-0.27755913
1.1836865,0.7424249,-0.842381,1.0350734,-0.780594,-0.17876236,0.069545664,0.2938726,0.6830261,2.4321299,0.95640093,1.7722167,0.66188866,-0.55539805,0.32276973,0.9803368,-0.61276853,-0.120149426,0.51084816,0.12337207,-0.7740931,0.7644645,-0.8658797,-0.14329986,-2.5807474,0.022871448,-0.36202496,1.0154872,0.47840405,0.474394,0.465899,-0.78099227,-1.6353024,-0.0002506865,0.88002735,1.152013,-0.24994282,-0.6192714,0.35174963,-0.23858933,-1.7675569,0.5754889,-0.33194703,0.17336676,-1.3473465,1.5159322,0.6379988,-0.6854953,-0.4906391,0.35989475
-1.5491118,-0.6358394,-0.7701882,-0.83134,0.1777263,-1.3383145,-1.2351422,-0.2511053,2.3814874,1.3820481,1.5890517,1.1882848,-0.87859327,-1.4438425,-1.0790042,-1.3166859,-0.30292234,-1.0980406,-0.7215946,0.6050541,1.1758022,0.76294154,-0.30807707,0.37825742,-0.6974507,0.6414389,-0.36314872,1.4270539,0.0088931685,-0.37275127,3.467354,-2.6465354,0.0833731,-0.14754654,0.10319368,0.07883238,0.880676,0.8321934,1.0753937,0.53927594,0.8171187,-0.7965067,0.4436939,0.9677377,-0.96024716,0.021412998,0.1160248,-0.38949576,-0.88251835,-0.960603
0.33660907,1.1960698,-0.08573581,0.54076314,0.3949779,-0.06654311,-0.10700216,0.86366594,-1.2639536,0.29967463,0.64370656,1.8509508,-2.1882784,1.5150074,-0.85468304,0.5687511,0.3240644,-0.66358566,-1.4850845,-0.6213171,-1.7252076,-0.81610674,1.1310356,0.42616642,-1.0608263,-0.65610635,0.16363464,0.43537205,-1.3633791,0.49869934,0.53794825,-0.89835477,-1.5569483,0.073617615,-2.0012035,0.5495995,-0.26085725,0.16955821,-0.71199024,-0.2614357,0.6064287,0.6716185,1.2078371,0.12943117,1.3434683,-1.5153126,-0.010276955,0.82178354,-0.17385958,-0.41407093
0.86873484,-1.0062059,0.8906635,0.08825715,-0.38728574,-1.8860948,-0.035519853,-2.3592544,0.64470464,1.1233414,1.2889744,0.06487673,1.5553124,1.2836868,-0.18457414,-1.3896732,-2.0667918,0.11031011,-2.0655615,-0.6756683,-0.9106222,-1.5625486,-0.27154574,1.3021953,0.9177376,1.0720131,0.16265854,-0.08259411,-0.748529,0.57551736,0.3721581,0.4244154,-1.4223315,-0.03998449,-0.27592984,-0.27306652,0.5979828,-1.2519555,-2.0466306,-0.3142114,-0.43170273,-0.18749428,-0.36459988,0.17066132,0.020152329,1.7974176,-1.8327844,1.0113763,0.39005223,1.4341247
0.095212065,-0.06909901,-0.38238657,-0.14385186,-0.63695145,0.4697772,0.8640537,-0.68739784,0.30625877,-0.32110813,-1.1906008,1.0662503,-0.41097167,-0.04301253,0.8520982,-0.22303422,0.66770554,-1.6995832,-1.0195502,-1.0789074,-0.55661047,0.7516218,1.3471807,0.8148029,1.511144,0.15787634,0.28197104,-0.70931625,1.6996043,-0.4245655,1.0611811,-1.2800303,-0.057342555,-0.60070723,0.4859261,0.2992758,1.651216,-0.43238184,0.52793354,-0.44047105,-0.369138,-1.0593276,-1.786369,-1.9257679,-1.2413244,-0.29913226,1.115687,-0.4309236,-0.3237376,0.15679118
-0.92269385,1.2112603,1.1891178,0.74571353,0.5771558,0.16603982,-0.10901654,0.2649445,-0.5614839,2.2778163,-0.32630754,0.21389909,2.6734447,1.3497856,-0.87997764,-2.4787307,-2.2331119,-0.37998435,-0.023207828,-1.3682747,0.5996577,-0.29541066,-0.14107594,-0.9505469,-0.0052374112,0.43080702,-0.1474646,-0.52905047,1.6931508,0.81695795,0.96296066,0.14454624,1.2820181,2.0011091,-1.3031726,0.5848144,1.5797161,1.8612244,0.23615095,-0.09673079,-0.32180408,0.5070402,0.19050963,0.39946553,1.7214832,1.0509017,0.9837596,-0.21394287,0.11377487,1.1924018
-1.5032741,-0.039895117,-1.2285911,0.4586364,-1.2421794,-0.16491798,-0.28035545,2.9816263,0.7145609,1.2443334,0.48634923,0.18394293,-0.6870756,0.92632097,0.04090751,1.6222514,-0.6318792,-1.0265913,-0.88116616,-1.3101856,0.41079247,-1.1278012,-0.47882363,-0.41243348,-0.48758498,0.45553297,0.42301193,0.38990667,0.64756817,-0.30441913,-1.1857882,0.33337915,0.23910892,-1.1491815,1.0971609,0.4540863,1.7757738,-1.10585,-0.37301698,0.11566589,0.09160255,-0.65243113,-2.1433394,0.4374895,0.1096816,-1.3999195,0.70773935,-0.9313081,1.424777,0.83212215
-0.36163235,-0.6613843,0.78456086,1.1019363,1.5464497,-0.9225755,0.22920306,0.2134551,0.14537333,0.54824036,-0.67469525,-0.78129065,-0.12521522,-0.14743349,-1.1542658,-0.61089575,-0.49746028,1.9745405,-0.31921938,0.5601705,1.4677694,0.8955831,-0.3951908,-0.4007345,1.7640501,0.20651928,-0.16976486,-0.27923635,-0.802513,-0.7032956,1.5201224,-0.55260026,-1.8837607,2.3526015,-0.13438937,0.93302834,1.5687346,-0.7504331,0.6276276,1.5956254,-0.24689163,0.7713215,-0.090502426,-0.005229351,1.3012788,0.098689556,0.39915857,-0.7219315,0.44957843,-0.63174707
0.5941413,0.29563737,-0.35169473,-0.21682619,0.85232586,0.35384107,0.43780202,-0.9514677,-0.5556585,1.1767849,0.58938736,0.7323149,-0.44269133,0.7980665,0.96999085,-0.15265852,1.2875297,0.99445564,-0.15039246,0.10614741,-0.47071615,1.2141819,1.2267332,-0.7260431,0.44106925,0.323576,-1.000378,2.0777423,1.5367228,0.6379299,-0.55456436,1.4933419,-0.5946699,-0.0022296747,0.9546989,-1.1553447,1.0181192,-0.90132457,-0.4201833,-1.6737471,-0.6693753,0.603502,-0.0044661635,-1.1710553,1.3518981,0.48205087,-0.3617379,-2.654819,-1.8396598,1.7287974
0.5375472,-0.47556952,1.3437626,0.38972887,-1.2604406,-1.598496,-1.2326051,0.79465044,-0.68900347,-1.0263634,-1.5014275,0.18291375,1.3491496,-0.11710013,-0.14520621,-1.4464743,0.40114522,-0.94166464,0.15022855,-1.2917072,-0.04368975,0.34967384,0.15538456,1.0391204,-1.7854221,-0.058563586,0.50081426,0.6437726,-0.777349,-0.27799243,-0.4112614,-1.3147594,0.19097622,0.8646361,0.48910856,0.42557156,-0.45123345,1.1813763,-0.47813925,0.68667656,0.17434023,1.4757805,-0.4277327,-0.14111724,0.23918127,1.1956615,-1.0264509,1.1285769,0.812498,-0.85998255
0.036901236,1.5364957,-0.7445052,-0.40883228,1.6162786,-0.74218506,0.87951994,-2.8209305,1.3224764,0.12148347,0.43498024,0.47357884,-0.986337,-0.18446703,-0.5378269,0.89321405,0.1273131,-0.7250755,1.2162573,0.36042684,0.23137216,-0.75395906,-0.3909099,-1.2598878,-0.5345353,1.3727709,0.71853226,0.9828014,-0.28598058,-0.927272,1.0757259,0.0076869214,-0.010603731,-0.31636602,0.10235069,-0.4718299,-1.3163121,-0.5424539,-1.1451733,0.26043785,0.960325,-0.5887499,0.18247525,-0.81268597,0.8433393,-0.44929275,0.79846317,-0.79120386,0.3669705,0.88082176
-1.7130022,-0.29394293,0.48815936,-0.11221424,-0.19279853,0.052800488,0.5811395,-1.1300892,-0.06998219,0.43318152,-0.2543547,0.8337409,1.0695769,0.45697758,1.3613346,1.14553,-1.15874,-0.31409743,1.3753254,-1.3133692,-0.75089896,-0.3309963,2.0498292,0.9060097,-0.387015,-0.14970702,0.12304153,-0.06468231,-0.82496315,1.5951023,0.5736418,-1.4175365,-0.96878403,-0.19139494,0.20006087,0.59522045,0.993733,0.48288798,-1.1109792,-1.0722258,0.2536226,0.5718315,-1.589244,-0.13984847,-1.2043395,0.8265331,0.7833626,0.69162977,-0.64470464,0.19568074
0.05739169,1.1031841,0.20352255,-0.95176005,1.6222869,-0.9448463,0.38121128,-0.635898,0.8596839,0.82816017,1.8505296,-0.76484245,1.8024269,0.89963806,-1.400651,0.66636145,-0.30060583,0.4892162,0.2729588,-0.8106597,0.80433416,-0.06044618,-0.49519214,0.041299425,1.2928028,-0.38344666,0.24081118,1.8065628,-0.34753412,-0.30313617,-1.8194879,0.22567976,-2.4732869,-0.7084732,-0.4877581,0.5909894,0.42846742,1.063902,-0.02969215,0.54141116,-0.62339216,-0.31117472,0.18398845,-1.1251838,0.94043595,-1.2170926,0.99650156,-2.427055,-0.26439196,1.2275358
1.4520252,0.15231527,-0.3489205,-1.1641113,1.3309653,2.3633804,0.13279764,-0.58639544,-0.6449161,-0.72027004,-0.17551345,1.7574477,0.17819707,0.91035235,1.0198847,0.0034895197,0.41578063,0.82761127,-0.20543541,-1.6228689,-1.7642927,-1.0223918,-0.5464465,-0.6087797,1.3348848,0.55783105,0.5702876,-0.426547,1.8283212,1.4887874,-0.050577324,-1.243382,-0.96128416,-0.60186213,-1.9658195,-2.2826347,-0.6745652,-1.8515656,0.0485683,-1.2022744,-1.0264604,-0.7468076,0.67704755,-0.11714787,2.6011846,0.7499674,0.73404825,0.6877367,-0.44969156,1.2199545
-1.3883766,-0.8354166,-0.11960186,0.5926542,1.0495235,2.822525,1.3857813,-0.53465945,0.7774913,-0.31513286,-0.38460758,-1.1753385,-0.64771986,-0.8726681,-0.14611903,0.1977494,-0.37942755,1.6924933,-0.38494542,-1.1378989,0.42848906,0.6514457,-0.14993082,-0.16939707,0.29726827,-0.35078847,0.4934881,0.53992856,-0.84654796,-0.5477984,-1.4927093,-0.86237395,0.47202355,0.330013,1.9258944,1.2928131,-2.0757477,-0.5549467,-0.61553663,-0.6601728,0.09547878,0.7755563,-0.54362494,-0.46886835,1.5577979,0.39324757,0.047585577,-0.44998115,0.11462557,-1.5017565
0.49761036,-1.0521734,-0.8711406,-0.2989676,0.15169358,1.3238468,-1.4722617,0.9775708,-1.9123391,-0.5991815,-0.905529,1.8391147,0.4603524,0.37378132,0.77511567,-1.1332166,0.5380023,0.3288704,0.6252489,-1.4974178,0.9652698,-0.060138043,-0.35702905,1.1535919,-0.08692002,0.595238,1.3740112,-0.14838707,-1.0363126,-0.09732917,-0.338475,0.3753412,-0.52750385,-0.68582046,-1.6621522,0.47535026,-0.3278251,1.0109423,-0.3441359,-2.1135802,0.33787563,-0.85435987,0.3072904,0.9320768,1.7529682,0.8538446,-1.4014047,-0.98171705,-0.920737,-0.96722
0.0044071,1.3431417,-0.06524395,-0.92878693,-0.6888831,0.8115107,-0.7579145,0.7590883,-0.053910546,0.58695275,0.9486646,0.6106516,1.0753834,1.0071542,1.1091998,0.19335653,-0.24993312,-0.7617831,-0.57163966,0.3075685,0.85093355,-1.017817,0.0326423,0.6525141,0.45246595,-1.6552244,0.61688054,-1.8654103,-0.5685833,0.15427607,-0.6616001,0.2893346,-1.5045272,0.09430965,-0.9886401,-0.57475924,0.93422335,1.1527549,-1.493755,1.2900802,0.46374792,-1.1358446,0.8734008,-0.5166227,1.4667124,0.31590438,1.0610994,1.4388921,-0.87021637,-0.41865504
0.3316301,-0.7941214,2.366115,-1.4304008,-0.11908698,1.2535025,2.344688,-0.87393004,0.9080538,-0.22682597,0.3847999,0.852283,-0.18396859,1.1344477,-1.5015105,0.597442,-0.88293004,-0.7615716,0.6378688,0.66415066,-1.1997237,-0.17392898,-0.96715647,0.42357102,-0.9482644,-0.47973797,-0.9959338,-0.49174824,1.3267943,-1.7378649,-1.0228033,0.66770566,-1.4159064,0.68529147,0.18016414,-1.3735209,0.5272151,-0.34770396,-0.75394917,-0.0316981,-0.09656208,-0.3188685,-1.7747172,0.86599123,-0.74497783,-0.33642066,0.63927615,-1.4355433,0.49038744,-0.51044136
-0.08879866,0.2916739,-0.011371501,0.13841695,-1.2419715,-1.2865287,-0.14982271,0.031586204,-1.7392445,0.74689245,1.3410068,1.5053315,0.47213683,0.5090809,-0.44101626,0.2558278,-1.3175411,-0.39975291,-0.8508662,-1.8897866,-0.7186831,1.3324186,1.6557944,1.4027879,0.37199473,-1.7747912,-0.6387048,-0.14397007,0.7712839,0.7784437,0.82811713,-0.596761,0.5180036,1.2217472,0.64094484,0.35427663,0.64474803,-0.84047097,-0.24562638,-0.9512754,-1.8924769,-1.2024784,0.5498168,0.71492344,0.32269895,1.2846891,1.2892218,0.4031826,-0.48182282,1.4556801
0.6195589,0.6586473,1.2701234,-0.99541813,0.84766006,0.68967086,0.67989856,-1.4421588,-0.8418733,1.1544409,0.7403477,0.24939425,-0.10959657,-0.57196605,0.8385379,0.657019,-0.7454399,-0.66022533,-0.96184176,0.51146114,0.16668254,2.8160458,-0.45404497,0.05533974,0.43983212,-0.7487462,1.335581,0.45449492,0.9699077,1.7710956,0.17307134,1.2233367,-0.29481643,1.4354454,-0.2213749,1.0583993,-0.3485899,-0.20772484,-0.21605362,0.096755035,1.3819445,-1.8863838,0.75787854,1.2185786,-0.49339712,-0.31460825,0.17054442,-1.2628969,0.034966044,-0.39459482
0.5343848,-0.64137244,-2.323239,-1.9625074,0.9304853,1.4659296,-1.0240668,-1.24222,1.3032391,-0.25322253,1.1814446,0.36295462,-0.83263874,0.86256796,-0.23080802,1.0306593,-1.3461746,-1.0998636,0.88480526,0.35705674,0.1625584,0.4320204,2.8642898,-0.19228444,-0.6923136,1.2144555,-3.4544194,0.9207535,0.00829388,0.74076515,0.38628435,-0.59423584,-0.53255993,0.90320224,-0.45756856,-1.6445142,0.8161876,0.0067233383,-0.763668,-0.5686828,1.3909997,0.51537895,1.9189993,0.4212453,1.7506295,-0.31644183,0.5120817,0.40646216,0.7534469,-0.45487022
-0.110535204,-0.29848093,0.69525665,-0.0031230736,0.33637196,0.31692433,-0.39614585,-0.8955278,-0.18734476,0.053877983,0.5545612,-0.86955315,0.71547586,0.3800201,-0.4399781,-0.7653846,0.2996715,-0.24075706,-1.0936123,-0.629411,0.24256401,1.7410859,-0.038556267,0.98374414,1.7249874,-0.8001606,-2.184759,-1.0371472,-0.07264553,-1.219137,1.0830512,1.8033795,-0.71850777,0.41992623,0.91531664,-0.70581114,-0.1998858,0.011675812,0.6726756,-0.36517,1.3890505,-0.99855787,1.4932748,-0.9437875,-0.83696765,1.462099,0.24126206,-0.3386609,0.493998,-0.14769335
-0.7750059,0.17929567,-0.77953357,0.43121532,1.5521787,0.21901938,0.70142186,0.56861305,-0.35135174,0.06786592,-1.0955883,-0.13220166,-0.84176433,0.607101,0.39903697,-0.102610245,-2.140106,0.94243175,0.12006532,-0.18731532,-0.6030929,0.3864151,0.26712647,0.17143011,-1.2231481,0.24121192,-0.6973943,-0.9271686,-1.2976692,0.13818464,-1.5079327,0.06042483,-0.72215074,-0.22362563,1.8535442,0.30159965,1.0891415,0.6484668,-0.77960205,-0.7743077,-0.74851453,0.346625,-0.21552971,1.053375,-0.8907824,-1.6136088,0.65503067,0.59428334,0.56924856,0.1899937
-0.058315493,-1.0309258,1.348266,0.24571508,-0.49369934,1.1098272,0.36029157,-2.3774424,-1.0084441,0.39808795,-1.2657229,-1.2721726,0.36653057,0.5394764,-0.24064936,0.95255715,-1.5571944,-0.7667114,-0.1656237,0.5077338,-0.16535886,-0.2454522,-1.0058358,1.0026871,-1.0364265,0.36241022,-1.0434865,-1.1122125,-1.3957176,1.9446161,1.3622196,0.42248416,-0.6405588,-0.2551508,1.7973351,-0.90623266,1.4735255,0.10322363,0.104199134,0.24581589,1.1535203,-0.5054027,0.49517283,-1.7865596,-0.46140334,1.2424395,-0.5325642,0.3541988,-0.18475808,-0.287332
2.0857437,-0.13195527,-0.23578523,0.8015387,0.2867458,-0.5616816,1.0393773,-0.31062755,-0.97538716,1.3796418,-0.31748712,-0.18646663,-0.43206534,0.81188506,1.5227582,0.46343356,0.5702264,-0.3094778,-0.7886699,0.11471489,-1.7444811,2.1028006,1.2992368,0.56674576,-1.5001514,-0.33329448,-0.8125483,-0.88457966,-0.020664735,1.2060881,-2.310038,0.77116966,-0.16991825,-2.7802255,0.23453386,-0.7481294,-0.9109193,-0.5637361,2.2539308,-0.35467193,-0.15134469,-1.5861943,0.9420147,0.48737192,-0.21236238,1.0859237,1.0492786,0.1111864,2.3058162,-1.8797979
-0.8421499,1.406706,0.46061376,-0.62126034,-0.8646694,-0.76079917,0.4110521,-0.17770422,0.66354734,-0.49231192,2.2900808,-0.5798161,-0.22424929,1.2061963,1.0411503,-1.3877043,-1.151301,-1.058223,-0.6982448,-1.1565163,0.4740162,1.1794809,-0.5287414,-1.1699955,-0.4872661,-0.4573709,-0.7981527,0.31445375,-0.74745214,-0.40690538,-1.0707842,-0.7345509,-0.3475695,-0.592889,1.0493221,0.85935795,0.39694393,0.79548526,-0.22106434,2.5567536,-0.8728521,-0.55804604,-0.15317424,-0.5229215,-1.2510005,0.57688314,0.6135871,-0.6851013,-1.4237937,-0.15437594
1.181703,-1.0459269,-0.773812,1.4495572,-0.22322085,2.0941463,-1.6906431,1.4011033,0.96014214,1.1517246,-0.17385723,-1.0165136,-1.241108,-0.41041258,-0.7897685,0.11730174,-1.3297917,-0.43168718,-0.504111,0.03678561,0.96308756,2.1901758,0.07302714,-0.67548215,-0.51637083,0.4784785,0.818841,-0.30615816,-0.96020514,-0.9956523,-0.092529126,1.3479753,-0.8325495,1.4262661,0.09560817,-1.7936476,1.6300219,-0.26541686,1.4166698,-2.129053,1.1126482,-1.1021695,-1.5100329,1.0597292,-0.20178923,-1.2647,-0.66584134,-0.70904857,-0.28152478,-0.72035635
-0.50095206,0.51513696,1.1116918,-1.1589212,0.0027533432,0.058977544,-0.5929547,0.3509118,-0.33138123,1.9179844,0.7881435,-0.092103966,0.5933301,-1.2707038,0.13262263,-0.20124094,-0.58291674,-1.2537313,1.3469229,-0.08805488,-0.47627604,0.26191747,1.2642962,0.05850051,0.83663857,-0.082577586,-0.5540915,-0.1933846,1.3527328,-1.5443529,1.5138237,1.0794344,-0.51074857,-0.6565169,-1.5601652,-1.3938177,0.21488626,0.64528406,-0.31107032,-0.7038433,-0.010872164,0.43904006,0.33397976,0.33737496,0.7673332,-2.1447015,0.4273278,0.4075282,-0.27371436,0.74477637
1.0901306,-0.38222304,-0.4778991,0.9291847,0.058016066,0.6070249,-0.9664164,-1.0868624,0.72142863,0.07093535,-0.2871057,0.42908576,-0.018296963,-0.33499968,0.31381968,-0.5201211,-0.11654691,1.1758184,-2.991315,-0.96174544,0.51423895,1.0162508,0.8593141,-0.4658562,1.1479281,-0.6678936,-0.6133811,-0.1380928,-0.3040061,0.5930617,-1.589847,-0.02323893,1.8503085,-0.46760142,-0.7611447,0.43545854,0.3717809,0.0057187765,0.06038767,0.7672796,1.4305238,1.6252003,0.1257299,0.8948739,-0.16842933,0.2341918,-0.7396146,1.3306512,0.4022788,-0.43190223
0.26129115,-1.4754117,-0.661562,-0.34137288,-1.5671546,1.5178057,0.8662496,0.27199757,2.022222,-0.9431609,0.18952185,0.66509867,-1.4126546,-1.4346848,-0.6072233,-1.3470844,1.3604681,0.061037667,-0.81011146,0.2821474,-0.23186912,1.790377,0.31131727,-0.07064074,-0.37116486,0.8084986,0.57893723,-0.6353897,0.28233224,-0.14648296,-0.30482134,-0.44099215,-0.561901,-0.49637762,-0.022680698,0.0936131,0.76896644,-0.86184156,-1.638307,0.17181027,-0.32212245,0.04746666,0.84701496,-0.12307489,0.7325693,-0.28536335,-0.58631176,-0.47160706,0.7549975,1.0069734
0.3065105,-0.38246837,-0.42716348,-0.7876793,-1.5122801,-0.12631336,-0.39542517,-0.77937716,1.2447816,0.1195013,-1.2420131,-1.7561475,0.85771626,-0.5406203,-0.39093554,0.9191779,-0.16566123,-0.53297293,1.9551584,0.47896388,0.019706927,-0.43166468,-0.034210324,-0.16615221,0.3219645,-0.10910704,-1.1670455,-0.1664872,-1.4389175,0.25600174,0.3021069,0.21654117,1.4996388,0.8764245,0.77956057,-0.2830872,-0.84392333,0.724282,0.7481954,0.3110859,-0.3781029,1.6718717,0.82892364,-0.33471492,-0.533788,-0.71386075,-1.5575961,1.1920098,-0.93693954,-1.5505849
-0.71929246,0.15993524,0.022998769,1.812294,0.39956644,1.5392123,-0.78125495,-1.2832785,-0.058550894,-1.5421518,0.39218834,0.12496583,-1.8574369,0.8750021,1.0428944,1.4105564,-1.3030032,0.8076477,-1.4614217,0.39514583,0.73069763,0.5764368,-0.57176864,-0.4343725,-0.898343,0.046584684,-0.2983082,-2.024588,-0.36899963,0.9029361,-0.8945377,0.23548333,-1.3506526,1.4106787,0.0021183232,-0.080293305,0.14313774,0.9786513,1.7807351,0.48179266,-0.07974996,-0.84497726,-0.56839657,1.9225543,0.43075705,-1.2651794,1.2448487,-0.90739536,1.3346016,-0.92442733
-1.2718794,-1.4902902,-0.16218324,-0.69093347,0.67808104,2.4162557,-0.690705,1.958487,2.2617078,-1.2793885,0.9699526,-0.49685064,0.26026064,1.6006879,1.177036,0.015554232,0.5707718,0.39169925,-0.07220515,-0.42441538,-0.6606337,-1.3288196,1.296223,0.3441682,0.083755575,-0.7521911,-0.42327175,0.24549164,-1.5187451,0.17926495,-2.0876145,1.2437873,-0.05929564,-1.3835334,0.7854438,-0.09305141,0.8202358,-1.4448539,-1.505122,1.0181303,-1.1350195,1.9635557,0.4879105,-0.10411861,-0.9302607,0.45650786,0.0023176763,1.1711999,0.05750191,-1.1456274
0.2641091,0.37869358,-1.1654416,-1.2599283,1.880527,0.24195483,-2.24502,-0.2988588,0.53212625,0.55740726,1.2444139,-1.3059117,-0.27073884,0.6390121,0.7690737,0.20287608,0.26917455,-0.4343029,-0.26929295,-0.5655191,-0.85572827,1.6220055,0.32474765,-0.07331138,-1.7106646,-1.7647163,1.0194633,-1.0234668,-0.5836557,-2.1925013,-0.08708472,2.036015,-2.0589335,-1.7063777,-0.32949883,0.13981885,-0.91413003,0.031508327,-1.4661103,-0.9932589,-0.49578544,0.11423738,-1.0685419,2.022811,-0.27375075,-0.13725686,-0.20660533,1.004347,2.0513635,-0.7812093
-1.3591465,-0.8464724,1.3653927,0.3993421,-1.8173008,0.02325289,0.7942348,-0.8389355,-0.31534696,-1.062484,0.24705356,-1.1652188,0.41708884,-1.075928,0.030545674,-0.63570815,0.6728326,-0.021471744,-1.8685731,-1.1258925,0.77157336,1.3058249,0.32849073,-1.0075266,-0.07047864,-1.1366614,0.16933884,0.8809581,1.4785882,-0.46985528,-1.1179466,-0.024176737,0.09126392,-2.1789253,-1.0143911,-0.36934462,-0.22288223,-0.19011343,-0.029207582,-0.31873438,0.52125216,0.7777507,0.9255379,1.1657844,0.6963294,-0.38480714,-0.64264154,-1.0096716,1.4209772,-3.2458825
-2.7044377,-0.28795272,0.18781704,1.2277178,0.28756732,-0.13986568,-0.43794683,-0.7302095,-1.1095254,0.18884183,-0.35383105,0.7283191,0.6779889,-1.7465321,-1.1679022,-0.5733891,-0.21212797,-1.1467879,0.7222292,2.6833997,-0.5461076,0.57443166,-0.21363628,0.49266216,-0.9842545,0.13124046,0.09704981,1.0701145,1.6187359,-0.9059281,-0.600683,-0.5701099,0.3243139,0.56831765,0.14706218,0.9986796,-0.13800701,-1.0227524,-0.78373724,1.4826443,-0.238729,0.30415073,-1.1703479,0.17314674,1.0580652,-0.7314041,0.2827219,-0.39508185,-1.9880992,-0.018262878
0.7695281,0.68497217,-1.4691976,-0.7908612,-0.4497334,0.008565403,0.89830947,-0.16966286,-0.46686137,-0.47950622,-1.1506233,1.5554636,0.68984455,0.18968447,1.2120054,1.4463739,-1.1367793,0.994985,-0.4384548,-1.8251836,0.6388553,-0.0047573694,0.024400745,-1.5568217,0.11256138,-0.67824006,-1.5768635,-0.23207676,-0.04855232,-0.53095883,-0.8371623,-0.7657056,-0.7253697,-0.7373426,-0.314617,-0.8355258,-0.33604494,-0.16523808,0.7488512,-1.7252288,0.8829225,1.1069443,-0.2470237,-1.961288,0.20246975,0.20893897,0.45264056,-2.4463058,0.708851,0.45286468
0.085713334,1.4670792,-0.69179624,0.063695475,-0.66974753,1.3418697,0.21109785,0.35300824,-0.060275037,-0.7713219,0.5145418,1.2627709,0.62641764,-0.66112876,-0.8457066,0.080882415,0.008689531,-0.5276598,-1.2769825,1.4842379,0.25728956,0.25603926,-1.131192,-0.64490634,0.036438696,1.4266845,1.711564,-0.7844339,-0.24349931,-0.6226555,-0.40314814,-0.5494127,1.0355239,0.69287467,0.091299616,0.42035052,0.12776528,-1.3768173,0.94647783,-0.038553905,-0.5688843,1.2745206,-0.18382408,0.9673074,-0.6300366,0.5477601,0.19860594,1.6480469,1.1091099,2.1638517
0.04477162,-0.13349554,-0.060899798,1.3473202,0.51333606,-0.34297797,0.057815738,-0.8692237,0.2422974,1.1285318,-0.4323797,1.5920542,0.5138215,-0.1451062,0.79307973,1.2157282,1.3807747,1.0679538,-1.5114353,0.703278,1.4712992,-0.56580406,-0.7059898,0.87531096,-0.7025951,0.31407526,0.65689063,-0.95946693,0.46611866,-0.20861472,-1.9527377,0.11843244,-1.8017067,-0.6530358,-0.5898825,-1.7528191,-0.42370912,-1.2937192,-0.09063309,1.0605522,-1.1111764,0.76597124,0.38623565,0.18003935,-0.5541487,0.8163981,-0.89541006,-0.1766475,0.23289904,0.9910685
-0.22800732,-0.7910298,0.25761646,-1.0193375,-0.74557054,0.8986748,-1.6328996,0.36956093,1.258838,0.584835,0.6400981,0.483963,-1.2476586,-0.92388654,-2.1973014,-0.8798205,0.82173437,-0.1595686,0.7761696,-0.21599244,1.7947196,0.51232207,0.64240307,-1.0331424,-0.9381701,-0.920813,0.92256814,1.4194757,0.51141286,0.113389395,1.4351705,1.0717554,-0.48594674,-1.06353,-0.6909749,1.0728512,-0.019468233,0.23795131,0.5737758,1.0246594,1.2503701,-1.1814077,0.4239578,-0.25021538,-0.26367766,-0.93872726,1.6063033,1.2630042,1.2674898,0.02108457
2.5648594,0.2210875,-1.357159,-0.9874716,-0.51844156,-0.9983874,0.6958249,0.03846456,0.91484845,-0.34058115,2.3712945,-0.5382559,1.3280336,-0.5856199,2.0984938,-1.4584014,-0.19758102,0.2835257,0.30989397,0.87180054,-1.1735125,-2.4623826,0.39255366,-0.16153249,0.52950805,0.43925446,-0.48850188,0.22840461,-0.3945249,0.849726,0.29602355,-0.64254725,0.27597845,-0.49039412,0.61042345,0.46665165,-1.6039603,-0.52125365,-0.47627354,0.6835108,0.39736477,0.64063865,0.258237,0.21768722,0.4015186,0.63890773,-0.5388195,0.14676002,0.6013954,1.858185
0.16972809,0.25212616,-0.48137337,-0.7085217,1.3099482,0.62368804,-1.7664874,-0.8237081,-0.95335746,-0.8054152,-0.20886308,0.8467943,-1.5248837,-0.89633644,0.36831087,0.04415509,1.4950745,0.61453164,-0.21417221,-0.8244913,0.12600599,-0.91307515,-0.43813503,0.6153008,0.054729134,-0.46008018,-1.1473293,1.8555722,-0.76227945,-0.21119244,-0.93383306,-1.4629254,-0.8278615,-1.9974037,-1.8974638,-0.84413177,1.0552782,-0.40648186,0.4655122,0.25544664,-1.6791084,0.95667857,0.41228986,-0.41819742,-0.21949117,-1.1130388,0.1276037,0.2154573,1.2626934,-0.6413311
2.0334194,-0.9956477,1.75297,1.2741187,-0.65236795,0.11312234,0.8792466,-0.25838822,-0.08713346,0.029598895,0.9262569,-0.23616527,0.4006348,-0.5417078,-1.0490375,-0.5626229,2.0766282,0.117188424,0.5855168,0.44971877,-0.41640347,0.55666214,-0.09208642,1.6444477,0.25965497,0.16088074,2.2234914,-2.0367434,-1.4921767,0.36811805,0.868605,-1.121785,0.39441746,0.43781364,-0.078504644,-0.55710435,0.037483174,-0.19043432,-0.7941364,0.98008424,-0.16789614,-1.1405282,0.7718627,1.17444,-0.06335467,-0.42342636,-0.41140756,-0.61540246,-0.9869126,0.15111716
0.6612348,0.07063351,1.7494342,1.2100235,-0.49480549,0.4347144,0.092365965,-0.0021523386,0.1401897,-0.15708694,0.78489274,0.8756766,-0.7773331,-0.04685725,-0.38781458,1.0831312,0.6798444,0.97483987,-0.33918366,-0.32385522,0.57868785,1.4139342,-0.413994,-0.03201612,0.34111986,0.8137739,0.48428354,1.0499352,-1.1512606,0.939559,0.61254823,-1.3773984,-0.24601406,-0.22197397,0.7792256,-1.2250774,1.0723537,0.35030186,-0.41904664,-1.2053307,-1.8639934,-0.8465396,0.8116583,0.1080203,-0.3816203,-0.5323477,0.6175319,0.027130976,-0.41661143,0.41202363
-0.011618072,1.8486761,1.0157417,0.46322736,-1.0737562,0.24823245,0.9869633,0.57126856,-0.9963142,-1.8239883,-0.09224276,0.97039735,-0.75771564,-0.7532345,-0.49657547,0.095947735,-0.97808665,-0.47411248,0.039174028,-0.37507474,-0.4210143,1.101094,-1.8997252,-1.0386726,2.5902686,-1.3268389,-0.9701524,-0.032515097,0.5948838,0.8616354,0.6235463,-1.0673673,0.15544622,0.89347976,0.60258806,1.1671401,-0.9503759,0.70424044,1.1562077,-0.2394946,-0.6932385,0.42262518,0.50329065,-0.19651562,1.7700144,-1.0280784,0.6604016,-0.46196657,-1.6749606,0.18676607
1.0545421,-0.5562772,-0.6302708,-0.9372555,0.7434946,0.36696494,-0.48963213,0.23431894,0.24836183,0.10031691,0.77618957,1.6447526,0.7110556,-0.89806026,-0.94262373,-0.2957409,0.24833667,-2.6994622,-0.099705964,0.07084713,1.5082804,-0.85983264,1.1533736,0.5388435,3.9809303,-0.3419772,-0.7396994,2.4263985,-0.2581704,-0.041450128,-0.2593881,1.0608993,-0.44685528,-0.5228418,-0.022369653,0.49523503,-0.87810636,1.5691825,0.13770409,-1.3474973,0.06426819,0.16884619,-0.4061977,0.41523182,-0.25432026,-0.6390529,0.17432168,0.51122224,0.30591038,0.85114145
-0.7912182,-0.9679351,0.7119934,1.328046,0.12070417,0.44715056,0.08106752,-2.1551342,-0.15843861,-0.53928405,-0.40701628,-2.0199454,0.63055176,-0.19581184,0.47524384,-0.08308005,0.8028698,0.19754623,0.7222492,0.045916244,0.1981194,-0.6328101,0.3464806,0.7837081,-1.4578142,0.7264197,-1.3745418,-0.3995267,-0.23337117,0.19060186,-1.4647528,0.26782504,0.5336839,0.61329955,0.240872,-1.4001354,-0.6172435,0.3545715,1.351409,-0.21039298,0.9852104,-0.025731307,1.3990585,0.8754449,-0.039620407,0.16271304,-0.43178746,0.6109064,-0.6027777,-0.8135414
-1.3890038,-0.3603836,2.0867515,0.3432926,0.36363247,-0.121324494,-1.4117198,-0.00076476065,0.34139076,1.7429802,1.0770603,-1.730714,1.0845493,0.95469445,-2.4119058,-1.2840526,-0.15285987,1.6100707,-1.1712917,0.12545478,2.176892,1.5697534,0.68844455,-2.5568898,-0.16949473,1.2855276,0.5755036,-1.9254782,-0.45552203,-1.4554261,-0.003070169,0.12964128,-1.3331395,-1.0999802,0.42309067,0.67371684,1.0252331,-0.8306163,0.16051689,-0.10930449,-1.2373123,0.16015394,-1.0254263,0.91863334,0.07915864,-0.9117042,0.15502122,1.2630552,-0.9738728,-1.8121184
-0.69704175,0.15740483,0.78224313,1.8592792,0.2601635,-0.72201884,0.99820465,0.4893328,-1.1874697,-1.3785954,-0.8297295,-0.49279407,-1.2284304,-0.6074185,-0.9536466,-0.4416136,-0.5244859,-0.29449153,-0.42707694,0.44708624,1.1756968,-0.5390117,-0.9692801,-0.40985805,0.12382965,-1.6633624,-1.1251261,0.5334486,-1.241856,-0.24060313,-0.76794225,-0.26147982,1.7676885,1.2973814,-1.0359794,0.45306605,-0.2429042,1.4636735,-0.6682032,-0.6452938,1.0133407,1.7275782,0.6707091,0.31672806,1.5326483,0.08650207,1.0555503,1.2081133,-0.9769008,1.1091003
0.028063212,-0.4844652,-0.6331238,0.31336218,0.046862263,-0.072152086,-0.69439185,-2.0813837,1.1484747,-0.11229486,-0.5373014,1.7630498,-0.65194523,0.61195076,-0.2804632,-2.4304311,-0.30933642,-0.8050295,1.2283999,-0.16821957,-0.6072793,-0.097884506,-1.2364339,-0.37697375,-0.9773895,-0.31240216,-0.90015745,-0.27851152,-1.8609864,0.21847622,0.27589607,-1.2526888,0.8955321,-0.43899184,0.5329268,-0.10276056,0.23319109,-0.45342013,0.5741404,0.3761307,-0.8039962,-0.0046560224,1.9624524,1.7083262,1.4409828,0.40728718,-0.4428188,1.3399066,-1.4410225,0.27159724
-0.8554681,-0.6324421,-0.065030284,-1.5931504,0.9477301,0.46373177,-1.1130471,0.8979323,-1.2139848,0.20369568,0.2873127,-0.17633118,-1.4392551,2.5641003,0.85457736,0.5888565,0.13492395,0.3237977,0.38128936,1.0806184,-0.7985462,-0.5441839,-0.36582944,-0.52644205,-0.44883516,-2.6481986,0.5691519,0.061089233,-0.4241387,-1.474606,1.0590184,0.13518323,-1.5791974,0.04255918,-1.1521288,0.6465488,-0.33276394,0.8123419,0.5404923,-0.29936716,-0.2578551,-1.1073285,-0.9505899,-0.7110663,0.5219377,1.0350271,0.023625964,-0.42211598,0.02626994,0.1493043
-1.5104232,-1.0255333,0.09369141,-0.7183901,-1.0205094,-1.6100779,-0.21447906,-0.7262944,0.5385962,1.2726684,-0.6915995,-1.0405988,-0.11306691,0.30221334,1.4832786,-0.4211861,-2.1455648,-0.5473135,0.8768607,-1.076054,0.61991936,-1.0477581,-1.6790912,-0.27047145,2.0528705,-1.3951266,-1.3473613,0.52258337,0.88226306,-0.14925584,-1.0135547,-0.62754303,2.3523862,-0.97488093,0.39805293,-0.0050433357,0.470834,-0.0555943,-0.78629583,0.34122366,-0.35652262,0.8303776,-0.042584375,-1.2199044,0.95315003,-0.89845324,1.3485504,1.6330926,0.29542908,0.68411475
1.6663883,-0.8611004,0.66053945,-2.0066268,-0.0756308,-2.2597291,-0.2589602,0.24143578,0.82976663,0.4756356,0.33638623,-0.47439247,0.40231574,-2.0041246,1.1936673,-1.8499374,-1.1286095,0.49848735,0.538636,-1.3968992,-0.79780537,0.71483356,1.5893357,-0.8419193,-2.0690727,0.66780776,0.77838314,0.1729856,-1.1989157,0.6859171,-0.70459914,-1.163358,-0.40280506,-0.042385124,0.09337712,-0.49087644,-0.09432794,-1.0284991,-0.1512027,0.55309707,-1.6423283,-1.4304092,-2.064566,-1.812456,0.062423725,-0.5644573,-1.4846296,0.11608425,-0.73007715,1.290996
0.26477307,-0.2346189,-1.7586251,0.113359414,2.2757173,-2.0382652,0.3594251,-1.1507243,0.3391892,-1.7870651,0.22189584,0.12885074,1.8861185,0.6525409,-0.63516855,0.20099369,1.6741716,-1.0316404,-0.048746914,0.10517053,2.3012726,-0.20826276,0.4359846,0.028787969,0.7287407,-0.014628089,-0.96265674,1.0024307,-0.95488983,0.85453355,-1.4973994,0.58753973,0.17444824,-0.6248653,-0.9079316,0.39043778,-1.4468933,1.317563,0.027993051,0.54756725,-0.053040937,0.48120615,-0.95956206,-0.53130686,0.6629598,-0.6234675,1.1699861,1.6760353,0.5621968,-0.8252889
1.0163132,-0.9060782,1.1740775,0.7423773,1.5713136,0.52158993,0.09999168,-0.488034,0.46853945,0.7525953,-1.3978273,0.3613077,-0.5027641,1.1394571,0.7345858,-0.86949676,1.7566298,-0.13896675,0.61152726,1.9068255,1.0057532,-0.12580399,0.4944527,1.2045827,1.8471977,-1.7408572,-1.1694708,-0.4915031,1.0694658,0.65153164,-0.6863203,0.2565704,-0.578358,-1.4519678,0.63796,1.0933613,0.31198385,0.30649328,1.3783864,-0.19547693,-0.81150895,1.1132079,-1.3028647,0.58457845,-1.6505941,-1.8786864,0.13723373,0.7881584,-0.8035672,1.0876644
-0.14569077,0.4200686,-0.8901049,0.23548469,-0.57129717,0.34211797,1.4231224,-0.9192957,0.6036812,-0.99357516,-0.88346577,-1.1456801,0.9066292,1.453811,0.8077451,0.22740243,0.68438625,0.023801677,0.2865666,-0.16340421,-0.7501396,-0.020063577,-0.25814053,0.7325795,0.2521508,1.0641311,-0.8438897,-0.797208,0.54804224,0.9113256,0.31335455,0.8846922,-0.9364223,-0.77288055,1.1405095,0.93900996,0.26334968,1.8466728,0.37612242,-0.22832552,-0.6550488,-0.85241044,0.5244419,-0.60321414,0.95989037,0.18080957,0.54702705,1.8539637,-0.11594963,-0.49535134
0.70159817,-1.1921806,0.21852207,0.059706006,-0.025101414,-1.570908,0.34663546,-0.37141794,1.3230433,0.47908646,-0.34817177,0.867594,0.17214762,0.34268644,1.0575552,0.06317549,0.23465903,-0.99390364,-0.23545043,0.35234445,-2.132525,0.6501028,-0.25050718,0.8419568,0.898478,-0.73295885,1.0867451,-0.50834674,-1.7235707,-0.0455811,2.5022275,-0.726906,-0.19433117,-0.7850876,-0.83287185,1.3365055,0.82756597,-0.15262902,0.5213074,0.28612557,0.21907564,-0.59244037,1.0950454,-0.15885457,2.183942,0.4675604,0.24486187,-0.9482637,0.5230682,0.61101884
0.5395154,0.004039392,-0.11823142,1.2191358,-0.7049777,-0.049849406,-0.056723684,-0.33975756,0.28844625,-0.8348306,-0.06535961,0.36491808,1.166157,1.3714514,-0.7093766,0.30903745,1.7373133,0.582351,0.7147231,-0.2986874,-1.3652654,0.5951351,0.06854782,0.9498869,0.02140575,0.68752986,-0.041666128,-0.9934398,-0.0333094,0.6738861,0.053997416,-0.98623735,-0.12261237,-0.2569601,0.8468146,0.31208846,-0.006413325,-1.364052,-0.3907426,-0.4746874,0.39390314,0.15296406,0.5289056,0.8077127,0.22343606,-1.9344413,0.36206803,-0.25061256,0.60586846,1.6779138
-0.2507619,-0.3865814,-1.1126504,0.14790551,1.0176872,-1.0630648,1.4751718,-1.0923465,0.1556538,0.980598,0.779766,0.3809429,-0.2107596,1.565145,-1.1955466,0.13000162,0.49343246,-0.42095196,0.73071146,1.2174363,-0.7046981,0.17272528,-0.44767615,-0.18718667,-0.78708005,-1.4855965,-0.59171027,-0.9768514,0.23290102,-0.002693738,-0.17639816,1.2720582,-1.7875825,-0.002981954,0.39421082,-0.34884894,-1.0284786,0.19172694,-0.38436192,-0.51574606,1.1433865,-0.65572333,-1.0984046,-0.29758877,0.043087605,-0.06838415,-1.8992586,-0.34006047,-0.41321114,-0.30991697
0.023041941,0.032052923,0.24083614,0.69102883,0.6857659,-1.4239169,1.1512349,-0.4990981,0.15404285,-0.23655425,-1.3619423,1.7001662,0.33851674,0.03543915,-0.21789347,-0.31605998,0.2878316,-0.22725078,0.21905528,0.3109915,1.1904143,1.7460506,-0.2484078,-0.28734204,0.24431841,0.36563846,-0.7252909,-0.38147804,-0.25220832,-1.0367103,-1.4695604,1.322609,-1.4490623,-0.96855944,-0.2086236,1.2796828,-0.057468224,-0.80819696,-0.026406545,0.5232541,-1.3614078,-0.09298329,1.1562046,-0.1278562,1.4955566,3.2261903,0.36306232,0.8941306,-0.06433581,0.40816686
1.0836576,0.061025925,-0.75944066,-0.2950662,-0.88456833,0.33532172,0.5579477,-0.5822284,-0.8836275,-0.10179255,0.22374645,0.8463578,-0.6901113,-1.2475576,-0.34860912,1.7193782,0.6470402,0.8469767,0.9214575,-0.9892993,0.60544896,-1.6212966,-1.3143572,0.22010243,-0.78620344,-0.46630213,0.8308896,0.7229623,1.2784125,-0.094103515,0.38446665,-0.14317861,-0.11560804,-2.7344854,-0.9810236,0.013019329,-0.85567635,-0.3965592,0.32456648,-0.77836776,-0.73025876,0.7790492,-0.26790458,-1.05732,-0.5566292,0.3460795,-0.18572521,2.1221414,-0.49375293,-1.4480983
1.2422153,0.305028,-0.22528256,1.5807438,0.41763094,-0.044400975,-1.2986286,-0.51838714,-0.2558876,-0.20393065,0.38241598,0.3792471,-0.82350886,-0.005459148,-1.0287565,0.14586297,0.7060872,1.332475,-1.7862973,-0.44741958,0.51493025,1.4658948,-0.07308831,-0.430899,-0.41184175,0.4424547,2.0083292,-0.67437536,-1.9522381,1.2183467,-0.90428585,0.29220194,0.3727077,0.60562456,-1.2251161,0.8029184,-0.92815423,-0.662613,0.17286083,0.8567885,0.59417516,0.20860489,-1.3040022,0.7039048,0.806835,-0.68314296,-0.24441803,-0.89953136,-0.0020535758,0.038034886
-0.16135427,-2.0598342,-1.0171856,0.20144133,-1.2060199,-2.6099627,-0.6529674,1.2609369,0.60477024,-1.5118928,1.9165026,-0.43952048,-0.5167583,0.078087844,0.041619647,1.8789401,0.35067555,-1.2143934,0.4402557,0.35974944,-0.105444066,-1.0874877,-0.54751974,-1.0351229,-0.28815404,0.49192238,-0.6574856,-0.7318132,-0.7530383,-1.107982,-0.13732032,-0.43268228,0.9792115,-1.4664454,-1.2407475,-1.7974019,1.4603436,1.6493256,-1.29327,-2.2953029,-0.2526947,-1.3847396,-0.581202,-1.0610346,0.87079024,-1.4216785,0.75492555,-0.44272122,0.885982,-0.16043374
0.5485588,0.033764794,0.41915092,-0.6154506,-2.4800415,1.0018779,-0.06912007,-0.17927143,-2.1408002,-0.32533047,-1.2368855,1.2872131,1.5131395,-0.6296166,0.8076317,-1.2761213,0.6881943,0.54655117,-0.30762622,-1.0115833,0.06608312,1.0056185,-1.9730767,-0.42378408,-0.119456634,-0.04643897,-0.5365184,0.6430118,-1.0354594,0.63565415,-1.4284079,-0.35970324,-0.1671626,0.8378505,0.86507314,-0.31545228,-2.3382092,0.8184307,-1.7360655,0.9113303,1.375729,0.17101027,-0.66389465,-0.15146124,1.4055084,-0.060262714,-0.51906514,1.6696796,-1.4282159,0.94578487
0.31317428,0.0929967,-0.4370621,-0.11485285,0.2293806,-1.1568484,-0.86986667,0.60979295,0.479759,0.90049803,0.270749,0.5128396,-1.27427,0.33735982,-0.2344108,-0.4919724,-1.4212004,0.037511665,0.7423331,0.92879564,0.24595508,-1.4048244,-1.0563258,1.6716201,1.1652001,-0.6706569,0.15766846,-1.6843685,-0.42112836,-0.8534851,0.75962025,0.28410345,-0.9820061,-0.4618611,-0.18107793,-1.1153265,-0.8752086,1.6689268,-1.8959342,-0.30764166,-0.35627946,-0.18763411,0.8026286,-1.4884523,-0.57618946,-0.36030516,1.7893863,2.0618436,-0.1388202,0.33005038
1.6637586,0.42727977,-0.029787488,0.8334165,0.11451264,-1.2201135,0.40939194,1.0836327,-0.7423359,-0.2197743,-1.4455777,-0.5989855,-0.35695088,-0.5369666,1.3561721,-1.2868423,-1.473109,-1.4654264,0.8525743,1.7462419,-0.81251913,0.1699987,-0.2654423,-1.4188776,0.8261706,3.036639,0.70260787,-1.3648889,-0.5956169,0.46073106,0.23428035,-0.8586643,-1.0549223,0.3293945,0.93630856,0.557799,0.59367067,0.040164217,-0.55012023,-0.3795663,-0.51213455,-0.1622683,1.2289542,-1.0070632,-0.5447689,-0.32533902,-0.3307223,0.14567474,-0.2205034,0.2775323
-0.039371837,-1.0195231,0.3371779,0.17739187,-0.6101525,-0.39893606,-1.9282409,-0.17562123,-1.1759542,1.1422064,-0.89222145,0.23317657,1.9044713,-0.20526601,-0.83355415,0.4999012,-1.0850128,0.3539356,-0.5751543,0.21569934,0.15957674,-0.9414047,0.6735117,0.9888108,-0.03564408,-0.1430893,0.45752993,-1.4521688,0.79820627,0.71120274,1.25535,-0.3352692,-1.6882378,-0.75263745,-1.1702167,-0.4531436,0.40390897,-0.19995435,-1.1496173,0.63879526,-0.55056614,-0.23724666,-0.10604036,-1.1053382,-0.288249,0.5055493,0.74587435,-0.077035174,-0.0020008262,1.0000939
0.6220463,1.3410689,-0.40680024,-0.917893,-0.3231323,-0.21070305,-0.48204154,-2.1374729,0.72064495,0.6720446,-0.7320094,-0.28942025,0.17607516,-0.30636376,0.42389143,-1.7353408,1.1820335,-0.064795114,-0.31632397,-0.024212232,0.56091017,-2.5522575,1.0804937,-0.41887018,1.7664988,0.9134331,-0.46911538,0.35982442,-2.047531,0.1961198,0.78245986,-1.7803822,0.5711168,-1.3469613,0.0045375833,-0.1362749,0.19736695,0.16016671,-1.8288062,1.1789255,0.5393393,-0.17242488,-0.75495124,-0.043008488,-0.13483335,-0.80468863,-1.7133377,0.33662263,1.1761767,-1.0644827
1.3164489,-1.2440594,0.9497612,-1.8693932,-1.64174,-0.48063546,2.0757504,0.05661809,0.30583048,-1.0987762,1.0648634,-0.12727904,0.6500723,-0.17050816,-0.33218643,0.5825728,0.08647401,0.038348295,-0.618239,-0.4469887,-0.6364699,-0.3102898,-0.6350875,-0.117477916,1.139703,-0.2889562,-0.57487655,2.786804,1.2824161,0.10466885,-0.7227913,1.4393657,-1.4447404,-0.89337957,0.70976937,0.6799064,-2.043489,-1.2780144,1.393145,-0.31789193,-0.74593043,0.52657,0.75690997,-0.22091682,-1.0991935,0.3464955,-0.5289283,0.034741044,-0.48518828,0.09413585
1.4188869,0.7966138,-0.27071324,1.7241119,-0.3542163,-0.14776644,-1.05611,-0.25794196,0.14148512,-1.3207464,-0.4208471,-0.933038,0.047272436,2.8750978,1.2135255,-0.6397267,0.056621935,-0.8813978,1.1263918,-0.31442893,-1.6186086,-1.2889062,1.4072134,-0.7424029,-1.7689029,0.67788506,-1.8262246,-1.5575513,1.4912823,-0.7286045,0.13381034,-0.14545482,0.056143552,-0.8047581,0.27676168,1.5045831,0.23467867,0.5245343,1.0870082,-1.1397547,0.0018929552,-1.5508128,-0.8364738,-0.8111171,1.258498,1.1674095,-0.794239,1.5997864,0.5668823,-0.8270177
-1.6505214,0.7321736,-0.32572183,1.3075529,-1.2780242,1.8393536,0.2046547,0.57365745,-0.6474621,0.17637146,0.51967204,-2.0447261,-0.0713428,-1.0499815,2.858256,0.39272988,-0.10500049,0.47700006,-0.30835548,-1.2538563,0.0057522464,1.271109,-0.836538,0.24551661,0.28001192,1.6708885,-0.041283682,1.0712694,0.16865171,0.09866904,0.58746135,0.3313455,-1.1801542,-0.70668924,0.18852757,0.11336872,-0.66068655,1.0414674,-1.1250571,-0.61580485,-0.4485246,0.78879195,-0.79985136,0.56733525,0.5279765,0.38185045,-0.4794816,-0.85038215,0.35020992,-0.4594634
-0.92510515,-1.3055508,-0.62692505,-0.5602665,-0.039330196,0.2882779,-0.60556847,-0.94004387,0.04623976,-0.21272095,-0.15638791,-1.2864882,-0.81455505,-0.20586148,-0.7287796,0.32345662,-0.9145446,-0.75972724,-1.4237329,-0.28845415,-0.47795835,-0.020431796,-0.11392487,-0.37350172,1.8477912,-0.53601277,0.54296744,0.36357412,0.29243076,0.07094953,-0.82100767,0.77694225,0.083982326,-0.3265456,-0.80292153,-0.39426574,-0.2115483,-0.88197184,-1.1837307,0.1168106,0.11446951,-1.3345488,0.75417745,2.5482328,0.55292934,-0.33447117,1.447596,0.34193298,-1.2166432,-0.15957561
0.6976724,-0.3685405,-1.6389945,0.7000904,0.8314641,-2.2404463,0.07063469,0.2707268,-0.7259384,0.63458616,-0.3967113,0.44297102,0.4361862,-1.349002,-0.74830383,-0.5974321,0.5671583,-0.9850453,0.68122494,1.9330115,0.5335856,1.0160043,-1.2005912,0.43586814,1.0169549,-1.3570555,0.98330486,-0.028672587,-1.271846,2.1183853,-0.47750765,1.3338807,-1.2112248,-0.4181039,-0.8620102,0.83216256,-1.2715862,1.7318046,0.5209929,0.78960866,-0.42363364,-0.04114804,0.7587593,-0.5917531,-0.763549,-0.809852,0.48332885,-0.32576331,0.6238051,2.2598424
-0.3756111,-1.1322489,-1.9105327,-0.22859125,-0.44434154,-0.42598557,-0.30441794,-0.82740116,0.9425399,0.35909915,0.5824895,-1.8191154,0.40944502,0.5180713,-1.180723,-0.3777587,0.5139587,-0.4558447,0.46942446,1.5589148,1.1386291,-0.37701514,0.08212501,-0.7885286,-0.9615404,0.49477097,-1.5778472,-1.1260353,1.0111272,-0.75131565,-0.11239995,0.12166075,-0.74884504,0.976437,0.8580435,-2.0565863,0.4536153,-0.3522624,-0.09039102,1.2434478,-0.68125683,0.2226349,-0.33571854,1.3420882,0.64980936,0.31735396,-0.2445689,0.15639359,0.6021964,1.1378753
1.0010171,0.84675425,-0.36202377,-1.3656085,0.3464411,1.0844958,1.9223446,-0.3298332,-2.5047193,1.1282504,0.23789704,1.3463312,0.6991685,-0.3495981,-0.42968893,1.1502472,-0.43190098,0.38992736,-0.4572114,0.5160357,1.580076,-0.24460322,-1.1355485,-0.27959597,-1.6734633,1.7708697,0.24841087,0.37683573,0.101246074,-0.5370984,-0.093873985,1.1328759,1.2993888,-0.6534106,0.08155285,-0.33507377,0.04335468,0.046779517,1.3020763,-0.55000883,1.3664372,0.26872766,-1.605944,-1.5119382,-0.8792069,-0.86643773,-0.059779864,-0.2853657,0.09398725,-0.20899652
-0.7491924,-0.7461788,-0.26079315,-0.9423018,0.09256167,0.4679345,-1.2395253,1.4721564,-0.7284211,0.056921653,-0.17752911,0.7464101,0.6363872,0.909092,0.6668531,-0.56233925,-0.38214582,-0.65343326,-0.1907062,0.24052766,1.0126873,0.072832175,-0.5895628,0.75532275,-0.64236873,-0.56418085,0.84369427,-0.13349804,-0.8386741,-0.5493448,0.6946215,-0.21676126,-0.09822519,1.7282906,-0.11584138,1.8613708,-1.2156463,-1.3206245,0.9798771,-0.33410525,2.1228108,-1.1543963,0.042459,0.23835753,-1.2674537,-0.26937753,0.22434333,-0.79896456,-0.33968085,-1.8271388
0.3615773,-2.1625946,-0.40366986,-0.20195274,1.3126566,1.3603947,0.60855657,-1.171794,-0.5814675,1.1818947,0.4066169,-0.30945113,-0.97080165,-0.7642226,-0.58737063,1.1540354,-0.31072316,0.9777157,0.4082683,-0.066300996,-0.515098,-0.28930956,0.2664447,0.46304336,0.4453864,0.11788183,-0.2389079,-0.14848104,0.61193454,0.4665995,0.59422475,-0.7411529,-0.53169054,0.62227774,-0.20697078,1.8120509,-0.9472673,-1.233158,-0.054972243,0.35485196,-0.47122765,0.4008027,1.3041466,0.369278,1.0796202,-1.3534378,1.43482,-0.051338,0.5356895,1.7089529
0.9784388,-0.41629243,0.48564035,-1.3883741,-1.1026233,-0.1044324,-1.1540045,-0.76645553,-1.5477898,-0.82192606,0.03555689,1.0093206,0.118379906,-1.2009013,0.8284314,-0.461617,1.7608241,1.4473132,-1.2085716,1.1098586,-0.767773,-0.34313893,-0.92111444,-1.3394136,-0.9544736,-0.5959777,0.6248429,-0.9684766,1.5693333,-0.40916044,0.23688503,0.41369095,-0.13916568,-0.44729665,0.21425149,-0.19319722,-0.38400164,2.104895,0.029208299,0.25679055,-1.833954,-1.4949151,-0.619952,-1.5746173,0.006073416,0.10135463,-0.080656834,1.0052887,-0.12041072,-1.502394
-0.95548564,0.5248557,0.24199429,-0.6024623,-0.18858913,0.21379241,-1.0424368,-0.022068558,1.9298447,-1.2561044,0.00896588,0.21381892,1.766593,0.6678489,0.08333691,0.72771734,0.24409018,-0.21768698,0.097551495,0.05210493,-0.076405466,0.3176904,0.6839175,-1.8701365,-2.4524388,-0.43797004,0.2429746,-0.5525005,0.1000077,0.9674608,-0.058378596,-0.4684211,-1.0318544,0.4579931,0.6768362,0.25209582,-1.24692,1.0007833,-0.122051984,1.1436647,0.49454746,0.043064173,-0.06899083,0.14650919,-0.951302,-0.092631884,-2.4197702,-0.2554352,-0.13115749,0.020289121
-0.39590383,-0.34770253,0.61991936,0.31517595,0.8084537,0.013759617,-0.25421485,-2.1731856,-1.2116934,-0.25665784,-1.5093553,0.814525,-1.3201517,-0.65067005,0.20351256,0.8702839,-0.42207557,0.6862294,-0.047006007,0.2656223,-2.2779372,-0.026140755,0.6913449,0.6136737,0.37020478,0.7913439,-0.47129822,0.17846043,0.8991845,-0.9446082,1.4118382,0.9157438,0.70934016,-1.0350499,0.01844479,2.0544546,0.60502964,0.41357705,-0.7393547,1.0535396,1.1184882,-0.32092422,-2.0670073,-0.9635697,0.9610297,0.8014051,-1.0039808,0.44129777,1.7778617,0.5633787
-1.0649558,1.1688939,-1.5993948,-0.04731842,-1.3839976,0.20326895,0.47830677,-0.23274276,2.6623306,0.2536609,1.0663143,-1.2819965,0.53922737,-0.55036664,-0.27250975,-0.8930266,-1.0316496,0.61908895,2.2091537,1.2300981,0.8756254,0.4862124,0.15196057,0.81339645,1.0403929,-0.3546992,-0.5580566,-0.51845425,-0.6723962,0.74375135,1.0757706,0.013887299,-0.4018568,1.0262561,-0.9096681,-0.963191,1.3150163,0.9455009,-0.045114223,1.0100186,-1.0138992,0.48886475,-2.1212375,-0.088247545,-0.5784617,0.6927519,2.5324073,-0.87532365,0.77922016,-1.0538273
0.12402457,-0.8961154,0.17282115,-0.71629375,-1.2243576,-0.6793453,-0.5478829,0.08415266,-1.1584879,-0.0030104024,0.089309126,-0.6001053,-0.6974254,1.2241787,0.29337838,2.1264014,0.50244147,0.5285987,-0.7793621,0.8793186,0.27205962,-1.979848,-0.466164,-0.32533348,-1.3043116,-0.89239806,1.2211096,-0.780906,0.9242847,-0.44299126,-0.6060023,-0.63306093,-0.34456348,-0.03848755,-1.1986808,-0.3739199,-0.7749093,-0.93351346,-0.6931947,-0.2733894,-1.391557,-0.68737644,0.15497881,0.28581348,-1.0546216,0.13306345,0.53225636,0.58212435,0.46361205,0.6317127
0.36325476,0.17091534,-0.60621375,-0.82598513,-0.63076067,-0.93855727,-1.0025707,-0.7667889,0.066772155,0.91317225,-1.500773,-0.14013465,-0.48542088,1.0465581,-0.5038315,-0.34141156,-1.6412643,0.27266318,0.19838133,0.5576996,0.7270353,-0.86722726,-2.442618,-0.61512214,-0.29762238,-1.2242218,-0.69688886,-0.7351613,-0.56972724,-1.0575022,0.051566888,0.52039814,-1.7219048,1.3951328,0.76142347,0.5925149,0.010190481,0.46462896,0.69515425,-1.1839169,-2.0297117,0.8194247,1.0845172,0.12157314,-0.21520482,1.5373044,-0.7412384,0.57387775,-0.7699638,0.807039
-0.62963384,-0.8946999,0.45478305,-0.4886156,1.0811703,-0.33966622,1.2747074,0.34954044,-2.2674274,0.18116282,-0.06633339,-1.5208141,-1.5528512,0.06371925,1.2445887,1.0149693,-0.260387,-0.1208465,0.23704112,1.7206855,-0.23636281,0.6471866,0.25599757,-1.0606421,0.34633845,0.16809215,0.18118037,-0.128144,0.4812134,1.4038589,-0.6563742,-0.2928011,-0.43683153,0.2718979,-0.47174388,-1.0227863,2.169423,-0.45142508,-0.35583922,-0.76332414,-1.6007903,-0.21186423,-1.3975788,-0.22307275,-0.059508115,-0.20760697,-0.022278683,1.0543983,-2.2980442,-0.34456012
-1.6220169,-0.15129732,0.23329958,0.58308184,0.12118058,0.8509384,0.7607162,0.49598923,-1.6154982,-1.0756444,-1.193085,-0.25743327,0.030081313,0.09347554,-0.07243624,1.5156424,0.08517851,0.8349559,0.55183595,1.4348917,0.393462,0.49865833,0.25693348,-0.0543952,-0.18082589,-1.1441723,0.020837223,-1.2699766,0.8651542,-0.09727008,-0.093343325,-1.9057894,-0.5327211,-0.84212106,-1.0244213,-1.0330046,-0.11757061,0.8943164,-1.7602848,-0.9445529,2.1523435,0.91363287,-0.24751005,-0.231434,0.20711246,1.8814396,0.95828766,0.16336866,-2.1611862,0.5287188
-0.6834866,1.8935007,1.1130676,1.094821,-1.4700959,-0.5117793,-1.0767224,0.14717501,1.0193969,0.78696483,-0.5378811,-2.6211195,0.68967974,-0.78232944,0.3581924,-0.5042094,-2.2435062,0.97868574,0.1405781,0.56207746,0.19532594,0.38961077,-1.0441124,0.4461659,-2.6601665,0.012241906,0.31631178,-0.8345062,0.29967058,0.41732606,1.0883752,0.22742076,0.8369561,1.4613878,0.5802057,1.951654,-0.3749867,-0.8241005,-1.1362782,1.6402565,0.7276979,-0.23581323,-0.115559995,0.055206455,0.80222565,1.5061178,-0.0045493944,-1.1855669,-0.007821002,-0.18574087
0.5192939,0.85927534,-0.52617437,0.8047372,-0.2033602,-0.8546836,2.3424573,0.7435366,0.47447482,-0.8903658,0.72668904,-0.52793795,0.80325186,1.3212496,-0.28520703,-0.0963351,-0.31534806,0.6580963,-1.0333569,0.7243418,-0.5203917,0.053482857,-0.3364113,-1.0036514,-0.021748645,0.38038486,-0.014962634,1.8070947,-0.91235024,0.553594,-1.0661329,-1.6322318,-0.15691741,0.96537733,1.1851205,-0.15955497,1.0017713,-0.18691644,-0.4335229,0.6171008,0.18848498,0.54905695,0.52113163,-0.57616794,-1.3180273,1.3885015,0.063469484,-0.15090649,0.28993973,-1.1836846
0.12551329,0.3738894,0.75429463,-1.7369244,0.16066591,1.8552365,-1.7059337,-0.4849002,-0.38086078,0.5099747,-0.52230364,-0.8228842,-0.89377105,-0.73281467,0.841403,1.2296244,0.818462,1.0611991,0.20410006,0.090605974,0.5898844,0.73311985,-1.641849,-0.07797541,0.58002627,-0.27046242,0.3376569,1.2818791,0.43579555,-0.040189933,0.50999063,-1.4111514,0.00905567,-0.8755205,-0.47133073,0.04621776,0.4424048,-0.34483242,-0.34384194,1.1874537,-1.4678116,-1.2319485,-1.0281727,1.6260127,-0.7742147,1.373662,-2.321064,0.28470483,-0.15639934,-0.50773025
0.8445034,0.2050635,-0.47950312,-0.7212241,-1.3430858,0.71097434,1.0654346,-1.7942405,0.11685771,-0.4338702,0.053711317,0.06476185,-0.22170973,-1.9180679,-0.62463737,0.37999448,-0.97129965,-0.5607021,1.2858378,-0.7302975,0.42209706,0.61419934,0.8442148,0.96633065,-1.3174827,1.557853,0.25577122,1.0951557,-0.9769963,0.37992248,-0.93877745,-0.38041976,0.4801408,-0.07274314,1.8156952,0.1456432,0.049968023,-1.2496088,-1.9349761,0.8601036,0.6929063,-0.13321336,-1.3361843,0.25164196,-1.9668499,1.7445124,-0.22842157,0.49543047,-0.38952273,0.056326807
-0.8140436,-0.33089754,-1.1529607,-2.0797794,-0.18114811,-0.2727146,-0.17881697,0.17886724,-0.41613305,0.17325963,0.8989304,0.3134341,-1.3662848,0.27702138,0.93803847,-0.76219386,-0.6833751,0.54797167,0.3125456,1.8042207,-0.19118178,-0.47168446,0.13360682,-0.4934325,1.0636505,0.48717332,1.7699529,2.0679955,-0.19456097,0.20466506,-0.03614058,1.1677158,-0.4315725,-1.6006808,0.33404672,-0.32974708,0.798497,0.60434145,1.8357191,0.59686595,1.5050349,-1.7615958,0.73719066,-0.32287076,1.4160168,0.7359404,-0.055540472,1.6485384,0.17528012,-0.9049546
1.280993,1.92358,0.13145074,-1.0112072,-0.007134264,0.7063314,-0.11361793,1.5745159,-0.031392097,-0.8451114,-0.6692777,-0.18412396,0.053671718,0.4554055,1.3634602,-0.5581686,-0.33347413,0.577532,-1.3306699,0.64773965,0.42060316,-0.40007362,-1.2466878,-2.605741,1.3164742,0.63269085,1.1942654,-0.84393126,1.548389,-0.21414423,0.32046464,-0.9843668,-0.04492439,-0.84009016,0.5151378,0.81459594,-1.4481301,2.5611749,0.94213915,-1.6571304,-0.7056477,-1.1167814,0.37050685,0.18589266,0.57988244,-0.35326603,-1.1762314,0.5989297,-2.3900967,-0.91678494
-0.011958394,-0.71163654,0.18309851,-0.44309637,-0.97605354,-1.3441508,-1.418703,-0.62718976,1.1064297,-0.31481618,0.09957201,0.2216683,-1.3293823,1.7027502,-1.7942998,0.12222634,0.26672888,0.5122613,0.8645317,0.61888134,-1.651759,2.0950282,1.4515384,-1.0217223,-0.41128412,1.0648651,0.03018378,-1.1000493,-0.09822528,0.10734937,-1.22467,0.21377279,-1.4974664,-1.4656568,-0.13689935,-0.8565878,-0.4378649,-0.47738928,-1.3341686,-2.1495724,0.41990253,-0.5577085,-1.2710586,1.5711473,-2.0862226,-1.6545937,-2.1516125,2.2274225,0.22594479,-0.6344821
0.24517421,0.8699183,0.37885225,0.1760511,-2.2524486,-0.8171912,-0.10823192,0.98624134,2.0285509,0.7473006,0.37310007,-1.0214211,-1.0220797,0.525874,0.18715325,0.16147953,-0.0054238266,-1.1424116,0.40090358,0.7800903,0.22515096,-0.6982573,-0.47240326,-0.5240664,1.6573304,0.43991095,1.0844097,-0.68381286,-0.70408595,1.2056136,0.86709803,-2.2232306,0.26542756,0.4186352,0.44576448,2.2026474,-1.372484,-2.460785,0.17081851,0.38331702,-0.8660794,-1.561538,-0.8293444,1.3835876,-1.7516692,-1.582963,-0.045682207,-0.7832803,0.13059032,1.7510957
-0.90988475,-1.3518964,0.18649386,1.566493,-1.0929655,-0.63103193,0.7598915,0.09299947,0.55741006,0.49703318,0.50373745,-0.27262235,0.67524236,1.1223152,-0.0776855,0.84058833,0.039103802,-1.0574872,-1.6870111,1.0334296,0.32356936,-1.3686295,1.8604091,-1.021875,-1.2893211,0.21165465,1.0341034,-0.37562788,-0.38600966,0.35633332,0.6994073,-0.007988745,-1.0806586,0.6284272,0.8965717,-0.22128657,-0.17526537,-0.54562855,0.215042,0.91890484,-0.056860857,0.6635635,0.2835858,-1.3692814,2.0906954,-0.40554628,1.0800385,0.5800183,0.299917,0.11234302
-1.0911349,1.0524744,2.1653373,-0.15928003,0.50314206,1.5478973,-0.852136,-0.7344471,-1.364733,-0.6287276,0.4546268,0.14635877,1.2686203,-1.6229639,1.1668441,-0.4497776,-0.6444186,-0.9929315,-1.7882926,-0.36859006,-1.3243164,-2.1585526,1.4344538,1.1298732,0.58343786,0.15768734,0.37638775,-0.792518,-1.1533667,0.31947166,0.9386447,0.25376418,-2.0060532,-0.04153497,0.22508273,-0.4567848,-0.25538275,0.9895863,-0.017941702,-0.1990233,-1.0039788,0.21740545,-1.2545339,0.39595604,0.037677284,-0.5734105,0.6321109,0.6755037,0.6469898,-0.53003454
0.9187124,1.248099,1.0976233,0.26927924,0.27373213,0.38146403,-0.83576673,-0.5549247,-0.007006758,-1.0768238,-0.29244313,0.12934268,1.3278828,-0.08559877,-1.7789862,-0.2202549,1.3795955,0.5686014,-1.7549677,0.55783534,-0.59408253,-0.9267148,0.7495747,0.9153492,0.65075237,-0.026855828,-2.1002927,-0.45827046,1.364687,-0.61737794,-1.8612607,-2.0231864,0.89783204,0.82524157,0.15857115,-0.100732945,-1.125169,-1.3925217,0.92760557,-0.19896033,-0.07438834,0.6854251,0.1247548,0.044223364,0.56342983,0.012692194,-1.0748264,0.2553826,0.52361,0.95625424
0.032643728,1.1693661,-0.32954678,1.5654913,0.91878325,-0.9023508,1.7315016,0.92223823,0.035562113,-0.5114281,-1.9206737,1.6353257,-0.12646395,-0.21881752,1.9346135,-0.4196177,-0.6599666,0.9220493,-0.5513341,-0.9621733,0.022662265,0.60117036,0.9996192,0.07529501,-1.1357989,-0.17021781,1.7702918,0.7548949,-0.9065149,-0.15819503,0.7598209,0.17661914,1.4782677,-1.2321284,0.16375941,-1.7509124,-0.50446343,-0.6581375,0.06842731,-2.569124,-0.15590991,-0.69214207,1.0744418,-0.042992637,0.7442535,-1.2033613,-1.5792228,-2.0601354,-0.22835402,0.21449235
-0.55763716,-0.91100365,1.6847137,-0.69677377,-1.6658453,-0.29697385,0.57816106,-1.1266497,0.59599656,1.0527323,0.20269075,1.5294865,0.42270792,1.9559702,-0.18777874,-1.3601812,-0.4573549,-1.2066313,-0.32355347,-0.7783221,-0.019616742,-0.30447736,-0.19439888,-2.137156,1.5491719,1.0345616,1.8599167,1.2253709,0.86406785,0.14279379,0.007051647,2.1366267,-0.7442357,0.15666711,-1.1203738,0.043193266,-0.28576803,1.6802604,0.45513856,-1.0284969,-1.4109,-1.0974071,-1.6797163,0.80225104,0.50578123,0.32966924,-1.8900508,-0.6139131,0.4349979,-0.15474708
0.9305528,0.6609586,-1.6878277,1.0425816,0.6083917,1.1612666,-0.88940585,0.68092906,-1.1640915,0.27907252,-0.43685877,-0.55110514,0.45961738,-0.8176106,-0.78658,-0.97471035,2.26647,-0.20041513,-0.7796254,0.31200042,-1.8473912,-0.23254283,-0.12976815,-0.82139385,-2.5312521,-0.031389803,0.28617513,-0.6603257,-0.7081876,1.1957921,-1.2762874,1.7250239,-0.34680393,0.6818393,-0.41234434,0.4577611,0.27457148,0.48033538,0.7067303,0.8748783,0.12865019,0.49644667,1.809411,0.65068686,-1.1850889,-0.30163726,1.2330245,-0.4150035,-0.010376131,0.092388645
-0.15941255,1.8512354,-1.8204726,-1.9741026,2.2179158,0.6480311,-1.1268492,-2.2412589,2.2282996,-0.3802032,0.0032124685,1.0969173,0.5196467,-0.21830617,0.49823603,0.086421,1.6586828,-0.28774998,0.7667077,0.39238906,-0.9542155,1.0362425,-1.9655777,-1.0820894,1.3533963,-0.55708843,-0.31856737,-1.2689891,2.1830125,-0.9125316,-0.43280575,0.8666905,0.35466212,-0.5104674,-0.0066749365,-0.9136958,-0.6726382,-1.5501736,-0.9983111,0.48090684,0.89210176,-1.3258969,-1.5904055,0.7811482,0.68233836,0.20044197,0.5115112,0.20504798,0.3073634,-0.6714786
-0.20740189,0.8774231,0.8341759,0.1989478,-0.60233015,-1.438651,1.5058533,-1.0246971,1.1837736,-0.89402914,-1.4909061,-0.9901525,-2.192058,-0.15819034,0.66336775,1.2717649,-1.3692898,-0.511272,-0.69291395,0.49739045,-0.9562911,0.65596145,1.3276501,-0.22538082,1.0827311,-0.8780185,1.6468045,-1.1486644,0.5186935,-2.5227363,1.0424095,0.6642639,-0.59997684,-0.57772076,-0.9548085,-0.0048093707,-0.13483225,0.3366222,-1.0922648,0.11181492,1.374755,-0.05522736,-0.50151217,-0.5808185,0.5042099,-0.6231706,-0.23015657,-0.96747595,1.2809707,-0.06112919
0.21661973,-0.6113827,-1.051533,1.2341611,-0.5079862,-1.1617533,0.57195973,1.2195575,-0.28981856,-1.3583956,0.9215377,0.35913974,0.11617306,1.2728996,-0.9778784,0.7590592,-0.45395643,0.14698274,1.199694,0.091802865,-1.3360885,-0.7206691,0.7011898,-0.12156074,0.15744059,0.08564884,-0.25211233,-1.4483078,0.73986745,0.2759614,1.0360337,-0.7170471,0.9277715,-1.7316215,-0.17716573,0.7807425,-0.9301408,-1.8100042,-1.7461833,-0.20085941,-0.8362345,1.2318785,0.5464225,-0.42731652,-0.55363464,-0.02639898,-0.53652304,-1.1815871,-1.7566036,-0.5063743
1.077914,1.0617313,0.20889752,0.65549964,0.58880186,-0.18064909,-0.46870595,0.6566503,-1.0264419,2.4844925,-0.16524163,0.34098625,1.9634407,0.05917425,0.23107259,0.19627444,2.043566,-0.28911898,-1.5019522,0.7806078,-0.026975457,0.87330115,1.42152,-0.9580149,-0.43276665,-1.777927,-1.3438213,-1.0430129,0.6487506,1.0272734,0.9137519,0.29516622,-0.7129512,2.7675903,0.48444837,0.04306792,-0.1549505,-1.2086744,-1.498869,0.6180168,0.19037992,-0.62829804,1.0704849,-0.28951675,-0.7360384,-1.2480311,-0.015717933,1.0844171,-1.3712695,-0.60028774
0.36167395,-0.33228746,-0.80221355,-1.0557449,-0.06028936,-0.6500506,-0.23251192,-0.7187768,1.1450007,-1.3978202,2.580703,-0.19228129,-0.21150726,-0.3070627,0.11762169,0.2558172,0.092090756,1.0630955,0.213861,-0.014719728,-0.10255592,-0.5772375,0.020804415,0.20341645,1.2264328,0.9426799,-0.80263615,-0.023299241,0.44882593,-0.5014708,-1.5827255,-2.1628444,-0.7023004,-0.19784221,-1.2408823,-0.75645596,0.43423474,-0.15271752,-1.1093446,-0.5341862,0.30899084,-0.011141215,1.3139099,0.59686714,-0.032262456,-0.023375949,-2.155922,-0.17015462,-0.91970277,0.121017195
0.61039215,1.8023894,0.65622234,1.7148802,0.048667382,0.04888323,1.4699194,0.35653898,0.24361111,-0.640535,-0.41456974,-0.63392395,-0.54244566,0.1447413,-1.3810589,-0.333487,-1.8854662,0.2789343,-0.42155948,0.81860316,0.44403315,-0.95028836,-1.5175661,-1.2526417,0.9397927,0.030206086,-0.32740313,-0.34496713,-0.5213793,-0.16657005,-2.090793,0.4217609,1.5403013,0.9366388,-1.0233765,-0.041437935,0.10813151,-1.259809,-0.19027387,-1.5215789,0.3642245,0.92433757,2.0786726,-0.2257676,1.0811111,-0.1901537,0.68481886,-1.6647056,-0.44061014,-0.826949
0.6518406,-0.3289668,0.24577709,-0.08606168,-0.28124508,0.30359367,-0.7037239,0.25884613,1.064059,0.06569978,-1.0934101,0.7032317,0.37065646,0.16593045,-0.6672963,0.21921147,0.81822884,0.9258443,-0.30432722,1.01148,0.16564126,-0.13052006,0.6683114,-3.1501942,0.46494198,0.5824743,-0.6447936,0.579792,-0.70915455,1.017347,-0.23341855,-1.4378204,0.52273875,-0.12488682,0.5005886,-1.5979866,0.1548365,0.47998187,-0.6887798,2.636059,-0.40733483,-0.20141463,1.5375109,-0.60389423,-0.026313595,1.7001052,0.4286384,0.9170224,2.4706204,-1.1673948
0.29336846,-1.1340104,0.7962009,-0.9296463,-0.057622507,0.736412,-0.2512885,-0.54325557,-0.31640822,-0.32688946,1.6634904,0.8319458,-0.81999296,-0.30822966,-1.9891936,-1.6876247,1.3366252,0.6850319,2.741539,-0.046977684,0.6030635,-0.63975596,-0.59540886,1.2503417,-1.3591641,-1.3462883,-0.6460819,0.23554851,-0.56094325,-1.5568485,-0.93432474,1.6181284,-1.6324117,-1.0632185,-1.9575847,1.3833619,-0.17327744,1.3229237,1.0930872,-0.38801,0.84422857,1.4469244,0.44652608,-0.3797805,2.0433354,0.026563779,1.2059815,1.0940223,-0.70706034,1.533197
2.0162044,-2.0069456,0.43367547,-0.39651614,0.33245233,-2.0098045,-0.80607903,0.16376947,-0.81629825,-2.557337,0.31866848,-1.1245848,-1.5060749,0.7198754,-0.29354763,-1.2843969,0.82325166,-0.003242752,2.0707955,-1.5558404,0.24184604,-0.34449524,0.08412863,-1.1510758,-0.15047091,0.03420913,-0.39039564,0.42329663,-1.5154784,-0.4147589,0.019451803,-1.6313648,-0.50620157,1.2290473,0.3809339,0.3192585,0.6269093,1.5104355,-0.88421357,-0.07772187,-0.0974342,-0.010979251,-1.2329326,-0.35331094,-1.6606638,-0.947855,0.6468753,-0.023205837,-0.13059299,0.7102562
0.23694563,-0.8964755,1.514279,-0.12454765,-0.7339674,-0.2622365,-0.40399653,1.5709256,-0.09561776,-0.85114104,-1.0934218,0.45679772,-0.090052746,1.1657482,-0.25706932,-1.8336381,-1.3193222,0.93364614,0.9674901,1.4213027,-0.009248367,1.0286906,1.7864494,1.0354366,0.060448997,0.987197,1.5049556,-1.0555309,-1.6740931,-0.0288807,-0.87125486,1.189342,-0.0064846394,0.39696744,-0.6947448,-1.2949513,-0.13367051,0.32133326,0.96755916,1.9431112,0.77764386,0.2640868,1.3778332,1.3190455,0.18772852,1.1026124,-0.3647042,0.3567176,0.53700906,-0.38670722
-0.47747487,-0.23338555,-1.1808518,-1.1774437,-1.1493793,-0.726884,-0.16875333,0.1736462,-1.3122988,0.80903995,-0.025896855,0.1863206,-1.7161771,1.2653254,0.2235746,1.35465,2.7802646,-0.570647,1.0237547,0.7989647,-2.3854246,0.665289,-1.4519329,-0.2017602,-0.68544567,1.5328918,0.022619212,0.0907627,-0.51254493,2.035841,1.1922793,-0.1117281,0.22895093,1.3043998,-0.53069216,-0.49114951,-1.3845302,0.14999747,0.35667178,-1.1487631,-1.5902783,1.288089,0.81508815,-1.3453109,0.46503633,-0.3294318,1.0493946,-0.8837931,1.4031621,-1.3631779
1.3919939,0.83967865,0.43952575,0.99827677,0.11181918,-0.016803036,2.0346212,0.2507726,-0.74372417,-0.38715774,0.14235003,0.5380001,0.48114103,1.1418749,-0.09827621,-0.04472301,1.2525126,-0.46660686,0.9847081,1.4049858,-1.3900812,0.7877279,0.2265854,0.14347298,0.6567109,1.5231615,1.1286162,-1.3510516,1.5793968,1.2807064,0.4806924,-0.085052505,-0.6471222,-0.9326441,0.44784737,-0.47070137,-0.65136963,-1.2106104,-0.5706068,1.0500941,-0.21971285,0.15515774,-0.046042766,-1.2719836,-1.7635251,0.75732833,1.0507357,-0.92723143,0.7396406,-1.1465567
0.3261957,1.9536376,-0.5820811,1.0949073,0.26982734,0.056233235,1.2340522,0.6554206,2.1249862,1.7670101,0.23535621,-0.30892226,0.5943249,0.60290915,-1.2944624,-0.6305743,2.0464466,0.90711653,-0.74500537,-0.39642924,0.49741092,-0.61032134,-0.14192563,0.61917114,-0.8837625,-1.3919338,-1.0565138,-0.27672827,0.59372747,-1.0148638,1.1944314,-0.19692771,1.5212294,0.3488413,0.41072777,-0.8031565,0.7135956,-0.2392472,-0.043928817,-1.3525399,-0.5907399,-2.021912,-0.7838419,-0.1993074,-1.1022638,-0.63792783,-0.40441248,0.12122678,-1.024555,-0.40038776
-0.28308457,-0.49575508,1.323094,0.26865575,-0.6933361,1.2931676,-0.4600869,1.827528,-0.7503413,-0.8957374,0.012290386,-1.205546,-0.7713934,-0.05176751,-0.083784565,-1.2336452,-0.16302934,-0.76262,0.58606756,-1.0552546,-1.2772267,0.47719282,1.150069,-0.38890082,0.0895263,-0.44588795,1.1692288,-0.32119963,0.49603713,0.05259512,-0.15771602,0.9785842,-0.96579,-0.55359846,0.15854834,0.6727896,-0.64012194,-0.3395278,-1.5178127,-0.44337618,0.87664264,1.2565916,0.16980582,-0.41776544,1.0373739,2.298713,-1.7475927,-0.08520375,0.5643725,0.62989557
-1.3196415,-0.09814694,1.1348451,-0.31610352,0.40373203,0.55612844,0.17642123,1.2603816,-0.26942888,-0.14203064,0.00096672506,-2.5617092,0.90675324,-0.92659247,-0.29818773,-0.0019431358,-0.32768744,-0.3000649,-0.21448526,-0.3974192,-0.37703958,0.27692348,1.3644406,-0.058298975,-0.30013818,-1.1263771,-1.2722958,-1.0867321,-0.9070185,1.3569685,-0.8380927,0.38684216,0.10507792,1.0476573,-0.9671334,-0.12702559,-0.4114475,0.6833145,-0.5832955,-0.46570644,-0.23944443,-0.57194495,-0.5728677,0.7431934,0.51308423,0.7508541,-0.08260079,0.81697696,0.48724678,0.41648796
-0.69397146,0.38537863,1.2667062,0.6953528,-0.21627872,-0.9735653,0.60023344,0.10807782,0.03942414,1.3709136,0.05459355,1.0023782,-0.3289573,0.74398434,-1.1541572,1.7858149,-1.1731222,-1.7780064,-0.4117962,-1.1651679,1.6447804,0.44062427,0.41968158,-1.0355259,-0.47483435,-0.80710196,-0.59670794,0.7123843,1.3971406,0.5077027,2.5738657,-1.0408479,0.09310425,0.32089475,-0.5808109,1.2014796,0.7137638,-0.09715606,1.7701185,-0.11011577,-0.68477577,-1.0115472,-1.2965852,-1.1531806,1.6393633,2.186887,1.105968,0.54079646,1.3617461,1.4042149
0.47083223,-1.2372031,0.36437652,-0.4618051,-1.900987,-1.5492289,1.3388745,1.9208747,-1.5609157,-1.628921,1.2051177,0.1680338,-2.7221014,-0.564172,0.3894699,-0.37720773,-0.7303982,1.6164547,0.91499907,0.79636663,0.36990148,0.29764172,0.8168245,-2.4947097,-1.0979327,-1.2193203,0.046718773,-0.57131535,-1.3871803,0.15455264,1.3429968,0.4446105,-1.0260042,0.74485576,-0.084728345,-0.0821183,-0.83525896,-0.01038989,-0.8464145,-0.49731526,-0.21324521,1.1887419,-0.052568976,-0.6810252,1.1278472,-1.614719,-1.0941799,0.7255238,-0.00328191,-1.2489774
-0.56902015,-0.7844736,-1.1151695,-0.04803249,0.7796687,0.37139374,-1.682975,0.7206618,-0.10179618,-1.7838098,0.7059332,1.0304112,1.2411348,-1.9591391,0.107321754,0.4834206,1.239246,-0.069006085,-0.872604,-0.44314548,1.8839992,-1.0410452,1.0038487,-1.1728891,-0.5689525,-0.28327635,-1.3267007,-0.644654,0.47859058,-0.025970101,0.8870574,2.3922195,0.78847,-0.5052501,-1.4003506,1.0744003,-1.0326573,-0.7520404,-0.16659877,2.2526426,0.34119973,-0.1337167,-1.7115214,-0.82653683,0.18446298,1.0961276,-0.4119927,-0.93024075,-0.15495554,1.1910473
1.0232252,1.1582323,-0.033856504,0.67829317,-1.0421166,0.61600786,0.22530144,-0.7925202,-1.2887299,0.44065237,0.2843899,0.49297446,0.15073046,-0.20547485,1.3640158,1.0427902,-0.34161532,0.56078833,1.3514678,-1.6091455,-1.5319755,-0.54394454,0.12587756,-1.1265045,0.14406483,0.66768533,-0.4014634,-0.1606581,1.8178809,-1.4071796,-0.3034317,-0.6748476,0.35093573,2.4517307,-0.86690325,0.5586648,0.23446812,-0.8830618,-0.90873647,0.5782769,-0.72316194,-1.8001806,0.8303203,-0.7136298,0.62670916,1.0330796,0.112941444,1.4608384,0.20390812,-0.15058605
-0.12357672,1.3638207,-0.20353578,0.0110416245,-0.4392745,-0.12964942,0.948718,0.8471987,0.20615628,-0.3106968,-0.2613203,-1.2208469,-0.17788446,-0.2907199,0.20443782,0.67707825,-0.6065052,0.55403984,0.63170755,-1.3990277,0.38498858,0.07133392,0.86412555,0.5016859,0.33395332,2.4984698,-0.56455475,-0.060411636,-0.5865822,-0.4147736,0.5754736,1.1412408,-0.0020216238,0.21116114,-0.3692309,0.112325296,-0.93545574,-0.16255435,0.56968707,-0.9311433,1.1982869,-0.12405412,2.1912365,1.2493554,1.6215284,-1.0918168,-1.5583742,0.6377461,-0.90442157,0.6654178
-1.4044633,0.63336927,0.7091057,-0.40902182,1.1801465,0.027645878,0.6211409,0.37015688,1.3758144,0.21560903,0.3388616,0.27742347,-0.79789245,0.4826453,0.6805043,-0.91685736,-0.35417813,-0.6469013,-1.504384,0.64232993,0.6785534,-1.3697958,0.8474741,-0.0026624505,-0.45306286,0.4033257,0.028254988,0.5365845,0.65408516,-1.0897188,-0.05066866,-0.552654,1.3677111,-0.7261156,-1.0220742,0.08169885,0.6187493,-0.83423334,-0.2549611,-0.053790353,-1.0721914,0.094460964,-0.022596499,-0.021887856,0.69322675,0.6367827,-1.7632986,0.43062118,1.0162932,-0.14391021
-1.1693466,0.0894149,1.7870578,1.8913339,-0.3243492,1.8648133,1.063382,-1.1834787,1.5001682,0.3939328,0.29603466,0.8380199,-2.3426795,1.265071,0.43414658,0.73366106,-0.30577993,-0.60254353,0.6651525,0.5976238,-1.097188,-0.49333367,-0.4277617,-0.56742686,0.6869921,-0.26557598,1.4975626,0.104746535,-0.6495245,-0.3804636,1.3240839,0.65918076,0.38437518,0.16543676,0.49816912,1.4751266,-0.67173153,1.6524404,-0.5506123,-0.5116891,-0.50804085,0.89545166,-0.30892205,-0.8288719,-0.4607571,0.18815263,0.013904006,-0.46662626,0.27629724,0.17552534
-1.4004872,-1.4653571,-0.52506816,-0.16503808,0.026802594,0.63206434,0.104721755,1.2369151,-2.0819385,-1.9351312,1.050908,1.2296556,-1.8651357,-1.762473,-0.9703993,0.7259235,0.10174942,0.066543445,0.2602766,1.244616,0.6171318,1.4118749,1.2440913,0.04833937,-0.020513501,-1.0853206,0.8398812,-0.82926154,-2.0133202,2.5304008,-0.72551864,-1.638813,-1.577522,1.7660738,-0.29081988,0.04718995,-0.78233606,1.275669,1.3825617,0.66298413,0.07503355,-0.9121404,0.70008254,-0.29357818,0.026720101,1.3040167,-0.13961148,-0.72236866,0.34376276,-0.52364784
-0.11695108,-0.026747674,0.47635916,-0.71198434,-2.0199687,0.26158065,2.7190413,-0.4283785,0.5549931,0.82863444,0.39138252,0.6879047,-0.32679698,-0.53603387,0.99621814,-0.7825874,-0.87045866,-0.69102573,0.96483946,1.3022128,0.45456436,0.29864627,0.7523567,-1.5648651,-0.8396398,1.8711412,-0.27855596,0.687647,1.4942691,-2.0204856,-0.80645365,0.41034314,-0.28167516,1.9604976,-0.18495148,0.5708461,1.292105,-0.5494119,0.4413257,0.3986781,0.766813,1.845081,0.47949815,-0.8170352,-1.3562912,-0.45262614,0.7110804,-1.4644407,1.209469,0.47302336
0.9109847,1.2530484,-0.59256744,0.111292206,-0.64492565,0.785186,0.6045331,0.12659147,-0.87571305,1.0450635,0.7354042,-0.40743,1.0565655,-0.25827816,0.4645491,-1.0174195,-3.142431,-0.06044092,-1.4715226,0.05074923,2.8981555,-0.9086112,0.31651148,1.0919509,-1.0075793,0.8446442,0.12308534,0.3292377,0.20210107,0.74076545,2.5828154,1.8920233,-1.1876409,-0.5682368,-0.47395667,0.39901355,-0.06324907,-0.5656174,-0.44921592,0.50063944,-0.7117662,-1.4074389,-1.1428425,0.09806517,1.5606002,-0.5663123,0.054062873,0.53547454,-1.1972685,0.44179803
0.6194822,1.6932641,-0.8110295,-0.22840601,-0.7706127,2.1271217,0.010420554,-1.0021294,-0.079070605,-0.517877,0.9446402,1.4912282,-0.8532875,1.1200436,-1.0423044,0.14142562,0.07630576,-0.10717811,-2.2794242,-0.14619145,-0.23324595,-0.595638,1.9828211,-1.0044472,0.77567863,0.34409657,0.28333414,1.1154892,1.2339237,-0.4628505,2.752711,-0.022698559,-0.4204565,0.84377694,1.3136802,0.7897052,-0.0956136,-0.5695429,0.33342773,0.6826001,0.02129626,-2.2129622,-1.0411444,-0.6744095,-0.7358191,0.74596804,0.04613658,0.02170274,0.1815135,0.64428574
-2.3148592,0.28761774,0.63978255,0.5073785,0.61693656,1.4074352,-0.9480835,-0.33211216,-0.006707932,-0.2049899,1.5854664,1.8678601,-1.4542617,1.9200957,0.5071067,1.6358001,-0.8669324,-1.0559131,1.0927188,0.35502532,-0.29939225,0.39104307,0.6802656,2.4383383,0.988048,0.052513137,0.37817073,-0.9851103,1.9232469,-0.007835422,0.085753396,-0.36582312,-1.3491297,-1.1651855,1.245026,0.56774676,-0.75440025,-0.91202456,0.26192296,1.138032,-0.9621565,-0.24076624,0.4669848,-0.6973309,-1.1630764,0.1497918,-0.28383613,0.8956909,2.1470988,1.1120017
-0.8780944,-0.43191528,3.0175824,0.15618968,-1.3215473,0.172194,1.205363,-0.7027681,-0.20037244,1.451663,-0.57160306,-0.80509204,-1.3791631,0.9658864,1.67938,1.0734987,-0.9053067,1.1300414,2.6074116,0.7088358,1.7012211,0.13831861,-1.3206271,-1.1896003,-1.3526967,-0.4203393,0.015093424,-0.25578296,-0.15308216,1.3777823,-1.5199363,1.1521037,-0.38923883,0.6050186,-0.65955096,0.031851746,-1.1247354,-0.5582032,0.8565723,-0.65922934,-0.5130811,-1.6190895,-0.7635889,-0.05999113,-0.9724678,0.069168545,1.0890474,0.60812473,-0.7917554,-0.14683211
1.3334744,-0.34599236,1.8868314,1.4808416,0.04643664,0.21328071,-0.57817334,-0.0054060942,0.057748485,0.015219717,0.22268339,-0.33174968,-1.0283241,0.31573215,0.47859263,2.0425525,-0.6471888,-0.32135233,-0.4937436,0.04558485,0.023374915,-1.5599599,-1.6063148,0.413284,-1.0645,0.81284153,0.175578,0.51665074,1.3922893,1.2550514,1.280474,-0.19060826,1.179496,0.19284844,0.16955717,0.47234097,0.18274176,0.77397895,-0.12482189,1.7568382,-1.8065861,-0.49285126,-0.8761267,-1.3314445,-0.8141408,-1.2364167,-0.98847985,-2.0907369,0.16570982,0.5804138
0.5717931,0.12860742,0.8050828,-0.6334015,0.018630663,0.13593954,-1.9240849,0.99941856,-1.318635,-1.0353845,-0.5462482,-0.63346267,1.2613127,-0.4157402,-0.47629967,-0.3475927,0.02193586,-1.9943541,-1.3465267,-0.3461851,0.034227356,0.86476475,0.34547922,0.89327204,-1.1941863,-0.06608713,0.20760214,-1.8476328,-1.4640924,-0.5737958,-1.4600098,1.4239539,0.9960468,0.21346518,-0.4139414,-1.0827074,1.6337416,-0.3356187,0.049218014,0.75921565,0.52689743,-1.5090163,0.37661567,-0.6913883,-0.955137,0.7846033,-0.2867685,0.27659285,0.31758165,2.502619
0.7390153,1.0898886,1.2047164,-0.6519931,0.19018525,-1.1648254,-1.2751842,-1.97641,-0.7100935,-0.7397824,2.805912,1.2383082,-0.09057005,-0.2921937,-0.48727804,0.7909409,-1.7110671,-0.080752626,0.17213269,0.32520476,0.30081502,-0.5239141,0.44466937,-0.21992438,-1.6707863,-0.11064582,0.56111276,0.28735042,-0.35312733,0.25240588,0.39638162,-0.72790337,0.44786468,-1.325707,0.48284084,0.96969587,0.62362766,-2.214117,0.27811742,1.0487723,0.7774089,2.13917,1.1711155,-0.03806436,0.8154287,-0.5189133,-0.32567585,0.21041787,0.19939098,-1.336084
0.23582554,1.0714351,-0.13509187,0.2636384,-0.7681625,1.0658102,-0.5658712,-0.21542728,1.439778,0.19870038,0.8700818,0.2589476,2.1870227,-0.19120747,-0.507461,-0.4920347,0.17973793,-0.605111,-0.20628938,-0.7432969,-1.6366274,0.39912105,0.025154123,0.13809061,-0.79585546,0.37301993,0.23990469,0.24061088,-0.34559652,0.10523339,-0.10428592,0.050359324,-0.16477129,0.6551398,-0.9890586,0.1399861,-0.15642533,-1.3418148,-0.5038123,-0.13358943,2.296175,0.049912333,0.056935504,0.9676211,1.0874883,0.17684607,-1.039611,-0.60033983,0.6416478,-0.17073989
0.80668217,-0.25431716,0.21122341,-0.6217221,0.1534099,-2.1603992,1.0613246,-1.7798668,1.5284578,0.83165926,-1.4918565,1.3795426,1.0874785,1.4043154,0.20462413,1.4053112,-0.028923538,-1.1964036,0.44524074,-0.2675937,-2.2867825,-0.3971346,-0.40637442,0.18888986,-0.30431783,1.166994,0.50665516,-0.4801436,0.52164847,-0.2255607,-2.4721212,1.9541649,-1.0572762,0.9697538,0.77006835,-0.58966273,-0.23716371,0.2652391,-0.43372753,-0.1598416,0.6906973,-0.938687,-1.2826843,-0.17228895,1.0251914,-0.13014673,-0.34096006,-0.77465993,-0.59178793,0.36176994
2.312635,-1.1678876,-0.60207707,-1.0207195,-0.52769965,-0.1421612,1.0208071,0.49636352,-1.3019125,-0.25066784,-0.6375286,-1.2414769,-1.6394422,-0.6434368,1.5306078,1.1035174,0.45488727,0.59007126,-2.129845,0.1418006,0.95729786,-0.46715268,-1.0882427,0.09702311,0.6463614,0.3473696,0.5984804,-0.48335823,1.2501302,-0.7616465,1.0933086,0.54000556,-0.41576692,-1.6968408,-0.47873926,-2.646055,-0.5314544,0.9790323,0.4393657,-0.37903154,-0.7669963,0.3218362,0.920531,-0.23155467,-0.4002311,0.15460324,-0.9057607,0.01678355,-0.4776423,-1.6490669
-0.24117327,0.63423425,-1.0260307,-1.8041297,-1.7504659,-2.2237942,-1.760689,-0.85547733,-2.2811482,-0.98938775,0.37553194,0.8840442,-0.7146078,0.16632703,0.259723,0.20853728,-0.55341053,0.8329305,0.6852172,0.2921932,0.0063655153,-1.1342727,0.13672581,0.23582056,-0.47461757,-0.7529262,-0.92758507,-2.0111396,-0.21959345,-1.1224556,-0.1669976,-1.228773,-0.2884501,-0.24864598,0.5288049,-0.6983766,-0.091640316,-1.531133,-0.5254134,1.0758075,0.8007337,-0.56409717,-0.10927843,-0.5486498,1.4119301,1.4584697,0.49580812,0.2870195,0.8128648,-0.26563433
-1.3372009,2.2438505,0.31128868,0.25710282,0.4321224,0.0060346015,0.55360764,-0.6074516,1.0706512,-0.084554866,-0.6975824,-0.8977647,0.5089093,0.05935045,-1.5378764,-0.91725916,-1.4146285,0.0128683895,-0.8972542,0.8615575,-0.34975117,2.6617193,-0.1581014,0.9149397,-1.6166742,0.5057744,0.5154265,-0.13525781,-0.13032398,1.3490131,0.601678,0.6419448,-1.0657842,-0.6509748,-0.19416822,0.012528727,1.8566469,0.93181044,-0.86639804,-1.6009645,0.9031658,0.12380259,0.41192234,0.36541864,-0.43186292,-0.647063,0.20160688,-0.43053457,-0.36764517,-1.1720971
-0.07673455,0.86745375,-0.60410124,-0.15747528,0.42954037,-1.9097753,0.7309369,-0.88885796,0.30721566,-1.0520993,-0.048436165,0.2554446,0.5011845,0.97320193,-0.71149224,0.1530041,2.2530792,-1.272933,0.01321101,-0.4917881,0.57895565,0.15911543,0.3806901,0.81440324,-0.33646852,-0.9724056,0.11918134,-0.19748664,-2.1850357,-0.4158328,1.6188446,0.59106064,-0.3460768,-0.36467877,0.9287093,1.678391,1.0275924,2.1370697,-0.5571049,0.19979167,-0.26674148,-0.05213044,-1.6612538,-0.6781016,-0.41336915,-0.14173582,-1.5830369,0.83532083,-1.2944369,-1.5397575
0.7582087,1.2779343,0.36112493,-1.3061104,0.19462292,0.31921875,0.7536641,0.07574109,-1.5568682,0.031623546,0.7740948,-0.6216931,-0.2462844,-0.23964934,1.7607361,0.58705986,-0.48496413,0.12293347,0.67853475,0.65597403,0.80186355,-0.36694828,1.1779401,0.01155614,0.301859,-1.5435311,-1.3289196,0.3211525,1.0027981,-1.0859182,-0.132421,0.07008916,0.760703,0.32322684,0.15574391,-0.10041683,0.5276376,-0.9945289,1.2416232,-0.09476681,0.4916962,0.6009506,0.95126706,-0.027555294,-0.7258834,-0.7962329,-1.3102105,-0.8747303,-0.9644893,0.94709
-1.209484,0.19047235,1.0670846,0.8263919,0.8605098,-1.9256718,0.67463833,1.0238556,0.35095438,0.20787108,-0.39882118,-0.6359538,0.6197548,-0.41392422,-0.20497233,1.1173596,-0.13378541,0.19978967,1.5924282,0.2430195,-0.12905914,-0.5669261,0.5143409,-0.6709219,-0.43199164,-1.3686948,0.5445434,0.25485417,1.2375364,0.17163469,0.16283655,0.10772372,0.6867814,-0.3801699,0.31920585,-1.4339327,-0.89753467,-0.27944344,0.84872884,0.84477854,0.59582496,-0.3357965,-1.4808125,1.5154307,0.8665967,-0.6358807,-0.103256516,0.13601474,0.77283806,1.140874
-0.33281496,-0.86466825,1.0639455,-0.46328175,-0.47249505,0.27540895,-0.39160758,-0.81781965,-0.37456197,-1.0569421,0.69600576,0.7746959,0.9944873,0.5121682,0.24414518,-0.08253224,0.6768164,1.6298138,-0.7041249,-0.21025395,-0.1496307,0.5482097,-0.8384609,-0.8772825,-0.7642826,-1.0540264,0.81872416,3.339398,0.004016981,-0.2068883,0.37945467,0.1533435,0.85931176,-0.9136339,-0.9173798,1.8624986,0.3769254,-0.6843549,0.34953228,0.7190132,-0.77969116,-0.5037007,-1.7230046,-1.3959105,-0.31070188,-0.4733163,-0.042210817,-0.04106515,-1.2180973,0.18477225
-0.4259834,0.5275902,-1.4232146,1.3192666,1.6182168,-0.37038723,1.212004,0.31096572,0.7735936,-1.2048593,0.06906585,-0.0816217,-0.30611885,-0.23850666,-0.021544253,-0.7144092,0.18949692,0.9116673,-0.048396144,0.1321427,1.0307759,0.50773627,0.85959256,-0.22486372,-0.49103218,1.2994316,0.75398356,0.50135964,-0.014466302,-0.52042156,-0.19768141,-0.14425963,-1.1499954,0.1828678,-1.2895503,-1.263724,0.24889776,-0.039893113,1.7959569,1.2700722,0.053939983,2.0364325,-1.2600279,-2.1358612,-0.75961906,-0.79447645,-0.7539018,-1.7043805,1.49256,-0.63476366
1.1264067,-0.37618127,1.1000215,1.615992,-0.6000949,0.81316346,0.36392006,0.87207943,-1.0639292,-1.6330638,0.39754283,-0.29300222,0.46440738,-0.68734205,-2.003383,0.78741735,-0.17387114,-0.5934903,0.4846006,0.5083825,-1.0758493,0.4699449,-0.8698965,-0.4269599,-0.56863606,-0.8498016,0.50635594,1.5475729,-0.70003754,-1.2111436,0.45980498,-0.6831787,1.1251445,-0.44565666,-1.6209167,-0.39692032,-0.5355047,-1.8938303,-2.375559,-0.307968,-0.8479483,0.66716516,-0.83623487,-0.7321195,-0.29950354,0.14996743,-0.13737772,1.0723206,0.10270813,0.94663006
0.0008557857,0.3253857,0.70242083,-0.15481985,-0.23847218,0.7112698,-0.043359745,0.018192586,1.060218,0.46440065,-0.3812414,0.38347352,-0.0115060005,0.35507554,-0.6124041,-0.2045608,-0.7001997,-0.1793777,-0.93610954,0.20764622,-0.7000133,-0.59551,-0.23279896,0.34365234,-1.1839343,-0.5856091,0.66912234,-0.53708184,-1.5961256,0.51160747,1.4682025,-1.1521417,-1.6152508,0.23469205,0.57469714,0.22949113,0.48687837,-1.5008355,-0.13818666,-0.29441506,-1.9887346,-0.9175824,-1.1198134,0.023212705,0.0032201044,1.5542632,0.5150903,-1.125859,1.3327097,0.55482405
1.4228297,0.016618965,-0.26793474,0.9009967,-0.22516337,0.9790788,-2.351335,-1.0730098,0.62510705,1.5817947,-0.94167554,-0.3706101,-0.87334967,-0.9561148,-1.1442235,-1.0369024,0.8890153,-0.6859037,0.852127,-0.4426986,0.81132257,-0.95459574,-1.0927249,0.09732583,0.33822381,1.3976038,2.045628,-0.0055639134,-0.31743369,0.47205406,-1.4949582,-0.9196701,-0.87998796,-0.77919537,0.66231084,-1.0396868,0.3480257,-0.54011804,2.0157557,0.2135053,1.7056279,-2.3635168,-0.060174923,-0.8621553,0.13459092,-0.5994086,0.572108,0.30621335,-0.5445758,0.060613934
-0.535491,1.4900454,0.6590886,-1.3259269,-0.7762542,-1.1504245,1.1201746,-0.5135366,-0.8235374,0.2526906,-0.5967811,1.161453,-0.6047218,0.41862094,1.4722952,1.2965463,-0.9892022,0.91090083,0.3652534,-1.1780593,-0.40659618,-0.666731,-0.9891318,-0.73205006,-2.6562302,-0.4923639,-2.2629194,-1.291303,1.2941579,1.1788583,0.8307796,-1.0225958,0.40977874,-0.19751275,-0.22403099,1.2306778,-0.8700166,0.3605216,-2.458383,0.54628414,-0.9035084,-1.6191194,-1.3805016,-0.43638754,-0.46381956,-0.7887978,-0.8085766,1.1008334,-0.12813948,-1.3853756
-1.0282764,-1.5960863,-0.026069872,0.31777883,-2.201059,-1.0921772,1.5845894,0.11563937,1.4767184,0.82051873,0.18947597,-1.1378828,0.31236544,0.26396075,0.4200628,-1.7822405,1.0237552,0.9023629,-0.7177807,0.6934787,3.6820714,0.64141065,-0.48057908,1.5577927,0.21156426,0.92926705,0.04590696,0.78543633,0.41871727,0.5288253,-0.85424674,-1.8681419,0.4478648,0.3518821,-0.053039487,-0.45335856,-1.5674539,0.64162016,0.8782668,0.32350144,-2.1044307,0.45554,2.178956,0.5611696,0.62758505,1.7254485,-0.18567643,2.8313065,0.18063101,0.15882064
-0.1231946,0.17652065,1.3291,0.83695394,-0.13051115,-0.48023862,0.50888586,-1.0657618,-1.0151896,-0.26081294,-0.7646479,-1.0044557,-0.80955034,0.5769993,0.5605992,0.12393638,0.37458858,1.0422721,-0.25976646,-0.15107892,0.11475354,1.2299291,0.26129687,3.7745063,-0.48225787,0.2399797,-0.07540977,0.060291827,-0.6738683,0.3164751,-0.013005399,1.4079114,0.7906377,0.37115142,0.38910386,-0.17489207,1.5756401,-0.17323807,1.3790472,-0.49574915,2.4707003,-0.3238867,0.70181555,0.09508664,1.3057891,-1.4048046,-0.38957232,1.4335314,1.6646833,-0.06271015
0.16089866,-0.06987334,0.8732625,1.1641313,-0.6095825,1.0321697,-0.9361996,-0.563654,0.65302116,-0.08664164,-0.3616155,-0.3017238,-0.28837729,0.63513094,-0.7024708,-0.89442796,1.6838664,-0.17002413,-0.39936304,-2.4517565,-0.38344058,-0.8839418,-0.5346643,-1.1880351,-1.7114975,0.025288807,0.7321584,0.91961414,-0.5427054,0.9696175,0.6748706,-0.46398965,-0.14561135,-1.4413522,0.63720083,0.089520715,1.1152959,-1.8082709,-0.16473772,1.2198979,0.9373265,1.5414274,-1.0195014,-2.6475568,0.51231754,-0.066976845,-0.007419745,-0.040229753,0.21383402,0.5789399
0.1359783,0.035473756,-0.8532559,0.72213703,0.32751238,1.1109045,0.056356236,-1.6148158,-1.1833576,1.6844352,-0.23136166,0.069854766,1.7704474,-0.12226816,0.80920583,-0.6360594,-0.2888961,0.37059668,1.2864621,1.3627076,-1.5313846,-1.2904724,0.573849,0.61767244,0.07799174,1.363107,0.8661261,-0.38069522,-0.306051,-0.8271218,-0.37666407,0.30778193,-0.16308044,0.62158537,0.46039116,-0.28289837,-0.22085065,-0.12560126,-0.6763125,0.5922862,-0.7364936,0.28991684,0.069423065,0.9954106,-1.014722,0.6215613,-0.137155,-0.31743887,0.18150958,-0.9407324
-0.77240527,-0.07388223,0.5646998,1.648265,-0.8556025,1.4547024,-0.2796097,0.05715912,0.38975754,-0.59182143,0.32691333,-0.24623336,0.36777344,0.17053382,0.12230879,1.3040385,-0.6077071,-0.885666,-0.30330834,0.38108158,0.17847751,0.05624767,-0.7367419,-0.73729783,1.2419292,0.1837452,1.106098,0.36669645,-1.3895972,-0.10790317,-0.7979435,-0.6228842,-0.117491305,-0.14876217,-0.91393924,-1.5659094,1.8398706,0.21292755,0.5294488,-1.6731341,0.005807348,-1.1435616,1.8105391,1.6077924,0.7810165,0.39868212,-2.439555,0.068549365,0.27989826,-1.9161319
-0.5421981,1.036465,-0.8248156,0.03467777,-1.319444,0.623896,-0.31229857,-1.115989,0.7011254,0.32637826,0.21934287,-0.2631515,-1.0332984,0.16514184,0.6912859,-0.60624343,-1.0963823,-0.39019728,0.6565645,-0.9356703,-0.5255328,0.8614017,1.3063524,0.818889,0.4754879,-1.0226398,-0.21932226,-0.9222063,1.1364716,0.99204403,0.65195024,0.094757095,-1.8867342,0.12305948,-1.3120193,-0.38656542,-1.6689805,-0.62252194,-0.55090994,1.5451609,1.1060728,0.48281637,0.39593044,1.3065383,0.50214,-0.67784834,-1.1745237,0.00022689329,-0.13069302,0.33697298
-2.9705205,-0.24724878,-1.6968533,1.3626415,0.63597,-1.4811496,-0.8932753,1.1250572,-0.022947742,0.21149012,1.8560086,0.9262568,-1.8557429,1.1551898,1.4556545,0.2606708,1.5013155,0.36443728,0.056612473,-0.47883272,-0.4924322,0.09818353,0.11767797,-1.4485273,0.43524167,-2.271909,0.52234185,0.6061988,0.88279897,0.62633234,1.2395867,-1.328013,0.52639246,0.11709505,1.6911522,-2.4220839,1.0556936,0.39902174,-0.3606929,-0.37161776,0.56333596,-0.886924,-0.24912542,-0.3547316,-0.702139,-0.9237994,0.8419776,1.3853483,-0.47988588,0.17001686
-1.7731496,0.8233224,0.089495175,-1.0160145,-0.24677792,-0.02521474,-1.4043108,-0.58082384,1.0051036,0.27588597,0.3381849,0.43479005,-1.5142341,-0.6213614,0.7277031,0.3522096,0.17104778,0.48798642,0.59186816,-2.2954204,0.75742203,-1.2939594,-0.21655786,0.521206,1.3828082,1.26034,1.264954,1.5683858,1.5423337,0.4112015,0.08222742,0.35707226,-0.3534236,0.5160193,-1.0737166,-0.9950616,0.27507207,-0.4943269,-1.1898589,0.20696422,0.66290337,-0.23342615,-3.494102,0.40558663,0.27573872,0.027840365,-0.8480439,-0.0632679,0.2681955,-1.5525022
-1.0649056,-0.37651154,-1.5332724,-0.15331401,-0.3486825,-0.98306394,-1.0872191,-0.020296894,0.6370209,-0.7450594,-1.2651886,-0.3403741,0.504495,-0.26596034,-1.2022563,2.2927978,0.16777654,0.43255875,2.2632546,0.30498582,-0.16619498,-0.521954,-1.1569868,-0.6062361,-1.216896,-0.1419473,-1.5059345,0.17728058,1.2781659,-0.9922477,-0.6051418,0.7681839,0.26612538,0.15016054,0.76762354,-0.7062348,-0.2118312,-0.23689437,1.0201873,-0.29167128,0.67619044,0.7108317,1.2917118,2.4923244,-0.5537124,-0.6355517,-0.5346151,-0.29035383,0.28997114,0.55187416
0.027077354,0.6474733,0.7090553,-1.1135999,1.5788383,-0.15344733,0.34706166,0.33920074,1.8495299,-0.37706956,-0.9098923,0.8569284,-0.42984188,-0.22627081,-0.49496448,0.75164753,0.23117734,0.42694452,-0.39772996,0.09668348,1.113975,0.017418366,0.040297437,1.2996075,1.711502,0.6157411,-1.1742213,-0.5440478,0.2352941,0.051902108,1.3387336,0.5964861,-1.2453829,0.392359,-0.518433,-1.0308776,-0.6391049,1.1687956,-0.09544155,-0.17860596,-0.74980897,1.1037729,1.5343517,1.0469177,0.056020737,-1.7011449,-0.5018672,-0.4257515,0.11777968,1.2802167
0.5450114,-2.0350795,-0.44434592,2.8028347,-0.5629877,-0.2722735,-1.677222,0.84392726,0.8396192,-1.2310456,0.47976047,-1.2371477,0.31726474,1.187485,0.08009715,0.2935485,0.35753992,-2.0240037,1.163749,-0.77209085,-1.2631218,-1.8582468,-0.35267037,-3.1744442,0.23800264,1.0948792,0.64545953,-0.13562904,0.20778704,0.17820817,1.0489103,0.056406002,-1.163673,0.537171,-0.4362889,-0.48295388,0.21287821,1.8427099,0.7896074,-0.7684229,-1.3448976,0.37468204,1.4714068,0.57377905,-0.40944716,0.17206375,-2.1281974,0.05184753,-2.2073717,0.6176666
0.50234014,0.58738875,0.16961266,2.6376522,0.6499666,0.050661013,0.44158268,0.61324006,0.510029,-1.1469179,0.86545074,-0.8062982,0.3969649,-0.23627906,0.8793895,0.9293154,-0.13377687,-0.008353883,1.2456597,-1.257471,-1.8309133,-0.30779704,-0.43413103,1.8377161,1.3956066,0.13115074,-1.4671863,-0.51449865,0.31088254,-0.891445,-0.9454682,1.1915269,-1.0786294,-0.2471268,0.96866184,-1.83864,0.6689411,0.49398705,-0.022178445,-0.9744566,1.6476858,-0.18004447,0.040758945,0.28042257,-0.013164916,1.5506343,2.1689339,-0.18711653,-0.9057636,0.08419428
2.1285696,-0.8548995,0.49208105,0.8898153,0.15563613,0.5346879,0.16128463,0.07481904,1.5259832,0.79994553,0.86516184,-1.1153945,1.0019685,-0.18612662,1.32979,-0.3052108,0.5640906,-0.8373247,-1.150691,0.034600273,-0.6102983,-1.6309872,0.010015267,0.09428885,0.03698863,0.8092312,0.4237896,-1.5511272,-0.16445085,0.3464532,0.5102782,-0.49333057,-1.5145464,0.4706425,0.40680724,-0.1483768,-0.0298572,-0.6154184,-0.29590988,-0.41123542,0.34122843,-0.5957787,-0.09083287,0.16936824,-0.48201495,0.5792836,0.1951534,-0.13378389,-0.76908934,-0.29981217
-0.021582535,-1.6950755,2.2186465,0.7797094,-0.27274638,1.4954027,-0.099187665,-1.819325,-0.80248153,-0.7394958,-0.97564214,-0.79254735,-0.60796916,0.82927895,0.6857521,-1.444928,-0.30178112,0.2629169,0.3022376,-0.033526186,-0.7039843,0.39691862,0.4575717,-0.47571626,0.79988706,-1.2026377,-1.588451,-0.13994095,1.3512888,0.26778713,-1.2659078,-0.24847217,-1.0259651,-0.7398832,1.1490452,0.97113186,0.11476868,0.11065724,-1.2072011,-0.6986441,0.5750475,-0.16804218,1.6606218,1.7663053,0.41297078,1.385236,-1.1394387,-0.7285451,-0.689358,-1.4432222
1.1269058,-0.5023381,0.79741126,0.69248325,-0.4750209,-0.50872016,0.5368989,-0.7368779,0.6765419,0.7367747,-1.7491008,-0.6537379,0.007785874,0.9204656,0.14451066,-0.48816386,0.81418025,-0.11869856,-0.015931778,-1.4464726,1.2151396,-0.2596655,1.1127805,-1.1881618,-0.6897545,-0.17003675,-0.81845874,0.15344346,0.63546616,0.12301668,-0.27608633,-1.8174347,-0.25900933,0.8276586,1.2884496,0.90255094,-0.5521398,-0.32103977,1.8108624,-1.9135478,0.4702805,0.008440936,0.98226434,-0.5013264,1.5824512,-0.08817062,-0.4992254,-0.16187492,-2.163869,0.08769254
1.1916246,-0.14235015,1.499303,-1.0656645,1.1584707,0.52186406,0.15089896,-1.5010766,1.148638,-0.24484645,0.086782366,-0.78378475,-0.34821898,1.3338958,-0.16859625,-1.1689374,-0.75566447,0.8036054,0.868682,-0.24909121,0.09247292,-0.03190907,0.87555623,1.5060636,-2.175616,-1.1013265,0.55199635,0.7876836,0.22241144,-0.7233961,0.14305882,0.23496065,-0.12618996,-1.2920002,-0.6289784,-0.46022743,1.2291577,-1.7957209,-0.1780867,-0.48367012,0.5852854,-0.62817544,-0.017954234,0.6556384,-0.9442698,0.97288316,-0.80198365,-0.35802332,-0.8991895,-0.055697314
-1.5607858,-0.54604036,-0.234188,0.13903785,0.51890635,-0.7562457,1.522141,-0.60566396,-0.25758615,-0.035489947,-0.17648683,2.0341353,0.09079369,-0.816585,0.92861444,1.1759177,0.0024543672,1.5058302,0.46152216,-1.0326377,-1.4235343,0.58669764,0.043162808,-1.4789656,-0.0649406,0.2652193,1.1084807,-1.3189887,0.22668014,0.61252147,1.5876278,-1.1395454,-0.9617677,-0.021390887,2.2134445,0.49724948,0.16583073,1.142487,-1.2491589,-1.4273862,1.0892721,-1.0417324,-0.20890428,0.12253212,1.5174335,-1.5710742,0.81800157,1.0133461,0.22111054,1.0901022
-1.4204499,-0.42531666,0.23246686,-0.13991562,-0.85672474,-0.7720197,-1.5771365,0.20159557,1.330991,0.7519607,-0.093624935,-0.89781016,0.43122327,1.2827748,-1.0403206,0.59715945,-0.7161729,2.094501,-2.3010697,-0.5067689,0.9630049,-1.6602238,-0.022330567,-0.7763702,-2.3378046,0.5113298,-0.14599997,0.23282576,0.11780926,-0.7755615,0.62596583,-1.4260043,-0.31917277,1.57314,-1.2929504,0.19730487,0.84714025,-0.80105925,-0.1251455,-0.046448145,0.32181963,0.27422133,0.20628229,1.9978391,1.2903247,-0.28141403,-0.161386,-0.8757052,0.14437513,2.0308173
-1.3869832,-0.6306072,-0.6514354,0.8174613,0.8017928,-0.7387718,-0.40472943,1.1478593,-0.725379,0.8708854,-0.5224754,0.11570463,-0.16136597,0.9800017,0.3518568,-0.48926923,0.20051748,0.8745908,1.8144218,-0.9303914,-1.4087031,0.84074587,0.6613392,0.59879214,0.44172516,0.3383042,-0.1069751,-0.42318183,-0.9986241,-0.92695516,-0.7993799,-0.42343366,-0.451084,0.17597702,1.106672,-0.39796317,0.35501975,0.51565087,-1.4036318,-1.0254902,-0.8820434,-0.062111985,-0.4426534,-0.66726196,-1.2110425,-1.1805513,-1.2220039,-1.1064159,1.2911941,-0.06316637
-0.7494289,0.31296325,-1.6258489,1.1558213,-1.6635228,-0.6311743,0.56814194,0.06839986,0.4648649,0.45286512,-1.4432932,-1.1447128,1.7191062,1.2489763,2.3515513,1.9636894,-0.45523125,-1.9910074,0.43383485,0.7812347,0.9331435,0.4810687,-0.19301495,1.8119512,0.16268685,-1.2280804,0.23267904,-0.9927347,0.97833943,0.91646624,-0.32632735,0.5574443,0.643673,0.729934,-0.25956887,-2.005959,1.8057824,-0.7881867,-0.9180462,-0.28619334,-1.7859476,-0.20076741,0.5782926,2.6311111,0.50134027,0.51359653,0.4480602,-0.47986904,0.95829856,1.6115338
0.5138342,0.5799141,-1.3940685,0.16747586,1.388462,-1.931695,0.2652111,0.103305966,-0.697452,-1.6150293,-0.86564773,0.9302948,0.5070932,2.312556,-0.9474248,0.26230904,-2.061435,0.08403028,0.8635273,0.62285787,1.7219249,1.1335464,0.3184872,0.90063536,0.06498518,-0.2988492,1.0867137,-0.7331382,-0.97892886,-0.37946427,0.03353605,0.5616995,1.6694349,0.17380096,0.484709,-0.580621,0.3824259,-0.50288016,0.9479506,-0.09708225,1.333223,-0.71074736,0.5469123,-0.61823016,0.20692125,1.2152529,-1.8278887,0.56343365,-1.0299951,1.1221532
-1.0380487,-1.3249878,0.76074886,-2.0164235,-0.24822006,0.5906572,-1.1755978,-0.9329644,-1.2373604,-1.0495985,0.24770898,0.2115496,0.9039608,-2.29327,-1.3951175,0.20691523,-2.107142,0.2636722,2.0272653,-0.04800152,0.73543626,-0.83123064,-1.4183066,0.7763945,1.0078266,1.4022157,0.56043917,0.30693728,-0.6818036,1.0082047,-0.016783928,0.060695544,0.16252168,-0.1561035,-0.79624575,1.3271976,0.027779827,0.84930146,0.0616999,1.7075801,0.31602532,-1.5294285,1.1922609,0.62539613,-0.06047552,-0.23379233,1.7312427,0.7330124,0.3032983,1.5239768
-1.5612191,1.1078651,0.1692894,0.28931558,0.39785525,0.2190868,-1.736307,-0.7104128,-2.4698749,0.34080383,-0.20165493,0.3831863,2.345838,0.4666795,0.6696458,0.77893734,0.8777486,-0.9613803,0.2407944,-0.83399814,-1.8772777,-0.1294748,-1.1967258,-1.0151057,-1.812296,-0.97073984,1.0489744,0.4267679,0.06467618,-0.41381904,0.6776825,-0.9629475,-1.1617647,-0.119437665,0.096284315,-0.63156,-1.2215123,-1.4608768,-0.51488876,0.6172591,-1.4240211,0.35714513,0.43793607,-0.3508413,1.3113489,-1.3767527,-1.0905098,-0.14663123,-0.9870147,-0.9478691
0.55776757,-0.9486942,-2.3901818,-0.164414,0.00857064,-2.348831,0.10058718,-0.89531475,0.95458096,-1.0206013,0.13724928,-0.9994067,0.41005048,-0.252287,1.4039639,-0.062465243,-0.3885336,0.100038595,-0.6945744,-0.20129354,0.76179713,-0.44742516,1.2381016,-0.34731743,-1.0050123,1.2736359,-0.36122194,-0.36527163,-0.11800244,-1.0802835,-1.7033064,-1.0724754,1.0559357,1.8614678,-0.3398703,-0.7774735,0.3709246,0.3997999,-0.87009186,0.5862986,0.5217601,-0.07285755,-0.7176204,0.21889494,0.65128213,-1.1912948,0.7273022,-1.3002162,-0.6672136,0.35971946
-0.19116384,0.6377061,0.17530428,-0.9269623,0.67102826,0.4645594,-0.9556449,0.53696156,0.20811805,-0.42593744,-0.6825333,0.65536016,0.26742074,-1.1536143,-0.012286797,-0.38490552,-1.0566555,-0.20275924,0.75631565,-0.04465562,0.6334433,0.8681257,0.1420541,0.14488041,0.71454096,-0.5645517,-0.5145733,-1.0873404,1.01613,0.97387725,0.60872406,-1.0569192,0.9453744,1.0931076,-0.43390068,0.07571527,0.92416,1.5632502,1.0414938,0.48726526,0.7837362,-0.15241459,0.9128983,-0.11065295,0.53337854,-1.0342745,0.5398825,0.6318806,-0.0022592866,-0.83054996
0.1478149,0.40704557,-0.66548353,0.3144521,2.0544577,-0.538028,0.8321008,1.0084779,-0.6835171,-0.03437591,0.8135046,1.2894104,-1.4438403,-1.0829622,0.39078417,-0.5248125,1.0259199,0.34500036,0.17331599,1.4678893,-1.0539398,0.44419834,1.6512995,-0.8851715,0.91227037,0.08263293,0.49156332,-0.24072479,-0.95714027,-0.6362708,0.69049996,-0.73735803,-1.4456133,-0.9033016,-2.1882591,0.6075206,0.075294994,0.8470387,0.28670588,1.3816557,2.077727,0.7431444,0.4570258,-0.26819837,-0.09719205,0.91937274,-2.6017938,-0.13615428,-1.106792,0.46663284
0.009445652,1.2111613,-0.08531277,-0.60144323,-1.0887653,-0.16600528,0.92243755,0.28341633,2.5787833,-1.2201788,0.6668543,-0.24017365,-0.5539101,-0.041847937,-0.9300502,-0.38889813,-1.4141617,1.4383435,0.6462074,0.42518523,1.5690378,0.5000617,-0.08240169,-0.5658105,-0.18619266,0.58284,1.3393847,0.18566218,1.9701847,-0.22083674,-0.13267496,2.4974446,-0.20961429,-1.3953117,-0.39333078,-0.5758443,-0.17542827,-0.23236494,-0.24862501,-0.18018985,1.0076896,-0.4809926,0.8827091,0.6626819,1.0631123,-0.031086264,-0.28717756,0.72220516,0.89101124,-0.29383928
0.5379132,-0.07636541,0.11424385,-1.4278656,-0.93604654,1.0756919,2.9588473,1.1572523,0.5990311,1.0262681,1.0549624,-0.9104693,1.093509,-0.70590276,-0.14587528,-0.4096649,-0.12622578,-0.1517491,-1.1628821,-0.44007137,0.09118579,1.4330643,0.20234977,-0.41712743,-1.2344433,1.4419045,0.14475934,0.073193625,1.0828949,-0.102343,0.760383,0.9725128,0.6264126,0.6618373,-0.75817317,1.8645437,0.17416789,1.4199877,1.2043704,-1.2539419,-1.0654113,1.0838553,-0.47654432,0.9666685,-0.72626114,-0.22988132,0.9270912,0.65865844,2.1907084,-0.72712016
-1.5247995,-2.182354,0.057209816,-0.85006857,-2.4663963,0.4596157,-0.5316465,-0.36893693,-0.9741499,1.0238355,-0.9892165,0.6905189,0.06501666,0.80233496,-0.748444,-1.4431696,0.035516545,0.47536394,-0.9963563,0.35738936,0.5359538,-1.085484,-1.3333099,0.28574464,0.6559406,1.0946571,-1.1252445,-2.002641,0.3491815,0.29611018,-1.183193,-2.1606226,0.3377335,1.7727405,-0.5477041,-0.06109203,0.13273226,0.0075174524,0.40054017,-0.014787954,-0.24115781,0.703801,-1.5075209,-0.0570213,1.4735872,1.2081264,-0.13118751,0.6022389,0.890982,0.50069404
0.5063495,1.9661322,0.25021574,1.1203974,0.14384012,-0.37909633,0.35647544,0.17299828,-0.67381275,-0.9933361,0.086028196,0.99345857,0.70229864,0.3080056,-1.5879786,-2.2470672,-0.67215633,-0.5281991,-0.39637288,0.6590182,-0.9020607,0.075236656,1.4686558,0.43366656,-1.9586459,-0.9091372,-0.83195096,1.1410962,0.41183418,-1.1769072,-0.11152967,0.07870981,-0.06427059,-1.6343989,0.5358505,0.61745006,-0.35924965,0.043712273,-0.2078683,0.14465381,-1.199351,0.17358676,1.0360602,0.57942784,-1.0801859,-0.65043426,-0.79590774,-0.9286719,1.3320937,1.0140517
0.46284375,0.9220795,-1.4026296,-0.20392329,0.7443071,0.38301748,-1.8449003,-0.19143248,0.12990546,0.7532812,0.6883756,-0.869176,-0.712195,-0.9730675,-0.1277947,0.71601176,-0.960111,-1.1113355,1.8554473,0.4552496,-0.15490909,0.06951599,-0.1402973,-0.94060045,-0.32313755,-0.18917482,-0.27669173,0.48889506,1.5086126,-0.058634922,-1.4113606,0.5161954,-1.8710338,-0.08296746,-1.4550349,0.55059457,-1.4389504,2.5400503,-1.4949405,0.2732017,0.9938094,-0.14859092,-2.1071386,-0.8520136,0.77871174,0.9178402,-1.3785989,0.9638555,-1.6334815,-0.63874644
-0.9512724,-0.74180377,-0.5799391,-0.3747118,1.6136363,0.15228057,-0.18777393,-1.2299346,-0.04711242,0.2667003,0.1606464,0.46603292,0.03696583,-0.46104527,0.07521856,-0.016205274,0.028796144,-0.43263382,-0.72624964,-0.5805525,-0.21128649,0.14842235,-1.2690607,-0.7031353,0.96368575,0.5429078,-0.20647658,1.4988452,-0.9044594,1.2202517,0.8206578,0.7684851,-0.40826812,-1.2832444,-0.80709845,-0.053648263,0.95984626,0.2856727,-0.44118524,0.4448902,1.0898577,-1.0401975,-1.5876462,-0.05115989,-0.7487517,0.10924885,1.464292,-2.1164107,-0.89580405,0.80463827
-0.76047724,-0.08710924,-0.1828145,-0.36318338,0.2259444,-1.301076,0.9489009,-0.5462766,-0.4542501,0.27652517,-0.89050263,0.8661484,0.45118877,-0.49837396,0.21819465,0.30703345,0.22043636,-0.7665858,1.3343881,1.1709995,-0.62926096,-0.8311064,-0.010716049,-1.5194186,-0.0799116,0.6090993,0.11805659,0.3846433,0.59110224,-0.2250418,1.0999842,0.15541144,0.22352448,0.22029142,-0.66832817,0.3944202,-0.6129999,-1.2748573,0.6687351,1.6991735,-0.026453873,-0.58034337,-0.20544143,-0.33981407,1.6660676,-1.0032024,-0.8157085,-0.7392485,-0.2915986,0.7629262
-0.75500023,0.29635048,0.61078185,1.1501858,0.65249014,0.59341305,-1.2039815,-0.754976,1.0217406,0.5463303,-0.16232292,-0.7033834,-0.85966,0.56602454,0.1243374,0.08878872,0.66018885,0.18213253,0.42523888,0.7998396,1.0812472,1.5096011,-0.50407696,0.011756844,-0.26117066,-0.8300821,0.5301009,1.0323671,-0.5779806,-0.6723244,-0.48120615,1.3114773,0.50740534,-1.4972942,-1.155389,0.41523626,0.68208885,-0.6113339,-1.6218442,-0.5774091,-0.021316668,1.5491577,-0.572596,0.8957498,-1.1338823,0.69169426,0.80638564,1.5609909,1.137485,0.8629849
-0.7644359,0.20478205,0.53387886,-0.068872996,0.5465295,0.089762,-1.3444815,-0.5812104,0.90175825,-0.36444396,1.4893335,0.7827026,0.18596368,0.21175013,-1.45276,0.7928556,0.8094127,0.6638492,0.13515154,-0.9248742,0.96602386,0.8964562,0.31101567,0.036304917,-0.9793346,0.94569993,-1.3305746,1.1608298,-1.2951746,0.7411563,1.5918064,0.8226913,0.44946235,0.078027025,0.7394232,0.8223129,1.6883457,-0.23419459,-0.007988405,-2.0275893,0.74538875,0.7074594,-0.1760871,1.1250081,1.4576304,0.07284863,0.71783084,1.0518538,0.98809665,-0.03857833
0.6447781,1.4440844,-0.99637294,0.48483458,0.10920926,0.72015184,0.02838207,2.5547974,0.4913353,-0.1198558,1.5640123,-0.3916242,-0.48651832,0.92260087,1.1208329,-0.49744573,0.96518415,-0.69440496,-0.26353008,-0.30353937,-0.8404189,-0.1824627,-0.3148079,0.47519252,-0.73444456,0.3734604,0.20383735,1.3462318,-1.7070321,-0.38730234,1.0212924,0.19968168,0.63869804,0.30725035,-1.0729995,1.0644932,1.2819339,0.77684295,-0.06551868,0.46251756,1.3261894,0.6833828,-0.4809281,1.6694295,-0.13485369,0.9223215,1.5724206,0.94591707,0.19100346,-1.2331451
-0.86379397,0.45282802,-0.77532804,-0.41430473,-0.5906878,0.51373434,-0.10616523,0.7648701,0.52616733,0.5489127,-0.332054,-0.039055545,0.66071916,-0.68340564,0.37454113,-0.20919023,0.8448284,1.4828299,-0.52930826,0.78110045,-1.7370908,1.0593882,-1.2278175,1.0137442,-0.63468325,-1.6852561,1.6053002,0.04702176,-0.41711232,1.2619855,-0.24532518,-0.9999234,-0.2679568,0.34026146,0.77138156,0.3445348,-1.943052,-1.059016,-0.5076489,-1.220766,-2.464396,0.9552155,0.1494761,0.96537054,0.19140187,1.0455999,-0.4579855,0.91785675,-0.27340344,-0.692526
0.43396357,-0.22255701,0.20190899,0.42167464,1.2808758,0.42213994,-0.7260971,2.008218,0.83345,1.4417967,-0.63102686,1.5554738,-0.9956806,0.3526926,-0.76927894,1.6808758,-0.061155006,-0.015945861,-0.9433406,0.2960763,-1.391768,0.6009031,-0.9467237,0.761432,-0.8889078,1.4172221,0.41466343,1.527291,0.35830328,-0.9031965,0.50246876,-0.30711064,-0.35753292,-0.825776,-0.17595412,-0.44657743,0.5680536,-1.1373861,-0.30160508,0.90526867,0.37264442,-0.22846623,-0.8137273,-0.40321857,-0.4045718,-0.24685812,0.18757282,-0.6702173,0.6971212,-0.5871967
1.4200404,1.1891276,-0.25856733,-0.47179073,-1.1895924,-0.12155219,-1.2377301,-0.060637247,-0.3541233,-0.02936328,-0.3288879,0.35905033,0.67818415,0.54446304,-1.0400754,-0.391034,-0.66509473,-0.6304037,-0.60835576,0.7053822,-0.08524767,1.2166932,-1.031682,0.33299217,1.0045617,0.92870325,-1.2769727,0.2934471,0.57957196,0.1329267,0.11257396,-0.37092078,0.5208522,0.22729017,0.05347985,0.6398618,-0.22688226,-0.26810747,-0.17073539,0.93278474,-1.2144595,0.1121829,-0.59539324,2.098092,-0.16753219,1.3336076,0.38312373,-1.1032805,-0.9112778,0.09572731
0.5951762,0.7764056,0.78630185,-0.65840614,-1.122867,-0.9480765,-2.1990006,-2.0631816,-0.4172399,2.0608218,0.75418603,2.208974,-0.78569037,-1.942514,-0.018611459,-0.5233561,-2.2314928,-0.8079313,0.83466136,1.6609099,-0.7170493,0.70069164,2.0562804,-0.35421386,0.42268565,-1.914516,1.9508797,1.7568203,-0.6357942,-1.0234566,1.2180037,-1.1446109,-1.9457169,1.0992737,1.6264392,1.6797692,0.24334487,1.2259264,0.80334777,0.3659464,-1.4349425,-1.1623591,0.15247689,0.98964757,-0.77559495,0.8921927,1.0473585,0.60667366,1.10366,0.5609045
0.8294221,-1.2542781,-0.21382962,0.14239481,0.8020809,-0.79020065,-0.38560233,-0.6494358,-0.18907256,1.7150046,-0.37054333,-0.32326454,-3.1087093,0.50757647,1.2442956,-0.9153052,-1.3865043,0.608716,1.5248095,0.067796305,-0.9001572,0.7659171,0.13992515,-1.0033547,-0.73129237,1.7803096,0.22699971,-0.7474377,-1.4374326,0.7413741,0.43166274,1.8034741,0.8538698,0.73224384,0.8781146,0.77082324,-0.8362604,0.3363444,-0.61347073,-1.3692759,1.4931529,1.3385262,-1.5357798,0.4960706,0.28607368,0.69114995,0.78905785,1.5027386,0.19723545,0.86735916
0.23036407,0.641952,-0.618065,0.06154946,1.6023899,-0.48159403,-0.21898116,1.1073738,0.2545992,-0.799617,-0.57756704,1.4267007,-0.2182948,-0.025085699,-2.123722,-0.41319397,0.63358915,-0.814154,0.55878544,0.28014085,0.8999661,-0.48036066,0.78434175,-1.3677156,-0.43954518,2.3776886,0.38591686,-0.22117579,-0.61009824,0.2516959,0.045064203,0.95316416,-1.8005579,0.09634359,-0.5350234,-0.7967167,1.6262777,0.012203199,-0.26423115,-0.45015976,0.25304002,1.7782028,0.6408652,-0.07635356,-0.24805272,-0.6673733,0.03186677,0.005920107,1.0284679,-0.17997293
1.0261223,1.5840161,-1.0789499,1.4060975,1.0495602,-1.0897108,0.77132064,-0.15558618,-0.17579077,0.19315411,0.9400648,0.27567157,-0.20956807,0.3128273,2.658225,-0.16339275,2.659545,-0.0026540263,0.9840463,1.2142254,-0.14794643,-0.18338042,0.09301963,-0.7421312,-0.33498198,0.0453361,-0.7749083,0.5584418,-0.8822662,1.7027591,-0.31410807,-0.36412436,1.1582304,-0.9791116,-1.0621053,1.1055928,-1.1172092,-0.93853587,0.45620283,-1.4788765,-1.3383166,-1.166949,-0.5353886,0.87217045,-1.0197996,1.9551061,0.5732424,1.2467961,1.2652661,1.1061999
0.021511884,0.7327527,-0.8602597,-0.017721606,-0.052337423,2.0143018,-0.3875694,-0.68715584,-0.8512423,0.41349125,-0.432451,0.58477575,-0.36299863,-0.010264635,0.8621954,-0.8950239,-0.0691678,1.7436799,-0.8781354,0.94845885,-0.07837403,0.90677136,-0.6754899,0.4635628,0.4014655,-0.960018,0.48431203,0.22406039,1.7513226,0.3277,-1.4199606,1.3371602,0.041156266,0.21543552,0.16660307,2.1052575,0.8621359,0.019376134,-1.3316352,0.67346406,0.86749,0.21957554,2.2469149,1.471297,-1.6515696,0.46893612,-2.095995,0.794746,0.0099233575,-0.012803555
1.1896778,-0.8876146,-0.13903467,0.70922196,-0.54174966,-0.42073298,-0.16190684,-0.10995076,-0.6996216,-1.1287578,-0.35629824,-0.37594903,1.527037,-0.018278489,-0.13190524,-0.14205256,-1.4836553,1.1045575,-0.25787795,-0.30899316,0.29766852,1.5569075,0.81725574,0.17867877,2.3359199,-0.709332,-0.389993,-1.523675,-0.21261936,0.22667563,-1.3043535,0.5295184,0.8060045,-0.61269486,-0.0004382604,1.4293182,-0.3460928,0.13979709,-0.9064883,0.16259971,-0.459611,1.0308497,1.7188264,-0.43492556,1.0986048,0.93532026,0.6457974,0.03036682,0.6748289,-1.015139
-0.9006637,0.76678574,1.0626615,0.48490253,0.53494906,-0.5642734,-1.4414378,-0.46911335,0.0668596,1.0505531,1.2332551,0.5389522,-0.7206964,1.013427,1.357152,-0.0741127,-1.2936798,-0.90913296,0.7119988,-0.36181036,0.39582598,-0.16137668,-0.30777383,-0.7980776,-0.49113593,-0.8823052,0.6388396,-0.7058611,0.28623006,0.40690187,-0.96862483,-0.14495336,-0.28681475,0.16711526,-0.29128507,0.091016956,1.5063145,0.6395864,0.3946641,-0.5309561,-1.1666001,1.4524249,0.15016364,1.7981709,1.1091596,0.8987868,-0.3591302,-0.64358246,1.4420804,0.3627106
-0.80138266,-0.43206528,0.31943893,0.46046335,-0.66050184,0.2535186,-0.18591426,-0.33773294,1.3593354,0.43535817,-1.0459344,0.5469361,1.1745102,0.63748986,1.1664598,2.0222452,0.014270823,-0.866453,-0.3485798,-0.19111182,-0.05611619,-2.0532386,-0.07614564,0.20516741,-1.3091199,-0.6265939,-0.6461249,-1.0224015,0.42441472,-1.281759,0.44335714,-0.88069737,1.0605884,1.194938,0.974102,-1.7685288,1.457891,0.05281168,-0.32786414,-0.15184624,-0.13843057,-0.72140855,1.6488429,-0.16019073,-1.2947042,-1.9548618,-0.50298214,-1.7682298,-1.3200326,0.4388308
-0.1280146,1.0056691,-0.69599676,0.8904251,0.9400466,2.2305503,0.5918419,-0.6179644,-0.51481664,-1.2708055,-1.4347458,-0.399281,-0.8512106,1.1112039,-0.34518105,1.9892397,-1.2296253,-0.17547023,0.62196547,0.265943,0.36451337,-1.7826238,1.3005629,1.1258502,-0.3786079,-0.7222028,-1.4293431,0.20896542,-1.4009537,-0.0009384525,-0.7126911,-0.9727875,0.20232587,-1.0516584,0.23222268,0.6053171,1.4058386,0.95526004,1.024908,-1.2305155,-1.7837943,-0.31236622,1.0993447,-0.46228355,-0.74245083,0.064298466,1.192685,-0.89022297,-0.3668521,-0.5645309
2.3395739,1.1996537,0.20919609,-0.89396536,-0.15490983,0.23081614,0.26119062,-0.52442926,0.15680139,-1.4070733,-0.22233735,-0.4079394,1.2898774,0.21050778,-0.22398938,-0.43076238,0.1437823,0.13390617,1.10088,-0.37910038,0.20606187,-0.70251065,-3.0382566,-0.23062116,0.18197928,2.6401627,-1.2950453,-0.2813283,-0.7558974,1.5718691,1.9313369,0.8589727,-0.70386535,-0.49219054,-0.80571955,-0.9488355,-0.5349089,0.46299818,-0.14819993,0.6062189,-0.5430749,0.022330252,-0.7785019,-2.0436964,-0.2246843,0.0074585127,-0.5078693,1.0880998,-0.8009225,-0.31000495
-0.5613286,0.8399078,-1.29324,-1.2082777,-0.42922196,0.117231004,0.9179727,-1.1013569,-1.1618031,0.23104423,-0.6714282,-0.8077355,-1.4015802,1.0955826,1.8794671,-0.08319762,-0.15763801,-0.5446243,1.2806741,1.3677527,-0.6494549,-0.047884587,1.0721503,1.0072341,-0.74715763,1.6019334,-1.9795579,-1.5046724,0.82963836,-0.53062415,-0.86835456,-0.23543632,-0.48901775,0.699932,-1.9205896,0.68824726,-0.018013319,-0.7801026,0.6130985,-0.4122869,0.51407814,0.25175142,-0.43714613,-1.1311841,-0.7303443,0.14220816,0.14740331,-1.054505,0.40767443,-0.65329945
0.36389133,-1.3389521,-0.48249304,0.5780595,0.92271876,-0.7288913,0.50892496,0.37088752,0.8467225,-1.9179385,0.9613029,-0.39478317,0.2302537,0.8571385,-2.402913,0.21331796,-0.5712666,-0.74770516,-1.6415454,1.5401129,0.985381,0.5850264,0.01392761,0.58935183,0.5324588,0.43230107,-0.51406854,-0.223752,-2.1647253,-1.0287222,-1.1265762,-1.8074462,1.7171695,1.0773358,-1.8721801,0.8385549,0.51933336,-0.9692635,-1.3755969,-0.3228185,-1.1112877,-0.40258253,0.14694539,-1.0774734,1.35425,1.5207818,-0.38318297,-2.2907689,0.04870234,0.30463716
-0.8272631,-0.8809073,0.3848731,-0.24177861,-0.36036858,-1.1128612,0.9698636,-0.41045764,0.28188682,2.2509856,0.6515455,0.3194298,-1.0358611,-0.4843668,-0.28322914,0.6691667,0.45027432,-1.2921616,-0.484631,0.046872266,0.20083904,1.7012528,-0.7844216,0.7594825,-1.8882415,2.304355,0.11328034,0.86040896,-1.8056899,0.84568304,0.95057017,1.4109634,-0.7321864,-1.5563248,0.3957289,-0.03761404,-0.12258529,-1.2342085,-0.038709737,2.3615065,-0.26158932,1.2041216,1.0321113,1.770477,-0.92800564,-0.22388317,1.4782621,0.27160814,-0.2643354,1.4085561
0.5127679,-0.026853831,0.8533836,0.42480782,-0.56613874,0.763851,0.7868584,-1.0087992,-1.7705472,-1.0675858,1.3298804,1.5658934,1.3042047,0.41037658,1.0393177,0.20618889,-1.2651324,-1.8706166,-0.4945531,0.711132,-1.7422924,-2.3733046,-0.91898876,-0.10020283,-0.8090243,-1.3989023,-0.6626331,-0.10032253,0.20404732,-1.2958567,0.74469787,0.30757493,-0.07769491,-1.1641257,-0.0954897,-0.6073004,1.5145692,0.06772848,-0.9714823,0.36773118,1.0683882,0.43509936,-1.5980176,-0.7297168,-0.5531597,-0.91308886,1.1805868,-0.017934093,0.5472343,0.5011894
-1.6691862,-0.56307614,-1.1558014,-1.0646878,0.898105,-1.5052388,0.78825617,-0.84760725,0.8785228,-2.3564262,0.45326328,-3.274398,1.3801584,1.6814468,-0.20021483,-1.155701,0.37158638,1.293197,-1.0627108,-1.4777688,-0.6643953,2.579576,-0.88256466,0.6143843,-0.064914875,-0.4925585,-1.4549385,-1.1591443,1.5132134,-0.22647999,-0.5240461,1.2222582,0.9212665,-1.2404149,-0.79629177,1.6487206,-0.48967633,1.4873768,0.77333206,0.72111416,0.10884862,0.4942848,1.7139032,-0.043237943,-0.6006262,-0.37484285,1.7020932,-0.8824525,-0.9315938,-0.44655985
-0.26563093,0.31183532,0.9014658,-0.6714922,-1.0184025,0.30413347,-0.3596793,-0.47297695,-0.18068796,-0.7878797,-1.6265128,1.1800328,1.3413641,-0.70517755,1.3234633,0.12198463,1.113122,1.1343962,-1.3154484,0.039979395,-0.411985,0.12516218,2.0909438,-1.415855,-0.062377196,0.7559072,-0.37334496,-0.86384994,0.540777,-0.28200543,0.24551372,0.48721114,-0.011662807,0.965936,-0.024597656,1.6328532,-1.4966936,0.88407034,-1.1348486,-0.24058291,-0.09512633,-0.77258486,1.1506689,5.7618014e-05,-0.050336387,-0.13560627,0.042440843,-0.7372865,-1.0161569,1.7856565
-0.64505446,0.4776752,1.8717418,-1.34021,-1.4197338,-0.51432323,-0.020551348,0.18834095,-1.2472367,0.5940073,-0.89632094,0.9386378,-0.07260753,0.18009886,-0.41411212,0.20215853,-1.4162929,0.7603657,-0.48471308,0.45167089,-2.1808867,0.54212415,-1.0440558,-0.9995556,0.091339186,1.2168994,1.9110553,-0.42883483,-1.6972034,-0.24158247,2.3861978,1.5530583,-1.7181035,0.70948,-0.52278394,-0.5752648,0.4566457,-0.9092113,0.041599,-0.5312293,-1.6590044,2.0242774,-2.4163496,-1.200305,0.47080734,-0.56964546,-0.19004056,-1.2320958,2.5439527,-0.09938272
0.17746022,-1.7594118,-0.69575775,-0.16123538,0.29855633,-0.8999629,-0.11372677,-0.55433565,0.665132,0.44138595,-0.4720598,-0.5024016,1.6584293,-0.7524105,-1.432303,1.0630047,-0.98476,1.547183,-0.0391209,-0.2525578,0.35565802,-0.59755766,-1.1702628,-2.1148632,1.7293612,0.58301145,-0.06833969,-0.119995,-1.1418645,0.07155244,0.26991588,1.0794722,-1.1191936,1.4636158,1.1979407,0.40706673,-0.016584132,-0.5345254,0.62577564,-0.8532372,0.6293965,0.5428893,-0.4700694,0.031160885,-3.2579732,0.9880544,1.0356256,0.79573864,0.95314604,-0.17587347
0.96895444,0.026963536,0.38383925,0.56443894,0.70327306,0.29403344,-0.18213011,-0.114166744,-0.021347879,-0.5955118,1.1689578,1.2018341,0.15292244,0.28934985,1.1560047,-0.9452474,0.9037237,-1.6904714,-0.44045988,0.6679178,0.23647699,0.124576606,-0.20422979,-1.011073,0.038065597,1.1391442,0.9291181,1.8176962,0.18332863,0.79290336,-1.4065399,1.4909906,-1.2072197,-0.66272676,-0.47964904,-0.38337725,0.335352,0.5575686,0.7036003,-1.3625925,0.3100154,-1.0182279,-1.0021172,-0.4753014,-0.8434053,-0.934751,0.23742618,-0.39991042,-0.6006451,0.50580484
-0.730646,0.7267808,1.2577091,-1.5608401,-1.1251585,0.47151133,0.17263892,1.6913798,0.09296942,1.7063597,-1.4137911,0.798532,0.23984644,0.6773183,0.88396853,-1.638735,-0.2565988,0.3748603,-1.3332402,-0.15400448,-2.1128151,-1.2244567,-1.8162626,0.2947132,-0.9016249,-0.7145813,-1.2923168,-0.6975799,0.6375626,1.5921386,-0.062906496,-0.04240936,-0.038011737,1.3668729,0.44657555,-0.5897045,1.1429782,-0.16228946,0.019838268,0.7136186,0.9593998,-1.7510921,-0.72897464,-0.7967518,0.09540494,-0.11927829,1.0054009,0.7407897,-1.9174417,-0.05983923
0.5454,0.022355799,1.796373,1.1969429,0.10040256,-0.19079252,1.4986843,0.19614755,-0.616902,0.95548457,0.3888772,-0.16383071,0.91706836,-0.58389527,-0.13971615,-0.2222835,-1.3419083,1.5865196,-0.7370114,-0.904462,-0.5074715,1.602812,-0.77285737,1.0420489,-0.81368816,1.3220599,0.08898455,0.8551155,-0.056812976,0.3939258,-2.2067797,0.39813513,-0.34212637,0.57238835,0.82778883,-1.195928,-0.52758807,-1.325835,-0.54681593,-0.106741704,-0.89735836,-0.3637743,-0.04934115,-0.09966481,1.6491721,0.43966815,-0.15579814,-0.3828891,-0.05798059,-0.2294154
0.58029634,-0.73104477,-0.11081298,0.9462275,0.37891075,-0.76206756,-1.9023689,1.5393354,-0.62672704,-1.0894403,0.09332253,0.093171045,-0.06610256,1.3356204,1.1082147,1.4373882,-0.08577426,0.6062833,0.05528686,0.13965687,1.6208646,0.76326555,-0.71334636,-0.74489516,-0.4786454,0.7540508,0.08907331,-0.61068064,-0.46825457,-1.2740276,1.1706079,-2.2838645,0.8888222,1.5049057,-1.8209546,-0.0006908525,-0.9686364,-0.9447183,-1.1913716,-0.2718869,2.105049,1.4345969,0.14366527,0.63446873,0.71143657,1.3214601,1.580035,-0.56748277,-0.15761621,0.12339606
0.3124453,-0.27361068,0.23484932,-2.1093023,0.31450295,0.0029095232,0.32045418,-0.3192145,-1.8304682,0.8883671,-0.19988222,-0.43468803,-0.7175351,-1.134898,1.7421361,0.9379273,0.2803178,0.36310545,0.116294876,1.155183,2.193489,0.65213823,0.22665708,-1.2421348,0.54279524,-0.10745244,0.6421785,0.13917509,-0.6917932,0.057312477,1.3289454,-0.69348824,1.7764783,-0.40121,-0.06548537,-0.98362166,0.025347201,0.41894385,-0.26077622,0.8103546,-0.87880117,-0.7446311,1.1374764,-0.73918617,-0.84324586,-0.26014885,0.5257153,-0.74747133,0.084568,1.0730007
-0.45947933,-0.08926364,-2.675851,1.9543102,0.8992585,1.6168638,0.7307204,0.58124316,0.78092426,0.79867345,-0.08819236,1.5497212,-1.1574639,1.8093872,-0.121306606,0.1745898,0.60764706,0.16937032,0.4104924,-0.70104665,-1.9421718,-0.2299188,1.8692951,-0.2768504,-1.5395777,-1.1704761,1.0055919,-0.030388702,0.54789,0.28633845,1.0116305,-0.24478742,0.13440073,1.8727152,0.45376718,-0.028794985,1.1337672,2.0619185,-0.7902961,1.1491686,1.6730733,-0.62415695,-1.421888,1.5413351,-0.649514,-0.1562458,-0.55001116,-0.51029354,-1.4508059,-1.1802653
0.07666265,-0.6029016,0.4782972,-0.33404416,-1.1850288,-0.994878,-0.04572037,0.31819367,1.6644983,-0.045301016,-1.3071998,-1.3397889,-0.6388441,-2.0218334,-0.40183222,-0.018297376,-0.61000836,0.44158992,-0.2537405,-0.67506,1.0174446,1.1767843,0.23910987,-1.92713,-0.04757267,0.30204493,0.20432216,0.02091405,1.6292362,0.6152939,-1.5798125,-1.2155006,-0.1054826,0.07792493,-0.6300927,0.64810824,0.05319094,1.6762568,-1.7851571,-0.681026,0.13152355,-0.32653004,-0.42151174,0.54999423,0.062418286,-0.07236471,-0.86946326,0.5491633,0.8535514,0.15215479
0.9171615,0.82442904,2.5094748,-0.14841823,0.63772476,-0.14364703,1.2079303,-0.9272574,1.794228,1.4944667,-0.46407217,-0.1728501,-1.4940392,-0.58019143,0.6000506,-0.53393006,-0.10108336,-0.5978572,0.23823021,-1.5950315,1.1529461,1.3281872,0.8237699,-0.942609,-1.142747,0.7850215,0.6358349,0.8122104,0.6937745,-0.6619149,-0.2574181,-1.2482806,-0.16700937,-2.0103261,-0.21969852,0.3979426,-0.95138437,-0.057131205,-0.19436416,1.8589158,1.1927893,-0.56034493,2.590444,-0.37393788,0.70095176,-1.5426915,-1.2041689,0.79805815,0.568701,1.0950346
-1.0562382,2.0181382,0.9108608,-0.14892316,0.5984069,-1.046739,0.36912915,0.26904893,-0.98928326,1.8144476,0.008996688,1.2838062,-0.57598865,-0.10180892,-0.7785413,-0.6698888,-0.49764284,-0.68479896,0.23368591,-1.0734488,-0.21431106,-0.28414732,0.07650145,0.3359926,0.08531118,0.075829096,-0.7466991,1.0354723,-0.25395903,1.8777177,0.5089917,-0.09507619,1.0667695,-0.613884,0.49017328,1.0176508,0.7134387,-1.290927,-1.8070253,-1.1372129,0.82152617,0.667335,1.1759363,1.2542152,3.5814686,0.592241,-1.2257488,-0.9943997,-0.8559005,-1.7641345
-0.3556723,-0.7585961,0.7179136,-0.73524904,-1.6138841,0.55872965,-0.45310265,1.046391,-1.2651578,1.0142066,-0.5893543,-0.07186367,-0.5270893,-1.2549262,0.08461192,2.2935097,0.8933921,-0.48783734,-1.3665756,2.0078368,1.0775287,1.7799816,-0.56671894,0.79929686,0.92117816,0.6316871,1.4573729,0.2607017,-0.8257192,0.71192837,-0.8149209,0.69228333,-0.18992807,0.8548561,0.5249896,-0.46381313,0.50733924,-0.33902082,0.08039869,-1.9859947,1.2060845,1.0067431,2.648707,-0.012233626,-1.6554924,0.8005407,-1.104743,-0.92881566,0.1375874,0.5721856
1.3585081,1.0723106,0.8260358,0.41877052,-0.3226936,-1.4926516,0.30633026,0.4169585,1.0498438,-0.8117827,-0.051123086,1.0846211,-0.09569562,-1.8139384,-0.6112278,0.44768426,0.40494275,1.1303636,-0.26807058,-0.09565781,0.76313037,-0.51860815,0.93999517,0.7712011,0.47879326,-0.5523465,0.31562364,-0.66140515,-0.57446074,1.0233896,-0.9050478,-0.36912364,1.3450474,-1.0913067,-0.3296814,-0.039113488,0.40098652,0.6123724,-0.14232793,-0.42243955,-1.2381141,-0.43547687,-0.031996403,0.68071425,0.7891345,0.78144866,-0.30723163,-1.7291628,-1.3544341,1.568434
2.3295648,0.32689714,-0.10727267,0.6313665,-0.20103021,1.1680473,-0.3935579,0.2575789,0.65252686,0.7179416,0.72177505,1.1592484,2.1876986,0.78577393,-0.15591812,-1.1985162,0.014750892,-0.108356856,1.1841985,-0.77774704,-0.2945439,0.12527406,-0.85888994,-1.7619585,0.2740397,0.06708055,1.2064264,-1.04079,1.0077457,1.015994,0.6052735,-0.037450198,-1.0985384,-0.9502771,-0.36145043,0.57576525,0.08285461,1.4723676,1.071474,-0.7345782,0.30110005,-0.2604109,-1.5146836,-0.41655198,0.14585057,0.70141584,-0.47578838,-0.4827221,0.59143287,0.6355109
0.9249296,-0.19456242,0.4326626,-0.58393383,-1.9769243,0.2860829,-0.97383267,-0.04311717,0.42433256,0.916548,1.1293968,-0.18996933,-1.099685,1.6666133,1.0205479,1.1645814,1.3645058,-2.6771963,1.3068266,-0.7467826,-2.4051888,0.027202561,-0.5548479,-3.333378,0.7192815,-0.43061197,-0.6694819,-0.43105325,-0.72564644,-1.6434816,1.7429731,-0.8284392,1.2288092,0.46222565,-1.5554821,1.1852939,0.3467133,0.8906152,-1.6594633,0.20658253,0.1035885,0.074764326,1.8538783,-1.7963957,0.06426609,0.28272682,1.2560678,-0.39544415,0.58246666,0.07409346
0.27442726,-0.97067493,0.24767613,-0.46500114,-0.9126473,1.1773813,-0.16226606,-0.009536565,0.80714065,0.51422274,-0.24765596,0.2642866,-0.78047335,0.057439055,-0.09501218,-1.6493819,1.2117894,0.22636047,-0.15740922,0.2660018,-0.012001086,1.4324536,-1.5952051,0.3969149,-0.6142104,-0.12894107,0.09637162,0.1701337,0.104604386,0.18095799,-0.6064618,0.4148858,0.67749524,-0.83932954,-0.8423532,0.41385517,-0.050754722,-0.15132526,1.9838344,1.1799177,-0.45224592,-0.5982687,0.51122856,-1.3834138,0.446835,-0.2248702,-1.0198262,-0.81826705,0.38442767,1.8407876
0.6477361,0.49058932,-1.8336866,0.6193073,-0.6154074,-0.7828243,-0.5638263,-0.060406987,0.7340887,1.9723669,-0.090446346,1.024465,-0.0057582487,-0.10607573,1.0731761,-0.88936144,-1.1513873,1.2213461,0.45263532,0.9873623,0.92440426,-1.7859474,0.888385,-0.6418577,-0.34427178,-1.015362,0.868162,3.7547245,-0.11791953,3.2676694,1.7367411,0.39878085,1.046232,-2.5092661,-1.8258467,0.9108597,0.27359205,-0.63250285,0.6522198,0.32060426,0.68890953,-1.3206062,-0.49722224,-0.8845145,0.46195596,0.8182611,0.57704854,-0.647947,0.0022774034,2.157521
0.50889736,-0.43945256,-0.8147855,2.3590138,0.45039046,-0.34512004,0.11115963,-0.44427484,1.4931327,0.18992683,-0.54697335,-0.10704228,0.55160856,-0.26039633,1.8323036,1.3017673,1.2936987,0.84558535,0.19904122,1.0699487,-0.7018056,2.3674536,-0.26693428,0.82215834,0.63300174,0.6050574,-0.2358918,-0.45719427,-0.52300215,0.23319055,-0.40130967,-1.1415514,0.49572426,1.5798349,0.67555904,0.45102152,-0.6829196,0.06704916,-0.62317026,0.80437183,-0.7292439,-0.18884243,-0.03280269,0.577523,-0.35036772,-1.2374442,0.8293985,-1.1040417,0.5365734,0.22246623
2.6015654,0.38459703,0.8591901,-0.3315163,0.07888086,-1.1375375,-1.1718239,-1.2300829,0.57981914,-1.745089,-2.0470228,0.8391992,0.45084772,0.7291601,-0.63258773,-0.37983075,-0.14673552,-0.4527831,-0.4918537,0.7615941,-1.5076798,-1.5648197,-0.30624115,-0.45847234,-0.38746026,0.28059188,1.4044229,0.73464066,0.36817843,0.071609996,0.2731902,0.91059875,-0.85717106,-1.8920487,-0.39046028,-0.404868,0.18517618,-1.3972332,2.373232,-0.020922713,-0.04007672,0.43716624,-0.33548048,0.38980848,0.8162708,0.8161237,0.32605287,-0.2853382,-0.8202411,0.21996291
-2.1862462,-0.8961749,-0.47411123,-1.2755247,-1.8835993,1.137364,-0.78776556,-1.6194406,-0.81631863,0.3406877,-2.3902926,-1.2599807,-1.307424,-0.034187973,-1.143837,1.1285896,-2.752158,-0.27562156,0.36444378,1.0982183,0.21920753,0.9967941,-0.88152295,1.3367822,-0.42731193,-1.3697634,0.9569281,-0.355433,0.0035323803,-0.32157597,0.89311105,-1.4934555,0.18780656,1.6317197,-2.7255185,-0.13511528,-1.4760643,0.28731012,-0.34112814,0.6120362,0.51113766,0.28452468,1.3069117,-0.3900939,-1.6190811,0.78961736,-1.3031405,-0.6350401,0.4547801,0.19411993
-0.2775523,-0.031280063,0.6662413,1.866412,0.54273796,-1.0012248,-0.64598376,0.5502626,0.7582676,0.18315144,-0.24897271,-0.69577324,0.7138793,-0.5793915,0.6394819,0.4236383,-2.2093303,-0.44832587,1.5359722,1.1252251,0.7662142,-0.32518914,0.45626694,0.6676678,0.50493574,1.6021947,-1.0176722,-0.7361263,1.3403419,1.3838569,0.6553107,-0.5811234,0.4322214,-0.4367968,-0.62921643,0.6237294,-0.1654772,0.6095786,0.11316661,0.20380737,-0.4782942,1.1568577,-1.5181316,1.1185017,0.46656233,0.034289747,0.5715237,0.90513325,0.3973763,0.45868286
1.5762068,0.61313796,-0.54449254,-0.8229114,1.4006343,0.17637883,-0.28267652,-0.7733543,-0.39743403,-0.50945514,0.8032004,-0.66041744,0.7908171,0.3858496,0.030043012,-0.8324877,-1.1968981,0.26661572,1.339622,0.7541818,-1.0630288,-0.6647197,-0.1901997,-0.17505626,-0.11142672,-0.00131783,-1.0212266,-0.2482025,0.9278732,-0.74718696,-0.659021,-0.7918163,-0.880767,-0.3133952,0.20904456,-0.16488075,0.7163562,1.0644735,-1.5872617,0.15826657,-1.2944111,-0.8909734,1.9409186,-0.05881444,1.5375527,-0.4437587,-0.26714194,0.045399696,-0.40009916,-1.4914175
-0.3308145,0.46049255,0.43457514,-1.544286,0.30767936,0.14659369,-1.0350416,1.3424388,-2.2731905,0.18026835,0.750908,-0.39430943,-0.65337914,-0.25929776,0.30593804,0.1495377,2.3397775,-0.7302613,-0.009209966,-0.47189918,0.4805915,0.95868355,0.17838836,0.9483075,-0.23148575,0.43552992,0.17852536,1.0548959,0.92377114,0.35031033,-0.88610625,0.25510395,0.10898477,0.84311795,-0.3504027,-0.28852195,-1.9780515,0.39912114,0.56480783,1.0479712,-0.36111668,-0.021938322,-0.07378617,-0.1583323,0.58482146,1.0414621,-0.17445295,-0.18394226,0.021760767,-0.27104956
0.9489997,0.22935028,-0.78253806,-0.98562175,-0.76026976,-0.23140752,-0.19163138,2.473826,0.571987,0.2762694,0.5708335,-1.0900197,-0.37665313,0.7199892,-0.39713484,1.12644,0.6133285,-0.007760503,0.053774506,-0.19578259,0.436477,-1.0636784,-0.06767177,-0.766434,1.3916001,-0.46090674,-0.4997085,-0.41943103,-0.09383455,-0.9973116,0.24957876,0.52532744,0.1586539,0.08098838,0.55179,1.2719737,-0.58256584,-0.5081001,0.18805008,0.4574966,-0.018096361,0.33654058,-0.519025,0.19260171,-0.19477211,-1.5577767,-0.06146553,0.12171369,-0.3829876,-0.2094286
-0.46401665,-1.3907367,-0.043179654,0.9442436,-0.47639418,-0.18500711,0.66400725,-1.1461053,0.3338819,1.5655428,1.4153728,-0.91523856,0.54106146,-0.9597975,-0.5451812,-1.4363959,0.9217489,0.4160602,2.2747905,0.23781255,-0.46928054,-0.10266239,-0.48567355,-1.9961798,0.11546661,0.33056074,1.959783,-1.0545889,-0.79758537,0.69908464,0.3893438,-0.067137964,0.109568596,0.31224853,0.26122656,0.08122135,-0.15577622,0.9191337,1.4538682,-0.3058582,-0.24959034,0.03628035,-0.14435707,-1.7028805,-0.7457123,1.8920093,-0.4707058,-0.20159335,1.0090613,0.25625023
0.18162036,0.13684776,0.52123404,1.0255849,-0.9840254,-1.0449902,-0.61341065,0.6101825,0.35256717,-0.94313914,-0.04691863,2.428407,1.6467575,-0.16836567,0.39527315,-0.34048218,-0.8280821,0.18049204,1.6759484,2.1157577,0.15935518,1.761921,1.3937985,0.13230437,-0.44494584,-0.94392794,0.1489833,-1.457757,-2.0480714,0.86115336,-1.2277128,-1.4553262,0.45243654,1.0131851,2.1111965,0.062161278,0.3979832,-1.1352203,1.8375233,1.4264653,-1.4496019,-0.3794482,1.8277662,1.3655864,-0.24337018,0.43944427,-0.661576,-2.493923,2.0787935,-0.49298388
-1.0086583,1.0751879,0.2142624,1.6369472,0.35584417,2.3750842,-0.55989265,0.13376363,0.06399129,-0.27495688,0.6491071,-0.6618486,-1.4726667,0.09550175,-1.0152555,-0.938026,1.0562437,0.23811844,-0.103869334,0.8253028,-0.23566835,0.49324155,1.7357744,0.4906074,-0.09109782,-1.0244164,-0.25766456,-0.37061113,1.6649944,-0.8786011,0.5802682,-0.6578485,0.12121541,-0.89850444,0.56184995,-1.187337,0.5562469,-0.8507318,-2.2713783,-0.01708402,1.347501,0.6406357,-0.3537437,0.16894522,-0.18613297,-0.72435653,-1.1144022,1.0184875,0.49677393,0.8147092
0.5768477,1.4187233,0.000595982,1.3987885,-0.55153185,-0.40884176,-0.42821047,0.61110955,1.3198826,0.4009212,2.0094798,0.14952902,0.6094122,1.0004258,-0.5151014,-0.10903766,1.4284143,0.14636515,-0.9415344,-0.22475989,0.85705066,-0.2915629,-0.7091301,-0.62911296,-0.5093936,0.45787206,-1.125188,-0.8098613,1.4816543,0.8352819,-0.75860447,-0.49729964,1.2427208,-0.31137422,0.6195744,0.20463544,-0.09240845,-0.47728363,-2.0703013,-0.0895339,-0.16431451,0.7201351,1.1481253,-2.6565156,-0.7978764,0.8571274,-0.92778736,-0.71089834,1.9025328,1.0494101
-0.68219525,-1.0157137,-0.2855604,1.1040927,1.3487945,0.5103835,0.9143616,-0.5854286,-0.99940526,-0.63656443,-1.1779934,0.057022993,-1.0945306,0.64117414,0.21985002,-0.551055,-0.93352,-1.1327466,-0.20591605,-0.9977344,0.21396272,0.54397845,0.5696494,1.5771044,1.1676828,-0.5324365,-2.0961668,-0.1140126,0.16204001,-0.036127426,-0.27301323,-0.07106043,0.52609485,2.3512328,-1.3647336,0.0711283,0.7638963,-1.1154078,0.49816906,2.170847,0.25264373,0.73903733,0.141008,-1.686618,2.4947107,1.0922021,-0.4082024,0.42018503,-0.12727268,0.66124797
-0.112190396,-0.2198554,-0.0013455491,1.6183362,0.3010142,0.116525955,1.3827153,-1.2153318,-0.4279738,0.6890306,-0.3426488,1.4821881,-0.57851607,0.28788617,-0.32649285,-0.16586633,0.44765863,-1.5383945,0.47673586,-1.5308888,0.44491532,1.270657,0.6230871,-0.29200888,-0.6726678,0.26560977,0.17618494,-1.212383,-0.8946051,0.5424167,-1.0962629,0.5854036,0.10175735,0.2934583,-0.0180321,1.9424748,0.6924959,1.1090919,-0.82966566,0.23131295,1.0619853,-0.2160211,-0.46192664,-0.41829625,-2.057884,0.40042183,1.0023632,-0.8493579,-1.3401597,2.3011892
0.8998541,0.50060695,-1.564465,0.56516546,0.3480218,0.43614873,1.2073379,-1.8023845,0.9140878,0.17150305,0.0394856,1.5996426,1.732101,-0.27233997,0.034880098,0.5816757,0.4662991,0.6576118,0.22635065,0.33480757,-1.3871024,0.2106526,-1.7456673,-1.856508,-1.5252762,2.4709065,-1.2684612,2.0876377,-1.2966434,1.1008023,-0.0071154824,0.20356342,0.82980525,-0.9539764,-1.2375374,0.33567214,-1.085965,1.0046486,0.2687808,-0.013958877,-0.27959576,-1.7857821,1.4594055,-1.4637136,-0.2685924,-0.05943697,-2.107442,-1.2975873,0.75601393,0.08253644
2.0598104,-1.9661173,-2.2638955,-0.9864297,0.65505576,1.5076053,0.7157512,-2.4175572,0.05584332,1.4253135,-0.61393136,1.2839794,-0.5894474,0.6103322,-0.65692925,-0.7945663,-0.54445446,-0.1533192,-0.6016615,0.42531806,-1.6988167,1.1457293,1.4629976,-1.7588015,0.8318321,-0.6136884,-0.30142224,0.7707864,1.0793221,-0.9331524,1.0210222,0.020164695,1.1857339,1.8214573,0.7096835,0.7184072,0.07898916,0.61578995,0.025952687,-0.124719046,-1.0830526,0.27230746,-0.64364886,-0.9444626,0.4271221,0.6607533,-0.3243702,-0.76356405,-0.2582097,-0.40036455
-0.5301947,-0.6170723,0.576111,-0.20044251,-0.17360142,-2.220257,-1.1794881,1.4253111,0.3695372,0.20592873,0.25485846,-0.55499256,-0.06843295,-1.0091462,-0.7556577,0.413949,-0.04890581,0.5487408,-1.0201646,0.819468,0.17665572,0.6391788,-0.53415716,-1.3383789,0.031802207,-0.5721688,-1.8942966,0.6175858,0.42537996,-0.27659097,-0.6047272,-0.696903,0.19607067,-0.60728127,0.27080712,1.0625437,-0.9831055,2.246858,0.4528882,0.9160828,-0.26943576,-0.45669594,0.0007489495,0.66269547,0.52545094,0.1540682,-0.0029185289,0.6048787,2.2000537,-0.25983062
0.20258333,-0.25488117,-0.6327149,-0.6532761,-0.8162831,0.5483739,1.2407293,2.1998143,1.957375,1.2313879,0.8381575,1.5629164,-0.30120468,1.781795,-0.31342328,0.82395154,1.6826593,0.7384007,-1.2960472,-1.0466058,-0.8627221,-0.8230127,2.297788,-0.7657292,-0.38965112,0.84276503,0.2218108,0.753712,-1.0411903,0.3832534,1.5820714,0.07985905,0.40910563,0.63113713,-0.4399758,0.81499213,1.2877803,0.12844549,-0.13281135,-0.11999002,0.21499266,0.72389644,-2.21658,0.3007907,0.5169344,2.048143,0.8801162,-0.8670817,0.25959793,0.36447614
-0.4732623,-1.3894444,0.0036663983,-3.1151257,0.22854477,-2.1399093,0.8237224,1.8189477,-0.37234095,-0.9509258,0.1128941,-0.62432027,-1.0133647,-0.22169374,-0.23430856,1.2814912,0.722769,0.3785933,-0.2132012,0.9300818,0.9638087,-0.6223428,-1.1059233,0.012065405,0.021175638,-1.2131267,0.18418989,0.9737256,0.83108747,1.5866402,-0.47923163,-0.63566023,1.5700897,0.40633067,0.38060692,-0.37404338,0.23782136,-0.9541766,1.5630761,-0.6237187,1.4660069,-0.07820466,-2.195842,-0.3635313,0.3131267,-0.27570415,-2.5848546,0.05771006,-0.78955317,-0.91070426
-0.400297,-0.50023586,-0.4868792,-0.8250878,1.6681712,-0.25797418,-2.1065996,-0.49260306,1.0799125,1.3079774,-0.47690222,-0.43582255,-0.7180819,0.1581115,-0.7155799,-0.8329604,2.1788788,0.5858527,-1.2482936,-0.87955666,-1.8816853,-1.7998261,0.041592453,-1.3104244,-1.723819,-1.956492,0.1750954,-0.516314,-0.6146552,-1.3777063,-1.2399285,0.3059267,0.4270767,0.69016373,0.19143939,-0.3142857,1.0837026,-0.98466164,1.06298,0.79898554,-0.33669883,-0.91564775,-0.97609925,1.2186419,-2.0279388,0.75624406,2.2067525,0.71462625,0.017785668,0.74112743
2.6109407,0.06255019,1.3369892,2.5263827,-0.47421572,-0.58434886,0.03632885,0.97703934,0.8593447,-0.027806485,0.69310683,-0.6018053,0.27651948,0.33979067,-0.64489305,-0.121796824,-0.7666063,0.9297449,-1.4040931,-1.4514717,-0.028575175,1.1807451,-0.01666483,-0.77669996,-0.53605705,0.89313143,-0.9026976,-0.6482787,-0.25535193,1.1030829,0.12477465,-0.032825395,0.43035877,-0.83526194,0.6764772,-0.5882471,-0.75265235,1.3412563,-0.1487391,-1.1120225,0.20266227,1.0893332,-0.73312044,0.23727426,-0.43974984,0.89880776,-2.2735898,0.28088275,0.23503008,-0.93901706
-0.5353404,-0.06911472,1.0652847,-0.52760357,-2.6662428,-1.1315817,-1.2867795,0.23398107,0.2331075,1.1812453,1.0910637,0.69452834,0.04105156,-1.2835453,0.029789668,0.21925789,-0.6471306,-1.5300534,0.4279407,-0.30819264,-0.27847406,-0.6360378,0.3849538,0.036013603,-0.64762807,0.4435947,-0.8850733,-0.5155371,-0.58334696,-0.39655527,0.82783324,-0.047458366,-1.8738225,-0.028134242,-2.1400757,0.41784564,-0.04935758,-1.2243016,1.0028905,-0.0395112,-0.23748249,0.57876444,1.029075,0.34972155,-0.81468487,0.40711552,0.07656009,0.612955,-1.1123214,-0.5450647
-0.58294135,0.7671437,-0.1765146,0.10836604,0.34440014,1.2569112,1.0933173,-0.3345681,1.4468901,-0.14048511,-0.015351872,0.6648357,0.8267741,-1.4200201,-1.5769632,0.28789768,0.8420382,-0.3624554,0.4812982,-0.6113013,-0.19179037,-0.07375821,0.3679593,0.33621365,-0.75029397,-0.06586084,1.0473063,-1.754612,-1.1738225,0.12409657,-0.15842503,-1.125502,0.12848681,-0.59610033,0.890369,-0.7165929,0.37996113,0.40073317,1.1117475,0.384667,0.4479072,1.1927843,-0.6916329,-0.692097,0.02271962,1.4746411,-1.3389468,-0.23790488,-0.5014981,0.14882271
-1.1890284,0.030537259,0.50381166,-0.12673543,-0.22267108,-0.18460125,-0.07107674,0.7907474,-0.6676587,-0.43470556,1.2037987,0.35758927,-0.06924169,0.014882844,0.019621631,-0.5167493,1.5416797,1.3957598,-0.033851884,-0.19580933,-1.1968359,0.07706561,0.11206114,-0.98579764,0.850585,1.8053422,-0.26566583,1.5776521,1.5428258,0.8893628,-0.53703547,0.21238676,-0.53922325,0.6046736,1.5960013,-1.2589818,0.23428239,0.46560067,1.9259691,1.0401297,0.64498425,1.928741,1.5476234,-0.44772264,0.26472616,-0.2827934,-0.27248,1.7681538,0.06033613,-0.3290427
0.51105595,-1.2486988,-0.53993815,0.33854362,0.4214712,-0.07761809,-0.5629243,0.15568928,0.34346774,-0.27953228,1.5649642,-0.7176593,-1.6886355,-0.954686,-1.516601,-0.8645971,-0.73902684,-1.082969,0.62360114,0.2523705,-1.7918673,-0.8737663,-0.37396124,0.40295798,-0.4962019,-0.95934826,0.054809198,2.1914048,-1.7284899,1.0531745,0.77941793,-1.2865949,0.1735973,-0.7555225,1.1757907,0.21023175,-0.3000193,0.26032406,0.6443373,0.35942286,-0.9838931,-0.070645384,0.09154857,0.27340174,0.49946785,0.4835662,0.06291525,-1.1939813,-0.8445033,-0.44974005
-2.872021,-0.3913134,0.7049178,0.40614757,-0.038767144,0.5984823,-0.48852736,0.12451715,-0.8168664,1.4816604,-0.86627716,-0.59560573,-0.64932674,-0.31179264,-0.057687625,2.5388327,-1.8920223,-0.006054055,-1.3556911,0.8025648,0.37096164,-0.92267746,-0.68404394,-1.0703039,-1.1697612,-0.24604626,1.0047648,0.6256085,-1.1072904,0.008431961,-0.33272356,-0.1730681,0.32021445,-2.0126603,-0.33609158,-0.12124459,1.1983738,-0.65285206,0.5975401,-0.5264802,0.7637864,0.50038826,-0.102249496,0.25107902,0.7990251,-1.9725357,1.1865329,-0.36261284,-1.3865093,0.027500002
2.5019817,0.43181038,1.5966897,0.78446376,1.4219223,-0.82822907,-0.7875918,0.7517746,-0.46417964,-0.8341093,0.644953,-0.89283115,0.38995215,0.090263925,-1.2466327,-0.09687403,-0.16421396,-1.0396209,-0.738182,0.85352933,-0.7609797,-1.3680905,0.095622145,0.2460617,-1.4354625,-1.8047967,-1.0425826,-0.94620866,-0.050643228,-1.6914433,0.6125995,-1.2256411,0.82225,-0.96538216,1.5435911,0.024103425,-0.6250323,0.0019095244,-0.26871407,0.16335776,1.422981,0.3768175,-1.7220153,-0.16825734,-1.197357,-1.0850978,0.99705243,-0.50919986,-2.9187496,0.3185743
-2.9915538,0.48608914,-0.04133668,-0.29711413,-0.2822037,-1.664936,-1.728023,1.913167,-0.3626619,1.0496851,-1.877239,-1.2047741,-1.5583601,0.83648163,0.38148686,-0.08751681,1.0671651,-1.2723898,-0.09944714,-0.7406649,0.67643607,0.06817603,2.0090165,-0.832383,0.8727315,1.2229277,-0.17468227,0.57210594,1.4728119,0.44283023,-0.63773185,0.267556,0.66646045,-1.042158,-0.7895802,1.6837056,0.31726965,0.15121545,0.63874465,-0.4144283,2.6517572,-0.7793642,-0.189038,-2.2865863,0.24238141,-2.032333,0.42843702,-0.9770474,1.1518657,0.37464985
0.79836756,-0.9722893,-0.22264272,0.4224876,1.0470233,3.0369675,-0.5380781,0.6600081,-0.047116127,0.12136653,0.014588652,0.2388954,-0.72761935,-1.7624388,-0.76620895,-0.87719125,0.9409329,-0.94008964,0.7262561,-0.16106652,1.3665217,2.1295788,-0.5205945,0.3539795,-0.752042,0.7835812,-0.7096801,1.1067059,0.19847746,-0.38387862,-0.6351089,1.3066489,0.040645335,0.047089666,-0.05860969,0.51770943,1.5315933,-0.0034955912,0.63225275,0.53752416,-0.10521342,-0.19807228,0.8565507,-0.6838313,-0.28240916,-0.8953428,-2.5952313,0.083635084,1.7083044,-0.09880276
-0.52752984,1.2170175,0.45746946,-0.6907694,-2.2000682,-0.77639645,-0.7788225,0.34074283,-0.30665734,-1.7065343,-0.075498074,-0.33729085,1.829428,0.17763987,0.420517,1.309606,-1.4212098,-0.09995664,-0.59253025,-0.9221768,0.69877297,-0.58959544,1.3860012,1.016619,-0.74762034,-1.1167247,-0.4312271,-0.6798772,0.6025276,0.19019777,1.0576371,-0.03480082,1.1928546,-0.79737616,0.2466746,0.74698454,-1.2855947,-0.40720588,1.8773791,1.0987283,-0.21068998,-0.2844856,1.2103789,-0.14423084,0.668817,1.4211876,0.55520576,-0.7047468,-1.3102287,-0.47083646
-0.0057166987,-0.08988577,-1.7918597,0.099113785,-0.2574242,0.10759058,-0.7805378,-0.39987963,-0.6239188,0.36145478,-0.36879152,-1.5857869,-0.043504484,-0.44491673,1.6057376,0.41771495,-0.6404014,0.023992436,1.7616102,0.42388523,-1.5092874,-0.8718997,-0.3681129,-0.18552607,0.40984973,-1.5383673,0.90574753,0.9517542,1.8555391,-0.98502314,0.0076156226,0.63495606,0.6903207,1.1500777,0.7664536,1.3713534,1.1813365,2.1602726,0.73296636,-1.1829545,0.44901043,-0.5777003,-0.3156883,-1.6128087,-0.5207718,0.5092068,0.024172267,0.27379504,1.2498161,-0.5407367
2.0692978,0.18873821,0.7098375,-0.18040156,-0.44467524,0.75673985,-0.8760907,1.5741664,-1.4765297,-0.73614186,2.2850425,-0.021312738,-0.940298,1.0747613,0.09068639,-0.4084038,0.13834932,0.30637333,1.5510947,1.2986213,1.0005558,0.70188475,0.17502564,0.531328,0.8149579,-1.3762492,0.3526257,0.5850578,2.267376,-0.37545958,-0.25273868,-0.119542114,0.40986636,-1.2979411,2.4278557,0.6818505,0.27690655,0.48419657,-0.93786603,-1.418363,2.0016382,0.78071415,0.36994025,-0.7068295,0.9861326,-0.08954956,-1.1283219,-0.6194857,0.93384296,-1.2670201
2.5377584,-0.42243168,1.2010598,-0.17588577,1.2190126,1.3525172,-0.4024248,-0.80331063,-0.594675,0.60961044,0.15208209,-1.730042,-0.841392,1.8211364,-0.9949514,-1.2953992,0.006737959,0.0609891,0.64362174,-0.64698166,-1.1218077,-0.25156242,0.3871617,-0.4620084,1.2404479,-0.07577486,-1.4820825,0.23525128,0.1850224,-0.79970896,-0.08484091,1.2624217,-0.30058056,-0.85100317,-1.0685028,0.90573907,1.2074517,0.08541519,0.25496733,-0.25754708,0.07014879,0.9410514,0.12668374,1.2551688,0.40057504,0.14124073,-0.24680966,0.41008815,0.5582891,0.2785416
-1.5024332,0.34391108,-1.4409242,0.38452837,0.89010435,0.4795664,2.4405901,1.96045,-0.38004977,-1.2379972,-0.5289001,0.8774229,-1.045582,-1.0102348,0.24897043,-0.09130799,-0.91882116,-0.06931136,0.98958933,0.2848813,-1.9303656,-1.0850974,0.64228225,0.9117668,0.2875119,-1.5202463,0.25817198,-1.5096128,0.69838846,-0.18464124,-0.9698979,0.21988416,-0.014101862,0.3784242,0.75837886,0.47525886,0.4358777,1.0781213,0.00153152,-2.26243,-0.8635101,-0.13338527,-1.3070256,-1.3721436,-0.21980059,0.5890468,0.22632656,0.3575631,0.53000426,0.68347317
0.019583054,0.36714762,1.4589206,-1.0684978,-0.8400248,2.032621,-0.9095483,0.6795362,1.3948042,0.07991348,-2.0052888,0.9600832,-1.0281404,0.74950814,-0.444913,-1.8778257,0.8487725,-1.1643152,0.7596177,-1.0899318,-0.07096991,1.3408985,0.83550364,-1.5041767,1.6937834,-1.530449,-0.5982363,0.5055015,0.06859707,-1.1105214,0.020917518,-0.159588,-1.0179212,-0.6465081,-2.0886166,0.4200367,0.38844723,-1.4869889,2.1233382,-0.44447353,-0.54684216,-0.07382192,0.50296783,-0.5377935,-1.0454512,-0.3384955,-0.6771792,-1.3269278,-2.2642128,-1.7646523
-1.1047759,0.0050070947,1.0817925,2.1117847,-0.53761554,0.3451083,-0.6167323,1.8704058,-2.2490058,-0.73297864,0.2582434,-0.54861265,-0.75923705,0.2639598,0.49751097,1.0638931,-0.79342747,2.5206723,-0.44413066,0.6234881,-2.0530891,-0.29318145,-1.8635589,-0.5561803,1.1542352,0.02181713,1.737258,0.036207933,-0.5306247,-1.2464857,-1.2998283,0.31204253,-0.2461626,1.1653348,0.70230526,-1.7676976,0.31025085,1.1960124,1.2867203,-0.37878937,-0.31949198,-0.9724688,-2.5933342,0.8247231,1.7953879,-0.08554029,-0.49166933,-0.6635822,-0.6661714,2.365321
0.030940589,2.1016223,0.6277141,0.94115895,1.3318214,-0.24570845,0.1727635,1.3699759,0.45835504,-0.8209267,-3.1531231,0.35942587,1.6597316,1.2655494,-0.2763358,0.84364337,-1.986973,0.97695374,-0.64226556,0.5126164,-2.0623705,-2.1231492,0.20371532,-0.93545735,-1.8572129,-0.3666462,-1.601453,1.7575686,-0.49830347,-0.8052773,-0.20750706,-1.0954368,1.6759083,1.5321568,-0.12468232,-1.5732651,0.37465945,-1.4049151,0.9694803,0.042323027,1.9521148,1.1974045,0.25594172,1.6095095,0.21814029,-0.44559693,0.5294163,0.6266005,-0.99967897,0.7040428
0.09141301,0.06078132,-1.0826032,0.28845263,1.7908092,-2.5121691,0.37801614,1.0086027,0.5392593,0.6354676,0.6769542,1.0187125,-1.0449663,-1.0561703,-0.94373554,-1.7661926,-0.9260617,0.81819373,-0.8190585,0.08629584,0.5453536,0.7595603,1.1398853,1.7314404,-0.6129838,-0.2066203,-1.3557314,0.72451586,-1.8744817,-0.6025302,-0.6625005,0.10665861,-0.78062725,-1.1534035,-0.6054604,-0.6823472,1.0270133,1.5000111,-1.2166631,0.10812777,-0.017577976,-0.8151522,-2.4010804,-0.13011979,0.6199688,-0.51333684,-1.2458166,-1.2900894,-1.4346062,1.0994927
0.79912347,-0.46283436,1.4866043,0.17505692,-1.498573,-0.31575465,0.0034417086,0.74051255,0.39128506,1.0112965,0.68123746,-1.6026571,0.5167494,0.7107247,0.20003642,-0.6295708,0.28038856,1.6753664,0.35813606,-1.1414433,-0.94015783,-0.852515,1.5069472,-1.0150427,0.3335219,-0.71217173,-1.1654922,1.0076435,0.53005135,0.8986522,-0.3983654,0.18773837,-0.35134602,-1.2876538,0.87353307,0.34132564,-0.67854524,0.45845732,0.69586587,0.49142665,-0.18049239,0.40537855,-0.97543454,-1.2454267,1.7128311,-1.9264071,-1.4119525,-0.67980146,0.48467502,0.5578109
-0.45740277,1.6835228,0.15075953,0.6828117,-0.8689155,-1.1591752,2.0154703,0.36099833,-0.52656114,0.5364915,-1.3987021,1.2390598,-1.2661247,0.24146827,-0.7014824,-0.44492993,0.4171487,-1.0549511,-0.12706244,1.3437611,-0.23464993,0.5219049,-0.16826667,-0.32666588,0.13597457,-0.76682913,1.1318573,-0.24676155,0.5869318,-0.019130975,0.8830669,0.19816577,0.1479107,-0.9382355,-0.33655885,-0.6840955,0.33702654,-0.017627113,-0.45667374,-1.013403,-0.5304958,-0.20266362,-0.003145989,0.28102657,-0.5726103,0.8350675,0.18615265,0.567112,0.19718051,0.38945705
-0.78678197,1.2813469,-0.5896324,1.186595,1.8311839,-0.69278926,-0.15689588,0.8075857,0.080521666,-1.5794283,0.4863446,1.4840086,-0.3158664,1.2023108,-1.413033,0.19364858,-1.231125,0.2606019,-0.7589799,0.7474267,0.9947398,-0.6006303,-0.96423995,-0.38416886,-1.2335725,1.1837268,1.5611084,0.30537677,1.5303174,-0.66994184,0.50707436,-0.93279237,-0.92219764,0.47037092,-0.97419953,-0.5228736,-0.7370375,-0.2999586,-0.5146936,-0.99600655,0.37791553,-0.004179433,-1.0301702,2.1560721,-0.99520165,-0.27095002,-0.23765849,-0.83514947,1.3441371,0.7991205
0.5215509,0.7118073,-2.7539535,0.17194927,0.45541432,0.66512114,-0.77653396,-1.6346891,-0.11246239,0.21478476,0.36528942,0.5841645,-1.6315557,0.48842523,-0.7479043,-0.7132325,-2.4921546,-0.83419865,1.200911,0.55934095,-1.0741543,-1.7029557,1.5818889,0.05849576,-0.08873488,0.13787313,-0.6572232,-1.1999037,0.10331416,0.6889156,1.0301956,-0.5822559,1.4188945,-0.39984417,-0.5976601,-0.23745033,-1.3442013,-0.8374702,-0.3781332,0.8758982,-1.4511901,-1.9308386,-0.07624147,0.061907627,0.39021105,1.9227202,0.15696606,-0.6492283,-0.62155676,-0.30164862
-0.70163816,1.6690211,0.06414261,-0.673466,1.9592357,-0.3050335,-1.0205469,-0.9788235,-1.2698753,0.8667333,-0.57816803,-0.32980523,-0.78080475,-0.28261465,-0.58639944,-0.21305081,-0.26844004,-1.1579896,-0.32884768,1.413947,0.986768,0.39124158,0.28262,-0.16631734,0.28010255,0.65692055,-0.82414466,0.099500306,-1.7794313,-0.20009847,1.728539,-0.24826093,0.2736822,0.31240228,-0.08833155,1.04484,0.11027025,-0.701047,-0.84545684,-0.44411984,0.86691296,-0.19775657,-0.043378785,-0.9258877,-0.14399534,-0.5138915,-0.6214412,-1.2927334,1.1011764,-0.70931053
-2.034082,-0.49633938,0.39072758,-0.38658562,0.1676816,-0.047471877,-0.89330536,-0.55873054,0.17542902,0.94400764,1.401207,-1.2566539,0.07752924,-0.3034901,-0.44934294,1.0306596,0.12458395,-0.7097473,-1.7501854,-0.33038652,0.072253525,0.9900252,-0.043674566,-0.4688591,-1.7222455,0.49661258,-1.1245437,-0.9727972,-1.5603161,0.436346,-1.5218788,0.3750124,-0.5523642,1.1262993,0.34328988,-0.8961257,-0.044165786,-1.0837293,-0.060557835,-1.2998792,0.5480106,-2.45777,1.9379197,-0.12763906,0.4364558,0.07691015,-0.32511583,-0.58165795,-1.6501538,0.334827
-0.7069688,-0.13573076,0.734806,-1.4051423,0.26316807,-0.13381763,0.44458428,0.8159325,-0.5585851,2.3194733,0.6247929,-0.9035212,0.7001028,0.59134114,0.024007324,-0.1992772,-1.5081539,0.87325156,0.6519238,0.45372638,0.404325,1.7649629,-0.22702831,-0.027374668,-0.8218915,0.7796713,0.3466457,0.6648392,-1.2618799,-0.5819825,-0.3809913,0.26601484,1.9009343,1.1943344,-0.36476073,0.16701487,0.93866634,0.06439861,0.5234533,-1.1576504,1.5054144,0.6551045,0.31020522,0.94488126,-1.0621266,1.4206334,-0.6189371,-1.1843336,0.5341131,0.019326208
0.6672746,0.80687946,-0.32208425,1.5386653,1.3372611,1.4208506,-0.8733713,-0.5688614,0.5883152,0.4603075,0.43521956,-1.2779323,-0.54594177,1.4693114,-0.33732587,0.5527487,-0.9091218,0.12459846,-0.76720166,0.47667798,0.86704797,0.06707923,-0.95526695,-1.6114997,-1.5705292,2.516471,0.0039081275,-0.45233977,-0.38216636,1.4032859,-3.2029357,-0.47354025,0.64848995,-1.6434004,1.2416533,-0.8202536,-0.5137387,-0.5078736,-0.026545815,1.0030022,0.85053384,0.24699727,0.7071102,2.1870258,0.4007155,0.3983575,1.0411757,1.1648918,-1.4490424,-0.89133734
-0.43523943,0.10582446,-0.6266627,0.31243706,-1.3224981,1.2292643,1.09333,0.76255864,-1.9509529,-1.1244539,1.4459108,-0.02796679,0.40470052,0.974251,-0.53448546,2.224078,0.5287855,-1.4133133,-0.72288626,-0.6108629,0.4077263,-1.9940388,-0.6975622,2.693208,-1.0615618,-0.34925824,1.6103592,-2.4903474,-1.3634884,1.873749,-0.041270178,0.67330754,1.4435977,0.21542443,-0.8449798,0.58226305,0.09960249,-0.46973076,-1.6172887,-0.3415586,-0.9333269,-0.4481109,-0.60773295,-1.0108954,0.3899213,-1.3607928,-0.25739264,-0.84130156,-1.3804659,-1.2648754
-0.45943856,0.39073795,-1.238177,0.3305056,-1.0939298,-0.6024257,1.5366179,-0.05329975,0.05338538,-1.5583401,-1.4780159,0.042809423,0.28551513,-0.43303317,0.9292985,0.92831177,-0.528251,-0.82345706,0.8337894,1.5295985,0.013502264,-0.3922157,0.7919929,-0.13114499,0.7179267,-0.8241239,-0.5466838,0.049555477,-0.16089112,-0.26212558,0.3472259,-0.84343547,1.0745515,-0.62181747,0.32554767,1.0474334,0.16036095,-0.38704205,-0.15455478,2.195223,0.4819147,-0.68557435,-0.72310007,-0.226647,-0.6216174,0.17319849,1.1774552,0.69087124,-2.098395,-2.6852212
0.57211554,-2.2659476,1.5450798,-0.53963864,-1.4396093,-0.38194248,0.41519523,-1.4754909,1.3031218,-0.522099,-0.47506523,-1.0927628,1.3706455,0.89093775,-0.4885329,-1.8309811,-1.2854669,0.41272882,-1.2235411,1.6378485,-0.29697955,-0.9489901,-1.1265253,1.1801624,-0.39274758,0.6155816,1.032493,-0.103218354,1.298637,-0.9387618,1.8090359,-0.7744865,-0.12720382,0.31600714,0.014177666,-0.058396395,-0.28477025,-0.36338958,0.5627802,1.3771572,1.8233526,-0.18207541,0.100944124,0.5556969,0.7725926,0.9380221,0.3393982,0.17463467,0.13276385,1.6499977
-0.9272247,-1.1254739,1.0129642,0.37139437,1.6163731,0.083685,-0.4971434,-0.9351066,-2.120397,-1.3666253,-0.01973239,-0.5408492,-0.05216421,-1.972454,0.13225168,0.7431521,0.44226253,-0.6093133,-0.018642813,-0.07586078,0.8503308,-1.2903423,-0.19280627,-1.6316332,-0.65856004,-0.4228958,-0.29787162,-0.45131338,0.20231357,0.443715,-0.32536635,-0.103635944,-0.7934592,-0.53011394,-0.504357,0.20813362,0.24242218,-0.82078964,1.0501347,0.39802244,0.30237865,1.833118,1.0540785,0.1585461,0.28173378,0.23717317,-0.7666782,-0.2378438,1.1403784,0.61734617
-0.72501254,-0.11949848,-1.2366128,-0.38089007,0.17153993,-1.8918228,-0.7524789,0.29710847,1.1329722,0.11866223,-1.2058105,0.8855028,-0.12764901,0.5154659,0.5144609,0.8293328,-0.9044651,-2.221394,1.7239165,-0.97661865,0.7897928,-1.7012697,-0.46998054,0.7030279,-1.2275918,0.027927876,1.5444783,2.2147803,-0.8419089,0.7935707,0.43624964,-0.1206922,1.6000499,-1.4145398,0.025113305,0.81496334,1.6406987,0.30806306,-0.08607965,-0.6705566,-0.61437935,0.7011268,1.695157,-0.85588396,0.27472833,-0.047255993,-0.36992112,1.5259898,0.34831804,1.2171698
2.1137803,2.2416024,-1.57256,-1.9837923,1.6176244,0.32173038,-0.3462552,0.6031616,-0.18539459,0.31040412,0.18309283,1.1118276,-1.5373753,0.68855256,0.09995675,-0.28283548,-0.12295974,0.16812375,1.069665,1.5696092,1.002531,1.0761936,-0.53181624,-1.8157123,-0.4681812,-0.7573119,-0.5337377,0.20452414,0.61583036,0.13614343,-0.6322828,-0.16864337,-0.62874484,0.95115435,0.5731494,0.35511294,-0.15717073,1.7103442,0.6310387,0.76191777,-0.11655466,-0.15668084,-2.1983223,-1.136613,-0.042594235,-1.0667427,0.23357391,-0.047549956,-0.07460213,-0.3536262
-1.0131487,-2.2424135,-2.4122534,-1.294874,-0.13592112,-0.13012914,-0.04604235,1.7577411,1.9904704,-0.48106802,-1.1142973,-1.0682597,-0.88355213,-0.94748247,0.5159568,-0.10393592,1.7439909,-2.7747133,0.4202443,-1.3433067,-0.5236765,-0.23345946,1.1075212,0.053640712,0.8418825,0.20415638,0.83861697,0.9274285,-2.6470902,-0.7730973,2.2248485,1.0287184,2.473147,0.2952084,-0.06904419,0.27323282,-0.33684188,-0.7564393,1.5826738,2.0084171,1.6308237,0.015345711,0.14117901,-0.47849554,-1.1168116,1.2473837,1.7854276,-0.10448265,-1.452978,0.31076324
-1.9727429,0.010927866,1.0893908,2.7038755,0.14699845,0.32684997,0.22353886,0.44734782,0.9105086,0.18158536,-0.29008877,-0.79535234,0.1985115,0.18231764,-1.4360337,1.0802016,-0.552706,-0.83079064,1.213305,0.84736264,0.24267438,0.63952255,0.3335843,-1.3117605,1.4863943,0.79564464,0.4471742,-0.0074840095,0.008309719,0.54737943,0.96957654,0.4041799,2.2563121,0.366188,-1.2876261,2.1888902,-0.1347527,1.0278358,-0.12682438,-0.8116182,-0.29739213,-0.7346431,-1.8009206,-1.0179511,-0.79974544,0.18967141,-0.030058678,0.5579444,2.685988,0.9660166
1.1008866,-0.18995628,-0.92281115,1.3581136,0.25631,-0.14369358,-0.18751487,0.33433592,0.07833724,-0.03496253,-0.41660213,0.25874335,-0.82926863,1.0769917,-1.802252,0.6971617,1.7842207,-0.6148846,-0.7237822,0.9843675,0.8677781,1.3246847,1.7654275,0.85849833,-1.1468498,0.47431824,-0.17858252,-0.44899172,3.3666382,2.0407777,-0.34857163,-0.45672294,0.29892606,0.14388832,-1.5279799,1.0723675,-1.150695,0.6164988,0.28368917,-2.0371442,-0.36687797,0.38614386,0.6501354,-0.87765723,1.5230833,-0.11677063,1.2362913,-1.188846,-0.10661835,1.4042326
-3.300537,-1.2579275,1.108942,-1.8541305,0.73452735,-0.28111902,0.7259983,-0.22957863,0.3644795,-0.10548679,1.1864973,0.03058779,-1.9047112,0.23008674,-1.5089592,-0.31607726,2.19762,-0.35407212,0.17402135,-1.0574539,0.26325116,1.2770216,-1.643396,0.19429696,1.4404078,-0.14366625,0.28077936,-1.7266176,-0.8459771,-1.1021144,-1.5786214,0.24272093,-1.366318,0.2149676,1.7716756,-0.93684673,-0.7040493,2.096884,-1.2946209,-0.80078757,0.66100633,-0.46834388,0.4498973,0.5278656,0.325672,1.3356051,1.9078854,-0.6805136,1.2741194,0.8386196
0.38838425,-1.5505059,0.76489276,1.0470155,-0.9577333,0.6676929,-0.54858124,-0.5080752,0.47813168,-1.4866118,-1.0298496,-1.3703939,-0.6536393,-0.23968524,0.5214343,0.7950425,0.54132354,-0.060882375,-0.21832298,-0.37050787,0.31519535,1.0987211,0.019560646,-0.62262064,-1.0859463,0.25101012,-0.56909126,-0.7959573,1.2237864,0.6101435,-0.29007927,0.25630644,0.9331823,-0.28962094,-0.074596494,-0.41206583,1.0814974,0.59526545,-0.78303415,-1.5627221,-0.5605132,-0.34923363,-0.0045483154,0.3234969,0.16685514,0.036811233,-0.5164857,-0.5439015,-0.9365905,0.18860982
-0.36937732,0.5227967,1.137905,-1.0017434,-0.014417604,-0.5319431,-0.40236273,0.9716125,-0.6691603,0.086229585,-0.12728629,-2.1607347,0.46387026,1.1735032,-0.6584608,-0.47724327,-0.66589195,-0.9689974,-0.24677475,0.5757712,-0.050298464,-1.7484834,-0.48144674,-0.22840661,2.9596782,-0.099416025,-0.00075708673,0.84816587,0.42588875,-0.9611418,-1.8051436,0.7975712,-0.41263035,2.2496476,0.4002085,0.39989093,0.24865475,-0.18723103,0.6403095,-0.61374575,-0.6674682,-1.077392,-0.328617,-0.8118836,0.5434767,0.65503377,-0.18769932,-0.9676905,1.8500756,0.14756708
-0.15305874,0.40810353,-0.25787377,0.6308813,0.3572755,0.8733371,0.9721967,0.0024219675,-0.7426373,0.98867434,0.11777796,1.2395095,1.6681683,0.826251,-1.0628787,-0.463125,0.45413882,2.4271884,0.29341355,1.2417018,-1.370429,1.8977026,-0.88343084,-1.4154924,1.013428,-0.11208297,0.31413087,0.7389381,0.5687574,-0.31475762,-0.07930693,-1.2788552,2.2429411,-0.44319668,-0.7544468,-1.1522527,0.08009868,1.913629,-0.2148824,0.013503877,1.1765279,0.11779508,-0.84253937,0.2908455,2.1973646,-0.40371293,1.7816457,0.34639,-1.3799965,0.69107133
1.5667624,-0.40243354,-2.058472,1.1803472,-0.33592013,1.0338676,0.2567819,1.266436,0.6175255,1.9737414,0.28678885,0.13809024,-0.80749947,-0.36124054,1.0063052,-0.7388697,0.34311593,0.5320036,-0.9689848,-0.5978031,1.5282289,-0.5334123,-0.84520036,-0.75882214,0.05902344,-1.2191623,0.27227712,0.388695,0.81005645,0.11099062,-0.6898896,-0.8816351,-0.3425256,0.30298942,0.07658359,-0.6534189,2.4616687,-0.6487159,0.18402587,0.15524645,1.285187,-0.6389542,-0.40677726,0.107644945,0.40362647,-0.7702926,-0.23378769,2.0306857,1.2204341,-0.12482567
-0.65563434,-0.89879936,0.73791564,0.84805244,-0.4054624,-0.892771,0.11274463,-1.4998074,0.053810243,0.92432636,0.4305185,-0.098630406,-0.2087897,0.22194062,-0.011857386,-0.04253621,-2.211427,0.54115194,1.4776065,-0.5482146,-0.42038676,-0.16354242,-0.69687104,-0.84818906,-0.93732077,-0.6274797,-1.7272302,-1.7974614,-0.242909,2.6378496,1.500466,-0.7892569,-0.4403287,-0.8372163,0.6837004,0.55399144,0.029990112,0.90151316,-0.07118517,-1.4496764,1.2294499,-0.9213733,-0.19341058,0.5270819,-0.75789124,0.28432617,-1.0051496,-0.45320988,1.1602377,0.8636906
-0.03729871,1.1807014,-2.383517,0.19833279,-0.22764587,0.8621247,0.50726223,-0.1543542,-0.62782943,0.9056757,-0.32777652,-0.7243381,-0.7780484,-0.056611314,-1.6821324,0.6045315,-1.3838547,0.98132294,1.560261,-0.71549916,0.17730528,0.19458939,-1.026033,-1.0203936,-0.13969673,0.7304423,-0.2673255,-0.88067645,-0.05433597,0.10031056,-0.3306172,-0.24127777,0.19226705,0.118955195,-0.055880625,-0.77544147,0.20641033,1.011917,0.90450037,-0.076980755,-0.62656206,0.11342546,-0.75482804,-0.80339175,-0.7301964,2.1684294,-0.50293195,-0.06966262,0.83871967,-1.2582452
0.046554867,0.36335492,0.5150226,-1.8466289,-0.012423237,-0.37064332,0.2884944,0.5169124,0.3039472,0.059137136,0.42279747,0.00923712,1.001362,-0.31930307,0.0281208,0.003330161,0.45240486,-1.0882945,-1.4106094,-0.47090408,1.0690472,0.16593403,0.52030295,-0.4033671,-1.1911616,-0.03499032,-1.2790431,1.1761525,0.5211319,-0.020784838,-1.0953383,-1.8834239,0.47838575,-1.3194337,0.019570386,0.8260419,-1.5477784,-0.64830744,-0.80334806,-0.87797064,0.7183252,0.83520633,1.1531867,0.8542559,-0.6586028,-0.96538097,-0.4055228,0.9501127,-1.250937,-0.7478955
0.22607072,0.89258623,1.2612963,-2.2293575,1.6197643,-1.0461967,0.8736397,0.4378168,-2.2358773,-1.4282434,-1.2234745,1.7988375,0.4818308,-2.4161959,-0.31292176,-0.3533017,-0.61980903,-0.94412255,-1.3409235,0.026765494,-1.148552,2.2838736,0.17110369,-0.636594,0.24445848,-0.24520949,-0.42881197,0.6895149,-0.4043191,1.0884551,0.34376267,1.3243632,1.1613975,0.70560354,0.2899763,1.7028626,-0.79539263,-1.2787731,0.32861972,0.55365324,-0.9114384,-0.26488632,-0.33467272,1.783089,-0.88061756,0.79348326,-2.1179066,0.41290402,0.3729453,-0.37478554
-0.27249756,-0.36651668,-0.8159831,0.020224318,0.7491024,-1.4461124,0.43876576,0.16534294,-2.5861042,-0.6830002,-0.6598372,-1.2278044,0.070812896,0.99468684,-1.2333059,-0.13332187,-1.3414426,0.28025284,0.798303,0.25682697,1.151433,1.5366067,-1.4391601,1.3168116,0.26680288,0.31011146,1.0400321,0.41837955,0.8118316,0.4772908,1.1904511,1.6611975,0.20302136,0.9151343,0.6462646,0.040474188,1.495193,-1.9692647,-0.34306312,-0.19244939,0.6545158,-1.2721399,0.87939155,-0.7167749,-0.23084489,-1.1558264,-2.1405249,0.10403812,-0.23016265,0.8279596
-2.2730012,1.0727262,0.01987996,0.4535497,0.30178005,0.14325172,1.2530146,0.063525245,-0.34704682,-0.52907455,1.0253469,-0.76215583,1.0097551,0.65951246,0.6750008,-0.21203573,-0.5235004,-0.51039714,-1.2265004,1.4242089,0.70236903,-0.8458108,0.030722603,-0.6259527,0.42973447,1.3575729,1.1732776,-0.03922118,-2.4380288,-2.5407372,1.2262397,0.6444059,-0.3606311,0.039341256,0.99294436,-0.7411284,0.1511354,-1.8888371,0.7788412,-1.6358293,0.40893584,0.82702994,-0.18507108,-0.016071204,2.3675501,0.85787475,1.6570188,-0.7006598,-0.16987,-1.0834434
1.5208853,-1.9230254,0.5418119,1.1622593,-0.76908153,-0.7523521,0.82127476,0.18765457,1.3141835,-0.004452825,0.29567724,0.75184166,1.4393759,-1.3210132,-0.49539423,-1.7586977,-1.5289493,1.50493,-0.25970024,-0.31664503,2.268718,1.3529431,2.2944043,1.9387324,0.227692,-1.5163994,0.7388029,1.9892983,-0.41823477,0.88776433,1.2378099,1.0372683,-1.0623239,2.1876285,0.41992354,0.35867164,1.5946033,2.0401564,0.17102607,0.017888756,-0.2861729,0.38551936,0.063567385,0.8736671,-0.052317455,-0.07386731,0.5092411,1.7654349,1.4805888,-0.97101307
0.40048683,-0.028005267,0.65890765,0.85931736,-1.3773732,0.396073,0.48851064,1.0174475,1.2193984,-0.43760273,0.9101062,1.7545578,-0.5375213,-0.5700787,-0.22562172,0.10819653,0.38909802,-0.3867655,-1.3275356,0.10229079,1.0998954,-0.8004903,0.47046494,-0.18464746,1.904589,0.14528322,0.5541433,1.0691149,0.8660941,0.25961167,0.09398437,-0.80247045,-0.28866854,-0.31514394,0.24922737,0.41249654,0.44715747,0.33568686,-0.16728194,-0.63792986,0.10745122,0.37316862,-1.536275,0.53361315,-0.1311612,1.3048277,-0.7483634,0.16079475,-0.27970478,-0.39563128
-0.40786815,0.63917184,-2.1541195,0.12020523,0.24370368,-0.5285657,0.8633822,0.6507946,-1.4216921,1.4143994,0.57968175,0.13676387,0.23786467,-0.83237207,1.0101496,0.18481156,0.61135525,0.37224594,-0.5244402,0.1505888,0.0136095,1.0179892,-1.1832896,-1.0535573,-1.1844395,1.2977705,-1.850917,1.8897675,-1.7125016,0.96950907,0.23532678,-0.40840235,0.24798168,-0.0008560319,1.2586383,-0.38125804,-0.10153225,-0.42918462,1.3709221,0.19571438,0.14831598,-0.52476394,-0.08796844,-1.2450085,1.2719998,0.44959,0.5629983,1.7599678,1.73215,-1.0012329
-0.055117823,-1.1561676,0.725125,-0.21062633,0.34170422,-0.9525946,-0.8176607,-1.421543,-0.4957584,-0.47638237,-0.57018137,-0.046676733,-0.4888996,0.123040676,-0.74067074,-1.02778,-0.43770534,-0.019150695,-0.05225254,0.103524335,0.7388004,1.2186931,2.5685687,0.06816306,-0.2814881,-0.9297266,0.26058453,1.9157773,-0.2090341,-0.35632688,1.0779508,-0.13224253,-0.7568145,1.9751378,0.25863755,-0.14681609,1.1004232,-0.22467895,-0.48755813,-1.1639103,-1.6801786,1.0926397,-0.8532397,1.9226738,-0.7947321,-0.05456508,-0.6478336,-1.0538858,0.6502293,1.3433661
-0.36824128,0.21618444,0.38966548,-0.10294575,0.17954062,0.6889669,0.3332927,-0.1988351,-0.08608291,0.4463319,-1.9764013,1.2317553,0.06350376,0.30709365,-1.5266063,-0.6359669,-0.710086,0.5506491,1.0982143,0.59734654,1.1865427,-0.44946933,0.84490156,-0.78013283,-0.9498934,0.7418863,1.8732191,-0.9631856,1.1655542,-1.6784995,-0.74124163,0.60442024,0.04600989,0.6854855,-0.4696284,-0.14276384,0.48298436,-0.57919985,-0.19248949,1.4246004,-0.91252476,0.41898483,0.22478718,0.0062851505,0.15518758,-0.60388184,0.90535843,0.12330621,0.5812097,0.16876931
-0.37042943,0.17048573,-0.40844512,1.6644949,2.2205195,-1.202543,0.7119583,-0.40283218,-0.8565161,1.9432707,0.31793967,0.51672095,1.3458126,1.8697034,-0.055935793,-0.50987905,0.948208,1.8022537,0.44041213,-1.547161,0.032086957,-0.4420586,0.26781368,-0.67484283,-0.80285347,0.929575,-0.023436086,-0.15026127,-0.19260441,-0.28436098,-0.3789854,-0.115461625,0.396483,1.213561,-1.7129409,-0.40803164,0.4072051,1.5306206,-0.0028250485,-1.031138,-0.901087,-0.27717662,0.3887026,1.7117267,0.3845308,-2.6841908,-1.0218959,-0.60502934,0.945977,0.3665747
-0.19104582,-1.1229832,-0.12306017,-1.2999482,2.2885094,-0.92237645,0.015369563,-0.51856136,-0.535665,-1.6027884,0.67658746,0.8620508,-0.048240088,0.77121,0.03344774,0.87477064,-0.71169007,-0.36919108,-0.319516,1.1074778,0.92236084,-1.0065163,-1.2294858,-1.1276689,0.6701152,1.9046342,1.728031,-0.42585388,-0.37067908,0.5315672,1.4794762,-0.15832745,-1.2129985,0.39941344,-1.2964264,0.017542485,0.018133936,-0.570615,-0.28241527,-0.28534546,1.240825,0.27043596,1.5857939,0.3144426,-1.2324781,-0.8932482,1.0934222,0.5693318,1.2063369,0.60971147
-1.1837227,-1.1594851,0.23570532,1.2309941,-0.86225784,0.46796024,-0.4356818,-0.6483805,-0.9396229,-0.17273098,0.7894749,0.072647884,-1.7433852,-0.56629884,-0.30587128,0.18765107,-1.0738417,0.4691853,0.16429548,0.4800627,0.2744211,-1.1433488,0.62022686,0.30648556,-0.8991958,-0.8606029,-0.59120595,2.1787612,0.45179376,-0.979328,-0.53423566,-0.5909175,-0.65307105,-0.30486998,-0.29802734,-1.9700962,-2.4179907,-0.47695094,-0.09926576,-1.3613383,-0.9343741,-1.6247724,0.5134278,1.904646,-0.5050361,-0.5290199,0.17379321,0.23910928,-0.41658843,-0.3624831
0.4795398,1.8184761,2.1391482,-0.6960944,-0.5485062,1.634729,-0.6507999,1.0163428,1.583407,0.3322098,-0.08321535,1.2902154,-0.82828826,0.3515439,-0.6134512,-0.62169904,1.3302758,0.7050798,-0.46833742,-0.24165422,-0.6367759,0.12541476,-1.7037725,-0.8612581,-0.70371825,-1.3447537,-0.013839194,1.1558597,0.44139123,0.7927714,1.5541165,-0.25065443,-0.69185716,2.1569703,-1.9729043,-0.8080324,1.1348331,1.1927353,1.2100384,0.5674843,-0.096527554,-1.029023,0.32211512,-1.3784592,-0.88181806,-0.74191976,-1.5078154,1.591331,0.41871607,-1.4828883
-0.084656596,0.17268467,-1.1425554,-0.49993336,0.56902254,-0.93560356,-0.38275823,-0.29371974,-0.30129892,-2.0772567,-2.5641935,1.4269298,-0.0470904,-0.610928,0.39058602,0.39726856,-0.45151758,-1.0508604,0.38777962,-0.086494006,-0.8901678,0.6519213,0.1303709,-2.374749,0.67126983,-1.1506633,1.1892987,-1.89285,1.3535261,0.6618571,0.45974493,0.11817531,1.3803514,0.41776827,0.07532058,-1.8919494,-0.5128191,0.18238108,-0.9221406,0.93347895,-0.81021553,-0.1809515,-0.5694974,-0.42465934,-1.1886007,-0.32514942,0.027424991,3.0295696,-0.102802716,-0.115777984
0.14880106,1.8848215,0.52688015,0.5800922,0.08466152,-1.6755432,-0.7087939,1.101056,-0.43150294,1.9011734,-0.44235775,-0.91332734,0.58705014,0.20368887,-1.746324,0.29763618,-0.46270826,-0.22244844,0.26364043,0.45105255,0.055949062,0.9691795,-0.45905322,-0.36834565,0.62639976,-1.3019315,-0.98662394,-0.8771354,2.1798177,-0.14455906,0.14790842,-1.1681979,-0.9085241,1.1048491,-0.15160155,-0.07968614,1.4377749,-1.4762069,0.2886246,1.3798944,-0.34989375,0.5690998,-0.52981395,-0.47907037,-0.29694292,-0.34441477,-0.3463204,-2.2727182,0.112170115,1.9623188
-1.7866621,-1.2790928,-0.042286213,-1.2283008,-0.43140703,1.6098444,-1.978168,-0.3886095,0.3888077,1.1042846,0.7837662,0.024958052,0.40006042,-0.18373671,0.13564952,0.73115593,-1.3079338,-0.5533143,-0.15281746,1.7059684,0.18334536,0.7868117,0.65772265,0.6093717,-1.252578,1.7212644,-2.386153,1.766943,-0.69301695,0.17706048,-1.1320862,0.4960289,-0.22059327,-0.559868,-0.05433588,-0.27935022,1.1993996,-0.8975292,-0.6300504,-1.3848928,0.60593486,-1.12267,-1.2299764,0.23966542,0.2620188,-0.70837796,-0.78465396,0.38734722,-0.235242,1.6211927
1.0521839,1.1619492,1.6568435,2.1578987,0.075195715,-0.30159992,0.0035024884,1.5933444,-1.820072,-1.1775395,-2.2904844,-1.886774,-1.044542,0.077279486,0.10780238,-0.61327153,0.8691225,-0.26727134,-0.4744938,1.299409,-1.3776734,-1.4857175,-0.47406453,-0.1895329,0.1547208,1.4915974,-0.7433165,-0.16736628,0.5683956,0.6527845,-0.79673177,-0.7677323,-1.1125187,0.46274513,0.7469399,-0.65161955,0.2602815,-1.1689715,0.79412585,0.018542496,-0.438642,-1.1154008,1.6577349,0.40518305,-2.3738296,-0.03409497,1.0310081,-1.5465213,-2.5339007,2.5316823
-1.833871,0.45285496,-0.2005487,-1.1823939,-0.31148797,-0.10497154,0.27759558,0.6196557,-1.2454684,-0.0519809,-0.077981256,1.140856,0.4891189,1.9031644,0.8182384,-0.010720277,-0.81434035,-1.268967,0.15023986,-1.1286792,2.2308183,0.4813691,-0.48867512,-0.90050113,-0.014887307,0.87920296,0.35203293,1.1023682,-0.5617525,1.1419467,0.3168647,-0.06330714,-0.26423997,-0.7502075,-1.3757304,0.016608346,0.9402283,-0.695779,0.5447505,-0.35422456,-0.5902927,-0.04029547,1.3399969,0.9849619,-2.244838,-0.3141149,-0.6352646,2.1413631,-0.90601903,0.28483984
-0.18100008,-1.6178555,-0.67364365,0.031516995,1.1643838,1.4807624,1.2438614,-1.3826859,-0.5129134,0.3548912,-0.6431533,1.3766956,-0.031876374,-0.20272979,0.11544956,0.9363754,1.0617431,-0.47706604,0.3924302,1.0971943,-0.2269086,-0.13840678,-0.10094265,-1.1233411,-1.3904461,-1.2663317,0.17908593,-0.46067873,-2.13727,0.5799872,-1.2713196,0.37658945,0.48913255,-0.31176153,0.31005448,-1.2675666,0.0535499,0.8895714,0.47276685,-0.29591015,0.27806628,-0.46611953,0.29899752,0.8141145,-1.4483285,-0.80847573,-0.8481923,-0.27106407,1.0703934,-0.5089793
1.3361951,1.795098,-0.47384444,0.6212216,-0.07768315,0.19999969,-1.1240779,-0.018367352,-0.29733026,-2.4374104,-0.8060388,-0.71184516,-0.48403007,1.0465829,-0.31281564,-0.5045008,1.3905437,0.29516822,-0.17307465,0.48825786,-0.025566485,-0.45475537,0.40100074,-0.13710871,-1.401659,-0.58157283,0.5964048,0.08524419,-0.9400849,-0.23984578,-0.4659735,-0.37650192,-1.5965754,-0.12878595,0.20617434,-0.5664044,-0.1855425,-2.7482688,-1.890324,-2.8395422,0.70605916,-1.7107195,1.4076686,0.3733184,0.49629885,1.3411137,-0.83912593,-0.2917452,0.8182334,-0.91022927
1.0829653,0.7988457,1.1777248,-0.7280384,-1.0336822,-0.40711915,0.23179412,1.6060823,-1.1716045,-0.071738616,0.98164624,0.7356266,-0.40651694,-0.1284723,1.3668793,1.5146639,1.3556354,0.6887507,0.30787992,-0.74606365,-0.20744672,-1.0817126,-0.10138983,0.48049417,0.21105248,1.3797092,0.97724915,0.40670693,0.47716212,-0.55280554,0.15512893,0.47417971,-1.5510132,-0.5261037,1.4164181,-1.1462952,1.9023926,2.4129074,-0.6477051,-0.38232622,0.21993792,-1.3661209,0.54140323,2.2484992,-1.0571246,0.3634961,-0.37279487,0.68475926,0.5664586,0.06282027
-0.10502904,1.0665402,-0.6450156,-0.8122295,0.1520279,-0.6823352,-2.0002868,0.98848325,0.8526265,-0.9957578,-0.10516052,0.36036158,-0.22388403,-0.9758565,2.0347202,-0.72286594,0.55467135,0.90904784,0.42385045,-0.3554314,0.79165167,-0.56989926,-0.8344326,-0.28484765,0.06800801,1.823069,-0.691455,-0.8837608,-0.22463173,0.5104701,0.616464,-0.39432573,0.71327496,-1.6489259,0.0930478,0.8182943,-0.61169237,0.68425775,-0.27960408,-0.013828831,-0.24234241,-0.3359312,0.6039102,-1.4526534,0.28720722,0.26025948,0.28547478,-0.77914673,-0.84541905,-0.83113134
0.9162451,-0.6967163,0.58287877,-0.22408406,0.3014763,-0.7691977,0.21986946,-2.0459702,-0.68798476,0.41886124,2.020314,-0.8696313,1.4461188,0.25092202,-0.8322187,1.159174,-0.32120457,-0.48609012,1.646628,-0.24182911,-0.11801153,-0.49444243,1.5354421,0.941389,-1.8314068,-0.9374429,-0.2635015,0.035444945,-0.48629904,2.0716448,0.8499516,0.055116184,-0.44057938,1.847103,0.12619494,-1.0132693,0.14906627,0.50683093,-1.9487405,0.15337478,-1.65766,0.049858313,-1.199723,-0.25089896,-0.46273804,0.5867073,0.3796113,-1.160101,0.3542161,-0.72027755
-0.47228852,-0.015178209,1.6360133,1.1736583,0.5230921,-1.7106314,0.91069806,-0.8334059,2.3292449,-0.25564763,1.452295,-1.5247803,0.12928593,-0.23904714,1.5581301,0.92019886,0.084473416,0.97851926,0.13901007,-0.19500397,0.5508378,1.8915273,1.4613016,-0.8265673,-0.2339226,0.052166104,0.050136827,-1.7516565,0.36001807,-2.740968,0.5161806,0.045304406,0.2091075,0.84756243,1.2551266,-1.6606302,-1.8921143,0.98651016,-1.7252777,0.034878675,-0.72052723,-1.3668636,0.29000112,0.04519501,-0.5155567,-0.38943297,-0.49982843,-0.80593497,1.2790327,0.17847283
0.3512751,0.9252254,-0.60967934,0.21978898,1.0928866,1.7806433,1.456011,0.27452296,0.31295168,-0.21163735,-0.89623135,-0.34988037,-0.17767231,0.33252594,0.2778319,-0.21727557,1.4862667,-0.33963463,-0.3614337,2.634791,0.063592985,-1.2621377,1.2697561,0.55204326,-1.0052674,-0.81461155,0.2292822,0.76315653,-0.19500984,-1.4127054,0.30484024,-2.2702277,0.91122514,0.3705274,-0.9080948,-0.19122908,0.6278328,-0.30413744,0.29448652,2.299824,0.23160584,-0.40022624,0.22593671,0.41673148,-0.4097331,-0.42987144,1.1035863,-0.10061931,-1.5874617,-0.10001119
-0.23265095,-0.24412386,-0.052322984,-0.27935243,0.7494702,2.140776,0.8869494,-0.08774301,-0.06628169,0.9233789,-0.8946237,-0.31074303,-0.3332527,0.8764645,-1.8569549,-1.3660825,1.5665686,0.18952619,1.132385,-1.6634299,-1.2342314,0.024332272,1.0151443,1.2665993,1.0761416,0.22633421,-0.15957917,-0.2243418,0.91363114,0.6320638,-0.51921517,0.30952427,0.24106434,-0.5229643,-0.31942922,-0.33666775,-0.73970073,-0.46839282,0.97140086,-0.32962856,0.5264961,2.1228776,1.4478383,0.26403603,0.12722984,2.2184045,-0.28233087,-0.6547264,1.3649812,0.10888122
0.8738027,2.0620513,0.20553356,1.2990448,-0.27656186,0.5220205,-0.84973085,-1.1611017,0.079002686,-0.6566512,0.100999534,1.0896444,0.711663,0.17391463,-1.1897017,-0.99794906,-0.93199813,0.0965714,-1.895701,-0.8499685,-0.21344043,1.3281144,-0.04359571,1.0709743,-0.57857466,0.22314264,0.31657198,-0.64629686,0.85424703,0.75751245,0.08825681,2.2089295,-0.4759344,-0.076126754,0.16543986,-0.2783637,-1.0419462,1.1433647,0.18509582,2.0621495,-0.01431453,0.41162795,1.2919477,-0.5751545,-1.3803625,0.98408055,-1.3532524,1.4364357,-0.25697494,-0.19291896
-0.7232642,0.7248859,-0.6651132,-0.040713135,-1.209415,0.5612682,-0.45125207,-1.6201475,0.12315029,0.08363761,0.21526879,2.030423,-1.2251269,0.059880756,0.17789245,-1.6455895,-1.8797402,0.35725474,0.053499855,0.29789108,-0.929207,-0.80803734,-0.30776727,-0.29912862,0.13870445,-0.6481991,0.6160026,0.31038466,1.6637094,0.94568694,0.025084566,0.5615531,1.8658309,-0.9997144,2.0161104,-1.2575718,0.3199525,0.69359136,-0.5556842,0.660435,-0.21227215,1.9288039,-1.3523961,-1.2540205,-1.2523853,0.5882345,-0.6688293,-1.2020864,0.31875253,-1.0607039
0.058491122,-1.17535,1.1031045,-0.14141658,0.5594575,-1.5354941,-0.422806,-0.17198265,0.3710597,0.46268672,0.4360938,2.896916,-0.43386346,1.0336407,1.114811,0.88218015,-0.32191324,-0.020468628,0.21258245,0.24287586,-0.6863272,-0.97807777,-0.27491915,-1.0355451,-0.70506513,0.6891279,-0.7890342,-0.013285263,0.13301522,-0.7372143,-0.64737445,-0.76017195,0.81288177,-1.2150394,-0.7439437,0.53726643,-1.6708057,1.1532569,-1.1889833,0.586236,0.09957058,0.8783167,1.770437,1.0836518,1.7717986,-1.3708483,-0.5548863,-1.2348875,-0.23980065,-0.4236772
0.10036104,-0.97468853,0.09754615,-0.06655377,1.0362437,-0.95905495,1.0723144,0.08292208,0.8458807,0.7226525,1.2264317,-1.212113,1.6260017,-3.0338092,-0.773684,-0.47002107,0.5606468,0.37949458,0.4628108,-0.89712286,0.37046114,-0.06985016,-0.061487783,-3.1907978,0.2818351,-0.90713733,1.1642109,-0.60362136,-1.5965744,-0.6324639,0.8731574,1.2292159,1.2952828,-0.27940622,0.48358634,1.2801145,-1.4030209,0.00824325,-1.6242467,2.2672465,0.4201678,1.3359334,-0.9999942,-1.2714086,1.2861525,-0.1904609,-0.98837805,-0.37201336,0.5568428,-0.123912424
0.5628251,-0.52670246,1.8691536,1.003486,-0.9449642,-1.1010382,0.98004395,0.18288486,-0.6916725,1.6714096,0.58818,-1.6454369,1.351647,-1.0753216,0.6535582,0.8433085,1.3670522,-1.1119579,0.78102326,0.28588936,-0.51754826,1.6906596,-0.13988857,-1.1355224,-1.0895991,0.80557597,-0.24063987,-1.4925824,0.16989793,0.0072104363,0.7547726,-1.0091097,0.8047607,0.8410526,0.26052484,0.18916346,2.5004442,1.3787538,0.23928453,-0.46213442,0.7590914,0.5341643,0.44138417,-1.2400128,1.6825337,-1.6706151,0.14382765,1.787227,1.4948827,0.36369184
-0.086729676,1.0286455,1.4167693,-0.7329915,1.3446137,-0.62552804,-0.5056832,-0.67105025,0.9542678,1.5152365,0.51903003,0.92390966,0.59774584,0.7619753,1.8149229,-0.31838343,-0.06324601,-0.07093724,-0.6102962,-1.300774,0.7007384,-1.7717496,0.6288534,1.7099121,-0.83999586,0.38837767,-1.3936211,0.32881156,0.23076686,0.14097686,0.764363,0.3421832,0.29870862,0.3761975,-0.4104834,-1.7922801,1.1172032,2.2250736,0.70318943,0.0236547,0.5951393,-1.3395904,-0.23558451,-0.13717318,-2.8934834,-0.12818386,0.2567811,-0.34588498,0.13826108,-0.63830835
1.6221725,-0.08078583,-0.7698479,0.21725117,1.293813,-0.98136204,-0.17138006,-0.13152464,-0.4120349,-1.2170938,-0.8456802,0.45921203,1.2264459,-0.29426926,0.4862516,-0.6526745,-1.951953,1.3295642,-3.1229,0.26577646,0.44463232,1.3248507,1.4719775,0.7919061,-0.3168432,0.04354435,-0.7813315,0.9109384,-2.3809948,-0.037655838,1.7304379,-0.8034749,-0.6074636,-1.2940364,-1.3687316,0.7274521,-1.1106888,0.35947105,0.75992596,-2.2949004,0.10161159,2.2051282,1.059463,1.3173208,-2.1185722,-0.17747469,1.3840994,1.5427866,0.4187815,1.251382
1.8649552,-0.9194344,-0.06824932,-0.04824878,-0.260524,-1.4285885,-0.026458068,2.2335637,1.5639354,-0.27284738,-0.03898992,-0.05589765,-0.8980852,-0.32152262,0.9124937,0.21697043,0.39477697,-0.942385,0.57342464,0.13373373,-0.3855373,1.4091324,-1.7693243,-0.6016849,-1.0359647,1.3172073,-0.69285506,0.038134377,0.37696928,0.5075364,0.23472168,1.3878404,-0.6540466,1.2747405,0.18393818,0.50726706,-1.1811624,-0.6846067,0.8903888,2.3688009,-1.1429323,0.27202052,-0.22435588,-0.61861414,0.28494465,0.15143536,0.9280085,0.4097796,-1.2541548,-0.09159222
0.8368037,0.2628157,-0.3512518,0.86619323,-1.0700214,0.03971486,0.8428781,-0.25086877,-0.6301486,0.44033253,-0.52947843,1.1751677,-0.04943339,0.3472974,0.047646426,1.7349879,-1.521858,-0.119872734,0.92905986,-1.4465346,-0.5200914,0.27229303,0.78650194,-0.33591,-0.584099,2.7025702,-0.6938078,0.31965905,0.00902052,-0.30273333,-0.14517908,-1.9652196,-1.9620736,1.0279847,-0.40314353,-0.24219884,1.664785,-0.20710276,-2.545631,1.0870425,-1.5885445,-1.1456012,0.3670209,-1.4881766,-0.027647827,-0.9992071,0.034175564,0.9771454,-0.05024586,-0.16917828
1.5902406,0.3550724,-0.7992089,2.2886064,-1.3434256,0.8870239,-0.90442663,0.23969924,0.7360211,-0.19501054,0.82713467,0.14129512,-0.32858557,-0.88544875,0.7819563,-0.41431218,-0.93819296,-0.5665812,-1.5247403,-0.19001696,0.2782723,0.80410206,-0.41393903,0.17362641,0.26827478,-0.5293931,1.0152587,-0.77946573,-0.24131162,0.039677497,0.17579123,-1.1191665,-0.33667096,-1.3191047,-0.39768293,0.16660057,-0.55877835,1.1898582,0.25947452,0.12516743,-0.24787876,0.68437195,-1.1700997,-0.7456369,-0.84919286,-1.0159775,-0.10118801,0.104714684,0.2617775,-1.1392895
-1.1208797,-1.02285,-0.16743016,0.414834,2.1641788,-0.27664533,-0.1266762,0.4375995,-0.122808285,1.5438068,0.7480055,1.2635969,1.7211004,-0.78865284,-0.27122185,-0.113428615,0.22082429,0.6221678,-0.4330599,-0.12683412,0.7292954,0.8111521,-0.28383875,0.49864396,0.29599404,1.0920341,-2.3582041,1.2024077,-0.9865163,-0.29752353,0.19073023,-1.0438812,2.012914,0.17527759,-0.14090213,0.24280782,-1.6493793,0.5578263,-0.69430625,0.49897859,1.3360759,-1.3326646,-0.08264121,1.2958237,0.16954394,-0.10016323,1.5149297,1.0618008,-0.64171207,-0.92939204
0.48597324,1.1652128,0.09275104,1.147456,0.72625965,-0.4826401,0.8688595,1.061835,-0.8663353,-1.1206642,-1.0320312,0.95816356,0.66269416,-0.23287544,0.73295504,-0.40196007,0.41690993,-1.3992671,-1.033883,-0.6391403,-0.5851708,-1.9399717,-0.5362015,0.140996,1.1842536,0.034656815,0.7610161,-0.9355493,-0.35596853,-0.12148869,1.4807817,-0.08626558,-0.53700286,0.45991203,-0.048004497,0.31620246,0.74719346,0.09296391,-1.5394164,0.50060517,-1.1023556,-0.42964035,-0.40896484,1.0636905,-0.2764766,0.22033034,-1.7547169,1.526022,-0.76770985,0.31579447
0.73029894,-0.40825364,-0.5498749,-0.4779149,1.9965303,0.23989858,-0.3935859,-0.40444288,-0.08169617,0.9910404,1.348673,0.61563194,-0.9406642,0.47253054,0.41951,0.15744293,-1.7612399,0.8122897,0.51233286,0.5528225,0.5981836,-0.6567668,-0.18737833,0.22857422,-0.50038445,-0.8515593,1.526826,-1.4510044,0.747581,-0.9326917,0.2627615,-0.21351197,-0.45825955,0.07635468,1.8697757,1.2870321,0.03277011,1.1385151,-0.47783235,-1.1710651,1.2711389,-1.0926682,-0.75942296,0.1574942,0.2573956,-1.3170161,1.5108346,0.34814748,-0.5794433,0.16913581
-0.37272227,0.6273223,1.6856248,-0.7892907,1.5292896,0.4886776,-0.9772194,-0.25988173,-0.8019378,0.8514247,-0.30554238,0.66257554,1.5550064,1.2843927,1.04991,1.01426,-1.2883725,-0.5749426,-1.7795776,-0.1709874,-1.3248398,-0.5005464,0.40885758,-0.6147413,1.4527804,-0.35004276,-0.8049823,-0.45622656,-0.52832854,-1.3099695,-1.0727355,-0.47683623,1.6656086,1.033063,0.2776984,0.09956689,-0.34723318,1.2827628,0.693424,-0.47255325,-1.6122297,0.86432785,-0.53724045,-0.1497567,-0.34970468,-1.3216145,0.68543255,1.0115391,-0.950109,0.9562976
0.7212589,0.15284282,1.0229577,-0.9562469,0.6715955,0.4834328,-1.195237,0.26820767,1.4270153,0.17156103,-0.62435794,0.5768688,-0.12629516,-0.8720189,1.2970697,-0.29789713,-0.43192452,-0.041876007,-0.66700304,1.0535171,0.5370341,2.5942812,0.19013722,1.2946141,0.33388653,-0.3758976,2.5656755,0.96531063,1.4107827,0.10973932,0.042512454,0.48074004,-0.2939133,-0.7235362,-0.37655297,0.21516503,0.47289178,-0.12447932,0.8197346,0.2681328,-0.80857825,0.16162066,-0.7488026,-0.27362987,0.059693642,0.17825882,-0.14231406,-0.36439654,-0.7777646,-2.0662553
-0.6127409,-1.2732326,0.8590669,1.213765,1.3824543,0.28639665,2.1474037,-1.5258731,-1.217441,-1.1166799,1.2121505,0.58098185,0.7136524,1.6198139,-0.20004998,0.41147155,-0.6544365,0.8590144,0.55328184,-0.26168996,-0.96562904,0.32030484,-0.4259465,-1.3255662,1.6849726,-0.2637182,-3.0014884,0.16588573,0.94484705,-0.8663749,1.4520595,-1.6327229,0.042185955,-1.2229416,-0.744411,-0.167476,-0.8751592,2.0087028,0.20771375,1.0198541,0.70278347,-1.5972487,-0.34380344,2.2689686,0.99083513,-0.055606466,-0.5156048,0.47603396,0.9669831,0.43597758
-0.6286539,0.9748069,-1.127237,0.25126874,0.50860554,0.21337225,-0.83435434,0.2606441,0.6816108,1.0021858,-0.02336743,0.4112944,1.2594292,0.18121596,-0.66202277,0.0067546605,0.32938907,1.1841922,1.4854801,0.46801934,-0.22027704,0.50693804,-0.94819117,-0.1435981,0.15279666,0.7550836,0.87131584,0.019690463,0.07573279,-0.5718136,0.26796257,1.854518,1.0292423,-0.7933864,-1.0791622,0.3798365,-0.0069912835,-0.022823893,0.54125816,-0.10972036,1.5718831,-0.24949747,1.057677,-1.0214596,-1.8345853,-0.28145942,-0.33780503,-0.5704139,0.60700667,0.87934244
1.8519771,0.22827753,-0.48015466,0.7270773,-1.1348807,-0.7774159,-2.3764617,-0.263885,0.6974584,0.2722306,-0.15623751,0.7770965,-0.098475754,1.809366,0.6358934,0.7142386,0.60413677,-0.3842087,0.3861614,0.41889456,-2.0240514,-0.13753788,-0.4450648,1.6814594,-0.65743905,0.6223346,-0.97730345,-0.88161045,-0.9364949,1.3476753,1.7677305,0.6866433,1.6316551,0.7656706,-0.3845739,0.7515467,0.21455014,0.12714972,-1.0635235,1.5627338,0.7669756,0.23900598,-1.4212534,-0.75441676,0.40049458,-0.13835378,1.0183488,1.1108141,0.09774305,0.71408147
0.81370854,0.33479452,0.2432454,-0.423849,1.2161366,-0.2965714,-0.64066267,-0.9484382,1.4859357,0.74736124,-0.30833405,0.2250688,-1.8403528,1.390111,-0.3743295,-2.086928,-0.23956417,-0.5943073,0.1834882,0.78947693,-1.1246263,0.88933796,-1.0675396,0.006345325,-0.39768675,2.678679,-1.2294394,-0.6765042,2.2375112,-0.16445293,-1.4415373,-0.8623452,0.52565116,-1.3628109,1.5988212,0.92776924,-0.29070333,0.9269916,-0.5097652,-0.8362148,0.3348527,0.09696399,-0.65624756,-0.829045,-1.2924436,0.6265117,-1.2055476,0.92477936,0.5124472,-0.9496639
-0.56435764,-0.13128778,-1.6146246,1.2206994,0.9607888,0.3758192,-0.98442173,1.6042846,0.37176389,-0.35416055,1.3316791,-1.5800405,-0.63662666,-0.6391421,0.15352495,0.7603846,-1.3133624,-0.39266613,0.19841324,-0.4707457,-0.43258595,0.049918216,1.7091247,-1.4409258,1.0088745,-0.17802277,0.44071156,-0.120946966,-0.92221636,-1.0739324,0.5499754,0.54117924,-0.07059591,-0.6622864,2.5397558,-0.40962076,0.79228634,-1.0359372,-1.3894762,-0.41096264,0.011662699,-0.25924966,-0.35785103,-0.6157633,-0.6949034,0.28570107,0.32191756,0.33539775,-0.482695,-1.0713583
0.40587908,-1.004726,-0.90013945,1.5463088,0.76088244,-0.20064346,0.20591924,0.19635591,1.6244744,0.9307104,-1.8118632,0.13508159,-0.7843163,2.2509484,0.2878907,-0.78179073,1.1122485,0.29242095,0.089317106,-1.2284536,-0.60263425,0.63479805,0.18500163,1.0415766,1.5092363,-0.07418103,0.39364922,-0.6644138,-0.33540028,-0.16887107,0.7305685,-1.7107671,-0.9483845,1.1218482,-1.1002761,0.51670194,0.09165582,0.5265184,1.1792613,-1.055719,0.15430072,1.1889216,-0.98632634,-1.0245177,-2.196622,1.0348169,0.4785952,-0.78859323,0.4212086,1.3854896
0.074195325,0.14862365,0.9946549,0.4889439,1.4733324,-2.1141782,-0.031666044,0.704423,1.5293156,1.0849735,0.40518513,-0.6012818,-0.4541681,-0.09810644,0.58733183,0.57343215,-1.8972737,1.733154,1.1772614,0.4177151,-0.13757771,-1.0291792,1.1161999,0.15641291,0.68426347,-0.034797966,-0.49010187,0.026979793,-0.40826064,-0.44372585,1.4986117,-0.51996005,0.39177248,0.9008682,1.3326039,0.7445458,0.21448952,-0.6304972,-0.013106871,-1.5393139,-0.5452833,1.0125864,1.0744733,0.20575817,0.10501015,-0.0004710978,1.2119381,0.40420118,0.84929895,0.42183787
1.4396998,-0.2854505,-0.21500894,-1.1793575,-1.8068854,0.06951704,-0.3140453,-1.4876683,-1.2468822,0.70233065,-0.297183,0.18316188,-1.4944468,0.90723914,-0.7615528,1.6532149,0.76222545,-1.1072757,1.0861813,1.3312185,-2.176869,0.10133726,0.5565092,-0.2610346,-0.48579922,0.88300127,1.7701099,-0.9103024,-0.7515134,1.482676,0.030016465,0.11574831,0.16897072,1.6331086,-0.7516704,-0.5891041,-0.62161314,-0.41460773,-0.27248254,-0.9308191,-0.99345285,-1.0881654,-0.87189585,0.042602655,-0.9358493,0.83837736,0.69339764,-0.7245441,0.8553436,1.2828492
-0.33725715,0.6850062,-0.64092463,-0.6788737,-1.9905182,0.34512612,0.979265,-0.28462586,0.012974931,-1.0319508,-2.9282134,-0.8812309,1.3150349,0.11550939,0.74579716,0.22076817,-1.4412824,-0.75420916,0.044300683,1.3873979,-1.9721342,0.5879861,-0.23714106,0.659521,-0.7360857,0.13456002,-0.82820475,-1.5380517,1.2615,0.7090293,1.5679809,-0.83542526,-0.3286106,1.6203374,0.36847827,1.1550907,1.3015752,0.94639224,0.036314555,0.6577808,-1.9448024,-2.4855602,-0.34311542,0.8175036,0.6881079,-0.9721174,1.3563972,-0.59412694,-0.48319498,-0.5835314
0.42495233,1.2342337,-0.4154297,-0.4626417,-0.8043246,-0.7982823,0.33537394,-1.1739022,-1.0161741,-0.26071078,-0.9456886,-0.2741004,-0.3636041,-0.056704618,0.046717666,-0.6422498,0.85212576,0.2428736,-0.114983104,-0.026573407,0.25735262,-0.032648396,-1.0579797,-0.8345245,-0.30615273,1.2329093,-1.1343,-0.24416393,-0.8190753,-1.8026311,0.83216363,-0.004367221,0.30392727,0.87650937,-1.4745367,-1.5055728,-0.5206715,0.33041322,-0.113652475,-1.0759048,-1.8468455,0.29908106,0.42562354,-1.7765822,-1.1096941,0.9224515,0.29870564,-0.8342991,-1.1220078,1.6368456
-1.215709,0.48963922,1.2770294,-0.9440185,0.45424727,1.9546703,0.2843494,-0.34564254,-0.68129486,1.3335795,0.3261391,1.3163508,-0.64674175,0.06540855,-0.80365264,1.0364825,-1.571588,-1.020786,-0.7045964,0.28976643,0.24130599,-0.75183946,0.019254835,-0.020750394,-1.5619278,-0.917061,-0.20460631,0.21391316,-0.18243928,-0.64868337,0.9578195,-1.091417,1.8615518,-0.43672657,-0.7431922,0.11462609,-0.26528168,-1.6791015,-0.19269472,-0.5044715,-0.10404796,-1.262565,1.1016216,0.2618911,-0.8542058,-1.1612182,-1.8267169,-0.04547825,-1.2702206,1.8401024
-0.27083993,1.1074865,-0.7335357,-0.124431126,0.5486321,-3.3068895,0.5402916,-0.07654292,-0.9248723,-0.9265828,0.62686574,1.0736265,-0.7833649,-1.3782661,-1.513538,-0.5655091,-0.52952486,-1.1382096,0.004114868,1.2409852,-0.49920774,1.9461603,0.92519194,-0.522888,-0.6025519,-0.35618585,-0.47183686,-1.2020956,-2.0502415,1.4857751,1.1073253,-1.4612634,0.32704148,0.80726725,-0.74008685,0.23367074,0.77040297,-0.9461231,0.99977547,-0.156612,0.55333346,-0.058494583,-0.32622263,0.94156575,0.23981981,0.7643647,0.3567681,-0.89871573,-0.82084084,1.6822195
-0.6928811,1.4310685,0.041871753,-1.3540206,-0.9319557,0.35066226,0.6627284,-1.8945211,-1.1043293,-0.9928048,0.02264196,-0.6800841,-0.5280662,1.1879349,0.42403433,-0.34109423,-2.0163136,1.3971472,0.46150053,0.58974564,-0.73646307,0.6410003,0.16901863,-0.84507966,-0.095805034,0.07366205,0.98567283,-1.1311278,1.3649261,1.064226,0.2422282,-0.3534806,0.9396282,1.5001929,-0.4060411,-1.5391145,0.8512237,1.1246673,0.19892494,-0.24680026,1.3870745,1.1340454,0.44795942,-0.7045488,-0.18820253,-0.032305263,-0.47445583,-0.75246704,-0.9342861,-0.682134
0.5117897,-2.0106854,-1.3048381,-0.25935385,-0.05232734,0.6141027,0.43414584,1.1179526,-0.6678703,0.92530584,1.5705996,0.3752509,1.1639895,1.8810321,2.0383263,-1.558465,-0.60535336,0.24987894,0.7221038,0.21148121,-0.11115829,-0.47085658,0.8505264,-0.9340919,0.964822,1.1219482,-0.7134291,-0.12133704,-1.1852388,-0.99729705,-1.821232,1.0599086,-1.783047,1.1076025,-1.039333,-0.10774481,0.9015539,-1.2213999,1.5762798,1.4539651,1.1531771,0.80036587,1.9600923,-0.28650808,1.0120425,-2.9788198,0.49591994,-0.092109375,1.2955295,0.9385603
0.6408158,0.33673653,0.5329504,-0.2113605,1.4479442,-0.2411995,-1.3798099,1.2081631,0.124003656,1.0749089,-0.26884693,0.8358623,-0.08701814,-0.9101067,-0.31417456,0.013948335,1.196276,0.07588377,0.91282237,0.9250397,-1.3482033,-0.36357266,0.10752552,0.36252895,-0.9305937,-0.10338406,0.19400156,0.0041140206,0.19369036,2.3046868,-0.26314455,0.7805564,-0.2718407,0.09384842,-1.0502516,0.923966,1.2890662,-0.46572226,0.828359,0.059482373,-0.5303901,0.9174947,-1.0519118,0.8027846,0.67135096,0.022918373,1.7884865,-0.42892262,0.34821495,-1.354066
0.283972,-1.6034006,0.54628885,-1.6446047,-0.3937731,-0.5805155,-1.3966812,-0.715456,-0.30316103,-1.0689048,-1.7947146,-0.73033434,-0.643073,0.30911544,-0.641809,1.2719886,-0.9659817,-0.77831584,-1.0534599,1.2343198,1.870278,-0.0548312,-2.137033,-1.8329048,-1.0559406,-1.3143483,-1.44584,-0.6266165,2.805412,-0.15255149,0.23237534,-0.016294187,-1.0780863,-0.27413127,-0.70540875,-2.0762782,1.2465096,1.7442216,-0.2308545,0.6259947,-0.5868645,-0.91998065,0.1805378,-0.7795706,0.5486778,-0.03721854,0.4817994,1.2307786,-1.5421671,-0.99483174
-0.7984191,-0.5790589,-0.5432711,0.25458694,-0.5897451,-1.3262446,0.77374417,0.37682796,0.95295256,0.659193,-1.384393,-1.5397748,0.16923201,-0.576184,0.48974514,0.28675836,0.07565778,0.28964347,-0.38473967,-0.51296014,0.8571767,1.5387355,0.64515674,-0.45108297,-0.17274174,1.7529602,0.14990114,0.1977695,-1.1642284,-0.051143,-1.4187024,-1.5187131,1.3072743,0.46045366,1.0833653,-0.9677764,-0.5783153,0.87128705,0.17379677,1.2204887,-2.0070302,-0.642306,-0.28014004,-1.4184862,0.38396904,1.0367007,-0.7967105,-0.8324384,-0.6126519,1.4212469
0.7365722,-0.6112439,-0.75926346,-0.021555824,1.4743516,-1.1946396,-1.0777996,-0.49007615,-1.2226359,-0.9939239,-1.5924304,-2.1461444,0.43891147,0.07908734,0.8976605,0.44739705,-0.2865892,-0.033772405,-0.119137764,1.1031734,-0.08705085,0.06063381,1.3287952,1.1638594,-1.578429,-0.6284938,1.033632,-1.404478,-0.12845272,0.8144431,-0.2654214,-0.1619206,-0.31010276,0.6695417,0.67049336,0.057181373,0.10035387,0.16204284,-1.2443727,-0.4819345,0.88275295,0.8887062,-0.42867884,-0.9437538,1.3708752,-0.6654046,0.03279598,-0.112519555,-0.6342271,-1.1685604
0.0052707614,-0.16527632,0.27508035,0.03069795,-0.6656152,-0.05917863,-0.029647952,-0.6643243,-0.048268482,-0.9122,-1.5545993,0.19578949,0.85842294,0.18778214,1.0616161,-0.4849408,0.23790225,0.27294904,-0.12133621,-0.90325344,0.43420735,-1.286139,-0.5450734,0.75643075,1.5535913,-0.7567493,0.07740073,0.89167595,-0.19973817,0.5364962,-0.038481012,0.25755668,-2.0691614,-0.37963736,2.4853842,-0.15804978,-0.69128394,0.3364667,1.3507116,-1.4013544,-1.6780248,1.2311689,1.4513503,0.99174297,-1.1129698,-1.1489869,0.43853796,0.5038564,0.07269561,-1.5305457
-1.7443873,0.86535174,-1.2045991,2.3869061,1.2951304,0.07176529,1.8139515,-0.835817,-0.4479346,-2.5082986,0.28634828,-0.2914075,0.034505367,0.6909484,-0.08765361,-0.017218256,2.405188,-0.09609839,0.95942485,-0.17218564,-0.66315836,0.88703316,0.9196323,2.91096,0.3717781,0.5114367,-1.8671724,-1.2721883,0.96224314,-0.42746487,-0.94372445,0.2701228,-0.09669472,-1.478364,0.24275267,0.36661926,-1.219547,1.224644,-0.17268755,0.014550023,-0.38600785,-1.5431094,-2.425744,0.041546393,-0.7558151,-0.08346729,0.52487314,0.61046296,0.77230257,2.0874472
2.5759575,0.26834068,0.90301085,-0.23809077,-0.47513333,0.7122641,1.5521432,-1.1599222,0.40906423,0.46551272,1.0350859,-1.264321,-0.30953512,-1.4635632,0.12758547,2.4221928,1.150771,-0.59107584,1.9118278,0.13753471,0.37186453,-2.2945793,0.13305165,-0.9062036,0.43705496,-0.9001463,0.430892,0.3998322,-1.7168138,1.5178105,-1.457713,0.949245,-0.03573337,1.2380756,-1.7347478,1.2882932,0.7660542,-1.9345187,-0.049618196,-0.27147043,0.09682529,1.4216373,0.458419,0.9640674,1.6198583,-0.4719112,-1.4772111,-1.4128718,0.9370754,0.9961211
0.071741916,-1.0142038,-1.4443374,-1.558458,0.55517054,-1.2656578,-0.0059368536,-0.9509618,-0.35313314,1.1081392,-0.4342746,-0.9770143,1.6486009,-0.20667309,-0.6445627,1.1764953,-0.36245894,0.32518473,-0.35832274,-0.7665757,0.47612968,2.4910808,-0.24222684,-1.9004267,1.5239378,0.76195365,1.1991347,0.48876718,-0.9300011,2.4953735,-0.81634885,0.13939476,1.2593235,-0.41899717,0.8419198,1.3053799,0.51477605,1.3862687,0.11124447,-0.71554875,-2.7283378,-2.0397534,0.1706091,-1.2336215,0.58508915,0.29993418,0.17484464,1.0283799,1.9875113,0.5274655
1.9578241,0.7583583,0.84685594,-0.7523266,-1.2989103,1.3497442,0.7309053,-0.9844264,-1.073202,1.5793678,-0.24883883,0.4410264,0.19647403,0.66120154,-1.1861674,0.13835245,-1.0678127,-0.29572633,-0.067563914,0.31700248,0.18782972,-0.43119234,0.5888077,-0.5447271,1.6027131,-1.4365042,1.9737773,0.5292628,0.10921602,0.36973807,1.2465214,0.7730998,1.1582503,0.17332388,0.61129236,-0.6499778,0.40473017,0.21056712,-0.21408789,-1.1509204,0.41379634,-1.0871228,0.54537493,1.5334991,0.5892174,-0.22342205,1.2674204,-0.32394925,-0.7009728,1.1648291
1.8465935,1.3737619,-0.8614714,-0.5884752,-0.14585286,0.54633224,1.078876,-1.5068334,-0.816951,1.6769586,-0.40482846,0.23684028,-0.4738672,-0.6174398,-0.35205975,0.49258506,-0.2955851,-0.4826782,0.92696303,-0.3287986,1.4944222,-2.2781076,1.0301803,-1.5338134,-0.86944866,-0.6464029,-0.90720004,-0.92240465,0.047031924,-1.0085666,1.0691547,0.32484022,-0.66101485,0.19936523,1.5758185,-1.0712041,1.6520911,0.028704137,-1.2062854,1.8290794,1.0672117,-0.5351389,0.39424232,-0.37821215,-0.3867049,-0.912734,0.9789693,-0.2312684,0.48849922,-1.398054
0.50473994,1.8216659,-0.82903236,-0.68087614,-0.30982578,1.11524,0.8950805,0.08358611,0.29964662,-0.20711681,-0.34269497,0.8456383,-0.11120028,-0.7618762,0.6041335,-1.5216609,1.0324954,1.2604626,2.5038722,1.2093482,0.22636403,-1.1368349,-0.28838623,-0.643521,0.06978594,-0.012683259,0.3619689,-0.58584446,0.22316734,-0.27779114,-0.2488254,0.11417193,-1.8263026,-1.0346433,-0.5614446,0.17537327,-0.5773698,2.0482905,0.9514325,-1.7412478,-1.4074581,0.017257117,0.49448392,-0.43392536,0.22804865,-0.2868636,-2.3906813,-1.1945821,-1.1630208,1.4800203
-0.38129926,-0.7449858,0.7983284,-0.4342908,0.18254201,1.8173352,-0.9798386,0.5706321,0.3183639,0.2800957,-0.52631867,0.03061039,1.2023406,0.048163988,-0.17440163,-0.8844528,-0.18135628,0.20945778,0.71392995,-0.1148506,0.8790835,-1.42746,2.8117976,-0.8207139,0.650615,0.3644029,-0.8730582,-0.7559221,0.46566212,-0.7425557,-1.7045192,0.77557987,1.2883965,0.47629663,-0.56351894,-1.551444,-0.97408354,0.31070906,-0.19306417,-0.6746531,0.17351526,0.9115637,-0.28180778,-0.36387914,1.0700185,0.5067104,-0.49482095,1.2308513,-1.8851126,-0.25595605
-0.99348193,-1.1747935,0.9205583,0.56684464,-2.2632267,0.26303828,-1.1075395,-0.8089635,-0.66414154,-0.18821284,-0.70065904,-0.49113616,0.09799337,-1.023287,-1.4008149,0.12287989,0.61253065,-0.9575079,0.8037546,0.99958223,-0.15522537,-1.7705257,0.09895826,1.1125076,1.6281611,-0.630679,-1.3783288,2.583097,-0.8717214,0.3103678,-0.33766085,0.18705648,-0.78714013,1.1687257,-0.10702139,-0.9690767,0.5773914,-0.0482971,0.46306136,-0.4287552,0.057263516,-0.70746255,-0.9815655,1.0126367,0.332009,-1.0310947,1.2120467,-0.04050668,-1.7476856,0.43600696
0.1022665,-0.008020106,0.14471228,-0.53781724,0.058405958,0.10920086,1.144927,3.0532389,0.9585001,-0.3544386,0.31723154,-0.11435333,0.7362746,0.6475475,-0.31856802,-0.5638829,2.3190396,0.08287801,-0.42693856,0.35117885,2.028758,-2.1417491,-1.178812,-0.28845894,0.13787857,-0.12571095,0.5865125,-0.5152621,0.4079985,1.3075473,0.41971,0.93749696,0.15359594,0.13516982,-0.673811,0.37682772,0.009266168,2.346428,-0.645493,-0.39101884,0.18508112,-0.4895571,-0.20834503,-0.8438093,0.06487541,-0.79773295,0.817436,1.3095264,0.75213313,-0.18940122
-1.610908,0.7801685,-0.45407256,-1.9599042,2.2470663,1.1210594,1.0057228,-1.5753658,0.3963921,-0.21740058,-0.053431448,0.37951064,0.24413888,0.0038399878,-0.21860914,0.7984307,0.2681595,-0.9803184,-0.97131014,-1.068895,-0.11896348,-0.9879681,0.2755156,0.54653364,-0.7084486,-1.9113363,-0.19998737,-0.51693875,-0.54357934,2.2500966,0.40301144,0.856389,1.1880845,1.3322296,1.3884686,-1.380455,-1.2891455,-1.3415118,-0.07182221,-0.71630013,-1.818256,-2.6056538,-0.017580533,0.14330402,-0.16435717,-0.043010402,-1.0486048,1.732309,1.6560276,2.5998287
-1.2729907,1.989443,0.7175515,-0.7291179,1.2672595,-0.2674022,-1.0513569,1.0652413,-0.94917583,-0.83025444,-0.47622305,1.8178555,-0.35213128,-0.84502155,0.7346017,-0.17941359,-0.1392961,0.8827607,-0.5458397,0.43875942,1.7391968,2.1094155,0.22995394,-0.111664444,0.16368145,-0.480916,-0.47818893,0.5470297,-0.92932874,-0.30352488,0.03563278,-0.1729214,0.09835768,0.863829,0.44168332,0.19212098,0.94015944,0.9489964,0.5319473,1.3937556,-0.6140308,-0.41623425,0.20309715,-0.9900147,-0.045628455,0.88157755,-0.8679727,0.7000912,0.9641417,0.15942405
-1.8712194,-1.2748276,1.031881,0.59145427,0.51202446,-0.5799263,0.3178182,0.72531396,-0.77211154,2.1237018,-1.4624798,-0.7548473,0.94990075,-0.5170262,0.9856476,0.04346443,-1.9324954,-0.2367422,0.42177916,-0.5358475,0.62105864,1.0589919,1.3592231,-1.033764,-0.8451169,-0.018015163,-0.77799153,0.14481704,-1.5710696,-1.1011485,2.1989048,-1.372386,-0.07381684,0.491822,-0.97186285,2.4393816,1.2192367,-0.82579416,-0.1873801,0.59955513,0.61077607,-1.1892952,-0.0630034,-0.0382344,1.7102584,0.2812713,2.0297723,-1.7342154,0.37243527,0.7300639
-0.06831295,1.7132896,-0.7041945,-0.12999576,-1.8216298,0.36245665,-1.6999742,-0.40205756,-0.22647087,-1.1446576,0.20955743,0.7108116,0.9616056,0.405142,-1.3948913,0.36723837,-0.82862777,1.2403439,-1.2451619,-0.06969237,1.8276768,0.7073078,2.36316,1.835769,-1.9487935,0.39979267,1.1555983,0.86339843,0.63209397,0.7088998,0.9238755,-0.033330202,-0.48192966,1.1910083,-0.004957813,-1.0810986,0.5669424,1.9532007,0.26893324,0.5055866,0.9637179,-0.068870515,0.92231286,0.96800053,-1.2917587,-0.49535245,-1.4959595,1.1449909,0.8184137,-2.2971494
-2.156314,-0.697411,0.47838092,1.020589,1.0921457,-1.0137501,-1.5510935,-0.07091912,0.16155003,0.08137313,2.6346166,-1.0124105,0.4686576,0.7620597,-2.1631172,0.6904587,-0.599377,-0.054010756,-0.9133621,1.9745264,-0.027684363,-0.6722351,0.3684772,-1.7112204,-1.0955887,0.20553273,0.52558005,0.2680531,-0.4129288,0.27141637,0.39136216,0.14943905,-0.9533431,1.3979805,0.91643894,0.7437652,0.022311375,-1.4439682,1.2255572,-0.27353102,-0.6174215,1.306821,-1.6874008,-0.62360805,-1.0479493,1.2091173,0.8750089,0.057064936,-1.442237,-0.94277304
0.085937016,-0.05877864,-0.24948026,-0.8742337,0.30558336,-1.7534672,-0.45065528,-0.94802046,-2.9661362,-0.5519932,-1.2623906,-1.0226567,-1.8538512,-1.4271137,-0.5497386,0.8160197,-0.52215695,0.13794899,0.036486596,-1.219543,1.9166647,0.42990002,1.0537574,-0.203537,0.20158468,-0.46462667,-1.3202988,-1.3772972,0.30620942,-1.0863479,-0.009406676,-1.5073066,0.97413045,-0.41815057,0.2520164,-0.629642,0.38431132,-1.0305028,-0.50515884,0.7577264,1.2192136,-1.791041,-1.1327944,0.35925242,-1.2552669,-0.044221826,0.7425427,0.25206584,2.0710242,-0.04060406
0.025062349,1.0214422,-0.90563256,-2.636272,-0.89091885,0.10993597,0.15855074,-0.11777438,-1.2527589,-0.14211138,-1.9065912,0.3574197,0.706344,-0.6551047,3.189523,-0.49411115,-0.05813179,0.20435323,-0.73057014,-0.5223821,0.95162815,-1.5140089,0.8070492,0.06315821,1.0777733,-0.50675106,0.3540657,0.61920655,-0.19509383,0.108307496,-0.27283597,0.0054528504,-0.42712685,-0.5590384,0.6181097,1.1514677,-1.0290705,0.769465,0.049156435,0.32143304,-0.1318118,-0.8458562,-1.2618781,-0.38885695,-0.9408128,0.7586303,-0.28546175,-0.25747913,0.5187409,-0.6785583
0.030627003,-0.31835923,1.3317751,0.6224978,0.6780469,0.68338394,0.20221582,-2.6139293,-0.08286696,-0.3607624,-0.017798344,1.4915451,2.9617386,1.1689961,1.3925964,-0.30898517,-0.19630566,-0.40498272,-0.20824684,-1.2147669,-1.4156047,-1.4027321,0.5842123,-0.7237651,0.41305614,2.5142462,0.9651792,1.4992659,0.5321241,-1.7319643,0.2697208,1.5488333,0.09477162,-0.9670752,0.16762649,1.9823543,-0.85854685,0.6295541,-0.15287554,-0.36740017,0.59093523,-0.37778294,-1.0505878,1.7534399,0.10046295,1.3353821,0.7105432,0.78271747,-0.4955676,-0.18921047
-0.8744085,-0.68245745,0.09434775,-0.9865292,-0.8152087,-0.0036201018,0.41797966,-1.3855529,0.8191761,2.1882856,-0.81596875,0.7905436,-1.4890516,0.12352863,1.3596569,-0.6048125,0.16558945,0.054004986,0.43930337,0.40813485,-0.5414378,0.6150976,0.18939069,-2.4861035,1.1618279,-2.0716248,1.3631614,0.030790599,1.1807754,0.8376372,0.13760085,1.2388456,-0.91771275,-0.10509836,0.28664136,0.06354767,-1.4865327,-0.2160866,0.5159268,-0.39903402,0.33101034,0.8873458,-0.1998116,-2.0355551,0.89195216,0.70459706,0.0051772683,-0.9909345,-1.1517045,1.6415873
0.5510778,-1.1179324,-1.8085163,2.4982266,-1.9965208,-0.5654876,0.6772229,0.5297298,-0.7315448,-0.8710052,0.23704058,0.47473517,-3.1633587,-1.0289942,-1.0001957,0.0951241,0.9997237,0.8307373,-0.57860583,0.79877895,0.2130063,-0.9211297,0.13820916,-0.0879496,-0.44827938,0.17663509,-0.09358625,2.4971275,-0.22812973,-2.3788064,-0.7329902,-0.7572103,0.7744668,-0.5816608,-1.0363276,-0.19354007,-0.32831493,0.18453985,2.3706653,0.89089406,-0.29922506,0.9382934,-1.0361311,1.5113986,-2.237544,0.8237702,-0.08674693,-0.62753975,0.13530633,0.6005277
-0.17291994,0.3317514,0.110052235,2.1731017,0.4781886,-0.44699922,-0.4976466,-0.04405235,0.69620407,-1.0426831,-0.4017342,-0.54776305,0.6152063,-2.728078,-0.0676444,-0.06215578,-0.14110062,-0.0750049,-1.4530932,-1.7000082,0.49576503,0.0271338,-0.20129053,0.37663212,1.2069204,-1.4272453,0.16775572,0.6984166,-0.091117114,-0.7674919,-0.322985,-1.4951663,1.386452,-0.5570612,0.30549207,-0.916833,-1.7745813,-1.016799,1.5060006,0.58867294,-1.0849564,1.437335,2.0099518,-1.4114171,-2.223621,-0.8416709,0.8248979,0.7618161,-2.1728919,2.008556
-1.9782448,-0.66500396,0.24905941,-1.216827,-0.048515715,-0.83174545,1.4933693,-0.1538888,0.3164923,0.42346492,-0.053332124,-0.24180818,0.15923926,-0.8666066,0.09037307,-1.083607,0.16170385,-1.9318627,-0.66088843,-0.18669401,-0.461443,-0.91032976,0.7591573,0.040690582,0.11625441,1.0585309,-0.7354831,-1.3144459,-0.6058815,-0.5698237,-0.3173633,0.7670868,-0.20764308,-0.9999911,-1.2382184,-0.9073026,-0.13479307,1.9575684,0.38320073,-0.28336793,-1.1871984,2.4111989,1.5874707,-1.6216974,0.013368991,-0.67949665,-0.5390123,0.84559256,-1.6450045,-0.6750736
-0.90278023,-0.30887866,0.20647553,0.98781276,-0.04634039,-1.3197383,1.3899308,0.09432646,1.2848792,0.62537277,1.6869261,1.0167375,0.8883704,-1.2101908,0.5062089,0.58596206,-0.92071426,-2.801594,0.2822389,0.8212184,-1.6547425,-0.91936445,-0.49162447,-0.1583348,-0.4171105,0.6745406,0.9070372,1.427234,-0.2762747,0.25987685,-0.31452653,-1.6513394,0.84998584,1.2893792,-0.89064175,0.9908988,0.7082406,-0.5832238,0.74523765,-0.502497,-1.1353103,-0.54227483,-1.0668876,-1.5194014,-1.1364818,0.16922319,0.34967846,0.46338347,2.7708967,-1.1969348
1.623904,-2.1676147,-1.2244862,0.6965686,0.2523074,-1.5204028,-0.43187314,1.4007995,0.1445784,0.84352154,-0.044355683,-1.64148,-0.28721654,-0.3209306,-0.2853353,0.9860797,0.27513528,0.65313005,-2.07953,-2.1350167,-0.44313926,0.9054861,0.49150196,-0.7749598,-0.6061101,0.2944343,0.5724474,-1.2248657,-1.849179,-1.6299856,-0.37857717,1.1335791,0.14423367,2.6146262,0.22628587,0.43980142,0.9558858,1.5139347,0.7443372,-1.1374779,1.0153645,-0.029858917,0.43179554,2.3375146,0.43382958,-1.1388292,1.8690273,-0.61418056,0.6994227,1.0572901
0.80577284,1.2145255,-1.9681642,-0.18509142,0.45927277,-0.9503742,-0.012956104,-0.006187771,-0.15609704,-1.3717012,1.1119715,0.4852493,-1.9228528,-2.4399796,0.70588195,-0.8872826,-0.2943853,0.68325245,-1.1178368,1.3789334,1.3125471,-0.62047607,1.8163098,-0.83335763,-1.2114578,0.55304885,-0.1865117,-0.43100506,-0.48732454,-0.22485243,0.1216621,0.61346966,-0.24355838,0.9092265,1.9511942,-0.47960103,-0.10664616,0.8656627,-0.5848799,1.3857487,0.98106235,-0.7922258,-0.3505196,-0.71460503,0.25982898,0.43044177,0.7094204,0.070237614,-0.051954307,0.44353518
-0.70871794,1.2236004,-0.15408693,0.8430319,1.6571107,-1.0564599,-0.48503736,1.4176754,-0.79283965,-1.7683886,0.3264227,1.0201935,-0.9166565,0.076975614,1.9025446,-1.625368,-0.70020115,0.96315795,0.6864743,-0.09903208,-2.5367978,1.6154112,-1.1970205,0.13903762,0.9095532,-0.9095891,0.67489296,-0.24833182,-1.4006588,1.0837526,0.49008596,-0.5214079,-0.63930565,-0.9455544,0.22878575,-0.40632465,1.1908004,0.4244392,1.0672482,-0.38087702,-0.14587027,-1.48221,0.08211146,0.80092204,-1.063449,1.7556297,-0.833678,-0.70355725,1.88992,-0.20783971
-0.67084813,0.12676929,1.3461039,0.17200331,-2.0011702,1.9700062,2.4280827,-0.6024445,0.23514037,0.5979479,0.33409122,0.83089983,-0.47883,-1.2827336,0.60472256,0.46051598,1.6027977,-0.76286083,0.09541963,-0.03321762,0.30630165,-1.7753602,0.43344837,-0.1413884,-1.0213493,0.11009413,0.14226545,0.49566627,-0.1777854,-0.13060485,-1.7498577,-1.8306412,-0.32581642,-0.16419104,1.0695809,-0.81836736,-1.0683148,-1.4590145,-0.9382755,-1.2617365,-1.5185364,0.20559612,-0.93998593,1.5693464,-0.8480555,0.49406105,0.5359146,0.6924515,-1.022119,0.23582482
-0.808248,0.15726423,-1.8530476,-1.2469999,1.1581074,0.5292222,-0.8751449,-1.1046475,0.48337543,-1.2479744,-1.2568014,-2.5430892,-1.6550758,-0.3859134,1.0678165,-0.5077863,-0.6026195,-1.6371895,-1.2479138,-0.39283475,-0.45836172,0.13876213,-0.46046802,-1.6769904,-1.0970982,0.54272807,1.3739185,-1.3298892,1.7273164,0.5091456,-0.6409912,0.22058819,-1.3961146,0.42844224,-1.0059803,-0.7905181,-0.30079302,0.66543424,-0.12416705,-1.0897858,-0.111342646,-0.05731425,-0.09956166,-0.34441045,-0.37929007,0.31072232,1.5220563,-0.34998873,0.44608793,0.2232072
-1.0775217,1.7709993,-0.10105488,-1.2669853,0.48120126,1.6697038,-0.711517,-0.63944495,0.19645888,-0.86331385,-0.67124885,-1.0731251,-2.5327516,0.6890167,0.34625188,-1.8229799,-0.5240683,-0.35593602,0.0125760045,1.428428,-1.2345903,0.13124055,-0.17169842,-0.031037569,-0.0500246,-1.146905,-0.091447525,1.4246843,0.6860006,0.3250666,-0.3885308,-1.0244405,1.0891179,0.5423268,-1.0253493,-1.3117595,-1.1745011,0.11280552,-0.1887399,0.8601605,0.78862745,1.4872202,-1.5237312,-0.39832702,0.68551695,0.7911304,1.1239133,-1.1756958,-1.707553,-1.1529592
0.9569116,0.5384822,-0.6042279,-0.8110164,-0.93896383,-0.049058508,0.55830705,-0.60685736,-1.0863605,-0.80552614,-1.469957,1.3856483,-0.72148484,0.62209624,-0.081716314,0.9498115,-1.0703018,0.6237235,0.47373703,0.07159501,0.96597207,0.95536757,0.23476094,0.62553716,-1.0566877,-0.52241814,-0.577466,-0.19316575,1.4029135,1.518182,1.2298437,0.25624686,0.72223717,0.878931,-0.60711914,0.6893212,-0.742287,-0.10781383,-0.41423568,1.007939,-0.14210181,1.8063464,0.37469283,0.8841259,0.6234873,-1.0432272,0.81058997,0.47192633,1.1914351,-1.1750686
-1.0818105,0.12857038,0.13457018,0.9375146,1.2545912,1.7921724,-0.3054601,0.997885,1.2138635,0.23683612,-0.19984353,1.4336817,-0.7140798,0.9369671,0.0927891,0.32103232,-0.42126152,0.026531603,0.35982293,2.567535,1.668646,-0.90272063,0.663041,0.12214769,0.39831948,-0.18185075,1.042684,-1.3665205,1.3511323,-1.1323832,0.7014192,0.48769772,0.5784651,2.408299,-2.0788276,-0.91009754,-0.7698485,0.40704703,-0.3744231,1.3128632,-0.94512844,-0.25835574,-1.2164818,1.6533066,0.40854728,-1.4273819,0.06510086,3.0238893,-1.262038,0.930194
0.9541858,0.9332901,-0.20163737,-0.18140069,-1.766189,0.3056389,0.9541122,0.031353623,-0.38517046,-0.31479067,-1.9674654,0.20808546,0.5824265,-0.21851727,0.061877828,0.7853219,0.24024098,-0.25163388,-0.6919502,-0.7899334,-1.454985,0.675407,2.0618727,-2.1304204,-0.2981248,0.23413663,1.24445,0.14006644,0.47501934,-1.398659,-0.87129825,0.16324647,-1.7289846,1.7717644,-0.23725611,-1.6326954,2.13013,0.32340297,0.26397654,-0.016004188,-1.9530048,0.2792332,0.076167054,0.7377409,-0.98275435,1.0295599,-2.1852653,0.59297836,-0.06656577,-1.8818505
-1.3816624,-0.658288,1.6254969,0.5609284,0.22339077,-0.94387364,-0.4543965,1.2937013,-0.57102615,-0.9897505,-0.14883864,-0.5487476,0.52521706,-0.706294,-0.73080236,-0.508059,-0.8355223,0.8079742,-1.0617334,-0.09166806,1.1566333,-0.37288818,-0.46276903,-1.7146183,-0.53229034,-1.6708432,0.20689254,-0.12148353,-0.30959,0.5675513,2.5315,-0.59712976,-0.6018091,-1.0250633,0.39287257,0.0745412,-1.2871039,0.6351322,1.4600039,0.70030355,-1.2096751,-1.7078618,-0.5619576,0.9883436,-0.89078826,1.1593897,1.373051,-0.19234173,1.793638,0.04552547
0.22816063,-0.4867175,-1.6003681,-0.20462106,0.43667826,0.27372783,-0.49713954,0.06108859,-0.5034535,0.036131065,0.2813964,0.4315539,0.53660417,-1.5034585,-1.5650326,0.35069934,1.2242597,-2.0191405,0.780676,1.5239847,-0.1601944,0.5369131,2.1615722,-0.41705298,-1.0323145,-1.5132048,0.843569,-0.77193683,-1.6166136,-0.6235186,-0.69036764,-1.2426792,-0.37485182,-0.33538625,-1.4644207,-0.8114964,-1.0574156,1.163759,0.2339376,-0.24925312,0.8036315,0.822688,-0.7496854,0.6618608,-0.8041228,-0.30920836,0.13708712,0.20015934,0.34241012,1.2170149
-1.821631,-0.73633933,-0.9053275,-0.17428726,0.025007563,-0.09647625,-0.97537786,-0.6656559,0.71962035,-0.4331474,0.9711708,0.1928616,0.5882123,1.5565958,1.7521287,1.3533907,0.34623516,-0.24123248,1.8378053,1.218381,0.07038335,-0.3137101,0.9089941,1.4869037,-0.58820534,0.6731463,-1.709015,1.2107165,-0.9825472,-1.8377801,-0.96374077,-0.440649,0.16751423,2.2401474,-1.4090272,1.3668815,0.6432642,-0.37553543,-1.1073481,-0.38305384,0.3191493,0.9517287,0.34363025,-0.77399427,-1.196573,1.1944832,0.29737657,-0.71463853,-0.19074793,-1.0071541
0.15855008,0.2140323,-0.34990922,2.290555,0.11696655,-0.8583729,0.28250378,-0.25219077,0.997941,-1.4622238,-0.25540078,0.13128494,-0.4505978,1.0698565,1.2135175,-0.38833833,-0.1471491,0.943963,2.3510103,0.24858963,0.4288988,-0.7400449,1.0191545,1.4271235,1.5235208,0.53290915,0.74216807,-0.55606997,1.2968633,0.9228141,0.81105167,1.268923,0.06693246,-1.637786,-0.2997416,1.0977497,-1.6448286,1.3809457,1.2986342,1.5127791,-0.57375556,-1.5212884,-2.624449,0.122541845,0.4229435,-0.21759641,0.7821536,-0.71412903,-0.34959462,-2.1780653
