0,1,2,3,4,5,6,7,8,9,10,11,12,13,14,15,16,17,18,19,20,21,22,23,24,25,26,27,28,29,30,31,32,33,34,35,36,37,38,39,40,41,42,43,44,45,46,47,48,49
0.15811843,-0.9938836,0.06159961,0.6415313,-0.9684495,-1.7030987,-1.6657233,1.0668122,-0.14695369,-0.24594806,0.59415936,-1.16151,0.09677099,0.50938386,-0.24502091,0.73079073,0.11526064,-1.1881382,-0.5454919,0.754563,1.5155416,0.14029537,1.1586686,0.114503466,-0.024250064,-0.7063638,2.4076843,0.58082193,-0.80251855,0.8413028,-1.7817574,0.39764228,-0.23698123,0.44593528,-0.59972847,-0.88337463,-0.93430406,0.041252416,-1.2056859,0.25987226,-1.2281743,1.2702533,-0.1577874,0.35764712,-0.9370455,-0.12787117,-0.94138503,-0.91158926,-0.2848277,0.7435097
-0.92310697,-0.1426756,0.8784372,-0.15140936,0.9284944,1.0956467,1.3945242,0.5324619,0.06752559,-0.91335213,-1.0028117,1.3864342,2.004455,-1.7231759,-0.3794291,-0.37649405,1.6090405,0.6895866,-2.4238143,0.92834234,0.65316665,-0.4298999,-2.2107913,-1.2473553,1.0295471,-0.35616452,0.0018749879,0.039582532,-0.4057933,0.5725456,0.6978215,0.49206522,0.3010991,1.1046569,0.36120185,-0.12440119,-1.0885626,-2.2071846,-1.6204659,-1.2561636,1.5561515,0.97315246,-1.6758991,0.038005363,-1.4093229,0.28929928,0.27844617,0.16673899,-0.89176506,-0.46233174
-0.0072685406,-0.81971395,0.9914375,-0.20697984,0.38430783,-0.6560099,1.0976648,0.30258593,-1.3246127,0.12448905,-0.821014,-1.2312936,1.5651946,-0.7298089,0.42787546,-1.0628175,-0.51196134,1.116388,-0.35588142,0.82843816,-1.193051,0.9226278,1.5602083,0.82441133,-1.2815735,0.76164347,-1.4961101,0.08197325,0.05782797,-0.20144916,1.0379946,0.4094415,0.33058545,-0.63965255,-1.8223555,-1.1072958,1.3105534,-1.6093141,-0.703758,-0.40245745,0.6972124,0.7339361,1.1128345,-0.12284137,0.895823,0.85210395,-0.32727775,0.02458272,-1.6839811,-1.1932542
1.4355981,-1.5609746,0.08344387,-1.2963227,-0.10663865,0.072677374,-0.67316264,-0.13699384,1.2250146,1.3753444,-0.91388285,0.23318326,-1.5931141,1.1768229,0.45739412,0.30272293,0.96666086,-0.8811592,1.6820832,0.4438059,-0.17840345,0.1347409,2.021095,1.4068694,-0.22518255,0.12432606,0.75522035,1.0473288,-1.2391418,1.4717708,0.74443394,-0.12021512,0.26299253,-0.17039746,0.05661532,-0.6676171,1.4732062,0.24013218,0.961857,1.4688922,-0.44367698,0.60087526,0.6402094,0.8903541,-0.22918995,0.555407,-0.10165591,1.9436481,0.892875,0.91601515
0.8377904,-0.6201774,0.8434152,-0.5434675,0.7880043,0.5068139,-0.6280069,0.2172725,-1.4441994,1.3019596,-0.52602714,0.9479496,-0.0697418,-0.04845808,0.44548342,0.84782416,-0.48977107,-0.7325336,0.3695155,2.5404668,-1.1115776,-0.22854146,0.3665367,0.72705823,-0.8184133,-0.2894865,0.12168951,1.786936,1.4839925,-0.5767855,-1.5779022,0.2817505,-1.4211287,-0.08069247,-0.6516133,-1.3961064,1.6610658,0.61915183,0.9322699,0.8879566,-0.107237406,-0.2750651,1.3115618,0.9371831,-2.8116498,-0.25099552,-0.68689907,0.98653084,-0.71217006,1.7903785
-0.007995266,-2.2183251,1.372872,1.0959096,0.6939237,-0.19699962,-0.0046300413,-0.37628508,0.84840983,-0.3358535,1.0388324,0.23098668,1.7228584,-0.23493882,2.1838422,-0.7724575,1.8042483,-0.53057605,-0.78683305,-0.6380576,-3.4191406,0.818117,0.9945263,-0.1256005,0.3578831,-0.2459001,-0.681017,0.18378136,-0.003555564,-0.58862984,1.0993912,1.6595697,-0.71143776,0.8274733,0.3538825,-0.24472357,0.45990297,-0.11797327,0.25292897,0.010330651,-0.36051458,-2.7062526,-0.77025753,-0.25069144,-2.2888288,0.86528,-1.845621,-0.3281052,1.5248396,-0.8543288
-0.038784754,-1.3326889,-0.695371,-0.7677934,0.1515894,-0.5727397,-1.5599364,-0.30255663,1.2350632,1.5086261,-0.86769253,-0.5077384,-0.7242528,-0.52028215,-1.315826,-0.3022203,0.7174322,1.1475414,-1.2346843,0.44103983,-2.5804179,-0.88997436,0.41278976,-0.14923774,-1.2525616,0.81676626,-0.6591715,-0.72033334,-1.3015091,0.20221753,1.9786748,0.86684453,0.055430546,1.8062611,0.12089536,1.2541747,-0.9527193,-0.34583035,-0.2087717,1.5783435,1.7464538,-0.13862252,0.98910046,-0.22770666,-1.5332769,1.9321883,-0.1595867,1.1556108,0.23072414,-0.49125847
-1.8121535,0.30772966,0.39812854,0.9788343,-0.5220795,-0.8069991,0.07331306,1.0975955,0.12099014,0.26235616,-0.2992459,-1.5054389,0.077553086,0.32134405,0.77543193,-2.4846292,-0.87624866,1.3505126,-0.741708,0.47710645,-0.8310617,-0.8063863,-1.095171,-0.045705605,1.098001,-1.8222654,1.0272958,0.4396697,-0.6890435,-0.66661733,0.30221254,1.108474,-0.5310368,1.2300992,0.1344946,-0.6163197,0.7424761,-1.8358158,-0.86940646,0.3285136,1.4980178,2.068827,0.09836403,0.6785107,-0.65274173,0.57627463,-1.1225967,-2.2544127,-1.3469075,-0.45038682
0.797474,-0.2620058,0.14368439,0.2620427,0.9062288,-0.47155067,0.20416586,1.1190455,-0.104269065,-0.08331966,1.3513552,-0.55616975,1.1521344,1.2145135,0.5971279,-0.7201564,0.3047602,-0.23580134,0.4292735,-2.3544827,0.32063296,0.8149796,-1.2113298,-0.6999766,0.5548095,-1.7650253,0.03769561,-0.44621664,0.94499195,-0.4879868,-1.8681117,-0.4725255,1.251782,1.259098,-0.17576477,1.6706977,-0.09115682,-0.38834462,-0.3346894,-1.6961733,1.158254,-0.110042095,-0.5512184,0.80907625,-0.18376997,0.8331137,0.65990806,-0.09664247,-1.9847794,0.6023484
1.5976634,-1.0241177,-0.14051138,0.4326838,-1.3032268,-1.4541501,-1.6467716,-2.023235,-0.51209164,-0.5374851,-0.51125735,-1.3478111,0.43357682,-0.09438017,1.3669419,0.69507205,-0.6679805,-0.22936335,-1.328343,-0.81769437,-0.6800027,-0.508163,-0.5148831,0.3782132,0.7812395,0.2693743,1.4921948,-1.3934112,-1.883366,0.85922587,-1.6827306,1.0578465,0.21376997,0.17206141,-0.77532876,0.08767399,1.8615111,-0.4806577,-0.26866114,1.2634852,0.46238586,-0.945653,0.85054296,-0.4986803,-1.9990234,0.23420757,0.2234551,1.0853461,-0.44412044,1.2860892
-0.38854453,1.4615328,-0.65358055,0.74975675,-0.47164184,0.035020586,0.42668402,0.19663163,-0.7952912,0.32621604,-0.082613744,-0.025962062,0.5082651,-0.31502616,-0.79529333,-1.4694095,-0.7220426,0.034467597,0.45425752,-0.8457941,-0.5387362,-1.2421498,-0.21706316,0.18262407,0.31178275,0.70247895,-0.017865213,-0.70057356,0.65703243,-1.4595724,0.22706528,0.7442682,-1.1335932,-0.52479935,-0.393825,-0.43003157,0.70160156,0.7049777,0.38590685,-0.80573505,-1.8274758,1.1252369,-1.1476499,-0.061384715,0.5222673,0.9146223,-0.28244302,-1.0106634,-0.3982569,-0.84486455
-1.5600027,0.19484973,-2.8365228,-0.093274914,-1.1814953,0.18816152,-0.5582681,1.8098166,-1.0047787,-0.37673494,-0.2947082,-0.0671099,-0.9277546,-0.84155285,-1.2529049,0.76489925,1.1379747,-0.30759615,1.1046042,-0.40963042,1.128846,0.57200825,0.3533222,0.73823386,-1.0875189,-0.43502328,0.12747224,-0.64475405,-1.5247796,-1.0742384,-1.8825117,1.2058759,0.4046682,1.532664,1.0870086,0.56877255,-0.1604431,0.30794516,0.49971515,0.41348344,-2.5385592,1.762445,1.3046304,-0.06932358,1.6630706,-0.096862845,-1.0454342,-0.012801495,0.21911982,-1.1959552
-0.2585613,1.0839769,-0.3618819,0.5079696,0.8436618,1.2380787,-1.0188881,-1.2885586,0.66003585,0.120801516,0.9879835,-1.3124267,-0.045307044,0.17639694,-0.64204234,0.20382337,0.518361,-0.85333234,1.1119791,-0.5776501,1.534986,0.16253325,-1.0542269,0.47387865,0.60861737,0.9332304,0.90732574,0.6784241,-2.1727982,2.8756833,-0.21595074,-1.4206578,-0.610254,-0.21208404,0.043290544,0.15495113,-0.6168174,1.7012502,-0.87915325,1.1332914,1.2013369,1.0280397,1.7274458,-0.34062436,1.2745064,-0.26633385,-1.3667752,0.6165245,0.638858,-0.7381352
-0.9661028,-0.038986616,-0.7204708,-1.1517583,0.1471166,-1.6817466,1.3385762,-0.44909942,1.402132,-0.07267449,0.21220693,0.647357,0.00091136526,-0.47998312,1.079129,-1.9723614,0.23211107,0.2322685,1.3235403,-1.0636023,0.4453881,2.1395848,-1.4062146,-0.5252359,0.42075336,1.3099098,-1.0250183,-0.64113545,0.27570555,-0.67743546,-0.28054345,-1.3109984,-0.85864156,0.2272704,-0.12135835,-0.3311277,-0.5339889,-1.1741732,-0.76981306,2.1493897,1.5863887,-0.06271488,0.6879612,0.2701699,1.9487109,1.300261,-0.9118722,2.6263394,0.74604064,1.1042314
-0.46096104,-0.22226179,-2.5138633,1.2478817,-0.5710832,-0.17741899,0.6235541,-0.7927895,-0.62040055,-0.34087366,1.8148559,-0.0531894,0.17532444,-1.1757473,0.030162603,-1.1011158,1.635297,-0.61274517,0.4991585,-0.74893343,-0.020297676,1.0288073,1.492406,-0.19378205,-0.8525449,-0.5606632,1.1181753,0.68191695,0.27607244,1.0814843,-0.008278156,-0.92059404,1.3352238,-0.06635922,-0.93044233,1.1916652,-1.0173765,-1.6519535,-1.3425138,-2.203077,0.95303863,-0.37047586,0.26599398,1.01513,1.0000407,-0.40687576,-0.67064184,-0.12955908,-0.65137863,2.4286375
0.48786956,-0.105262406,-0.95834464,0.45193136,0.57447505,-0.4524706,-0.35368168,-0.49377874,0.7129506,-0.15855497,-0.7337983,-0.21952215,1.5946902,-0.28752476,1.7051821,-0.017538138,-0.8279715,-1.1955978,1.7566464,1.3310734,0.8676641,-1.2980874,-1.6370096,0.12973668,0.93046504,-0.41577095,0.025436854,-1.5096549,-0.064692736,-1.1572309,0.13268682,-1.2554758,-0.4449308,-0.37434745,1.5511954,-2.689541,-0.5818535,-0.05463336,0.03529214,1.2430985,0.44593745,1.1098025,0.21841761,-1.1045811,0.37743422,0.84497845,-0.4990724,-0.68671364,-1.3425312,1.0475281
1.8439088,1.5438205,-0.35411498,-0.671412,-2.1590896,-1.1037337,-1.2180846,0.57021093,-0.18551399,0.63433844,-0.6747705,-1.8385758,-0.65691715,-0.48553216,1.094087,0.6672501,1.2639211,0.20041668,0.1714413,1.7577735,-0.7671435,-0.6874876,0.579255,0.8283229,2.6756766,-1.0397043,1.0829524,0.1018253,-0.0063653574,-0.52571476,0.9072015,0.5083735,1.3981879,0.72902256,0.62664056,-0.10291635,-0.19530968,-0.29449126,-0.7875953,-0.8950146,-0.5703013,0.08632369,-0.12879959,-2.4674275,0.935814,-0.41029307,-1.2644914,-2.8109233,-1.3121885,-1.7662022
-0.4043964,-0.50501037,0.2851511,0.78057396,1.2397494,0.5674509,1.6736964,0.18872048,1.4084216,1.5473738,0.27910876,0.5195432,-0.1413886,0.7863747,-0.256735,0.6996618,1.004843,0.3539238,0.3531652,0.86841893,-0.08733967,-0.29818663,0.041891158,0.033826258,0.93753546,-2.0314193,0.21067229,0.43087682,-1.3889288,-1.4233466,-0.06010647,0.09059637,0.1121876,1.3726285,-0.39146674,-0.2136847,-0.8224262,-0.33276185,-0.6149778,0.62245,0.66105175,0.24412557,0.34288082,-0.21266133,-0.10025033,1.0279207,-0.30918288,-0.030642515,-1.0571995,-0.30263978
-1.0888282,-0.7826149,1.1925198,-0.07258927,0.094125465,1.2360225,-1.8029683,0.22927648,-1.8979746,0.4869317,0.73079145,0.46352455,0.3286727,0.6906629,1.0522541,-1.8989272,-0.43616527,-0.3126978,0.84154814,-0.33490154,-0.103914894,-0.5767985,1.8744829,-0.28906018,-4.3652787,0.5002601,0.2141165,0.84036916,0.2859102,1.4182148,0.35750443,0.12467257,0.58692306,-0.4599791,1.4590732,-0.23617765,0.77191484,0.6031255,1.1094685,2.175797,-1.0695223,1.3059189,0.24600688,-0.43493405,-0.89249533,0.5929132,0.12409823,-0.20972098,-0.95216095,-0.29898986
-0.4586257,-1.3170383,1.5744474,-0.9084574,0.39625052,-0.17894961,-0.14876887,0.679104,0.98144805,0.6347685,-1.2819518,0.22891174,0.4954642,0.92997134,0.37913233,-0.37724566,-0.55453587,-1.3667545,0.40721896,0.6024863,-0.1832186,-0.7224263,0.34627172,1.3572063,1.3961653,1.6544557,-1.1527807,-0.56948686,0.2411872,0.38556364,0.4972493,2.812433,0.924202,0.9460212,2.3212647,0.45616415,-0.35589045,0.27589035,0.43369442,1.0350709,1.603604,0.06458075,-0.095026486,-0.043935075,0.92428195,0.0327504,1.5328727,-1.2544233,-0.6040681,-0.6624018
0.6948262,0.44841287,-0.8543115,0.24510236,0.12834062,-0.115277834,0.4967178,-0.5954841,-0.13486882,-1.2641869,0.7993477,0.8859206,-2.4526012,1.9377457,-0.05331678,-1.0771767,-0.79803807,1.4684879,1.8117963,1.4673747,0.2536873,-1.1975061,-0.3925804,0.34870026,0.9461351,-0.7960947,0.5811053,-0.97651833,-1.7544696,0.9364007,-1.4458201,0.52906233,0.0054169865,0.22863206,0.69921,-0.71940434,-1.7798477,-0.82872295,0.4641167,-0.64551437,1.2838678,0.49448895,0.78392726,1.5021477,1.0146651,1.3782992,0.51093966,0.85963553,-0.50560695,0.41288882
-0.048164535,1.8352108,-0.53943753,0.5066076,0.7532071,-0.23759225,-0.12978186,1.2732364,1.1120567,-1.543773,0.511729,0.7823663,0.6457763,-0.9157751,-0.79780257,0.45052058,0.56085443,0.42338493,-0.52289635,-1.6255991,0.30028632,-1.0030195,-0.07308577,-0.017614111,0.68129563,0.112595186,1.6982943,-0.50786483,0.00945501,1.5230119,0.31011915,0.68350583,-0.6452779,-0.37007228,-0.5373358,-0.22784176,-0.03312254,-0.7161391,-0.5681928,-0.26445124,1.3238223,-0.5757867,0.28785256,-0.19064757,-1.4800743,0.59388137,1.020445,-2.403155,-0.15613957,-1.2502952
-2.6884165,0.5256351,0.9958174,1.1240976,-0.23578046,-1.1108731,0.26499534,1.933305,1.5473719,0.21423745,-1.5600951,-0.956259,-0.21316352,-0.35864845,-0.88007796,1.0030289,0.25501037,0.2814744,1.532409,0.5040779,-0.46788546,-0.3822385,-1.6441904,0.16968292,1.8796074,2.0603666,-1.0291487,1.2110608,0.15232526,0.30229443,0.939429,-1.6170286,-0.62885606,-0.19869746,0.33224475,-0.17380108,-0.42890048,1.82657,-0.16643348,-0.1261782,0.095777504,0.19015065,0.15759534,0.0706878,0.43871808,1.287983,0.11719832,-0.11597868,1.2272621,-0.15009983
-0.64859146,-0.0067861113,-0.2983716,0.258618,-0.45896828,-1.3066376,-1.3760408,1.3606327,0.24136508,0.16636625,0.73341835,0.9054645,0.79935366,0.045197964,0.5863782,-0.5749941,0.67751557,-1.2921512,0.37052116,0.70554334,0.87252605,0.8366148,0.32569253,0.38242742,1.1940664,0.14048404,0.29789492,0.28588244,-0.06607864,-0.58258235,-0.5217568,-0.59843117,2.2186477,-1.6239157,-1.336966,0.0050933696,0.2647203,-1.6482292,-2.4668665,0.6008012,2.4041362,-0.9557593,-0.5236715,1.5040718,0.064406075,-0.45622256,0.21041048,0.37334052,-1.6920979,-0.2577975
0.59305495,-0.04129437,-0.37010875,-0.41401652,-2.0353208,0.21861564,-1.0831487,0.1601869,-1.109594,-0.2577298,-1.6142268,1.1214948,-0.39694828,-0.92901057,-1.2028888,0.480276,-0.15973152,0.77723694,1.1180848,-0.20639795,0.24538502,-1.6959862,0.43957612,-1.0403236,-1.2504131,0.71667534,-0.33086658,-1.1793396,0.35708842,1.6779015,0.6448845,0.78628,-0.58948994,1.0635942,0.5651205,-0.9831713,0.3945935,0.6855561,0.8498608,-1.2589102,-1.943923,0.39817008,-1.1175952,-0.87710375,0.18951102,0.14826289,-0.66229665,1.0622139,-0.17284542,-0.85980606
0.3662291,-0.097911134,-0.26283023,-0.56346005,-1.628962,-0.4591681,-0.88525283,1.7986058,0.44063768,0.32155126,0.9962329,-0.84095955,1.1442006,-0.42995304,-1.0140821,-0.029800884,1.6770154,1.7892866,-1.3677661,-1.6515429,-0.7691488,0.7794719,0.9712178,2.2397692,-1.3242738,-0.98294026,0.03742707,-1.7549355,-1.0819161,-0.9585366,-0.8300489,0.50629944,-0.95596063,0.33241686,-0.3847457,0.76790565,0.039204072,-0.6371721,1.061181,-0.702652,1.0238858,0.83596516,-0.7054484,0.90364105,0.6987198,-1.0118349,-2.9085603,-0.43916968,0.5448802,-1.2503732
-0.47987756,0.6234752,1.3178022,0.93533593,-2.817438,-0.95732504,-0.351339,0.35435587,-1.7011865,-1.4934961,-0.59073865,-0.59830534,-1.3000062,-1.1770855,0.008489116,-0.2760561,0.81213427,0.267575,1.2333424,-1.2864685,-1.4355057,0.6019785,-1.2686872,0.19246055,2.1842487,2.5849206,-0.0461711,0.48320884,-0.03165195,0.3679394,1.976666,-0.589059,0.607819,2.1888587,-0.020211,-0.77599317,-0.8497285,0.8142434,-0.95879245,-0.19072111,1.2041688,0.3225266,0.821345,0.9717188,-1.16393,0.8501474,-1.2115897,-0.6937007,-1.157845,-0.1993487
1.2758567,-1.3087611,0.35527417,-0.45609,-0.74883235,-0.5736825,-0.5741037,-1.593922,0.9991009,0.6088061,-0.4420158,1.3784705,-0.18495764,-0.018249894,-1.2285956,-0.18169473,0.16689363,-0.9424985,-0.20011994,0.788648,-0.12937728,0.49040228,-1.264889,-0.40766478,-1.5403857,0.7649097,0.16550887,-1.2537451,0.9354548,-0.3546765,-0.23212545,-0.21191134,-0.81920755,-0.020275524,0.8575633,0.63738203,1.5495237,1.1192123,-0.7574765,-0.4001799,-1.8165255,0.41330007,-1.2183801,1.0096095,1.8404684,0.40538317,-0.50376934,0.5823047,1.4814192,-1.6791865
-0.36013463,0.6452423,0.9102743,-1.6921048,0.7954735,0.39465252,-0.89068115,0.33321652,1.2225717,0.08639255,0.22961417,0.16649221,-0.11306628,0.84628266,-1.3683479,0.32936043,0.83963186,0.83954185,0.83510786,0.26882866,0.10844399,-1.1038972,0.6482333,-0.433142,2.1171794,-0.5007986,0.07689934,-0.78458637,0.3452774,-0.8282367,-0.7767869,0.6088603,0.9669243,-0.89408386,-1.069715,-1.1795207,0.16770683,0.36871216,0.5358833,-1.4824119,-0.32206887,-0.018176187,0.5986048,1.049155,1.0591352,0.44238627,2.0058699,1.5772289,-2.975529,-1.10513
-0.95488864,0.5537246,0.3155335,0.017870128,1.5413799,0.36437532,-1.6347854,1.3949761,-0.16253592,2.4113553,0.5929445,0.6949011,1.6720965,-0.8248076,0.46156284,-0.8163516,0.0035953245,0.3638392,-1.2232574,-1.5212348,-0.37346303,2.1569965,0.0055984305,1.0698302,0.791486,-0.3632244,1.0791783,0.26280475,0.6509124,-0.9632559,0.3130241,0.26501,0.6437499,1.4866841,1.2347069,-2.0261927,1.4179293,-2.114754,-0.46197584,-0.99432963,-1.4273692,0.5786262,0.6901227,-0.96998006,0.743859,1.6298409,0.47157365,-1.2967794,-0.9964727,-0.123353735
-1.0295686,-1.0764071,0.9073064,-0.23226069,0.99703234,-0.8006879,-0.34749204,-0.94817364,0.95439285,0.3434444,-1.1257808,0.9636953,1.0176165,-0.12087521,1.455292,0.8913769,0.10338387,-0.81508136,-1.0716572,-0.14854075,0.1046701,-0.4862853,-1.2022374,1.4946775,-0.7686928,-0.38565856,-0.5652524,1.0917171,-0.45965812,0.118876815,0.31603035,0.75351804,-1.0202478,-0.4906114,-0.8235985,0.09939111,0.650362,-0.11115368,1.4241374,-2.1179945,-2.144965,-0.538608,0.4025705,-0.21101023,1.726704,0.3766804,0.18178858,-0.5421303,0.091656946,-0.15143721
0.48292863,-0.08314713,1.4210451,-1.9186491,-0.6774616,0.35912558,2.4451392,1.5792363,0.6983355,1.7618698,0.64224976,0.49526167,-1.0951011,1.2273633,0.94249886,-0.004201688,1.224422,-0.8516012,-2.5533426,0.39730465,-0.36026472,2.2495399,-0.61567783,0.16337265,1.2246007,2.2821767,-0.50878024,1.1558229,-2.2083914,0.022695903,-0.5275909,1.4617984,-0.0101619875,-0.029794054,-2.2380354,-0.52799547,0.8554586,-1.8621958,1.5753666,-0.94674444,0.22841036,-0.15279749,0.9915742,1.1504207,0.57344717,0.48083043,0.9916341,-0.26483285,-0.92192155,0.899706
0.25014105,-1.121254,-0.931726,-0.97124106,-0.33283424,-1.3575569,0.8734603,0.027511304,0.32998842,-1.46692,0.14425914,-0.44972184,0.036517546,-0.6092783,-0.20986104,-0.4337828,0.91594726,-1.0746696,-0.57434714,2.1841137,-1.1478723,-0.54943174,-0.30951613,0.33573472,0.59239256,-1.1489526,0.11647789,-1.5812911,-1.5968103,-0.0224996,-0.18245532,0.18202434,1.3985001,-0.15876308,1.0302532,-0.42767832,0.31296623,-0.15880239,1.8902605,0.9421795,0.8552589,-0.8345196,0.19157447,-0.65201396,-1.0340052,-0.8158831,-0.8530887,0.5440469,0.02133433,-1.7183131
0.6555264,1.3277885,0.6957859,-2.1208293,-0.08162577,0.094854966,0.54806405,0.28312975,1.271482,1.9713238,-0.6706053,1.503862,-1.0507517,0.39574134,1.3964589,-1.7537634,-1.9808451,-0.7995988,-1.502955,-1.2701331,0.58195674,-0.24722682,1.521246,0.0069494275,-0.5288775,0.43891084,-0.5085681,-1.4254164,0.64615136,0.032952804,0.11669261,-0.32430375,0.7774144,3.1359625,1.4842134,1.1263132,2.5376422,0.63168406,-0.80808115,0.6703664,-0.2936944,-1.7427528,-1.2615576,1.6629813,-0.8731738,0.53906274,0.14413087,-1.0936456,1.1412505,-0.4053712
0.3854604,0.75873506,0.009444835,0.9971349,0.35560519,2.1334612,-1.9700794,1.2953064,1.1078014,-0.45912138,-0.19062419,0.14395107,0.8461611,-1.1586995,-1.5171417,0.8662916,0.32031256,1.1337469,-1.3093151,1.4203106,0.18054655,-1.1937151,0.5468745,-0.34118626,-0.3350264,0.65013313,0.27523497,0.030204348,-0.7522065,0.2729326,1.1940917,0.13362816,-1.4164541,-1.1128324,0.5753222,0.13179076,0.56867987,1.4273869,0.9793334,0.47067013,-1.0790892,-0.022201424,-1.5332918,-0.15065148,-1.5061989,-1.3704954,-0.15585567,1.058577,-0.15857483,-0.20036432
1.4715484,-0.13046381,1.4123214,1.2274098,0.79646784,-0.84140337,1.600369,0.96032864,-0.5061165,-2.8775437,1.080051,-0.34346718,1.3815393,-0.3218806,-0.08403097,-0.7330833,-1.0971862,-1.1812068,-1.2063248,0.0026705153,0.89135844,0.014129469,0.48223743,-0.9326145,2.0339258,0.52951443,-2.7694108,-0.87772584,-0.18407203,1.4949259,-0.71215147,-0.15602814,1.3509262,1.2855723,0.3529514,1.9717088,-1.2348167,-0.33928752,0.14038315,0.5624739,0.4773731,-0.23080246,-1.4340848,-1.2001613,-0.39601424,1.1084403,0.5214484,-0.59052235,0.32293537,0.38357788
-0.44556344,-0.22710106,-1.5895077,-1.9025005,-0.70815474,-0.9313759,0.6778381,-0.24731316,-0.42915618,-0.16034612,0.3571324,1.1349124,-0.2717907,1.5443821,-0.4388072,2.0682616,0.19955121,-1.456035,-1.6648239,0.47947884,1.3089594,-1.4500775,1.1000859,0.8452147,-1.8011521,-0.61250293,1.6474223,-0.46142778,1.4881647,0.84082747,0.19396141,-1.4791288,1.7948077,-1.6992743,0.02905017,0.20221354,-2.2919817,-0.58590585,2.2049253,-0.5289638,-0.39800894,0.63211673,0.011084088,0.953664,1.179291,-0.36561808,1.9501871,1.0512507,1.0915955,-0.18081328
-0.35292673,0.05830331,0.2613845,0.73517996,-1.6327215,-0.051684584,-0.69240767,-0.3748489,0.46039253,0.94366837,-0.29389375,-0.4221643,-0.6310689,2.883574,-0.24343286,-0.6693645,1.0501729,0.4706198,0.07770437,-1.8110178,0.56491536,-0.8825863,-1.1140617,0.19724165,-0.52885056,-1.2764401,1.2347527,-1.1073095,-0.1797637,0.1979278,-1.6231211,-1.4212542,1.1267604,-0.050342508,-0.388442,0.5256182,0.40409687,0.2658956,-1.61138,1.1788894,-0.2502574,0.2786453,0.29275802,0.940139,0.70994556,-0.9140411,0.28540757,-0.6333766,-0.36288252,0.12721926
-1.695386,-0.3735673,0.3130843,-1.6047082,-0.47541046,-1.557484,-0.7697823,0.8726238,-0.22810736,-0.17714673,0.80711436,-0.4191381,0.038050383,-0.27618855,-0.60354537,-0.52883786,-1.25473,-0.65560824,-0.83060336,-0.73504335,0.3540673,1.7654394,0.07809321,-0.96192133,-0.4116439,-1.5544208,-0.6954207,-0.4626561,0.5780224,0.66098857,-1.697326,1.7547985,-1.1534684,-0.20416962,-0.53482115,-1.8678274,-0.6253787,0.9239148,2.2743583,-0.64789635,0.47067118,-0.16945572,-1.7297359,0.05561049,1.3104055,-0.63736093,1.4661914,1.8247311,-1.5132163,0.21724617
1.1897068,-0.072708786,-1.0717809,1.682618,0.5793457,1.0556942,-0.09207575,-1.5434357,0.27089116,-0.72107524,-1.0413293,-1.2764217,0.470832,-0.5818011,-0.9242601,-0.25186765,-0.41565394,0.534773,-1.2603993,-0.23017085,-0.48504105,0.37178946,2.4235272,1.3666058,0.04841292,1.1146628,-0.5062705,2.249885,0.7420453,-0.46749678,-0.8285832,0.098586686,-0.76185286,0.23402965,-1.3442972,-1.1315008,1.0743175,0.9194207,0.17084073,0.9560996,-0.599644,-1.0335414,-0.27512112,-1.6875252,-1.5247381,1.6291287,1.2374088,0.8415645,-0.31002697,1.3455025
-0.9855755,-0.051803626,-1.3250707,1.4688158,1.5728973,0.53838205,-2.073221,-0.54905444,-1.9600879,-0.4692847,0.65666604,-0.10906642,-0.30395782,-2.5384777,0.5532743,-0.29425132,0.4456005,0.45754364,-0.9585634,-0.41137072,0.29673508,-0.14489217,-0.114767775,0.76705915,2.1103795,1.1617334,-0.38654917,0.20015422,-1.0958675,-1.2318939,-0.39649934,0.5342452,-0.1720995,2.000176,-0.51428366,0.47229385,-1.7129025,-0.830598,0.7189721,-1.5015541,-1.2846675,-1.3694286,0.937327,0.054176398,-0.1530939,1.2308627,-0.9818302,-0.5342209,2.6490035,-0.74554896
0.6290891,-0.35220864,-2.0988817,0.35651445,1.5185999,-0.12137953,-0.9553804,0.37926748,1.2087177,0.24088837,0.15450965,-0.89278054,-0.5430124,0.5027977,0.6730724,-0.13850656,-1.3094774,0.34130093,-0.5658216,-1.5849054,-0.978764,-0.3067924,-0.34842095,0.08080254,0.48360464,-0.8248737,0.26539367,-1.4241126,0.55364996,-0.07407629,0.37321758,0.26501712,0.5628487,1.45258,-0.16644214,0.66472995,-0.35239482,-0.7887293,-0.7737782,0.11825082,-0.70191014,1.0765498,-0.021283293,0.766514,-0.3069848,-0.7071938,0.5527159,-0.6492441,-1.318972,-0.7342525
-0.06453132,-0.97366637,1.1781116,0.17618838,1.5867077,0.4674344,-0.9495822,1.2155368,-1.3990597,0.75746506,1.6429077,-0.6380278,1.3000271,-0.5414284,-0.91184205,1.7030023,1.0669417,2.2936642,0.79741985,1.7771043,1.259983,1.737836,-0.13144262,-0.44049188,-0.7839685,0.9436468,-0.20134923,-0.52976775,-2.0760634,0.38727683,0.62768483,-1.1367519,1.4688901,-0.89256513,-0.6647137,0.5189316,1.796097,-0.32136136,-0.5624328,0.9090648,-0.71368605,0.12641475,-0.9245157,-1.1153466,0.35763016,-0.21104033,1.1365637,-2.3161278,-0.54303426,-0.94501346
-1.5753937,1.0756106,0.07819081,1.7424074,0.11850333,-0.3302026,2.294992,-1.0675697,0.04005482,-1.081674,1.293841,-1.5044329,0.0007615675,-0.2213679,1.1991351,-0.97692734,0.39075196,0.5538444,0.60250336,0.28016102,0.5020558,0.37253883,-2.3554728,-1.630654,-1.8633518,-0.8362076,-1.3734437,-1.1342525,0.4700603,0.40416667,-0.0124533195,0.8135412,-0.044897854,1.1454887,0.6029671,-0.26261,0.17929341,0.9358233,-0.25864467,0.6350349,-0.9839898,1.2884852,-0.3274231,-0.8504042,0.39207765,0.23467234,1.8174108,-0.17186822,0.21071216,-0.865721
1.1234288,0.43297648,0.67733216,1.9207218,-0.640581,0.5008841,-0.4556886,-0.31216115,-1.5760511,-0.9295646,-1.3079126,-2.0039167,1.4883522,2.9322836,-1.1313584,2.2911682,0.8929011,-0.78895986,-1.1334833,0.22344749,0.4330613,0.47120893,-0.3785196,1.567064,0.60644466,0.28054035,0.3188814,2.8158767,-0.5468092,-1.18753,-1.1608938,0.10472881,-0.4066329,-0.051185522,0.79258424,1.120887,0.046517875,-0.22160362,-0.77090293,0.42687654,-0.53323185,1.8725493,1.1479369,-0.11787122,0.097875185,-0.87931,0.6732479,0.03683406,-2.5473027,-0.7459225
2.1169224,-0.3852107,-0.6003246,0.409758,-0.527655,-1.5821818,-2.2178938,-1.311161,-0.9892369,-0.27533066,-0.50051963,1.9250455,0.9325741,-0.8019816,-0.2925762,-3.12871,0.282006,-0.8074639,-0.4254005,1.2105881,-2.4283614,-0.9240283,-0.63470143,0.54621446,0.74433887,-0.6266631,1.6568866,1.2574133,0.5824881,0.7603931,-0.15535232,-0.035387047,-0.06973697,1.4315463,1.8526369,-0.30316067,-0.9464289,2.2387977,-0.19418533,-0.6917431,0.3627925,0.6543365,1.4242126,-0.58492994,0.71198696,0.63199687,1.1877642,0.41688743,0.8876714,1.1637522
0.47654936,0.24356326,-0.3265842,-1.6938363,0.28414872,1.2796891,0.014108709,-1.7865807,-1.303583,-0.13066031,1.7848084,-0.5685248,2.0384562,-1.2639273,0.6032187,0.5717813,-0.5266943,0.8862676,0.15217209,0.22374223,1.8913578,-0.19483016,0.5356916,-1.105483,0.50923496,0.3293567,0.6999076,-0.3686038,0.53785956,-1.7706891,0.06848205,0.3578382,0.8467372,-0.28679386,2.067596,0.29326126,0.6653246,0.30597118,0.5063555,0.11806619,1.3837703,-0.67888784,0.16216916,2.4632127,-0.8380643,0.16983998,0.59649205,1.832456,-2.1271484,-0.511489
-1.6304108,0.0672443,0.6340714,-2.030822,0.496326,0.2801012,-0.30000743,0.04355615,1.1004782,-0.10307036,0.30784342,0.8047531,-0.873146,1.0913063,-0.033423714,1.215005,-0.68978465,-0.38459647,1.6311554,-0.7848006,-0.4138949,0.37978983,-0.64837164,0.6542011,0.6630093,-0.15488479,0.16261543,0.4004942,-1.4752672,0.72359407,-0.629193,-0.010942169,0.3426133,0.0776848,-0.045940947,0.078884885,-0.58466345,-0.47944584,0.3338134,-1.169042,-2.4562275,-0.84116197,-0.5893916,-0.37462577,-0.3203884,-0.15385567,-0.064213395,-0.06794907,0.6297096,1.4482595
1.3213415,0.6712978,0.7809667,0.7888151,-0.22048335,-0.8833595,0.38560164,0.9837102,-1.0698627,2.0319452,1.5539961,-0.5476688,-2.3158615,0.0026578645,0.042327654,-2.073525,0.016093843,-2.4455738,0.9558201,-0.9232379,0.25104985,2.1682575,-0.3411936,1.4764494,-0.24343373,-1.2954983,-0.29434645,-0.0056173955,-0.56295043,0.18673685,0.87713873,0.13768543,0.7625252,-1.565653,1.6384537,-0.3445961,0.14867708,0.118279725,-0.51107585,1.5758302,1.9855722,-1.0214543,-2.146545,-1.175618,-0.42416045,0.25063083,-0.19274373,-0.28158998,-0.10424605,-1.4310181
-0.84150445,0.3105556,-0.074876435,-0.73661625,0.6346338,-0.108612865,-0.44713888,-0.6208101,-1.23787,-0.28606927,0.7316547,0.14823653,-0.69453806,0.9196945,0.7620807,-0.2739724,-0.12900808,1.7525837,-0.3734124,-0.8448069,1.0620891,0.626035,-1.4555117,-0.54774827,-0.19829346,0.2203712,-0.53300166,-0.046456683,0.66671485,-0.16212814,1.5228059,-0.3617063,-1.5903691,-0.4603556,-0.29108387,0.800474,-0.6588724,0.68021315,-0.42773736,0.35842222,-1.2248738,2.1310596,-2.3548746,0.22652677,0.080213755,0.792506,0.07538172,0.7813116,1.2438828,-0.24789326
-1.2046436,1.1916335,-0.7482142,0.85276186,0.9958037,0.310116,0.02680163,-1.7495703,0.8290816,0.9312055,0.1609548,1.2205454,-0.8587315,1.1357907,-1.500241,-0.8228854,0.07968032,0.17527916,0.098968856,-0.64039594,-0.68081474,1.2443212,0.58787596,-1.249738,1.6097324,-0.10271965,2.3790905,-2.2190943,-1.0001317,-0.4610378,0.38768694,-2.0487616,-0.1954972,0.61644036,-1.5554615,1.0495458,0.09576445,0.108335815,0.7313709,1.5400448,-0.4522495,-0.5937004,-1.3017472,1.5810916,-0.9526759,0.45974547,-0.90254676,-0.21313904,-1.4415966,2.0191169
-0.3823588,-0.56666446,1.0031016,0.27920383,0.2916391,-1.4683884,-0.7984054,0.90394145,-0.056560285,-0.9733514,-0.8621697,-0.02243084,-0.6712539,0.49400306,-0.24439432,-0.02323087,-0.17483294,0.7452832,1.6699281,-1.7853434,-1.4114451,-1.6878358,-0.38216177,0.62281716,1.2643054,-1.0582798,0.26905653,0.283649,-1.4001627,-0.6297835,-1.0560613,-1.5481787,0.839979,0.92885643,0.98210394,0.48204845,0.22083336,-1.3576413,1.1093491,1.1182932,0.39330775,1.1340636,0.0012461374,1.4465369,-2.7278755,0.40236336,0.69407266,1.2323272,-1.3648837,-0.42546433
-0.8617782,2.282839,-0.44876888,-0.6291925,0.06384449,-0.49998227,-0.28461367,-0.91181445,1.4173293,-0.31831446,-0.68643093,-0.3087262,-0.45494255,0.3226767,-0.71208066,-0.0814413,0.07511352,1.9822595,-0.0554793,-0.2905147,0.06996131,-1.105945,-1.4457918,-1.0753196,-2.5219903,-0.7030641,-0.37225485,-1.9186535,0.6920608,-0.6428842,-0.59686244,-2.0835266,-0.6333215,0.3824802,1.8788517,-0.67782843,-0.023583911,-0.04932955,-1.5290561,-0.34958482,0.64311117,0.86319876,0.13182007,1.5870892,0.0565646,-0.27870616,1.2498864,-0.34766197,1.3499104,0.31668636
-0.7834319,-0.62315935,-1.1700665,-0.26234147,-0.86794484,0.5937186,-0.5651278,0.66133326,-1.4682467,0.61464834,0.8767953,0.36375153,0.06003916,1.2446733,-0.70016164,1.2341675,0.77095747,-0.835719,1.7944869,0.47201118,-1.1873571,-0.8536248,-0.20964329,0.57694864,-0.6678368,0.3039524,-1.0916429,0.49516568,-1.2712836,-0.20648545,1.7047993,0.9971466,2.310354,0.78352356,-0.5383125,0.6664929,-0.28677684,-0.6731756,2.422055,-0.90844893,0.023981607,-0.9187257,1.023379,-0.18562724,2.092791,-1.0269098,0.47115138,-0.30494627,-2.291427,0.10938304
1.2172316,-1.0447023,1.0079446,-2.3829176,0.7923671,-1.1698054,-0.74678093,0.5239734,0.58064216,1.7293067,-1.9523832,1.0730885,1.0270787,-0.7225963,0.62240833,-0.16411662,-1.0148335,-0.3577737,0.54165304,0.59519565,-1.9381124,0.008855371,-0.07096293,-0.40854743,-0.96205014,0.6704542,-0.69692653,1.9570185,0.9088467,-0.41069484,0.25123152,-0.37178957,-0.25317353,0.2972651,-0.55149657,-0.68435985,0.27342698,0.89184874,1.1481174,1.1313008,0.001012855,-1.7390468,-0.08795051,-2.0664058,0.8700023,-0.26964256,0.4877697,-1.0103464,1.758315,0.6820998
-0.6938034,-0.87200415,-0.3137106,2.06131,0.41616043,-0.64463264,0.45132312,-0.9655638,-0.7256022,-0.14064406,0.32611942,1.9042028,-0.2862193,1.0890759,-1.3971906,0.121394135,0.92295086,-1.4180884,0.99563396,-0.8215588,0.9169464,0.77155626,-0.5484518,-1.831867,1.0557098,1.496328,0.43019748,0.4820691,1.3204108,0.8137039,1.0599208,0.64582103,1.3568273,-0.13082181,-1.1113793,-0.794981,0.28964347,2.2104936,-1.6641896,0.4282725,-1.48146,0.8300453,-0.97348624,-0.90901035,0.77983665,-0.31410232,1.5031531,1.7991941,-1.0399222,-0.024046086
0.6851845,-0.07936923,-0.43132532,0.0028986228,0.047215212,-1.6256932,-0.6543733,1.007469,-0.42646843,0.6245384,0.51408,-0.086887516,-1.3537,0.98200697,1.2221913,0.42813975,-1.3020822,0.67267287,-1.6216958,0.44472086,-0.99017006,0.5752971,-0.6017477,2.306614,-1.0070958,0.7617807,0.5198957,0.3415042,0.13485923,-2.0764751,0.34261325,2.6858082,-0.19306605,0.68964016,1.5118111,0.62663937,1.5679941,-0.07340761,0.8982738,-0.968469,0.2314726,0.7979808,1.4864898,1.179889,-0.42706293,0.56128055,1.1339228,-0.7407668,-2.3945026,1.1873198
0.9363734,-0.1547998,-0.37357518,-0.13422985,-0.7693474,-0.28481263,-2.330657,0.8362997,1.2059519,-2.5143914,-0.11533592,2.3894868,0.4958379,-0.9881452,-0.7871173,0.4340126,-1.3997444,0.21524984,0.8560566,0.96346873,-0.49121845,1.4124482,2.0075605,-0.8647983,0.073234506,0.30743277,0.46487325,-1.5460076,-0.6028692,1.2868352,-1.5529429,-2.580926,1.093459,0.3221721,-0.77472514,0.9100982,-0.7256301,0.5705935,-0.19862168,-0.4559801,-0.13995677,0.86270773,0.514442,-0.32376492,-0.57968384,-0.101810664,0.18059862,1.0343764,1.3530124,0.26957053
-0.94323504,-1.636526,-0.17685166,-0.03536637,0.6555427,0.18516366,-0.7016356,-0.019776454,1.9438238,0.041757196,0.5887183,-0.47000623,-1.3585461,0.25369576,-0.9396866,-0.12072974,0.50096196,0.3799592,-0.4387514,-0.53608745,0.39453653,-1.1703931,0.5564599,1.6603206,0.6850483,-0.8938777,0.76682365,-1.492023,0.5012665,-0.34705675,-1.4816765,0.42835063,-0.2911868,-0.55146533,-0.18666185,-0.142798,-0.8990044,-0.7993941,0.6986677,0.9797566,0.1366042,-0.26652023,-0.6454055,0.20808858,-0.775148,-0.56532043,-1.1026846,-2.1311495,-0.9197514,0.049383763
-1.3141478,-0.8064164,0.85946846,-0.9656321,0.31052586,-0.8065514,0.5729634,1.0117706,1.8970065,1.6553396,0.65339535,-0.1527032,1.129986,1.2867466,-0.20888187,0.6368523,-0.55295515,0.62339395,0.36596844,-1.5450275,0.14017493,1.1826392,-1.5060971,1.1225648,0.8049276,-0.57642454,0.6405099,-0.21992068,-0.6500726,0.33725366,0.66031194,1.0997344,-1.1360326,0.7488339,-0.39531967,-1.8571783,0.44977137,2.6350424,-0.40640193,0.8277277,0.3714768,1.9542257,-0.72719747,-0.85141456,0.21286598,0.78678805,-1.374806,-1.3249023,-0.3149789,0.0469336
1.1268207,-1.1715497,-1.6227273,0.5396291,-1.4456887,-0.44877142,-0.7907394,-0.21658947,2.1279922,1.1511322,0.97647256,0.6228015,1.6063724,1.4537493,-1.8034445,-1.0776302,0.25827095,-0.40508753,0.9776983,0.25862533,0.64486545,-0.67699575,-1.6614296,-0.56135887,0.81007445,-0.119252004,-2.0497215,0.37375593,1.7225816,0.41027707,-1.1576747,0.6187791,0.08845921,-0.72585887,1.1481929,1.231185,0.6870075,0.25724217,-1.3928475,1.1144409,0.49675852,-1.8254464,0.6477683,-0.77884036,-0.98771304,1.8820685,0.13560183,0.44191024,0.621138,0.67678034
-0.6660112,0.42240483,-1.2716194,1.7393929,-0.69500434,0.671295,-0.59334755,-0.27848294,1.448202,-1.018716,-0.9553939,0.80686694,-1.5856282,0.14556153,-0.4263859,0.82426566,-1.104878,-0.30168036,-0.4785024,-0.21662897,0.84211993,0.16164018,-0.13986145,0.43852624,0.7608607,-0.15668412,1.7517477,-0.038910326,0.81916785,1.1831707,0.23193775,-0.93551856,0.75714004,0.25163922,0.6592009,1.1771493,1.7263101,2.3520095,0.24689287,1.7549958,-0.9230735,-0.40325642,0.3390729,0.3111987,0.23714909,-0.19230169,1.419245,1.9641774,-1.1086209,-0.36238644
-1.1375673,-0.5773643,0.49942833,0.6239943,-0.8433821,0.33343047,-0.1900914,-1.534847,0.7765902,-0.13314812,1.0023019,0.52395415,1.1201763,-0.5589709,1.8854536,-0.6095676,-0.49368978,0.10779091,-0.9149763,0.3641541,-0.06421458,-0.5197847,0.85430664,0.8588319,0.44526505,0.4494782,1.2191269,0.28990987,-0.04364789,1.8093576,-1.7121047,0.476955,-0.66409296,1.5547011,0.41642025,0.8460346,-0.31295618,-0.5376605,-0.0255244,-1.1285723,-0.48716754,1.1067889,0.35651472,1.356238,-0.51596415,-0.22081381,0.4218725,-1.5413179,-0.34001258,0.61469805
-0.76452434,0.3335383,0.9772851,0.028246762,-0.025556745,-0.31190202,-0.72539717,1.0797235,0.73763597,-0.42110088,-0.9465079,-1.3510083,-0.03382621,0.41441977,-0.6539,-1.644062,-0.7434768,0.36327618,1.876339,0.506488,0.92107326,-0.6831086,2.097384,-1.093827,0.46420357,-0.47448444,-0.27282402,-0.5677263,-0.9354791,0.3038118,-1.442251,-1.2902745,0.28537077,-0.19933903,0.4288726,-0.14897731,0.599877,0.10191667,0.35008854,0.16180943,-0.010489956,0.72691566,-0.6215197,-0.30889785,-0.31567654,-0.8565109,0.19319086,0.6170356,0.91840434,-1.2068187
-0.33034667,0.7653742,0.75142413,1.5634097,0.46997404,-1.2286525,0.08619101,-0.8732836,-0.96981364,-0.008743623,-2.123174,-1.5294465,0.5151973,-0.48193133,-0.09791297,0.42494562,-0.31888872,-0.15192148,-0.7120814,0.05601557,-0.2551185,-1.9853003,0.5118297,0.97063917,-0.6575184,-0.44561756,-0.8904613,0.2592666,-1.752934,0.74051994,1.2162331,1.2808723,1.3283118,1.2472218,-1.08267,0.72740483,0.17735015,-1.9017154,-0.32194334,-0.5733851,-0.10072854,0.23115662,-1.5802777,-1.4700462,0.9577882,0.68837917,0.8363733,-0.12289212,-1.6806116,1.3154446
0.7401592,1.0753843,-0.5236681,-0.6333883,-0.06884186,-0.47352162,-2.3619318,-0.6693955,0.70455706,-1.2053735,2.0721433,0.84137714,-0.59914833,-0.7445916,0.8178463,1.0696871,-0.29375872,0.1310244,-0.3278847,0.1606992,-0.96750975,-1.3942974,-0.095439464,-0.723061,-1.5179056,-0.63969284,0.008857553,-2.3298578,1.3875707,-1.3803276,1.1471107,-1.2764429,-0.9681728,0.68503654,0.045778476,0.8402313,0.9214308,0.32711765,0.014876965,-1.3542249,-0.31495228,0.122868516,-1.0231766,-0.37104037,0.36123797,-1.0228415,0.51033854,-0.38339055,-1.7378001,-0.7276674
2.4206524,-0.2727456,1.1982385,-0.2379579,0.0626859,0.55221945,0.21563017,-1.5881987,0.9317813,-0.9353139,0.43116125,0.6164754,0.8130469,1.8205261,-0.22406842,1.3648785,0.07686946,0.56999767,0.5295854,0.7915367,-1.1509471,0.09203677,-1.0281003,-0.6462745,0.26646385,0.15025987,0.97650266,-0.92412156,0.34791493,0.4073933,-0.8163488,-0.16386016,-0.58065635,-0.7226566,0.8594689,0.009257917,-0.16172333,0.4537415,-1.3150492,-0.6091514,-1.3141836,-0.974317,-0.005788982,-0.22447214,0.6321381,0.7963933,1.7451146,1.2871425,1.1055478,1.1795454
-0.27092096,0.71783227,1.1416048,-0.22940102,0.16943432,-1.8932385,-0.56292343,0.46364963,-0.066002876,-1.0309024,0.6603113,-2.0149868,1.2575122,-1.3573487,-0.015697435,0.18535645,-0.39481258,-0.62254816,-0.33549014,-0.36640292,0.69646394,0.8508453,0.5830264,0.44101158,1.4407226,0.7440427,-2.0558093,-0.9371065,1.4500011,-0.47152162,1.4893105,0.45767635,0.5044825,-0.2236484,1.0515417,-0.6403232,1.3152294,-0.7874983,0.5288492,2.8553798,-0.2642484,1.2309102,1.049506,-0.21260053,0.89621186,0.12340814,0.9536008,-2.2419183,0.69654727,-0.37460083
-0.71608484,-0.34098583,-0.17026936,1.2863533,-0.7263997,0.9900686,-0.9382481,-1.328816,0.81681526,-0.7600814,-0.7019801,-0.7603674,0.39355746,0.8595927,0.007847153,-1.3373196,1.3731315,0.7374661,-0.784481,-1.6116441,-0.458388,-0.8019451,-1.51901,-0.8021082,1.4145612,-1.3422625,0.032926846,-0.7705025,0.7595117,0.6772531,0.80244154,0.23890969,1.8521029,0.9138004,0.46838528,-1.2280335,-0.059739985,0.7814969,-0.8470801,0.9703612,0.6647032,-0.0354664,1.1712486,-0.3153044,0.40444833,0.93824184,-1.3871738,0.9055969,-0.011911735,0.93756986
-0.15227507,-0.9216902,-0.041541964,1.1482364,0.13169643,2.1184611,-0.17307414,0.84766346,0.4671593,1.7200764,0.6761364,1.0647683,0.3027655,0.007755566,-1.9455526,-1.1709921,-0.8970513,0.7857425,0.98152703,0.2266543,-0.82491845,-0.8575468,-1.2826732,0.9114983,1.3076811,-2.2619834,1.3983991,0.14464425,-1.3132349,1.1851174,0.7154909,0.81152904,-1.573659,0.31438425,-1.3061612,-0.22864653,0.65201396,-0.009766498,-0.82198244,1.1965423,0.43189132,0.6197978,0.52087617,1.1981157,0.22414105,0.6520817,0.04180685,2.2252684,-0.14741062,0.82078266
0.7871954,-1.7425712,1.7097262,-0.3476901,-0.4722423,2.328523,-1.048958,-1.106544,0.54863304,0.5138124,-2.1097448,1.0248474,0.15461895,-0.8544203,-0.20904051,2.0330398,-0.4937918,-0.104988664,-1.8677658,-0.2057261,-0.03523443,-1.3966,0.6587922,0.0680797,3.7365007,-0.78867215,0.65185684,0.32523024,-0.771584,1.1752055,0.29146668,-0.7403064,-1.0055747,-0.4612605,0.5836218,-0.25683466,-0.60778445,-1.286979,-0.5602447,0.34394,-1.0645413,0.58966297,0.6978638,0.72603184,0.40973368,0.65474254,-1.0461934,-1.2800782,-0.8298294,-0.7936488
-0.7155591,-1.24858,-0.96490663,-1.5288149,-0.6834108,1.7297527,0.21254437,-1.2234685,0.24398632,-1.4777069,1.0645742,-1.5271358,-0.24192683,-0.85495937,0.18227702,-1.0658131,0.42064908,1.4210616,-0.29033858,0.2558643,0.2516373,1.6030229,0.647501,0.6817577,0.641176,1.0295607,-1.2208731,-0.39471447,0.52503985,-0.7660131,-1.9543662,0.28378925,-0.25220838,1.4332262,1.114622,-0.54608285,-1.6431769,-1.1987644,-1.4427928,1.0239134,0.21452744,0.5397748,-0.5807745,-0.7625271,-0.58968073,-0.86653334,0.5409364,0.8917022,0.6373725,-0.9654166
-0.70073164,-0.22625886,0.6523884,-0.57946485,-0.8191704,-0.24339491,0.41497254,-0.99083227,0.9290763,0.66283965,-0.73163295,1.1924657,0.14843662,0.12517555,0.27092203,-1.609761,-2.178524,-1.2024132,0.62787575,-0.3502197,0.13799779,-0.15838268,-0.35965723,-1.6927916,0.31986386,-0.9622241,-0.42671672,-0.8003657,-0.05492221,0.9181762,1.8407395,-1.2317095,-0.509709,0.6167887,-0.6996629,-0.877678,-0.9187374,-1.2847481,0.6061727,-0.7176298,0.032921202,0.48914322,-0.019967245,0.012444358,0.50290316,0.48185137,0.48532867,0.24158335,1.2837721,0.35276347
0.034990847,-1.5858839,-0.91823375,0.5097377,0.66755086,0.64704585,-0.07119848,1.9315264,-0.9669251,0.3343715,0.4849185,0.09713237,-0.87446773,-1.3686925,0.6315271,-0.2750706,0.15735707,-0.46024054,0.18023904,-0.4003203,0.5858558,-0.3669315,-0.8836069,0.027349954,-0.8194322,-2.4696648,0.6152435,1.274137,-0.007130574,1.9141666,0.104989804,1.4366523,-1.3697073,-1.0243676,-1.0379375,-0.40783656,-0.78081864,0.67162234,1.863521,0.6078723,1.7546229,-1.3578988,-0.49119768,1.4128934,-0.37318832,0.3686054,0.32017884,0.72394973,-0.35580164,1.6140692
1.1521324,0.06400843,-0.39709118,-0.06264356,0.25477827,-2.4936755,-0.76386017,-2.0331156,-0.39319548,-0.39339942,0.13920152,-0.36507347,-2.8429031,-0.4701338,0.8854845,-0.09292961,0.33240402,0.12990534,-0.45503828,-0.40507206,0.94131273,-0.5782129,0.5508704,-0.971455,2.1469493,0.5149784,-0.29227233,1.0892227,1.0489658,0.089511886,-0.10462248,-0.101922564,1.079211,-0.70846194,1.0725735,2.8769865,-0.099880494,-2.3543499,2.1605992,-0.8500801,-0.66798407,0.2826234,-0.77411485,0.20561917,-0.81322956,-1.3392552,-0.9073407,-1.7153409,-0.61961436,-0.69259447
0.93340945,0.051631745,0.73685026,-0.6096195,1.3939259,-0.0077183363,1.2212718,1.6917498,0.97510403,-0.06604944,-0.09015856,0.950163,0.46270856,0.4103278,0.17102987,0.50719494,0.3394489,0.49123666,-1.0995431,-1.1489137,1.5929483,-0.17205864,-0.0482692,-1.335935,-1.3644421,-0.21231852,-0.033275403,0.37527496,-1.051159,-0.53747725,-0.4419755,0.43610466,0.7485352,1.5380572,0.7878867,-0.55622715,1.2292366,0.08785148,0.40665644,1.1911393,1.1951197,0.36244768,0.44465283,2.9061155,0.17527056,-1.4088513,-0.6877041,0.1814799,-0.69728315,0.98709613
-0.31559524,0.42449382,-1.9769784,-0.29772848,-1.0158666,0.69183904,0.30114657,1.5143641,0.5396634,-0.90396404,1.6806989,-0.7181325,-0.06595292,-0.5790918,0.21998923,-0.7410181,0.09737781,-0.36907062,-0.6207758,-0.9063363,0.0015062188,2.4374764,-1.7751925,-0.65886265,-0.96092063,0.947375,-0.52168924,-0.6350505,-0.0934703,1.645695,-1.4700799,0.31736124,-1.815077,0.47482648,0.6271184,0.834335,-1.0694784,1.3870288,0.4622699,0.5147667,-0.7290654,-0.97644633,0.32536379,-1.1856828,2.6851652,-1.4735812,1.8388872,-1.1413904,-0.99889433,-0.59716225
1.5028068,-1.7554291,-0.20111749,0.813902,1.7514521,1.0974424,0.5758458,-0.23776582,0.8025108,-0.045671847,-0.5954156,0.1444214,0.5376111,-0.21145296,0.040714834,-0.31662953,1.2333845,0.11407273,-0.21427482,0.18337284,-0.8245716,0.52539366,1.038606,0.7144983,-1.0046834,-0.54256994,1.5984074,-0.26049432,0.57607937,1.3108864,0.56926274,-0.041318055,0.13075699,0.14759772,-1.6662418,2.0401251,0.6682796,0.40203217,-0.41134155,0.07684933,0.93802,0.67403364,-2.4708943,1.271548,0.6069585,0.19924557,0.80193144,-1.6087648,0.12464455,-1.003762
0.87451226,0.42262924,0.73510987,-0.7519491,1.2452843,-2.114462,0.47452226,0.51176906,1.0190665,1.1292524,1.4951518,1.1366851,-0.8231644,-0.4023894,-0.23606549,-0.97317666,0.54799193,-0.9900405,-0.81029224,0.7908372,-1.2149748,0.77924097,-1.2112291,-0.4796938,-0.70826983,1.0983263,0.48041224,0.09139436,1.7020642,-0.54936737,-0.3140409,-0.9227211,-1.1124252,-1.3289398,0.71245676,1.3707533,0.9431128,0.7963225,1.5730555,0.98284864,-0.63735867,0.43268308,0.19308025,0.43160746,-0.11303414,-0.66649127,1.0835587,0.6113134,0.29107407,0.007312191
-0.5548483,-0.83959603,-0.14515333,-0.8637114,0.10760972,0.6190111,-1.2707914,-0.122840844,-0.17733763,-0.43881583,-0.36710063,0.87509876,0.50188535,-0.26956427,1.425112,-0.2298044,0.8898497,-1.038604,1.7750933,-1.0981071,-0.5118824,-0.2500643,-0.6865954,0.1492452,-0.50220406,-0.110174775,-0.23104589,0.76708186,-0.85389376,0.1693434,-0.5152672,0.2668471,-0.6387813,0.87496465,-1.6455951,-0.3107989,-1.7227516,0.4658522,-1.4547348,-1.0970513,1.3549399,0.7066439,-0.5776774,-0.26930505,-0.62941605,0.05023835,-0.8290909,1.145791,-0.5044867,0.5163157
-1.2338562,-0.182369,1.5207949,0.8389959,-0.92715365,-0.3973306,-1.2869551,0.33624136,2.8206832,-0.1437539,-2.589438,-0.9819966,0.9806307,1.337787,-1.2559533,-0.12219668,1.1571277,2.1657813,-0.20576903,1.519895,-1.8272331,0.99976236,-0.9164481,-0.41206706,-0.8128309,-0.07677113,-2.7625797,0.7324509,0.5093763,2.8418674,-0.6702305,-1.1143762,0.14409672,-1.3833665,1.1036966,-0.8668587,2.2065911,0.47366226,1.8429714,0.13406838,1.0587113,1.4158254,1.1073695,-1.2082691,-0.35027885,-1.2488966,-0.83287615,-0.12530756,1.0570511,-0.24625754
-0.4389032,0.23913866,-0.99650013,-0.49061227,0.58451194,0.23892239,-1.6315442,-0.06943833,1.0390855,1.3593051,0.49774122,-2.39341,0.7359671,0.02646003,-0.29042473,0.8974003,0.42744598,0.05469964,-0.52162385,-0.042536978,0.38461322,0.40982312,0.6357083,0.7493708,-0.3402636,0.01577617,1.0352424,-0.74117726,-1.4503583,-0.29611462,-1.3228185,2.4289587,-0.38410836,1.3028226,1.6526126,1.3194793,-1.7904724,0.71531934,-0.7996142,-2.1073484,-0.33478305,-0.8796623,0.6926293,1.3631387,-1.6279514,0.12786037,-0.76284856,0.008596838,0.11860443,-0.18939032
-0.6281983,-1.4694452,-0.5961041,0.63577217,-0.897887,0.36795357,1.9816394,-2.6363099,1.6367203,-0.7364029,0.5806601,0.6060866,1.7622579,0.39048707,-0.59888494,-1.1967322,1.2825277,-1.166277,1.1860384,0.2204891,0.071513586,-0.53889734,-0.53330195,0.35060474,-0.45917478,1.1197267,0.52728283,-0.10510787,-0.6045448,-1.1288056,1.6401731,0.1402569,-0.50039685,-1.4259489,0.897258,0.55690235,0.13903002,0.005901317,0.25927854,1.6159499,1.4260027,-0.38050684,1.9228926,-0.38951847,0.30612558,-1.1885588,-1.7739656,-0.43989375,0.40898073,-1.3030567
1.2635541,-0.6733987,-1.1616406,1.8725522,-0.9694416,-0.4929179,0.773809,-0.2549219,0.83651054,0.34620434,-0.7250034,1.1824136,2.3200014,-0.6105844,-0.2560265,0.1344052,0.022248928,0.6471564,0.8251071,1.9804826,-1.0883315,0.2667356,0.11978884,1.2331604,-1.6753292,0.28840804,-0.4963443,0.4313286,-0.6525719,-1.2896771,0.26630235,-1.5599647,-0.031305734,0.81234634,0.38896486,-0.46681002,-0.3120229,-0.43183053,-0.87163424,0.9427648,-0.10866396,-0.3766763,2.217106,-1.8294797,-0.11810967,-1.4004179,-0.092866175,-1.3443129,-0.28835982,-1.5536292
0.7517483,-0.4124938,-0.54006267,0.31113505,0.50235516,-0.17264427,1.094793,-2.0589743,0.076117545,0.531044,1.1394608,-0.3892642,0.15300782,0.4466097,-2.4076335,-0.8366762,-0.2703881,0.3344987,0.74090403,0.23010069,-1.0454085,-1.1925226,1.244742,0.15510623,-0.1629112,0.037997458,-0.40153348,0.4585934,-1.0399293,-0.17482477,-0.64087456,0.049225304,-0.9318353,-0.4659347,-2.3979697,0.7234234,-0.49403444,-1.3607814,-1.1447786,-1.5339949,-0.3139148,1.8929356,-3.194256,0.36689407,2.2618034,0.61718434,1.5169069,-0.9569592,0.042374965,-1.3401351
-0.6020403,0.11710479,-0.83918494,1.0640935,0.7882877,-1.5493056,1.368904,-0.8786647,0.26188773,0.4685326,-0.28379065,0.5182422,0.37858564,-0.006395288,1.2305943,-0.6263369,-0.056988962,0.26858202,0.34620017,-0.38305134,1.2137073,-0.12161686,0.18346418,-0.3275853,1.7222438,-1.9262345,0.28814825,-0.838448,-0.100451045,1.062104,-0.7196153,1.0608552,-0.82875067,-0.93556786,-0.47271755,-0.4556399,0.24519344,-0.68225545,1.4930311,0.3557972,3.1941845,-0.747945,0.4435381,0.46957427,-1.149313,0.7207296,1.6370193,-0.3460446,1.0656751,0.14263648
-0.03450127,-1.1805294,0.85342526,0.7782914,-1.309092,-1.0342597,0.025401704,0.0045433086,-1.2080598,-1.6831967,-0.459761,-1.2798524,0.35621095,1.809383,-1.105378,0.34430748,-1.6716398,0.5321674,-0.106791705,-1.7960074,-0.5808914,-0.38209638,0.76723397,0.47862118,0.21083945,0.88784236,0.055404603,0.4513913,1.4495587,-0.5892455,-1.0856451,1.9329088,-0.3451468,-0.38531107,-1.3421131,0.28011176,-0.5764193,0.28475252,-1.623948,-0.94575274,-1.5063465,-0.59464586,-1.1239964,1.9493316,-0.79435724,0.45103377,0.27143452,-1.2053248,-0.5747613,2.142683
0.33575824,-0.67996305,1.0542725,0.51063144,0.3640957,-1.2696264,-1.5007379,1.1509511,-0.21564676,0.8950923,1.3861243,-0.94536567,0.22739245,-0.19965357,1.496526,-1.8638511,0.5280474,0.7103658,0.5880972,-0.36516932,-0.9701803,-0.68853897,1.069187,-0.9054348,-0.7600672,-0.3074433,-0.7335987,-2.2727835,-0.8140387,-0.7012638,1.4955024,-0.67446214,1.0970724,-0.13051738,0.044538222,-0.3833633,1.3564662,-1.3667899,0.72639745,0.4863223,1.0404997,0.0053566378,-0.3472616,-0.37616882,-1.2585915,-0.34668666,-1.4190576,0.20171897,2.0210001,-0.86556876
0.25477985,-1.7318555,0.16837153,0.592822,-0.08956984,-1.0718426,-0.18635623,-0.19414404,-0.75083184,0.11300292,-0.88797706,1.9141065,0.31525388,0.5210455,0.15088072,-0.96663433,0.8480945,-1.6781874,-0.3583763,0.08647825,-2.1835196,-0.76251143,0.41594547,-0.5274764,-0.47457826,1.6859518,0.24584459,1.1997635,0.9720781,0.707878,0.88129115,1.0354451,-0.51388025,-0.8305079,1.4480547,-0.7837552,-0.16769686,0.056136478,-0.5233231,-0.86221385,-1.3401638,-0.6658375,0.5911237,0.95969117,0.618792,-1.5211676,0.40376005,-0.7925433,1.7433206,2.1244113
0.5969738,-0.3641075,-0.015499701,-0.1626964,0.5608751,-1.7167995,1.0037512,-0.38161385,0.8303269,0.30866632,2.7433176,-1.2544115,0.18501009,0.19352508,1.2812313,-0.44350028,2.5146313,1.8443347,-1.6087036,0.08216252,1.845201,-0.3471356,0.65165126,1.4336475,-0.74325377,-0.18897262,-1.5331506,1.1692098,-0.24206136,1.5266129,0.8246285,-1.0111406,-2.0434775,0.82318264,-0.8547157,0.61448497,-0.43169844,0.16676253,0.9547199,-0.32476068,-0.5771701,0.06538871,-0.011593739,-0.7343959,1.0946809,0.26892605,-0.04558584,-0.39747444,0.050133545,0.22905561
-0.5990464,0.19705509,1.940326,-0.46139812,-1.5449281,0.071708396,-0.55405885,0.40421453,1.0153526,-0.57794946,-0.43480313,-0.7998265,1.5974785,2.1998866,-0.30385092,-0.28881237,0.13880739,0.5645311,-0.20075254,0.6320875,-0.9265432,0.12864955,0.16745171,0.92430216,-1.4063786,-0.9688509,0.027228206,-1.1296803,-0.6768953,-0.33792284,-0.38284364,-0.7498561,0.55404854,-0.49619207,0.6917465,0.17791498,0.9586752,1.9692154,-0.29113016,0.40997848,-0.18087722,1.382827,-1.5351193,-0.43371087,-0.024437865,-0.13284636,0.514029,0.72805905,0.15007429,-0.8943994
-1.0231985,-1.0155959,0.006271668,-2.0370052,-2.0618255,0.14856754,0.9982388,-0.62122816,0.4349623,-0.15331228,-0.25602436,0.08669583,-0.22275329,-1.1990088,0.57771593,-1.0513066,-0.36191544,0.20485629,1.0282984,-1.2491226,1.3846793,0.4459924,0.76187456,0.28854156,-0.19431373,-1.0141498,0.96968096,0.3045253,-0.18241352,0.81000847,-0.8188704,-0.5204307,0.75105774,1.40107,-0.16717087,0.5211295,-0.34384185,-1.6662744,-0.39696053,0.88003796,2.1856108,-0.38957113,0.24311997,-0.82683784,-0.6495154,-0.06366763,-0.68793535,-0.06357985,-1.619917,0.91637546
-2.4081976,0.97200555,2.2539415,0.65198696,1.0760581,-0.4790468,0.16353995,-0.98324907,1.0897276,0.49295676,1.3041216,0.07002192,-1.6622227,-0.254516,0.0657228,-1.7911985,-0.21102792,-0.17577092,1.5887944,-1.1165928,0.2669945,0.69824994,0.68735516,0.48914677,0.13369197,1.5817742,1.8783495,-0.930941,-0.6281445,-0.59271103,0.3488536,-0.59230167,0.2729062,0.47869202,-0.5880668,-0.15144844,1.111737,-0.62238544,0.58481586,-0.21428955,0.42491007,-2.174047,-0.20448503,-1.1422818,1.0347631,-0.2773026,0.26583597,-1.0765457,-0.32646346,-1.2756556
1.0521209,1.0501778,0.40442076,1.1263531,-0.06389103,-2.2888012,-0.9777269,-0.4699626,0.021191614,0.73829406,0.52068317,0.55058926,-0.5490018,-0.003987592,-0.6826908,1.4441408,0.12433899,-0.85270286,2.5769832,0.18383932,-0.30674082,-2.660933,-0.75275373,1.0868605,-0.73445904,1.0099036,-0.061726622,-1.2432361,-0.73056763,-0.014191693,-0.303786,0.7597368,0.046455245,-0.38052845,0.083830334,0.6751394,0.54215515,3.002558,-1.466507,-1.3241153,-0.34578872,-0.5488588,0.93355405,0.19659695,-0.0037091863,-1.5422653,-0.98460984,-0.75736004,-1.2490644,-1.5567381
-0.66242397,-0.21326105,-0.95058113,-0.252846,-0.2279529,-1.7554835,0.7049895,0.63420486,0.056451194,-1.3467584,0.36941153,-0.35845125,-0.57609946,-0.28372896,0.7863418,2.3053093,-0.9827682,-1.0830823,0.0032434338,-0.9263654,0.55321443,0.6755209,-0.7748279,0.36992425,-0.91249084,-0.8894478,0.11991034,0.035522886,1.2380475,0.91200006,-0.26198497,0.6146568,0.31734803,0.4745656,2.1019619,0.5264818,0.6529021,-0.50156766,-2.882515,1.3327187,0.16264883,0.13079023,0.617548,0.77711684,0.0061296416,-1.9469458,0.3927803,-1.8616145,-1.4187732,1.2801716
-0.10065196,1.2579082,0.8608584,0.061038975,-0.5786851,0.7054905,-0.4102523,0.85422915,0.14653419,0.8595148,-0.2236398,-1.0895463,0.22971107,0.8774596,0.13146369,0.48888323,-0.8817077,-0.25671157,0.19057024,0.07828105,-0.48123664,-1.3221169,-0.11990036,-1.3099242,2.4358473,0.045911867,-1.1893382,0.73881775,1.2235026,0.7028093,1.0433012,0.5795046,1.2254614,-1.9475431,1.0625684,0.55719125,1.2726253,-0.22505073,1.1167622,-1.9026041,-0.8184128,-0.89122826,0.1429029,1.288344,0.5250893,0.723819,-0.45020863,0.437448,-0.5939041,0.23745912
-0.08950676,0.064744085,-0.0050629466,-0.4793855,-0.34760004,-0.5091344,-0.062451318,-1.0891919,-0.2713003,-1.2263004,0.20903212,-0.44666862,-0.8836567,0.14029607,2.217625,1.3819191,-0.2804062,1.6015338,-1.3667468,0.1419199,-0.60473824,-1.1291707,-1.0546658,0.29135343,1.1672038,-1.4263543,1.5140682,0.007073159,-0.059745893,0.9977439,1.2402482,-0.4936185,-1.0360433,0.5317368,0.011919983,-0.24768853,-1.4142228,-0.91208786,-0.37961635,-1.0129453,1.4636002,-0.5376662,-0.061766006,-1.0733335,0.4528758,-0.06733313,0.808322,0.539335,0.073635414,0.07660275
-0.8756086,0.51803035,-0.38485542,-1.0755966,1.4707419,-0.44148695,-1.3081187,-2.011123,0.03558831,1.2354774,-0.19698824,0.63175434,0.34047174,-0.31917864,-0.38716352,0.35145724,1.9756521,0.19277434,-0.014881903,-0.55687904,1.9239812,1.5439767,1.0741307,0.26249632,-0.15121904,0.16545941,-1.0792058,-0.8652408,1.1314223,0.01327071,1.2964762,-0.9198193,-0.61975753,-0.18573207,-0.61578697,-0.56279653,-0.984943,-0.10073387,0.0043989248,-0.9850744,-0.18903773,-0.54049045,-1.5855445,-0.98204166,0.29420513,-0.38873398,1.253783,0.8364934,0.6222188,2.1733685
-0.03980851,0.055187866,-0.803967,0.43665287,1.506278,0.5905636,-0.30100426,0.044188283,0.0818977,-0.023157272,-0.34362695,-1.7395155,-1.259668,-0.17296867,-0.7395319,0.57906514,-0.6480639,1.0301781,-0.802262,-0.53138727,-0.65062577,2.434793,0.89824855,-1.3162891,-0.7033658,-0.9561446,0.7502319,-0.27549464,2.6930642,1.1034474,-1.1360579,1.5552766,-0.573451,-0.19992171,-1.0593733,-0.14486437,0.63614815,-0.5358288,0.7659093,-0.26853207,1.0935245,-0.122524984,-0.33854797,-0.8160798,-0.13696353,1.7486814,0.92105895,1.3304939,-1.2693154,0.31358624
0.96493125,-0.9048509,1.4453483,1.1112634,0.052516967,1.3282483,-0.47023758,3.3095536,-0.24079606,-1.402203,-1.1878206,-0.031907458,-0.6580718,-0.15907453,-0.5656198,-0.08482378,-1.3145032,0.125756,0.79267806,-1.1757827,-0.9917098,-1.3851057,0.9849331,-1.3083423,-0.42983243,-0.68221015,1.4584116,0.19329569,0.870186,-0.90673965,-1.9302964,-0.5667909,-0.53863245,-0.68236226,0.29845068,0.65900856,-1.4343473,0.18966217,-1.9271054,-0.8259719,0.96212745,-1.3820599,-0.7707795,1.1725701,-1.0048664,-1.2962499,0.7232478,-0.527545,0.07913142,0.24058911
0.5067307,0.7313471,-0.37184376,-0.37302473,-0.77769285,0.5053422,-0.4356967,-0.58061713,-0.9487318,-0.21470037,0.49758258,-0.3775332,0.8093002,-0.67644846,-1.5305196,-1.2938842,0.20997053,-0.57431513,-0.5320476,-1.8186693,0.1038558,-0.43735027,0.1249505,-0.5765601,-0.5903476,-0.76363117,0.0627525,-2.6666617,0.48547304,0.13171013,1.683596,0.1718391,1.1101779,-1.4109938,0.23155671,0.18929872,0.27871943,-0.41211098,-0.72926915,-0.12719922,0.0034878333,-0.10853143,-0.20150541,0.5246623,-0.65526634,0.7074967,-1.3168119,-0.14270262,-0.048408836,0.122456275
-1.8356688,0.081238374,-1.7588612,0.15360911,0.373957,-0.40503076,-1.2716765,0.2303442,0.7868417,0.9758059,0.67916083,0.1821566,-1.0929058,-0.91127133,2.0496635,0.39558932,-0.5888756,0.15160497,0.52531457,1.9601735,0.8591997,0.33588186,-0.10141482,-0.33735612,0.16129048,-0.15757866,-0.5757173,1.6382601,0.03167588,0.13012595,-1.7603782,-2.23515,-1.278725,0.13952848,-0.39841473,-0.3846129,0.1911245,-0.33364478,-0.10875077,-0.42559797,-1.7800139,0.2519932,-0.23813556,-0.8267097,0.45435348,-0.54941726,-0.3240834,-0.8701728,-0.84955287,-0.49401087
1.3891289,-0.6734559,0.9379768,-0.7554215,-0.7951046,1.579133,0.4023476,0.74862474,-0.09639007,-0.2756879,-1.0103906,-1.9300036,-1.1486783,1.5667431,-1.2457198,-0.8020213,-0.47623783,1.4587862,-0.56942147,-0.18824343,-0.17261177,1.870861,0.8956823,0.8135218,1.000507,0.39030194,-1.7496531,0.11568777,0.422888,-1.3068204,0.48902664,-0.51617324,-1.0981245,-0.8675279,-0.87496483,1.4932634,1.0336556,-1.8553189,0.057065062,2.1677947,-0.45099667,0.08452097,1.0536577,-0.964934,0.43700826,0.71013796,-0.29670337,1.0949084,1.2354597,1.3001695
0.9336194,-0.16745198,-0.14377983,1.3066247,0.039655972,1.6753316,-1.3546246,0.7038132,-0.606308,-3.2156944,-1.3410157,-1.9993812,-0.4086872,-0.5343043,0.072741576,0.24062283,1.3374842,0.2642505,0.43845472,-0.70313656,0.23722962,-0.3801559,-1.3206679,1.5097895,-0.46042487,0.69799525,-1.4405965,0.26074815,1.300787,0.11192994,-1.3288349,0.28933316,-1.9340954,0.16651237,-2.209906,-1.6869372,-1.1337638,0.97117156,0.9397684,0.7169512,-0.93115866,-0.4461904,-0.51707536,0.86101216,0.00815277,-0.78439236,1.2498475,-0.023410019,1.6673038,-2.6381826
0.12349831,0.7664537,-0.012816382,-1.2894801e-05,-1.0011873,0.53137773,0.2549489,-1.0926483,-0.39846972,0.6237131,0.3138939,-1.1210185,0.77743304,-0.38076597,-0.5784075,-0.6028045,0.08656128,0.30366847,-0.5253498,0.16602498,-1.5505434,-0.6807456,-0.32199126,0.71921784,-0.6859119,-0.9758061,-0.18375914,0.996754,-0.23339531,-0.7586478,-0.803601,0.24180743,-1.5991496,0.3207767,1.8360944,-1.3201418,0.9615688,-1.5894675,0.004408871,0.3478301,0.554983,0.7953877,1.6420212,0.5895902,0.9141866,0.6466414,-0.72235554,-0.65146774,1.662331,0.10410535
0.6470066,1.1550708,0.38342375,0.1913601,0.63142616,0.011927776,2.703088,-0.71085984,-0.19918357,-0.43201008,-0.8958658,-0.7465057,1.7974113,-1.0345491,-0.1277399,0.68443024,-0.26278663,-0.30650222,-0.54678327,-0.23176903,-1.7117143,-0.92017037,-0.17979036,-0.49244434,-0.52011365,2.2469215,-1.202376,1.1432997,0.5780222,0.5614376,1.314694,0.046868548,-0.030021347,0.9589417,0.84713686,0.23810677,-1.9740199,0.7214436,-0.6800905,-0.98111826,-2.0808628,0.7882844,1.25284,-1.1755357,-0.68991756,0.27452597,0.08107233,0.6067913,-0.37780586,1.6224264
1.1820226,-0.14369741,-0.2299811,0.3355795,-0.30679342,-0.6896883,-0.030272735,0.75534886,-0.48835376,0.5602711,-0.36311454,0.55639243,-0.39626613,-0.18083578,-0.49901778,-0.14933498,-0.63549966,0.027496967,-0.44129035,-0.53779763,0.66128004,1.4145874,-0.4714329,-0.109590225,1.134244,-0.7016425,-0.5121751,0.6436756,0.9800148,0.60478354,0.42509466,-2.1563592,0.51791257,-1.7609078,1.1489311,0.6590285,0.58189315,1.0986466,1.7938449,-1.7448432,0.7067352,-0.031112723,-0.23359638,0.05092619,-0.74274665,-0.7476828,0.6840826,-1.1183652,0.5881732,-0.07140815
-0.6166037,-0.17112346,-0.3333145,0.6581325,1.3633677,0.82720226,-0.497493,0.7622692,0.9966173,-0.2175878,-0.5937348,1.0883514,-0.026947213,-0.12506698,-0.17023033,0.12310873,-1.6061816,0.3185465,-0.5392986,0.43444252,0.5214508,-0.20514563,-0.87929165,1.2402338,1.3812625,-2.0360038,-0.801052,-0.4742575,-1.087521,1.1758708,-0.033213254,-0.9891046,0.32707185,-0.6531809,1.3167056,0.65632737,-0.42553246,1.4174377,-0.21724351,-0.8378827,-0.9030055,-0.58853203,-0.4913652,0.3512261,1.3286618,-1.2724621,-1.1607983,-0.21245982,-0.598165,1.7430457
0.44726568,-1.2949252,0.25018767,1.520906,0.91386855,0.10576028,0.0098444605,-1.8728728,0.16530621,1.4013103,0.33358675,0.78792983,-1.1574373,-0.14033023,0.52439725,0.20670493,1.0335693,-2.5245707,0.7825839,-0.44396842,1.1979253,0.43740776,0.47520068,-0.30975443,-0.16440867,-1.1791999,-0.18938956,0.3206455,-0.11158962,0.5273278,1.58075,0.8207231,0.73454165,0.8229665,0.6292486,0.8120041,-0.79282004,0.5983319,-1.6544997,-0.5973471,-1.1607392,0.7042622,1.408963,0.123739175,-1.5029237,0.83037096,0.47379035,-0.77190906,0.3105013,0.9626462
-0.45874333,-0.8661922,1.3920203,0.39771277,0.6494376,0.6320852,-0.76520836,-1.4424756,-1.74546,-0.42783204,0.018459944,0.8423271,0.070993826,0.6677423,0.8703102,0.13473514,-0.61130416,-0.44423947,-0.081705004,1.1061532,-0.5656879,-1.0857346,0.029607248,0.78824127,-0.4209997,-0.23918487,-0.67170906,-0.77157927,0.19689493,-1.3660553,0.76513195,-0.10562007,-0.88662297,0.3657466,-0.0041992296,-0.37793365,0.040845238,0.38854897,0.5591085,0.6215932,-1.5483391,-1.3401197,-1.4156492,0.6069984,1.2112417,0.117353044,1.4425427,0.109150775,0.19835861,-0.512385
1.7072667,0.79738235,-0.470871,-0.3446827,-0.21565905,0.5648521,0.8563377,0.590638,-0.60597235,0.1850976,0.2700608,-1.22935,0.07284844,0.8855538,1.643027,0.27849844,-1.5003589,0.40845847,-0.05646196,0.025466926,1.0191532,-0.5292078,1.9766017,0.8082601,0.6486255,-1.3803537,0.40888074,0.09545553,-0.32005692,0.4485215,-0.86782575,-0.1131813,0.96933913,0.20173329,1.1841818,0.7258651,1.5553786,0.07889292,0.15419886,1.3871803,1.9851438,-1.2449077,-0.33210838,0.6076741,0.5330379,1.2552998,-0.51695335,-0.63871175,-0.62657976,-0.24755226
0.22150367,-0.23066615,2.0505307,0.5634222,-0.46875066,0.5917764,0.3851766,-0.7441196,0.026349185,0.29659787,-0.31475917,0.7554103,0.15008853,1.6748577,-1.2939498,0.56837183,1.2639802,-0.11063876,-2.5770316,-0.11021617,0.9565137,-0.6303508,-0.18829587,0.98355776,-1.2169167,-1.1641842,-0.026450448,1.6061368,0.07211247,-1.1739513,0.17643397,1.1978785,-0.48785782,0.14666402,0.2987127,-0.21230175,-1.896454,0.49994603,0.40588388,1.8350261,-0.9488057,0.96451575,-0.6064529,-0.75066406,0.28174898,0.4758802,-1.6270951,-0.47805077,-0.5811951,0.9033047
0.44507387,-1.2980157,-0.11983411,0.33699486,-2.0680294,-0.17145957,0.17076427,0.20684293,-0.2488259,-0.7045747,1.1505631,-0.82712674,0.26079056,1.549417,-1.3821398,-0.29500064,-0.022585062,-0.2067476,-0.80292153,-1.3754222,0.6068156,0.11820952,1.3946817,0.26269424,0.12569843,-1.5214785,-0.9097121,-0.86409974,0.27173135,1.358975,-2.2802982,1.1865227,0.8723332,-0.07627525,-1.6995819,0.22545777,-0.12562667,-0.7969906,-1.4898145,0.923615,1.8798107,-1.1730899,-0.7639954,-0.9079791,2.4287202,-0.40450874,-0.3504344,1.6029698,-0.34769467,-0.4485197
-0.8222004,0.5840217,-0.53954726,-0.27530545,-2.4802918,-0.24422266,1.1249001,0.6145928,-0.3577842,-1.6396883,1.5710274,-0.5548456,0.7791667,0.24955669,-1.0555329,1.3220962,-0.5394369,-0.022101736,1.4905863,-1.2690125,-1.539065,-0.7762893,-0.12711361,-0.024140773,-2.3642256,1.5273317,1.0827042,0.007285101,0.2512474,1.3159282,0.78709096,0.47593218,1.0900686,-0.19673602,0.54931945,-0.47242892,1.5874639,0.06406881,0.078179725,-0.12289413,-0.64106673,0.76458865,-0.5812126,0.43511918,-0.72423196,0.33081394,0.41270068,0.039023545,-0.7455808,0.07626752
-0.61099917,-0.78482836,-1.4747757,-0.24481274,0.13703726,-0.823334,-0.832478,-0.5803729,-0.41643497,-1.4596231,1.171608,-0.518819,-0.79767245,-1.3261335,-1.0169374,-0.18854465,-0.4088173,0.44974416,-1.6762244,-0.41850868,0.850741,-0.34935853,1.1567492,-1.4373397,-1.1309311,2.0047252,-0.34215218,0.570494,1.5758187,-0.78799015,-0.41276821,0.259202,0.98469025,1.1041089,-1.3066734,-0.4078767,0.90235513,0.109615795,-0.29194725,1.0019372,1.3506967,-0.28704092,-0.42651984,0.85529804,-0.29808587,-0.47803482,-1.2153829,-0.81147265,0.06952533,0.35326412
-0.01255444,0.1509556,-0.27633706,0.30667287,1.0578425,0.37602335,-0.56728727,0.46793032,-0.20260443,-0.5462758,-1.3232449,0.7523655,-0.29647064,0.30459064,0.46714044,-1.2771583,-0.92823684,0.17256592,-1.7342916,-0.38776565,-0.10999241,0.12840115,0.23079547,0.81891847,-0.073180325,-0.30785033,-0.13682327,0.31568614,0.30540824,-0.20730978,0.18481661,1.8554301,0.29616,-0.4439423,0.44825473,0.14501965,0.09148486,-1.0914217,-0.63249195,1.4153845,-0.6561121,-0.6249185,0.68105733,-0.7228656,0.4503435,-1.1402905,0.8685823,-0.8129825,-1.7086116,0.10054286
1.5793544,-0.9591358,0.39073557,1.508465,-1.364906,-0.2849745,-0.5837499,0.6881062,-0.43259886,-0.48014948,0.84076,0.48290575,1.6066715,-1.276104,0.0027821134,-1.5347016,0.98942816,-0.104928866,-0.9058467,0.35232896,-0.27445668,0.32610977,-0.7416283,0.3565934,0.17054756,-0.6932837,-0.87572384,-0.4682167,-2.664128,-0.828183,1.6834737,1.1321784,-0.91283846,0.90975255,-0.07150123,-0.3580935,1.9770952,-1.0965607,0.41042867,-1.5702537,-0.12436103,1.632918,-0.90279883,-0.860965,0.16570464,1.6328572,-0.716328,-1.8521935,-2.286669,1.2809819
0.6467775,0.17875189,0.15270062,-1.5051436,0.5799564,2.3018677,-0.7490983,-0.5350505,1.093391,0.20923847,0.19274952,-0.8799893,-0.09165404,0.2532093,-1.623217,-1.4943,-0.21239896,-0.8515293,-0.650319,-1.0759073,0.13704534,-0.44923982,-3.1910546,-1.704313,-0.8339317,-1.9448948,0.17925623,0.86143166,-0.67290145,-1.6431677,-0.22632048,1.0445281,0.513229,0.2577076,0.28734446,2.517764,-0.59249985,0.5008419,0.71888804,1.5766503,0.46734077,-2.3999867,-1.5012656,1.2424159,-0.32634506,-1.1656026,0.39240822,1.9939346,-1.5517886,-0.96365404
-0.34869683,-0.89708614,1.7305291,-0.9089565,-0.418046,1.545479,-1.3399005,-2.0624352,-0.19525927,1.3188332,0.3092279,-0.42731562,0.53299725,0.5579152,0.14485487,-1.1311435,0.5113193,-1.0605327,1.0375785,0.15763062,-0.3287983,-0.20469289,-1.0079018,2.669641,0.73115176,-1.5389868,1.2848786,0.06969083,0.077603735,-0.5982011,0.1579195,1.9281209,-0.24000007,-0.8655497,-0.5477701,1.8461083,-1.2909086,0.24672264,0.54265004,0.1815403,-0.4455277,-0.3467325,0.33458936,0.22147241,-0.27353278,-0.06309347,-0.614084,0.47727072,0.61149967,-1.3885962
-0.18354885,0.21570776,1.2283919,-1.5956868,1.0995922,1.0100669,0.20806056,-0.81684685,0.33787382,1.4706877,-0.870153,0.893395,-0.809099,-1.2691501,0.23218997,-0.03336255,-0.26462173,0.823571,-1.0356245,-1.0735874,-0.21987155,1.0555493,-1.8386273,0.53607434,1.8618988,-2.1609652,1.2128747,0.5959417,0.06078653,-0.375732,-0.74593097,-0.5794127,1.4015288,-0.037994068,-0.15579288,0.42399347,1.9379679,0.3164618,0.78271616,0.9219942,-0.36083916,-0.73727244,0.63865644,-0.7530821,-0.24151035,1.2804753,-0.53793436,-2.1352763,0.62183386,-0.056959618
0.6409678,-0.3344469,-0.47818437,2.0367951,0.49789554,-0.22669779,0.76981324,0.33410287,2.197554,0.6036408,-0.8608999,2.2715046,0.6042505,-2.8799253,-0.38218266,-0.70078516,0.19164097,-0.4482258,0.6260015,-0.47358146,0.6067752,-0.47400403,-0.45921373,0.14294583,-0.70241153,-0.82565576,0.6255339,-0.1686642,0.5408645,-2.14379,0.8566924,-1.5777879,-0.45071468,2.3566098,0.12028292,0.95748895,-0.6120735,0.96993065,0.44661382,1.311091,0.8153792,0.86878,-0.059817743,0.6112367,0.5794159,-0.14007063,0.6039832,-0.012567825,0.31206974,-1.6780374
1.1061105,0.20013088,0.26195905,-0.50542736,-1.6797671,0.089938626,0.6783013,0.38978356,-0.7566239,0.21107276,0.705789,0.36471978,0.02689578,-0.065564476,-1.1973206,-0.09956133,0.5372954,-0.39438125,2.3090684,-0.37975454,1.7540443,1.0653332,0.20867738,0.1920357,0.43632403,0.6523674,-0.45186114,0.84784734,0.23947965,-1.7152295,0.30502033,0.58822465,0.055433005,-0.5116883,0.62690514,0.86760545,-0.854622,-0.58768296,0.30767763,-1.5486605,-0.19311866,-0.752871,1.1198188,0.41842008,-2.2285426,-1.7002687,-0.57540023,0.7537913,-0.8073909,-0.40734538
0.8408335,-0.7251392,0.07775234,0.12473417,-1.3502314,-0.39145723,-1.7918314,-1.3010429,-0.27699155,0.22620623,-1.5918416,0.0044691116,0.14184716,-0.5160059,-0.69239664,0.3269063,-0.71132284,-0.5137781,-1.1163455,-0.5130737,-0.26259413,-0.32755452,0.5988986,0.48329106,-0.70012766,-1.5627255,0.9414403,-0.22818111,1.4204463,1.149893,2.2699723,0.6847153,0.35917807,-0.003875616,-0.22148122,0.41678897,1.6827655,0.5421762,-1.0327791,-1.5136513,-0.17502053,-0.30534542,-1.4078182,-0.32177863,0.028814169,2.2485542,0.69971174,1.0001016,-0.42696178,1.0234377
-1.9264902,0.8732185,-0.28180012,-0.27180442,-0.4985401,0.5558716,-1.3216411,-0.40642828,-0.10020013,0.31782964,-0.7791823,-0.7619003,1.0064081,1.4593028,2.8004186,0.24639638,-1.4873921,-0.56379545,0.08427486,-1.4814388,0.45556322,-1.9189762,-1.7871047,0.053479522,0.5639651,-1.2036885,0.76853544,0.49989766,0.32997712,-0.37948316,0.4444277,-1.1413959,1.2574859,-0.051117606,-0.2291042,0.45428663,0.985991,-1.8150966,0.24650013,-0.15902536,-1.2428343,1.2817994,-1.1074504,1.8410368,0.2601261,0.4362453,-0.39574194,1.5556347,-0.7471878,1.356432
1.3079648,0.21788584,-0.061242912,0.98887825,0.73762673,-0.14561853,0.21841392,-0.23214124,-0.092855096,1.276558,-0.45651066,-0.5523068,0.5127533,-1.0386473,1.0968547,-0.19182955,0.32497036,-1.0388515,-0.069551714,-0.25053465,0.5732931,-0.5650046,0.07801053,0.7725048,2.333991,1.122325,-0.5083858,0.4826105,0.19825342,-0.6229686,0.2994808,0.057611726,0.26082823,-1.237916,1.9220138,1.291119,0.64106315,0.11457612,0.393306,-0.8169427,-0.6124045,0.054409143,0.8715,-0.29435182,0.42844057,0.43894106,-0.27419132,-0.70289695,0.32417083,0.43612784
0.83564246,-1.231971,-0.6021247,-0.7459866,-0.66527003,-2.1989756,-1.1585971,1.5993774,-1.2683287,1.6734116,0.75814885,1.5436479,-1.1976591,-0.6633316,0.55460995,-0.5234596,1.7247187,-1.8868548,-0.38335833,3.0339897,0.42628255,0.49868128,1.229869,0.9797052,-0.30403927,-0.85655195,-2.3405385,1.5720927,0.49851868,-1.5535783,-1.1259818,-0.7272145,-1.4686469,1.9545722,0.30185327,-0.8584724,0.34423962,0.46726805,0.7607471,-0.88990587,1.6978317,0.65431225,1.0460007,-1.749325,-0.49762574,0.21447615,-0.80450255,1.254527,-0.27840567,0.87274235
1.6477565,-0.86246634,1.3777258,-1.6882913,-1.9528638,-0.8259176,1.4494026,-0.6587339,-1.1568009,-1.0255822,0.032035094,-1.8318697,0.7548677,-1.7641168,0.6442455,1.3309662,0.7321421,0.25024167,0.45665294,-0.5337896,-0.23015009,0.53134084,-0.41691723,-2.0373175,1.4561217,0.19583672,-1.674189,1.0696492,1.6960166,-2.8249083,-0.37489617,0.612374,-0.5360046,-1.2626053,1.2633289,-0.6092422,-1.8005437,-1.4824504,-0.027148163,-0.51274914,0.64912,-1.2626157,1.7028407,-0.14895166,0.25356552,-0.27711862,-0.54764444,-0.27307925,-0.5255154,-1.1101626
0.22834647,-1.4315972,0.5891353,-0.4730852,0.5265468,-1.7605269,0.41596326,-2.2889283,1.0080351,1.0522014,-0.624453,0.71807575,-0.2548722,1.0250698,-0.15261179,-0.24478011,0.5328176,1.1171191,0.5314882,-1.6061437,0.43913576,0.57482,0.08519434,-0.047353555,-2.070664,-0.2646973,2.2158248,1.5771085,0.6596573,0.072773665,1.1137364,-1.1007714,-0.903938,0.05661412,0.47739798,0.06490459,0.050497383,0.03110073,0.35267377,0.7340671,1.136606,0.82160604,-0.39887798,-0.90774477,-0.9569589,1.1144093,0.40772238,-0.107226394,0.455969,1.4658049
-1.1158347,-0.7413439,-0.7593177,-0.5698176,-0.8554967,1.5030595,1.2052819,-1.268767,1.1460571,-0.14874439,0.06141582,-0.2864151,0.013273698,-0.8479924,-0.31978202,-1.3260614,0.9259123,0.2423686,0.08711415,-0.22642721,-0.18513355,0.47975522,0.18103594,-0.90925956,0.87998986,0.2149809,-1.3174003,-0.63557583,0.63378114,0.24898142,-1.2533634,0.657963,-1.0445101,-0.14881298,-0.9258285,0.9482174,-2.1842287,-1.1888971,1.1231037,-0.42962438,0.86685234,0.08453548,-0.57134265,-1.4087933,2.228531,-1.6717339,0.5574213,0.7760702,-0.964604,-1.2699345
-0.1388246,0.46694058,-0.7719296,-1.1580765,-1.2884115,-0.6803886,-0.4215083,-1.172593,1.2088002,-0.09985457,0.31486192,1.0528251,0.66888154,-1.1521479,0.7499143,0.3307254,-0.121630415,-0.34307408,0.09952221,0.7331726,-0.11270734,0.68411654,-0.19079892,-1.3696407,-1.27403,1.42853,-1.4152387,1.8484343,-0.6048056,0.13121332,0.024676153,0.26253533,-1.5733733,-0.89989996,0.7174304,1.083991,0.64408916,0.42488852,-0.6963819,1.0187683,-1.6084408,-0.15804549,-0.060183596,0.37352455,-1.0487901,-0.8057699,1.0803988,1.0857551,1.2594932,1.1805305
1.782573,0.62481993,-1.0440044,1.8685919,2.7269065,0.103828065,-0.25342575,0.6732848,0.49478343,0.09527627,1.4996101,0.6363861,-1.3689573,-0.3684695,-1.7377404,-0.54055333,-0.9864733,-0.14379793,1.2928087,0.14655477,-0.026654728,-2.2029219,1.8569076,-1.3977833,-2.269404,0.22334337,-0.26042148,0.26297724,0.11285587,1.8426673,-0.028782906,0.6600626,1.0176631,-0.3739415,-0.0032713246,0.3569317,-1.5561739,0.01847373,-0.50876564,-1.5479089,1.3808328,0.26423717,1.1661506,-0.950376,1.3269149,-1.0036091,-1.2711316,-0.8703731,0.6857604,-0.98468864
0.85394263,0.9459842,-1.0959246,-0.8283515,0.5406605,0.5515322,0.68196505,-2.44883,0.6566644,0.7649095,-1.0504143,-0.9320756,-0.14361297,-0.7689502,-0.27260894,1.5407159,-0.9105683,0.60939556,0.28460935,-0.9934191,1.1558326,0.7932205,-1.2890377,0.43216255,-0.66111827,-0.785832,-1.4213207,0.28611192,-0.99161994,-0.7298053,-2.8758364,-0.69934386,-1.0580716,-1.0642459,1.7113668,-0.54419935,0.26982528,0.62044597,-1.060745,-0.3625397,1.1889595,2.0171766,-0.24817358,0.25910458,-0.8224033,-0.5635086,-0.8593435,-1.424483,-0.2070888,1.093582
-0.97836447,-0.7783757,2.4763372,-1.4350832,-0.57420176,0.89724785,0.9786045,3.2998848,1.4376607,-1.8767446,-0.6229427,-0.7808496,-1.2381077,-0.67976594,-0.91014636,0.67576414,0.9571991,0.559634,-1.3700229,-0.2192759,2.4168346,-0.8655484,-0.37582162,-0.7553525,-0.47869775,1.5918988,-0.32526308,0.29370943,0.5771968,0.9915377,-0.17346704,-0.597951,-0.3898441,-0.91181386,-0.643912,1.088603,0.31365222,-1.618398,-0.17205927,-0.19778374,-0.85373944,0.32972115,-0.9507518,-0.13602023,-1.363916,-2.0720315,-1.0828089,-1.5879555,-0.3298158,1.2213962
0.91651434,0.93558013,-2.0649052,0.05386581,-0.24073274,1.1034662,-0.6996838,1.5849593,0.5105708,-0.40980142,-0.3562114,-0.24478088,2.6296747,1.4974954,-0.46284732,-0.16202323,-0.9572552,-0.1586046,-0.009685288,-0.60645384,0.6521122,-2.6861372,0.71264046,0.15844455,-1.152171,-0.8110952,-1.6279202,-0.033037495,0.5849235,2.238504,1.7742372,1.0150898,0.8522679,0.07658847,-0.6694795,-0.706695,1.9004407,-0.6031338,-1.1895341,-0.5668907,0.16333121,0.62569404,0.19380628,-0.68191814,0.6706059,0.6730043,-0.9629257,-0.04864438,1.5562826,-0.29760545
0.17692462,-0.29447922,0.4230777,0.06958576,0.6125232,1.0525312,0.81093955,1.7241199,0.7228486,0.3295814,0.088863,0.24700855,1.2420354,-0.8688678,-0.26295874,-0.6512318,0.19796878,-0.8275997,0.397095,-0.31621775,0.31809187,-0.80000514,-0.56180346,-1.5067585,0.6099185,0.2698563,-1.4564805,-0.7543014,0.95797676,0.96781904,-0.14636052,-0.04408561,0.5866853,0.4094554,1.381534,-0.2832331,-1.3255796,-0.9498539,0.5989927,-0.6443247,-0.35875788,1.2820374,-0.9309629,-2.0511036,0.08515115,-1.2305933,1.027066,-1.6597155,0.21577425,1.0381043
-1.4617654,-1.0359991,0.29410994,-0.59673774,0.96449286,0.2672382,-2.2163246,1.2357256,0.7274774,2.274453,0.9659269,-0.38093936,1.1676321,1.8913199,-0.48408872,1.3102534,-1.6601838,0.3821485,0.77689403,-0.8419329,-1.4680437,0.4916539,0.5922537,0.9440157,1.9908597,-1.0163345,0.64711016,1.4543048,-0.19550754,0.81744826,0.07957175,1.3153062,0.45979646,0.44144273,-1.4438626,-0.38749832,-0.43087447,-0.03566682,-1.3979337,2.249238,-0.7333348,0.20105958,-0.04716738,1.3375098,0.2518758,-0.76442075,0.29833975,0.62696356,-1.4154712,0.78993976
1.7208139,1.4495294,0.65412986,-0.59827924,1.1771622,-1.0908059,1.396344,-1.0287936,-0.72722596,0.77722245,0.350456,-0.1782796,0.14855008,1.0708525,-0.6099812,-0.7641286,-0.08277991,0.3315236,-2.3604813,-1.4266129,0.48384002,0.48373497,-2.42424,1.5784414,1.1840767,2.1883905,-0.27403012,-1.9141452,-0.9876827,0.29340586,-0.94374627,-0.35018024,-0.17232685,0.44763508,0.22560124,-0.68002063,-0.84655505,-0.7626971,0.8946644,0.39502123,-1.3374909,-1.3798035,-0.97162163,-0.17641306,-1.1627692,0.6396525,0.5038382,-0.7815844,-0.048954032,-0.070734106
-1.1146975,-0.6619796,-0.46271947,0.5574402,-0.33752948,-1.8943703,0.51189446,1.8969749,1.014679,0.35294354,-1.0221826,1.8451638,1.4785995,-0.16862841,1.36665,0.2698996,-0.2751275,0.11224633,2.2201126,-0.6669808,0.5114681,-0.26075694,1.0712928,-0.54157513,0.46595743,-0.18804424,-1.4933382,-2.04425,-0.26886937,0.40405044,-1.7191424,-1.317,-1.2719471,-0.6663324,-1.3405217,1.0612967,0.6186992,0.0036962705,-0.64737767,1.3800309,-0.2501377,0.7452836,0.15925176,0.74879944,-0.6233181,-0.503285,-0.96315086,0.207251,-0.12041718,-0.6148353
-0.4279017,1.1419731,0.8850438,-0.52229553,0.78721124,-0.4398289,0.7287599,-0.60659546,0.21108176,0.82486564,-1.9929718,-1.2615942,1.4693985,0.6895771,1.9956222,1.6904945,-1.8154588,-0.8944957,1.2056165,-1.4502246,1.9651834,-1.0557454,2.3490126,-2.250593,-0.9326838,1.0408796,0.97433436,0.35997593,-1.0288037,-1.7127671,-1.629275,-0.5229878,1.2943914,0.8412458,-0.80557907,1.49679,0.6539175,0.38532245,0.49615788,0.6868162,0.07108207,1.2877016,-0.81433684,-0.6381131,-1.0860028,-0.8163312,0.4362689,0.50159,-0.51235974,-1.1269346
0.22366884,-0.46858513,-0.20840164,-0.28853798,-0.21129958,-1.5520759,1.5632563,-0.98622775,-2.2204049,0.75724655,-0.4553539,-1.6785284,-0.8738243,-0.7229005,-0.54026145,-2.0994678,-1.0000193,0.347915,-0.586447,0.47674567,-1.2095462,1.1482137,0.39621258,0.341332,1.8802544,-0.5889147,0.49874163,1.2945582,-0.88288707,1.279797,-0.43154642,1.3092469,0.12063866,0.8304636,-1.4789345,1.1982235,1.4430554,-1.8092321,0.9884106,1.2928994,0.4489591,-1.0694637,-0.25758094,2.055208,0.5962222,-2.4469829,-0.6103653,0.9031358,-0.72617954,-0.8724937
-0.77041864,0.34725165,0.8369609,0.3640887,-1.0933585,-0.5064903,0.08414683,0.8632571,1.6719096,-1.4249438,0.45395064,-0.445501,0.39292654,0.9870584,-0.30495209,2.0490167,0.64518946,2.123175,-0.2527224,-0.48700094,0.89918274,-0.5666991,0.42912608,-0.27360526,-0.73754615,-0.40654972,-0.40436783,-2.6423259,-1.5494713,0.30956805,1.7460139,-0.69185644,-0.07317383,1.1497549,-0.6664038,-0.41441566,0.9564415,1.5210887,-2.397436,-0.84435934,-1.063518,0.5432306,-0.78146464,-0.529092,0.97321147,-1.3712162,-0.84263295,1.88713,-0.67571604,0.8051512
0.85331976,1.6049244,0.6262928,0.29826006,0.42460188,0.82808214,-0.034837663,0.5408524,-0.5089577,-1.0874676,-0.78305155,-0.6764133,0.6261409,0.04983643,-0.72741234,-0.8949623,0.18402372,-0.33988255,0.2990009,-0.65069646,0.5646985,-0.7655885,-0.8681985,0.27838987,-1.1087507,0.05939104,-0.58060473,0.09878536,1.0677887,-1.4639482,0.3664681,-0.38951245,-2.2579303,-0.11844488,-0.21758421,-0.583805,0.24708267,-1.4606724,1.0062768,0.14711891,-0.06836679,0.30201232,-0.8217645,-0.044137303,0.9208068,0.7430477,-1.1462075,2.399583,1.3123136,0.5942654
0.37394884,0.6447475,1.1223643,-0.20496364,-1.2640395,-1.4680719,-0.119173296,0.4212583,0.50023323,-1.308698,0.962419,0.081122614,-1.9798253,-0.016738504,1.1081529,-0.76724786,-0.33423463,-0.014020696,1.5016096,-0.15957893,-0.12996082,-0.6489912,-0.56340533,0.2609656,-0.21907747,-1.000874,0.16996552,-0.38846532,1.0416079,1.1498702,-2.1432657,-0.39310423,-1.1918709,-0.41828758,1.2294198,0.29978386,1.074037,-0.028504014,2.539199,0.22718461,-0.17059393,0.24199875,-1.0202253,0.89083284,1.31019,0.7619455,0.5404649,-0.4521499,0.4078188,-2.0583758
0.49261138,-1.0679328,-1.1620293,0.7007343,-0.26532042,0.9026886,-1.1791904,-0.4091185,-1.6488924,-0.035941932,-1.5752026,0.901014,-1.0220109,0.1945751,-0.6159815,-0.96388644,1.7880082,-1.2998435,-0.70878136,0.27251533,0.7584915,1.1283184,1.1536685,-0.5825064,1.109882,-0.96037954,0.24802403,-0.45969015,-1.2881854,2.237966,-1.1586162,-0.63365334,-1.8408227,1.0852487,0.7184206,-1.5374418,0.32627833,-1.1240871,-0.27292272,1.0340734,0.48392767,0.18417494,0.13290875,0.31773078,2.1179066,0.18519615,-0.6666337,0.31958663,0.57346004,-0.17633815
0.27387,0.2907835,1.0114956,-0.08895035,0.40169707,-0.35316917,-1.0993377,-0.07474558,-0.9297358,0.7529238,-0.55004984,1.0170228,2.522177,1.2683808,-0.16118583,0.5413293,0.35635647,0.32660165,0.6106035,-1.5370283,-0.39037475,-0.32671353,-0.75601786,-0.046947945,-1.1707304,-0.33306983,-0.53218186,0.9883715,0.24449582,2.039434,0.3938608,0.10537751,1.1687227,-0.3270676,-0.517476,0.9956453,-0.38603246,0.14746265,-0.7441442,-0.07259798,-0.73887,1.2498348,1.1735519,0.43361863,1.2725087,-0.50622016,-0.06845806,0.08195494,0.60922027,0.19200425
-0.2171859,0.3064407,-0.884204,-0.83624214,-1.0552248,2.2216167,-0.8530521,0.038892902,-0.18576849,0.82381785,0.55644506,0.5791609,-0.7311208,-2.1586196,-0.46634027,1.2194325,-0.018759811,-0.450853,-1.2612398,0.7876735,-0.07743035,-1.5357095,-0.64559036,-0.778985,0.050437,-0.73678356,0.08447366,0.05539512,-0.32513183,0.7816271,-0.71814024,-0.76593035,-0.3843437,0.96121514,0.35262215,0.38007715,0.11709461,-1.5775822,0.8786999,1.8095683,0.6021656,-0.8038131,0.80666137,0.47638988,1.879496,0.73311466,1.8142298,-0.6154141,0.22968386,1.2944432
0.2966941,1.321126,-0.5506924,-1.0265276,1.4793143,-0.8365763,0.82424796,0.25901765,1.8559097,1.7335181,-0.3042913,0.99964327,0.8990561,0.3702959,1.0488101,-0.6491613,0.76073104,0.23433454,-0.8234522,-0.72911775,1.3123592,-1.1670315,-0.63152,0.5488802,1.2841265,1.1416587,-0.30138028,1.3371698,0.7431624,1.0460858,0.2732808,-0.30336827,0.63916755,-0.10316891,2.3740911,-0.41463715,1.1458101,0.9011571,-0.057080507,1.043874,1.0434047,-0.13443339,-0.376689,-0.17033759,0.5666424,0.8328427,0.1467059,-2.6191256,0.46577975,0.3347645
-0.18701184,-0.9028585,-0.0053526754,-0.92392933,0.30784687,0.27849334,0.30609876,1.0569589,-1.484881,0.78150815,-0.39198557,0.18456995,-0.6252862,-1.4987274,0.32684815,1.2088116,-2.9001868,1.4054853,-0.62021637,-0.017073665,1.5298147,-1.9969594,0.11631464,-0.53834933,1.4224693,0.34748837,0.84916,-0.3123959,0.40242115,0.8106777,0.66223794,0.58443147,1.1859756,0.83825105,0.35656765,-0.8173922,-1.4569389,1.748163,0.3854331,-0.6161599,0.71403456,2.3386278,0.8119231,-0.16560523,-1.3559523,-0.6736931,1.8777122,-0.2513654,0.6319856,0.7658719
0.5240916,-0.85455865,1.0069264,-1.5016453,1.1575035,0.8468397,0.57673913,-0.9730452,0.7827246,-2.0984051,-0.27697137,-0.3394117,0.6062416,0.0725367,-0.15171264,-0.75159585,-0.009749558,-0.40841585,-0.4252317,0.10889736,0.28392625,-2.222125,0.69457716,0.1715765,1.4579587,0.8987901,-0.84732074,0.732812,-2.2499692,-0.14439474,-0.6005785,-0.5625815,1.2814627,0.7915921,0.7670961,-0.65841067,-1.2950006,-0.13641046,0.56602967,1.4635835,0.7792903,-0.8014784,0.41357416,-0.7458743,0.1425674,-2.2705371,0.7096577,1.1186861,1.1900947,-0.042338014
-0.54717857,-0.5892464,-0.026152683,0.8682951,1.0431316,-1.1003,0.53220457,-2.0945232,-1.426794,0.64355105,0.060063962,-1.2426074,-0.7002461,0.47290492,0.83580434,0.30497536,-0.08989291,-0.04489221,-0.5442291,1.6488332,1.3904386,0.079866216,-0.03126824,-0.06158134,-0.886083,-3.3908172,0.6267013,-1.0795949,-0.71664417,0.5335366,0.011425993,0.36422044,1.2103862,0.9678858,1.3478249,-1.1080786,0.58691436,-1.5672824,-0.5198097,-0.72648257,0.40143582,1.6081895,-0.15138426,0.96502686,0.17887709,1.1574718,0.105046965,0.15852164,-0.44820994,-1.4999423
-0.20903942,0.62638944,-0.7766297,-1.5675473,0.41398656,1.7849859,-0.6916835,0.64227784,-0.88201934,-0.93625826,0.54393166,-0.37200207,-0.6941432,-1.8269489,-0.9134799,-0.5074322,1.5324627,1.6350203,-0.26197723,-0.33804533,0.9507748,-0.09959604,0.052623034,2.6455717,-0.62915134,0.023291465,0.8641257,-0.04311071,0.29441887,-1.4211259,-0.12974995,0.4819511,-1.2011316,-0.72680634,-0.6737109,1.462801,-0.8306119,0.97704214,0.31030676,0.053921927,0.2527872,-1.1069703,0.58707625,0.4769322,-0.3886829,0.3772007,-1.6931034,1.3668568,0.09364653,0.5979742
0.08532763,-0.54779017,-0.7023563,0.071331285,-0.15028323,0.2790767,-1.5608414,0.056120884,-0.53494716,0.1626784,1.1845186,0.7998593,-1.5303736,0.55122995,0.4801685,0.5647282,1.0792601,-1.9259341,-0.047280822,-1.1648791,-0.9361822,-1.1627338,0.27497175,0.9429177,-1.0384334,0.6130983,0.12688427,-0.6070513,1.2282174,0.6330046,1.6599586,0.6185448,-2.2943368,0.15636161,-0.37076604,-0.47880393,-1.0816277,0.7318357,-0.776906,1.4780879,1.91756,-0.35992992,1.2330195,-0.4360419,0.9798949,0.12187189,0.056266394,0.49255627,1.3690917,-0.49415207
0.39550427,-0.25958693,0.7341249,-0.2348073,0.3457304,-1.1665652,-0.05475368,0.5178324,1.4150512,0.770905,-1.5783715,0.69115883,0.5313662,-0.18593541,0.49121085,0.24594063,-1.0478262,-0.23805563,-0.034417544,0.33291242,-0.5541571,0.529203,-0.02734064,-1.3578345,0.09796918,-0.49362236,-0.61669105,0.2641745,0.20970316,-0.71977556,-2.0070002,-0.33590734,0.57002354,-0.5330433,0.34383532,-0.8107242,0.26673222,0.6281737,0.37618503,0.28783256,0.1536916,-1.1346066,0.4823549,-0.25766203,-0.49797893,-0.031540275,0.70363104,-0.3029381,-0.52924496,-0.47533175
0.033020932,1.204946,-1.2169998,-1.0609915,-0.9046033,0.5389045,-0.61643535,1.0232805,0.6865294,0.969085,-0.033668134,-0.8416133,1.122332,-1.1875043,0.26551855,-1.1695973,-0.6236723,-0.037345752,-0.55871964,0.3046172,-0.5242414,-1.0113221,-1.3124835,0.33076566,0.47095186,0.7871556,-1.4113908,1.6054894,-1.127311,-1.7501835,0.9886603,-2.974009,-0.57721144,0.9002949,-0.5740574,-0.5192238,-2.1295314,0.27016005,-1.1951426,2.1927006,-1.9810823,-0.016310774,0.76042825,-1.5513566,0.37586772,-1.335331,0.19760995,-0.667922,-0.363136,-1.5964761
-1.7679209,0.9798472,-0.056478005,-2.561313,0.65979934,-0.33636552,-2.0263796,1.253726,1.6834825,0.21363667,-0.46726274,0.8731976,-0.3778199,0.8694971,-0.5640858,-1.9246707,-1.4617445,2.1439786,-1.3517947,-0.23689282,-1.0202932,1.9328858,-0.2384658,-1.5080662,0.8071447,0.44066608,1.0770473,-0.053382073,1.1987042,-1.4166499,-1.2870721,-0.8548643,0.8582981,-0.017592447,0.016018666,0.47142777,0.67175996,0.15636429,0.90639746,-1.7769071,-0.48221675,-1.956766,0.5646678,0.14057556,0.26721838,1.5518928,0.13812143,1.2459992,-0.46934223,0.17310168
-0.11083416,0.3421882,-1.1483462,-1.3150936,-1.3678998,-0.65021807,1.1911842,0.33323032,-0.6499866,0.6985568,1.2195513,1.7430112,-0.88169,0.9142248,1.701176,-0.35873422,-1.2015266,-2.0795052,-0.55366504,0.7282453,-1.0641972,2.9899251,-1.8715868,-0.6902172,-0.01935792,-1.6440349,-0.0268391,1.0501004,-0.14594266,-0.09376723,-0.35843456,0.7875032,-1.1456833,-1.3928128,0.6118642,0.8170221,1.2046036,1.3048,-0.25917742,0.40109077,1.6629721,0.23494415,-0.60157126,-1.4047555,1.618581,1.6206636,-0.14470397,-0.16948734,-1.3377496,1.6883764
-1.6278514,1.1560932,-2.045973,1.1695176,1.1773993,-0.9353048,-0.17381121,-1.4233503,-1.0913076,-0.6545345,-0.24588138,1.6397388,0.4910845,-0.65286475,1.8121759,0.23299736,-0.7426862,1.6603451,1.3224484,-0.8378775,1.4400854,2.162175,-1.2044505,-0.85984325,0.39078924,0.21458031,1.3472366,-0.9025983,-0.7406558,-2.202473,0.84212065,-0.79286236,0.43746874,0.9933191,1.0001647,1.3408506,0.6255973,0.5771399,-0.8877719,1.7711515,0.77292645,0.2742102,0.75654775,-0.39452446,0.5408335,0.7231292,0.79055816,0.58179027,-0.5107786,-0.7116846
0.79983366,-0.08314519,-0.041622724,-0.38556466,1.2286696,-2.7864907,0.64416295,-0.332372,0.28767383,0.6293078,-0.43275312,-0.69316024,-1.0153283,1.099646,-1.5618689,1.9198302,0.68088365,0.04185715,-0.30775025,-0.19754605,1.1403887,1.0690978,-0.48917165,1.8511882,0.30840984,0.25401762,-0.82810616,-1.4951031,-1.2745169,0.35340673,0.7494889,-0.010490251,0.7327606,-0.14629218,-0.02922282,-0.8441144,-1.0903033,0.41746277,-0.36110103,-0.813699,-2.185117,-0.279461,0.355958,1.4411956,0.34177285,0.062151894,-0.59276944,0.16240382,-1.1076536,-1.0247602
-1.9308127,-0.96555334,-0.9451748,1.5480454,0.22010358,-0.46408674,0.9156371,0.7284358,-1.4032427,-0.3921475,-1.0972264,-0.5902219,0.68658483,-1.0062058,0.36191544,-0.6640819,0.35934472,1.778856,-0.3680566,0.060490333,-1.6795067,-0.69487506,-1.4700848,0.37329438,-0.5073179,-0.24904492,-1.0207256,-0.46504697,-0.9604987,-0.3452391,0.71254057,-2.273354,-1.2102553,-0.19746266,-0.8589748,1.0637822,-0.18753733,1.0175986,-0.6569665,-2.0853515,-1.2004766,0.78493786,1.5699141,0.009364504,0.0427551,-2.0248709,1.453789,0.6090664,-1.3887703,-0.19943535
-0.28277606,-0.85381484,2.2637157,0.5108769,0.9349938,1.3258384,0.28575423,-0.8077038,-0.88287973,1.7894473,-0.73135364,0.34721705,-1.9295365,-0.058076736,0.4600941,1.3542286,-1.9065163,1.0272037,0.85540336,0.09716231,-1.7604313,1.4206386,1.2719098,-0.993993,0.7819488,-0.14381826,-0.0718409,1.1841018,0.07505203,-0.6771976,-0.2491991,0.6927124,0.629509,0.6990573,0.37197748,-1.3486872,1.6743498,-0.547922,-0.2681305,-1.9364839,-0.0014727579,-1.0784698,1.7261865,-0.9009718,2.9179685,-1.9489089,-2.019879,0.86533624,0.033118732,-1.1851051
-0.9486122,0.2828666,1.8311304,0.17136142,0.08636454,0.4151843,1.1295971,-0.390814,1.1503141,-0.23450935,-0.5955132,-0.7070101,-1.0599738,0.031919297,1.0706683,-0.5253987,-0.13106859,0.40511742,2.11382,0.52847254,0.1530485,-1.1936691,-0.36809602,0.295097,-1.021773,-0.8753313,0.035402857,-0.85165924,-0.6422198,-0.75770324,-1.5340191,1.1435214,0.64765525,0.22626345,0.75045264,-1.455706,-0.4527863,-1.9902264,1.6369516,-0.42534614,2.0373402,-0.73802435,-1.7697523,-0.71909916,-1.091566,-0.30859432,-0.8932159,-0.2134347,-0.7086469,-2.4251912
-0.3138834,-0.004639573,-0.81937027,0.25140506,0.71902436,1.5032053,-0.012183981,-0.9140124,0.31590104,0.8100721,-0.11338757,-0.67702717,-0.69658095,0.96397245,-1.0511868,-1.0324966,-0.32222232,-1.7786821,0.8693135,-0.2029461,0.3706955,0.45257893,0.17378187,0.46085745,0.23772208,-0.76792735,-0.5099291,-1.0054011,1.0102646,0.17152674,-1.1799731,0.09152135,0.06250636,-1.0089848,-0.4158827,0.9273975,-0.68886554,-0.19481036,-0.8105159,-0.25156465,-1.3613772,0.82172185,0.09955978,1.112028,0.92949873,2.153213,-1.1048386,0.88025653,1.2789805,-1.5758343
0.27924147,0.6243193,-0.7265247,-0.213896,-0.39548758,1.2037884,-1.0062494,2.1691983,2.3350432,-1.0916263,-1.1963955,-1.5720092,-0.42254737,0.66050136,-0.36455452,1.6353294,-0.36252877,1.2251418,-0.5527187,0.7212384,-0.26448563,0.32141405,1.4151949,0.8724514,1.3011749,-0.23335344,-1.789194,-0.48456302,0.0021262865,0.41393745,-1.324773,-0.2981327,1.7094584,0.32233575,-1.500455,-1.1645132,0.1572562,0.09580892,0.2715865,-0.28089854,-0.6098531,1.100335,-1.2117897,0.907002,1.4589742,0.7713631,0.20398384,-0.13950722,-0.39901504,-0.6920352
0.13685846,-0.30638668,0.32217488,-0.7550556,-2.3433845,-0.75812876,-1.1170187,0.24123442,-1.5811653,-0.670945,0.4312944,1.9318253,-0.3812656,-1.2212569,0.6598591,-1.257489,0.8671395,0.48984578,2.6587539,0.5548408,0.20069431,-0.4896295,1.6799595,-0.6613642,0.29022866,0.68023044,-1.6745887,0.18474463,-0.78110546,0.38954744,0.3787589,-2.067844,1.321957,0.5870872,-0.29810447,1.2364703,0.48324698,0.78744763,-0.6438904,3.345594,-0.6737965,0.97718257,0.16150098,-1.2185438,-0.3063565,-1.005407,2.6302304,1.0186609,0.7246358,1.3547783
0.07337989,-0.8417533,2.178295,-0.57876724,-1.1823074,-1.3799992,-0.47335988,-0.065669425,-0.29807416,0.3703675,-0.24192807,0.20377676,0.32687733,0.0726439,1.0310975,-0.19218688,-0.7551837,1.1983147,1.234269,1.7288439,-0.06461021,-0.06728019,-1.1296271,0.63286036,-0.12690009,-0.28279355,-0.29181543,-0.8022423,-1.9135693,-0.17040634,-0.78605264,0.8967927,0.6166275,0.9505975,-0.90305555,-0.5439962,0.50251293,-0.8073216,0.62268555,1.2293054,0.63870543,1.220614,-0.08280163,1.5913376,0.45321208,-0.8622849,-0.77868575,0.28145665,-1.125842,1.5450578
-0.22157428,-0.6020749,0.73244834,0.6058967,0.31138375,-0.79342157,0.22058807,0.807487,0.7249701,-0.8654487,1.218251,-0.79371786,0.70410186,0.06278566,2.3745415,1.9228675,0.436227,0.95145035,-1.3958557,-1.32564,0.28234592,0.2370691,0.78719765,1.3106297,-1.0098815,0.50170135,0.560721,-0.7185688,-0.80077535,-0.3937451,0.7395533,1.0502769,-1.2220839,0.39285555,-2.2986338,0.88313836,0.6793506,1.0800107,-0.27870756,-0.90049225,-1.7722398,-0.89114416,-0.29160845,-1.1335456,-0.18159854,1.4098684,-0.8696881,0.012187317,0.5268638,0.5240476
-0.79675907,0.9667686,-0.6158314,-1.2312628,0.27299926,-0.9970015,-0.8383174,0.26572913,-0.42406464,3.4062433,0.6826656,-0.6648557,0.8099028,-1.3375297,0.7358042,-0.8575037,-0.617695,-0.5543227,0.17339492,0.687259,1.5085334,0.045176137,0.9395326,-1.4355565,1.3671354,-0.40071484,-0.83096325,-0.003720145,0.79201317,0.62282944,0.29874644,1.1366743,2.074192,0.48202083,1.5646235,0.25520253,-0.62189347,0.59648794,-0.44340497,1.8373415,0.15634306,-1.1938554,-0.96870226,2.5259657,0.3830404,-0.407455,0.27001256,0.66617286,0.2904914,0.5612153
-0.45643738,-0.40511698,0.34379235,2.4248104,-1.4590636,2.1592898,0.45485833,-1.8150887,-1.4558043,1.5176002,1.0462763,-1.768544,-0.5840269,0.6828605,-0.25593075,-0.12931362,0.719775,-0.66027904,-2.536948,-1.1968518,0.1541935,1.6240357,-0.27982166,-1.6701105,1.5572448,1.3607095,1.4291838,-0.8535935,-0.08008712,-0.21746053,-0.068418205,1.4930464,-0.84597504,2.0580552,-0.8391095,0.16672009,-2.7143908,2.093799,-0.04431936,1.1048125,0.27918896,0.4548288,1.5588744,-0.09809839,0.5272459,0.12349103,0.7841855,-2.7886379,0.78599113,-1.5896647
0.27039054,0.058008943,0.098398134,-0.6583157,0.9815899,0.1766546,-0.8022049,0.78671724,0.5511331,1.1299117,-0.15033832,-0.13716406,-0.20043558,-1.603055,-0.45623374,1.1174114,-0.64050794,-0.30936947,0.34865806,1.4919378,0.16624191,-0.649008,-1.3481214,0.3675117,-0.30100533,0.68098116,-0.8402285,-1.21289,1.4894646,-1.0871483,1.3042556,-0.8377237,-1.0444239,0.5112081,0.013784632,-0.9844105,-0.7794654,0.1867148,-0.7710821,-1.582565,-0.7846107,-0.28611064,-0.073680714,1.8106124,-1.1099036,-0.8019566,-0.1137749,1.5411198,-0.69838876,1.1224092
1.0386142,0.5124065,1.1967766,0.24351382,0.30635446,0.565222,1.2475061,-1.5950081,0.436267,-0.3978917,0.84398866,1.2203429,-0.5687053,1.1462644,1.3709066,0.23673646,-0.636313,-0.36963192,1.4261147,1.2397541,0.45373186,-1.6526643,-1.372829,-0.112646826,-1.2042848,1.3263576,-0.96434873,-0.5416578,-1.2464306,-0.2265334,0.45139384,-1.119871,-0.923486,-1.4070816,1.2068514,-0.14460947,-1.0681459,1.2376236,0.9007743,-0.17472538,-1.0719467,0.52234,1.4091477,-0.82899,0.2909294,1.5813487,-0.928877,0.48022088,-0.102810964,-0.31919453
1.8246411,0.7197068,-0.5552407,0.17044853,-1.1427851,-1.9231066,1.0518982,2.407384,0.14096606,-2.5196033,1.1460475,0.91508293,-0.9299465,-0.37283462,2.2321022,0.11581649,-0.99005497,0.1857359,0.78411794,2.2713695,1.1426073,-0.6943147,0.729081,-0.48839304,1.391515,-0.73467743,0.5209714,-0.22567858,0.09930144,-0.31083548,-0.015238265,-0.5524302,1.3148979,-0.9699836,0.01796687,0.20111884,0.76641876,0.11107126,0.93242466,-0.49129897,-1.435413,-0.66201967,1.1041735,-0.5023296,0.5752362,0.0878596,-0.00903903,-0.023874916,-0.96751803,-1.3637414
0.41715008,1.1204642,0.59101534,-1.3748895,-0.5523008,-0.39891922,-2.4745853,0.02140739,-0.7336219,-2.2860243,0.3302722,0.5584602,-0.38279045,0.5424598,1.2561632,1.0060302,-1.045225,0.8330325,-0.15778758,-0.8705118,-1.0095626,-0.29864836,-0.3303002,1.0391736,3.1892793,0.04796659,1.5847712,1.1130989,1.4762352,-1.5854481,-0.17226262,0.30180413,-0.47951248,-0.0740877,1.038411,0.60416806,-0.2071835,-1.3951111,0.22715142,-0.484409,1.9882494,0.44856954,-0.88010347,0.04455839,1.0302038,-0.06674181,0.9957199,0.17300175,0.08995423,-0.32447097
0.27976447,0.5610785,0.73222774,1.5488094,-1.7731787,0.5198314,-2.5984235,0.019114286,-0.78259706,-0.50713074,1.425691,0.9345189,0.37863657,0.0855841,-0.7742184,-0.6737513,1.0083878,0.048177738,-1.3713686,-0.45929584,-0.8460523,0.06799868,0.15206826,-0.38311762,0.48311654,-0.045542426,-0.65487844,-0.0629039,0.24012811,0.8810279,-0.7939896,-0.5555936,-0.12671824,-0.82247835,-1.2139436,0.5253395,1.128941,-0.14798348,0.75560266,-0.32236475,1.5050651,0.2750084,-0.12883565,0.8703952,1.6784477,-0.78860444,0.4999453,-0.026543299,-0.48557037,0.023735255
1.0849162,-0.9600105,-0.6367883,0.17517535,-0.05007748,-0.1102054,-1.5628043,1.3180555,0.19731446,0.15645255,-0.49422947,1.2796818,-0.1747804,-0.8899496,0.7861355,-0.13415784,0.44760764,1.9849886,-1.4278766,0.7040864,0.3332526,-0.57298094,0.5083844,-1.8155854,1.6953633,0.71665543,0.58452976,-0.6037046,-0.46395972,0.5838698,0.010737136,-1.7236704,-0.51468277,0.17671366,0.06670305,0.16876246,0.3956326,0.19054082,0.84900355,0.44185355,-1.8041292,-0.4449731,-0.70620054,0.6906252,1.0129012,0.67977315,0.5262512,-0.89187497,0.45443395,0.72096956
-0.46202472,-0.42066738,0.5166156,-0.5967983,-0.17021531,-0.18752879,1.7366024,0.5335431,-0.16714881,-0.5436622,-0.9489769,0.2911536,0.24608786,-0.24827345,-0.26855424,0.5672166,-0.049327828,0.2696449,0.3652015,1.9858978,-0.8705662,1.9510423,0.049185034,-0.69410926,0.10386602,-0.93632895,-0.89626765,-1.4798611,0.7339188,0.8368292,-2.6114135,0.48384404,-0.53933185,-1.4469767,-1.4924618,-1.8948798,0.47090337,1.4605237,0.8175379,-0.7027638,0.7983467,-1.1863494,0.42485943,0.06939536,0.63331485,-0.5059565,-0.4733193,1.368872,0.8120792,-0.3817538
-1.1649424,-0.09437962,-0.4036743,0.89388376,0.532944,-1.6954283,-2.1025317,-0.7048542,-0.27328023,-0.87151426,0.42915115,0.18923116,-0.8231606,-0.049845416,0.7512951,-1.7931747,0.48563796,0.5694917,-0.41781545,-1.4190204,-0.7024333,0.95064056,1.1744637,-1.2953535,0.80306536,0.036873255,-0.49882436,0.2800943,0.14308861,0.8509264,-1.3459876,0.52386564,1.0677238,-0.18565442,0.87938195,0.31074712,1.3816882,0.35453084,0.28393108,0.8461224,-0.47933418,-0.08858991,1.0144619,-0.22322346,1.4185672,1.594208,-0.53791904,1.9460891,1.0051943,-1.1905395
-0.22396706,-1.1566883,-0.35250336,-0.12791732,0.81243384,1.5750833,0.41311035,-0.0735325,1.045692,0.23219648,0.3008313,0.40119034,2.1295693,1.3307451,2.0272267,0.51570314,-0.73548937,0.06531784,-0.47739702,1.1919143,1.8102863,0.13032502,1.5748688,-0.95727736,-0.18148993,-0.31504655,-2.344434,-0.33597514,-0.8086943,-0.89391714,1.3653584,1.0869159,0.743607,-0.6279649,0.40060198,0.570688,-0.007428278,0.06518421,1.3797345,0.6179241,0.12741068,-1.5654972,-1.1251487,-1.2200611,-2.6420991,0.64316106,0.20689191,0.19431594,1.6277653,-0.8602563
1.1735725,-0.2666047,0.0009886574,-1.3275359,0.8057713,1.286023,0.36898297,0.018842898,-0.30970016,0.9610818,-0.63677984,0.51890326,1.0917349,-1.0434664,-1.0847539,1.0797942,-0.045262534,-1.3308089,0.8005633,-0.7012464,0.8918844,-0.4936773,-0.10925233,-0.59220386,-1.648235,0.9094105,0.13481453,1.4310527,0.90539896,-0.86639553,0.33791238,-0.75851,0.42948005,2.4897866,0.31858402,-0.19246711,1.5796266,-0.12389949,0.20010892,-0.20688586,-0.36844316,1.4721118,-0.9259935,-0.6413782,1.703581,-0.01848809,0.7174326,0.7257949,0.4921081,-0.27002034
0.2659087,0.16100627,1.4933095,1.073868,0.032274064,-0.20491675,1.6571136,0.2540372,-1.0848604,-0.44395253,2.1429844,-1.2527263,1.9459498,0.5879139,-1.5354239,-0.33592302,0.01891534,-0.8795682,0.13695535,0.9557577,-1.0022857,0.27948064,-0.042540282,-0.71673834,1.4145982,-0.8313524,-1.1109444,0.24424447,-0.056832995,-0.8681121,-0.43715388,-2.309685,-0.28011033,-0.07422583,0.28957748,0.74749315,-1.1497988,1.3032081,0.38569584,1.2708448,0.55416006,0.6051686,1.4772167,1.4393847,0.6389069,-1.5096961,1.2377106,-0.7246758,-1.998095,0.66229045
0.35241446,0.37611303,-0.88076365,0.12093447,-0.8105497,0.2623884,1.270537,0.024395933,0.36807027,1.0430042,1.5755463,-0.8606741,1.1238267,-1.230205,-0.493947,-1.5715811,-0.99926853,-0.4060584,-0.67916894,0.04297197,-2.2898664,0.080752626,-1.4895248,-1.5460664,-0.69336575,-0.730022,-0.6482013,-0.3766248,0.117296964,-0.8889886,0.128926,-0.3433785,0.8397982,-0.43515593,-0.53415793,-0.031457465,1.1564342,0.34462172,-2.4863973,0.68516004,0.23479143,0.5189358,1.3442894,0.81505364,-1.1775346,0.77492857,0.7443427,-0.97603244,-0.6009427,0.3941466
0.66049206,2.029031,-1.0336295,-0.23077244,-0.72505283,2.6514375,-2.0214872,-0.8932831,0.77593136,-1.0340121,-0.09227044,0.23084259,-0.8594441,-1.7312505,-0.8515758,1.2218115,-0.57606864,1.7437418,-1.0778567,-0.6351852,0.49387124,-0.92278135,1.0645382,-0.22804268,1.6448373,-0.5404879,-1.9868639,0.19782302,-1.9187566,-1.5884436,-0.00090076803,0.0036332947,-2.2961745,1.1103401,1.793173,0.96640754,-1.1079062,-0.15491986,1.4411802,1.2130014,0.36816055,0.9661767,0.3558407,0.6008828,-0.46113008,0.81944114,-0.097286254,-1.4823136,-0.8004496,2.4943404
0.8952949,-0.83845264,2.2148795,0.3503523,-1.1953453,1.0050567,-0.75694346,-1.8471379,0.1310909,0.26422074,1.0129308,-1.2923872,-0.14536057,1.8242056,-0.9990124,-0.17241807,0.8565995,-0.747813,-0.33879498,-2.4903634,-1.2013758,1.3873092,0.13576853,0.9594173,1.8579165,0.9280449,1.5163703,-0.13435574,-1.1237084,1.8864533,-0.15593478,-0.6460708,-0.79690874,0.43445045,-0.91156906,-1.0490348,-1.7229172,1.0832577,-1.5051606,0.27197227,0.89032954,2.410424,0.3583447,0.46538657,-1.0191237,0.020817423,-0.013991241,1.2513071,0.817028,0.5636065
0.8743613,-0.39902696,-1.8431791,0.21863958,1.0989735,-0.069052316,0.19086623,-1.423302,-0.18346265,-0.5131501,1.7320635,-0.24157359,0.19920482,-1.7889482,-0.070951626,-1.8282344,0.24263729,0.6563722,-0.5281618,2.0392873,0.18252417,-0.58251363,0.6642743,0.13919309,-2.732598,-0.8666513,0.19051914,0.5073534,0.4421657,0.44176525,0.38999617,0.63798535,-0.10572842,-0.41067183,-0.4462819,0.7722517,-0.059236683,0.0012821036,-0.31227645,0.30427045,0.90425795,-1.4926121,0.3477607,1.0333352,-0.47113436,0.75775814,-0.32293746,-0.54694706,1.1296283,1.7088857
-1.2126617,-0.50687766,-0.528578,-0.85797507,0.7847227,-1.1023108,0.62033117,-0.033837188,0.64555156,-0.43556157,-0.07752441,-0.41830462,-0.6763318,-0.66287297,-0.07190666,-0.8830931,-0.13776986,0.6960956,0.8913227,0.39985347,0.2844793,-0.9410167,1.4509974,-0.4879067,0.7427216,-1.7423972,-1.2639078,0.15027085,0.2665481,1.0860562,-1.3473349,-0.71088225,-0.94115216,-0.0014581418,-0.28133747,0.63413036,0.63463634,0.06737782,-0.881571,-2.138442,-0.38217053,0.58364165,-0.65896577,-0.050205268,-1.5920001,0.503103,0.9000231,-0.75722486,0.95435345,0.22782153
0.50204915,1.29832,-1.878131,0.7774587,0.3502429,-0.06197192,1.1156484,-0.593776,0.65252066,-0.49580464,1.5653476,-1.176847,0.61348313,-1.650299,1.470454,0.5919556,-0.7008457,0.1313717,2.7706501,0.56309706,0.11532006,1.777618,-0.22467294,1.7694285,1.6084503,0.6350313,0.68110305,1.3602526,0.113596685,-2.3761194,-0.55311555,-0.09982655,2.4069831,-1.4695281,-0.79377043,0.8427235,-0.82013553,-0.23992531,0.6883224,-0.7408353,0.05011847,0.7682381,0.6810539,0.032711443,-1.6403883,-0.20925511,1.7452083,0.3135662,-0.15451193,1.2929502
1.7275865,0.7490184,-1.1907568,0.19594575,0.032438368,-1.0807112,-2.3632004,-0.5963208,1.4328172,0.5948923,2.0749989,1.6818073,-0.20296748,0.018748548,0.33852762,1.1785924,2.3774173,-0.12663662,0.087267354,1.9134059,-0.70115095,-0.97938687,0.08789733,-1.2299849,1.3652011,-2.5891159,-1.6492614,-0.20459744,-0.5537094,-0.38613594,-1.244754,-2.2263925,-0.17471316,-1.2800609,-0.4903551,0.7096704,-0.17881903,-0.7116104,-1.981869,0.18300584,-0.88235605,-0.92499137,0.70499027,1.9926391,0.487697,1.264741,0.786376,1.1874868,-0.63016135,0.27112934
-0.21596359,-0.45440632,-0.71522236,0.4942056,0.3048807,0.35249424,0.6487437,0.1609197,0.6644217,1.3427094,-0.37491253,-0.4018976,-0.72352904,0.8957363,-0.57977915,-0.5577599,-0.77374065,-2.1742053,1.5638266,0.17546739,1.4376359,1.843024,1.5591239,0.27745602,-0.9154845,-0.37882546,0.99476606,0.03092781,-0.24727596,1.5265114,-0.71728253,-1.3620704,0.13005738,-0.54156774,0.073221415,-1.4963224,1.1850628,-0.76220244,0.20165265,-0.1972002,-0.9339182,-0.22249447,1.6299909,1.0199562,-0.50820595,-0.03853358,1.1782964,-0.4554907,-0.48972377,-1.1532491
-0.36660385,-0.29176116,-1.2497227,0.14521092,-0.4510598,-0.6988349,0.4395629,1.1726743,0.15203796,0.1465112,-2.0585756,-0.38584208,-0.39322886,-1.2449186,-2.1984105,-0.16266434,-1.3453585,0.40576407,-0.7226995,-1.1629684,-0.7734568,-1.438446,1.9664701,-0.31126067,0.046279207,-1.7158102,-0.74431896,-1.2388047,-0.6499874,0.5465306,0.8455999,-1.0755515,-1.2709768,1.7961423,-0.60995156,-0.60513526,-1.4757848,-1.1242095,0.3468527,-0.83706456,0.8169499,-0.92427814,0.49784783,0.27035502,2.1856418,-0.45908827,0.4643455,0.79547703,0.42437536,-0.3047558
0.47116962,2.1842377,0.7411457,0.20869443,1.1994933,1.4298334,-0.19977118,-2.1968148,-0.061486218,-0.7413822,-0.8560179,1.0201868,0.3252079,-0.853315,-0.15633304,-0.33307782,-0.8174048,-0.026210962,0.074307255,-0.31376764,0.8177583,-1.0702378,-0.4130524,1.9523832,0.50962627,0.23271973,0.5112376,0.06549827,-1.414014,-1.134879,0.40593883,-0.37637514,-0.038370308,-0.037487432,-1.3579867,-0.35454753,1.3471128,0.8519376,0.56540954,1.4761461,0.15908563,0.091258585,-0.32431883,0.9767637,-1.4129245,-1.9018759,-0.4670488,0.40096855,0.40283674,-1.5416397
1.6348206,1.2786509,-0.5987942,0.48763385,0.5423616,-1.7181244,0.8799,1.6131362,0.6422629,-0.39744383,-0.6627251,1.5003831,-0.5281532,-0.28542024,-0.6193393,-0.26294923,0.40620947,1.9228334,0.7087089,-0.021689305,1.2950792,-0.6705998,-0.22633798,0.30398986,0.50100917,0.23009266,-0.4411527,1.3536505,-0.056718957,0.58583856,1.7391112,-0.92418915,-0.5713207,0.87060404,0.12816584,0.54087734,0.231873,0.45521608,-0.30076402,-0.5742391,-0.761276,-0.53945,0.4641798,0.36409995,0.676233,0.97623503,-0.13889766,0.7684563,0.7762361,-2.0327835
-0.87885207,2.1278148,-0.16357155,-1.9481823,-0.65788347,-1.3576726,0.6428955,0.5042891,-0.592058,0.8647501,-0.41848204,0.42861855,0.15332712,1.2123152,0.71468943,-0.18161935,-0.8079018,0.2871624,-0.07604558,0.43340212,0.21309403,-1.9889787,1.3026352,2.0853755,1.505172,1.0755875,-1.2558821,-0.6259747,-1.12367,1.9642487,-0.31226963,-1.7703505,1.3366749,0.85031873,0.29560408,0.4062525,-0.4477774,-1.3573811,-0.3947877,-0.3485625,2.0338182,0.41924822,-1.7751029,-1.2445838,-1.0030365,0.9760339,0.36326784,-1.3047801,-0.7210003,0.4946626
-0.46573603,-1.7851622,-1.200209,0.37176168,-0.83233297,-0.36622742,0.9622332,-0.5176733,0.505563,0.09425528,-1.6619295,1.6967964,1.9599138,0.19302303,-1.5192748,-0.2701874,-1.0424526,2.4767597,-0.13270244,-0.8343626,0.93528515,0.108431146,-1.6192518,1.2264867,0.9622898,0.0495312,-0.065101795,-0.75742275,-2.1108983,1.5193441,0.55648285,0.40954795,0.98787934,1.3178213,0.9677693,0.54137886,1.0011913,-1.5612259,-1.2433411,0.46548522,-0.7994763,0.3448311,-0.5290812,-0.2504305,-0.8260968,0.5123381,1.0545677,0.09650676,1.4864708,-0.0390061
1.4057968,0.014678602,-0.1752005,0.6201003,-1.4866724,-0.82980126,0.6992522,-1.746913,0.2437645,0.5571577,0.16054347,-2.0486941,-0.6000966,-1.4395808,-0.08313745,-0.78898245,-0.0056621972,1.0696768,0.3772924,-1.0801176,0.3713071,-0.32973883,0.5318107,0.37478313,1.3740549,-0.47945693,-0.24173243,0.18526675,0.32305795,0.5677172,-1.063696,-1.8767453,0.4182199,-0.44106513,1.2057524,1.2812926,0.67527294,1.2981384,-0.7184442,-1.2513857,-0.6667271,-1.4784447,0.23808007,1.1158952,-0.15376823,0.51107335,-0.26478508,-0.3936932,-0.83190995,-1.1020674
1.2646606,-1.0010569,1.229445,0.6686775,-2.1219947,0.57995284,-1.6533139,-0.2740682,0.9981452,0.013350886,0.5677379,2.223162,0.47281736,0.4356036,-0.0281092,0.3491875,-0.44874707,0.18616834,1.6856774,0.9893774,1.1748903,-1.2875546,-1.012424,-0.6433906,0.28201544,-0.059926588,-0.5799217,0.41927177,2.5114417,1.4178754,0.6898138,-0.27089062,1.621754,-1.3741828,0.34395093,-0.47621232,0.096977085,0.89465123,1.9945364,1.4309773,-0.6122035,-0.46491173,-1.4555291,-1.8203465,-1.2239466,-1.6897501,0.7878742,-0.1969219,0.6548354,0.25108543
-0.37136245,-1.5242944,-0.4077876,-0.5201601,-1.0109679,-1.4248083,0.6222152,1.6806207,0.50670326,1.1019958,0.3549212,-0.56418365,-0.07750722,-1.2459669,-1.8999134,0.88014627,-0.81530464,-1.7377636,1.204083,-0.98260295,-1.2896376,0.10814112,-0.39875305,0.4186451,-0.1023375,-1.2241694,-0.41356847,0.42553148,-1.1767082,-0.47129026,-1.037519,0.47976422,0.99565214,-1.2920732,1.3674374,-1.1110448,-0.43333644,-1.6110564,1.0834811,0.9864593,0.28437048,-0.0562919,0.20184241,-2.3282025,-0.3638044,0.035012834,-0.8585879,-0.4023534,-0.8662318,-0.31813112
0.79551303,1.2309659,-1.7559395,0.7511312,-0.62928414,0.9492898,0.16217439,-0.34472305,-1.3360281,-0.86359257,0.94078237,0.2547015,-1.0048456,-1.2556255,0.56607103,-1.0687526,1.0338413,0.3068106,-1.6040621,-0.29040298,-1.5123705,0.6942287,-0.5756617,-0.20122585,-0.36201546,1.45091,-1.3491317,0.60806113,-0.293812,-0.62745875,-0.72114396,-1.1299261,0.55123353,0.81006044,0.6654394,1.0516826,-0.5337667,-0.682268,1.9444761,-0.36911914,-0.7742476,-0.16068743,-1.0952203,0.1706276,0.8653893,-2.0101664,1.5280666,0.11370617,-1.4626164,0.8553424
0.62288046,0.32785523,0.32006288,-1.1728907,-0.4685603,1.2261882,2.0300176,0.1793748,-1.1748278,-0.9266665,1.0587867,-0.73234653,-0.6140779,0.42148772,0.19297394,-0.47268447,0.3839038,0.5415106,0.48160675,0.9972247,0.80691403,-0.2542568,-1.6246022,1.1105548,-0.84589446,1.6139271,-1.3719578,1.1648303,-1.345755,0.47119954,-0.5956165,-0.49073517,0.5620536,0.28300685,0.42848745,-1.2594314,0.57181156,-1.194867,0.8676731,-2.1181095,0.8683563,0.6276616,-1.7880672,-0.013173756,1.6304189,0.36341777,0.54761964,1.185643,0.7128944,1.3543054
-0.49300757,0.29371548,2.46137,0.45681018,0.108650655,-0.28123072,0.20578027,0.79970986,0.05658185,0.27951118,-0.008445472,-2.7883492,0.3133918,0.27294707,1.3606604,-0.27607855,-1.704145,2.1685004,0.35485664,0.9667174,0.251424,0.026633605,0.86695474,-0.727394,-0.084476694,0.30130488,0.694586,0.29758534,0.24926277,-0.79485583,-0.6505579,2.276591,1.3248574,-1.5580754,1.6437706,-0.016650226,-0.5514798,0.5804831,0.61282396,0.8631547,-0.7323317,1.070833,0.8892048,0.03469603,1.9692808,-0.17411198,1.2628334,-0.54551786,2.1783125,-0.6903142
-0.9558525,-1.1548529,0.5118743,0.3031524,0.8016907,0.012193342,-1.9192191,-0.52412087,0.056858446,1.1126238,-1.0132889,1.084891,0.8441666,0.33551008,-0.6941234,-0.49813986,-1.3523912,-0.020625982,-0.8991443,-0.76749504,-0.61399746,-0.73054534,1.2643095,0.8973823,-0.62688375,1.021277,-0.029158313,-1.5708531,-0.32400796,-1.2405868,0.090049095,1.0365626,0.16876568,-2.0932426,-0.36909088,-0.81921023,1.712293,-0.2802356,-0.6084328,0.25581366,0.32729122,0.094094366,0.32510063,0.029085182,0.18621238,0.35440657,-1.0346574,-0.40703258,-1.1377383,0.69169414
0.828639,0.49945498,-0.027360024,-0.89742136,-0.041816287,-0.8113671,-0.30175224,0.18666133,0.5299781,-1.7169577,0.07369143,0.023841174,-0.44804063,1.3374732,1.4382187,0.5932972,-0.2139802,-0.2574787,-1.4738344,1.3339032,0.7123917,0.03367888,1.0253052,-1.1417348,0.86620694,-1.3987443,-0.4011964,0.18121104,-0.13430756,-0.2260922,-0.64441335,-0.25789922,1.2093883,-0.47353357,-0.6000261,-0.28280923,1.4943091,-0.5767151,-0.9921712,0.84122175,0.27367437,0.37798953,0.49196222,1.2685897,1.9411044,-0.31620982,-0.13616529,0.662139,0.44284728,-0.62407345
0.8124369,1.3037517,-0.82228965,-1.8549919,-0.20993008,1.3462633,-0.40416694,0.10271252,0.6957099,0.81393605,1.6873678,1.518899,-1.7542694,-1.004717,0.008256252,0.002098464,-0.4998966,1.5029987,0.60744655,-0.029784655,-1.8389969,0.63723016,-1.8039396,-0.6990972,1.4089856,-0.24292214,-1.6215578,0.56001097,-0.06105744,-1.0646409,-0.31591135,0.55197513,0.4669686,1.8573942,-0.5070349,-1.2373165,-1.4039785,1.368611,-0.19774558,-0.032773677,-0.12645128,-0.5443689,-0.6573681,-0.5042517,0.4260809,-1.325159,-0.5892686,0.61817104,0.67266506,-1.2022281
0.44668606,1.2363403,-0.20738396,1.6160555,0.34240985,0.52325284,-1.052195,-0.47323805,-0.55210733,0.574061,0.09483155,-0.12645188,-1.5660062,-0.19671936,-1.3500587,-2.3528552,0.3083615,0.08976082,1.2713622,-0.8933351,0.596485,-1.4014506,-0.6624229,-0.9589457,-0.028034538,1.1902808,0.010918996,-0.36629203,-1.1791922,-0.41257563,0.6939993,-0.94455385,0.56715786,1.1567351,-0.26351982,-1.7499582,-0.22082561,-0.03328013,-0.12168229,-0.26865077,-0.39231429,0.50097674,-2.1171439,-0.87545633,-0.6968374,-0.9036888,0.4648306,0.36100358,-1.7082864,-0.10343381
1.0620762,-0.74997395,-1.0132065,2.1570818,-1.0911924,-0.040911615,0.31523815,-1.5523453,-0.6157915,0.3978101,1.1256812,0.15437242,-1.53141,-1.3253341,2.4136322,0.8694991,0.07155442,0.9992918,0.85834414,1.1715902,1.3079956,-2.3624222,0.15791538,-0.7451004,0.40385875,1.6605684,0.12363274,-0.84324175,-1.8717356,-0.62019163,-0.5245237,0.048635863,1.9843426,-0.34205547,1.3389788,1.2002001,-1.4259504,0.74314934,1.04045,-0.121659525,1.1786724,1.7374824,0.01215072,-2.1254613,0.61052674,-1.2823418,-0.13063705,0.3010825,-0.11649231,0.6158036
-0.19441536,1.2032472,1.834024,-0.13471647,-0.1548746,0.6756249,1.0974838,-2.2738533,-0.33335817,0.41202658,1.1431211,-0.26054335,0.015080257,1.8593838,0.62019384,-0.19609006,0.6758032,-0.640599,-0.22120024,0.60859424,0.11098676,-2.050914,-2.2357287,0.3886216,0.9644498,0.7963056,0.07304329,-0.34036374,1.6266314,-1.7093652,-1.6798168,2.3465328,0.9585757,-2.1353464,0.56222904,0.32164288,-0.27949324,0.72257066,-0.9684018,-0.16971108,-0.8815325,0.79025835,0.439603,0.5770298,1.2782067,-0.29846925,-0.124709375,0.27221838,0.23139274,1.4395756
0.9124868,-0.6582412,1.0613177,-0.116956234,-0.7850989,-1.6976546,-2.3927822,0.4603373,-0.005861734,-0.19979106,-0.16967939,-0.25480366,-0.3442932,0.28830096,-0.54187214,-0.0031523139,-0.6976499,-1.8464178,1.6494794,-1.3536674,-1.0993408,-0.14582002,-1.0734808,1.5569888,0.9285764,-0.08872319,0.93913,-0.64392084,0.35245463,0.4681489,-0.08449939,-0.9635842,-1.6321173,0.8797214,0.21056199,-1.4806092,-0.16676687,1.1866376,1.1152894,-0.40236932,-1.5627536,1.1903046,0.41898307,-0.20809057,-0.25576013,-1.159975,0.1377246,-0.24700627,1.7158136,2.2949717
-0.44594094,0.7366149,-0.26808935,0.14134125,-0.4051917,0.6380084,-1.8034083,-0.6169547,-0.47964424,-1.4480212,-0.41443777,0.17580809,-1.0748729,0.016650815,0.42277116,1.0673741,0.9910667,2.4869127,-0.97456914,0.7434712,0.15948151,-0.24201322,-1.0331217,0.18681574,2.5083334,-0.17918158,0.63332117,0.153251,-0.69770193,-1.488623,-0.7671341,-0.6270996,-1.4364164,-1.2462361,0.95702314,-0.8915431,0.4705685,-0.29297945,1.2360399,0.060218453,-2.0420601,-1.2978557,0.26163208,0.33248034,-0.79770386,-0.8516168,0.32848102,0.6910242,0.9234358,-0.032936916
-0.978663,0.11133245,-0.23041941,0.12889059,-0.5880382,-0.14753577,0.2998298,0.7282606,-2.3419278,0.48046458,-1.4754013,2.260747,-0.4479432,-1.280586,0.38854095,-0.8305423,0.64895254,0.8614166,-0.2655685,-0.99646693,-0.102631986,-1.5938588,-0.43665048,0.13693604,0.21688642,-0.76449096,0.029057939,-0.079853155,0.20822151,-1.4455649,-0.9074429,1.980993,0.70134073,-0.53412485,1.7663492,0.23647702,0.17545706,-0.8954498,-1.5293292,0.36605763,1.0421956,0.6901251,0.30143008,-0.46313232,-0.36966026,-1.1306854,-0.99806243,-0.4051556,0.7511742,1.877994
1.5009657,-0.8119651,-1.3844273,1.90786,-0.37975383,-0.9044317,-1.5068232,-0.6880381,-2.574763,-1.6240644,-0.9001185,1.6450667,0.85040444,0.41056687,0.07379629,-1.3284574,-0.9320101,1.660037,1.9985352,0.6987479,-1.229782,-0.9831148,0.23145087,-0.115381114,-0.54788506,-0.4267275,0.09196913,-0.100574486,0.20505632,-2.7901511,0.21613921,0.08720756,1.3061801,-1.297239,0.62016743,-0.034900382,0.45711404,1.5478799,-0.6291928,0.40354323,0.2791041,-0.50356907,-1.9846774,0.6771574,-0.9188347,0.045373652,-0.60509044,-1.5370781,-0.6697598,-0.94180703
1.8807627,-1.9746535,-0.9373275,-0.97043145,1.3601918,0.5487681,0.55616486,-0.59945863,-1.4858272,0.74941534,0.32262203,-0.5235159,0.29360586,0.5438127,-1.800568,0.6738348,-0.8334839,1.8382696,-0.6486905,0.7862767,-1.478592,-0.6935925,-0.5476452,0.52651757,-0.5343154,1.3341409,-0.3872523,-0.2532133,0.4487798,0.20906982,1.9785755,0.3514226,-0.2882321,1.9244426,-0.68489563,-0.4335788,0.24083993,-0.26722696,1.211467,1.2321498,0.18271028,-0.54143155,0.84142023,-0.51227075,0.34108952,0.3419762,0.37850055,0.22350286,-1.078849,0.8048455
-0.06649425,0.9089341,-0.01411903,0.9878876,-2.2212925,-0.20340227,0.5918198,-0.7368999,0.4136988,0.37095937,0.7993864,-0.5107227,-0.6672321,-2.078002,-1.1087507,-0.7926761,-0.7161382,-0.8492556,1.1743927,-0.3966499,-0.95033747,-1.8450943,-0.75853443,-1.1053207,-0.04202196,0.79727185,0.51074404,-0.18600145,0.72646517,1.3327744,-0.68358165,-2.2713554,1.1369756,-1.4890454,0.1615248,-2.4418793,-0.108026035,0.124724135,-0.7459173,1.0017602,-0.96833104,-0.7148646,2.4683223,0.16221115,1.2640612,-0.7614261,-1.6636287,1.7980886,1.4070109,2.4362504
-0.52343506,-1.2064266,-0.63495964,0.5851503,0.016740296,0.36624077,-1.3254104,0.12937891,-0.4935233,1.7306364,-0.6557572,-0.60380185,0.76384073,-0.39028144,-0.83076096,0.34737384,-0.6549066,-0.0682353,0.6843257,-0.38382447,0.25892833,0.0026632836,1.5805119,-1.3545582,0.43986252,0.6507213,0.44440523,-0.66293913,-0.5287376,0.3377393,-0.9323941,-0.6604523,0.29124784,-0.78675765,2.0964382,1.4802197,0.60736674,1.8458165,0.43046957,1.1086527,0.8724187,-0.42284915,-0.038341198,0.6585209,0.17919555,0.42811993,-0.3454359,1.262566,1.1086245,-0.18946981
-0.6689954,1.8995472,1.0030262,-1.9116712,-0.66437703,1.359356,0.36111605,0.7660491,0.56354284,-0.4555656,-0.46292773,-1.425978,-2.9220667,-2.0187466,1.0333552,0.39705372,-0.17131469,-0.8840383,-0.38392967,1.8486763,2.6704273,2.47187,0.270328,0.9052367,-2.3700924,-0.041854154,-0.68567884,-0.7606007,-1.2820433,0.86193186,-0.7527094,-0.45075223,0.35037085,0.7169638,0.792485,0.5220008,-1.6779329,-0.12423889,1.2972876,0.15774354,1.9792244,0.28155518,1.8231463,2.076332,-0.46295524,0.0445936,0.54422706,-1.199751,0.3498417,0.5227046
-0.692159,-0.061396834,0.76882297,-0.9656237,0.45078942,-1.2726784,-1.2905415,-1.869786,-0.18239947,0.36436847,0.40983406,-0.53122133,0.09040108,2.0938935,-1.6216638,-1.3067348,-0.44482553,0.6817577,-0.314496,0.67519176,0.15383528,0.09554783,0.33699247,0.5398361,1.4056948,0.19877201,0.08870115,1.0574228,0.37206802,0.98480844,-0.48426902,-1.6379063,-0.8535676,0.36853382,-0.99458444,0.45351103,0.33753446,-0.7486674,-1.0222813,-0.49559075,-0.2597945,-0.042396724,-1.4516008,0.19942647,0.18175279,-1.2762878,0.8968622,0.7666933,-1.7831259,1.2803694
-0.45767525,-0.5813083,1.3123299,1.6486273,1.1336187,0.80418056,0.1273717,-1.2001846,0.4702692,-0.5464396,0.1013504,-0.00288591,0.19321914,1.1270903,-1.0447314,0.43707666,-0.39169884,0.026859403,1.3192434,-0.82183284,-0.18190731,1.0544997,-0.21186493,-1.7646284,0.9567298,-0.43348157,1.6994107,0.6305282,0.75391626,-0.450622,0.000230514,0.9664619,0.27272394,-1.9550354,-0.80199516,0.9531739,0.5776615,0.3366434,1.7376345,0.08292558,1.1822284,-1.3396318,-1.1646448,-1.4558998,0.83039063,1.1869127,1.2493306,-0.84362626,-0.31238422,0.9992683
0.29095393,0.3685194,0.05442783,0.82775986,-1.2264386,-0.086463794,0.5692898,1.4789673,1.6138597,1.2314528,0.15062073,1.5330468,0.38311476,1.2006269,-0.22411591,-0.7155612,1.528691,-1.3629757,0.8129996,-1.4992121,0.15802081,1.3979226,1.7653863,-0.28187078,0.7334487,0.19630222,0.41886833,-0.5254798,1.3386576,-2.6889634,-0.07698528,0.7704218,-0.33203754,-0.6152254,-0.3722413,-1.5364891,-0.65891314,1.3340839,0.21703358,0.073643684,1.2319639,-1.5901738,-1.0278856,2.2356105,-1.4877516,-0.6212774,-1.0218742,1.4290457,-0.12860566,0.012339328
1.2521449,-0.81416047,0.47774798,0.5559137,-0.11801995,-1.3912586,-1.2615522,-0.083273456,-1.4928992,-1.6193165,0.5732683,-0.7084022,0.5847141,-1.9292378,-0.7239699,0.91148037,-1.7978972,-1.1096258,0.7140558,1.3725537,-1.401536,-0.5426247,2.1242101,1.5700843,1.3664883,-0.62560517,1.1756783,1.9653815,0.20749356,-0.62141037,1.4223511,0.3630477,0.9262991,-1.7609622,0.036520753,1.6180909,0.2389293,1.586376,0.4996278,-1.2231181,-0.7417379,-0.5061777,1.7150532,1.3951408,-1.1598076,1.9330424,0.74096256,-0.7001922,-0.546267,-0.637175
-0.9738933,-0.94241256,0.15596111,0.07695559,-1.3238132,0.36863527,-1.5625507,-0.5284722,-0.5618847,-0.058684684,-0.009958882,0.25556225,-1.2900381,2.3185477,0.6197032,1.2531542,-0.47041085,0.85536313,0.3207359,-1.2661618,0.5014122,-1.0013458,0.5512683,-0.51999724,2.4598088,1.5709759,0.115933344,-0.9295238,-0.07847596,-0.042338636,1.1716143,-0.03595187,-2.4618123,0.6609136,-0.6043145,-0.120195165,0.044741176,-0.158186,-0.102310866,0.8877696,-1.303857,0.36650693,0.41785643,-2.200098,0.13154468,1.4002936,0.5041511,-0.014126409,-0.15750322,0.33690816
0.5643564,-0.6067063,0.29908594,0.008334663,0.74321645,-0.9856431,-1.995226,-0.6724356,0.05026791,0.38678604,1.460584,-0.830202,0.5011728,-0.99982613,0.0572867,-0.45411205,-1.0115829,0.83646965,0.4758294,1.3361303,-0.70821106,0.98754764,0.4315104,-0.44461235,-0.28930366,-0.31321332,-0.30300152,0.5175426,0.19495182,0.6384863,0.08734051,-0.30765736,-0.43485034,0.9226927,-0.22278303,0.07029629,-1.2776453,0.107238896,-0.6189881,-0.045651093,0.76640326,-0.5774971,0.5004228,0.20809714,-0.30952922,-1.0657079,0.29558572,0.20652585,-0.7682648,-0.5360786
-0.53586423,1.8643402,-0.43599206,-0.99503005,0.1623154,0.79221576,0.2497452,-1.7287725,-1.0606362,-1.2658799,-0.11540291,0.5052326,1.3335131,-0.33265656,0.63220596,1.0375679,-0.58631545,-0.19843744,-1.9333557,-2.3033133,-0.13132076,1.0973456,-0.32971257,-0.15249336,0.5979735,-1.2070475,-1.4743822,0.42631245,-1.0313915,1.0988576,0.7890365,-0.99674165,0.69734794,-0.7603463,0.3960141,-2.0341132,1.4627062,0.66663903,1.5318778,-0.8264152,0.54196554,1.3113502,0.7406812,-0.24442782,0.025337616,-1.1072456,0.4741675,-0.96520424,-0.2557578,-0.50251657
-0.7654744,-0.28778645,-0.46142897,0.6659329,-1.1696701,0.41716057,-0.725779,0.52829117,0.3791017,0.9872398,0.46534887,1.050167,-3.1312132,-0.7574352,0.402271,-1.5272468,0.99829704,-1.0313292,-0.055254184,0.74004585,1.7875748,0.68771297,1.8689048,0.92467743,-0.71044606,1.1797341,0.1850579,-1.2669164,-0.19026391,1.3013009,2.170413,0.3952714,-0.45392612,-0.18939546,-0.09975248,-0.8093742,-0.4506357,-1.5340425,-0.7447523,-0.100587316,-1.1121994,-0.5333612,0.0064374735,-1.1723685,-0.78843236,1.7498858,-0.010974192,-0.26560116,-0.9498502,-0.42670384
-1.6019188,2.4802678,-0.83197796,-2.3874946,-1.2781543,0.18570125,1.1880494,-1.6629273,-0.2434442,0.0041990145,1.8725998,-0.36982393,0.10493545,1.4896411,-0.60149854,-1.5361792,-0.24292338,1.1871988,0.6884318,-2.9371269,0.20190582,1.8707315,0.23370118,1.1851324,-0.4426086,-0.46501434,-1.9047818,0.90274096,-0.22332399,0.10971443,-0.1957896,-0.040883318,-0.17982054,-0.53968126,2.0963283,0.16663927,1.1932609,0.94310665,-1.3278726,0.20841384,-1.0598925,0.13111182,-0.2064352,1.2766937,-0.171045,-0.8051902,0.5042151,0.4561364,1.5624143,0.72095823
1.0835779,0.18887971,-0.51099473,0.48497275,0.14816137,-0.9475233,-0.06391497,0.63992804,-0.92215693,-0.7596012,0.089454435,1.3814548,-1.3442373,0.86531025,1.1741648,-0.4480779,2.031293,0.12971139,-0.2700573,1.5858645,-1.3204174,-0.99469274,0.4046995,-1.2109976,1.0596247,0.2247957,-0.333338,-0.04522515,-1.7160227,0.7664889,0.5100079,-0.34681848,1.1769916,-1.8625139,1.6220526,2.1142664,1.0824915,0.6268386,-2.0164819,-0.54573977,0.97736764,0.5585412,0.11627506,-0.83793145,-0.3215654,-0.57076263,0.33895272,1.6843534,-0.15202144,-0.06950531
0.6805126,-0.17281163,-1.0765799,1.0690815,0.45236492,-1.5356178,1.1774746,-0.784928,0.9431747,-1.145182,0.63308316,-0.1816489,-0.028051363,-0.5802065,0.7603205,0.97421044,-1.0377632,0.40484348,2.0363078,-1.3826627,0.26021773,1.0275657,-0.43173277,0.3262591,-0.7223135,-0.62718964,0.70749146,0.61964697,0.49767065,0.626843,-1.0398592,0.27468768,-0.91674733,-0.38893166,0.21712661,-1.8921005,0.5885206,-1.1157187,0.8350061,0.61660844,-1.0391197,-0.82571965,0.54818034,0.6973943,-1.180577,2.3016505,1.9296632,-1.9792594,0.68917525,-0.048761897
-0.11634515,-0.30468556,-1.847415,0.06634731,-0.22305198,-0.39258745,-0.8812915,-0.99081135,-0.97068787,1.981009,-0.82319534,-2.9088576,0.22428471,-0.71364814,-1.5899234,1.0158901,-0.6522141,0.0512175,0.32433552,-0.18078813,0.20364828,-1.5319687,0.23473278,-0.6524689,0.8178182,-0.3226197,-1.3387902,1.1976894,1.2620219,-1.3601311,-0.19741154,-1.3680352,0.029710365,0.6165338,0.37195814,0.63859975,1.5384947,-0.5974892,0.4176494,-2.3501675,0.74731433,0.6289874,0.0044122133,-1.7453741,-1.0206171,1.4286753,0.98737526,-0.059202828,-0.0226594,-0.13335998
-0.020932673,-0.7238944,1.9057955,-0.88510084,0.2057431,-0.991529,-2.114323,-1.8109933,0.36747295,0.5018118,1.0956684,-0.8919586,0.085859284,2.136302,0.4220807,1.2760067,-0.68589383,0.27198923,0.16364288,0.3357853,-0.33622074,0.19409297,-1.9033558,-0.13885707,0.009437196,0.8567769,-0.48319525,1.6084143,0.22740301,0.06482393,1.0185153,1.2065352,2.0052743,0.34679705,1.8008333,-1.4371428,0.82833666,0.16381742,0.677988,-0.59978396,-0.08871127,-0.5326935,-0.3932857,0.6614465,-0.43309525,0.4737088,0.5993939,0.6156982,0.9921437,-0.76706207
0.329635,-0.87193346,0.7181522,1.2710783,-1.2459946,-0.7163563,0.52965665,0.6326396,1.1191949,0.0022244172,-0.6724784,-0.076022625,0.61153793,0.3732434,-1.8261731,0.76173425,0.84419537,0.5682927,-0.755673,0.79636395,-1.034025,-3.0109262,-0.89391404,0.73440254,0.23866563,1.143634,0.60315186,0.21268548,-0.6400433,-0.4143334,-0.89926857,0.77075344,0.3236384,-0.36367095,1.0322428,1.6696057,-0.7880298,0.28078458,-0.03900746,1.9039522,-1.3963083,0.15236732,-0.48090065,0.3114848,0.66668487,1.5018117,-0.9431395,-0.85119677,0.9539702,1.4909023
-1.3414512,-1.1725432,0.10451281,-0.099856526,-1.6199156,-0.2779757,-0.9039656,-0.7671409,0.8618,-0.9099077,0.16459759,-0.77264124,-1.1337891,-0.76214993,-1.1056764,-0.050271604,0.8762433,0.53568804,1.6576672,-0.24839815,-1.2213222,0.4477653,2.505271,0.62880945,-0.32650205,-0.06429802,0.27149433,-1.0049721,0.59370923,-1.1593336,-0.00081179506,-1.0834275,-0.27280182,0.789927,0.38756892,0.6808098,-0.42788512,-1.072164,0.08932602,-1.0283582,0.16322307,0.019992001,0.195653,0.083572455,-0.21173391,0.6426609,0.18189837,1.3720562,2.2360446,0.29268727
-0.31076354,-1.755974,0.18954943,-0.51210374,1.2303554,0.8440554,0.7487991,0.8479504,1.1235704,1.0819944,0.1488241,-1.5430113,-0.9647706,-1.4513457,0.25374332,-0.30837268,1.3851155,0.51468515,0.93786156,-1.5625511,0.30071244,-1.3097769,3.247342,0.9058228,-0.2295679,-0.9481288,0.9069683,-0.7143703,0.56465054,-0.57002324,-0.17629078,-1.7045943,0.8722591,0.15682308,-1.2056849,1.3238991,0.11694967,-1.8290421,0.63670695,-1.1565144,0.034602515,-0.06710853,0.5041434,-1.7291701,-0.27465668,-0.749483,0.07963534,0.4285587,-1.176372,0.48823163
0.64339685,0.4243838,-0.39758345,-0.39199597,-1.5686345,-0.9611088,-0.010180891,-1.3383638,-0.11633512,1.3759259,0.07326284,-0.72318995,-0.16694051,0.38714394,-0.6073629,-1.3851901,-2.3642414,-0.3404149,-2.0556517,0.43740904,0.18170387,-1.2029223,1.5763214,0.24095953,-1.2275114,1.6974341,-0.42984867,1.0063545,-0.649864,1.0029854,-1.170162,-0.40718564,-0.9925917,1.0051296,0.24624771,-0.65510386,-0.30322754,-0.1980042,0.11153004,0.09892254,-0.7849995,1.0088724,0.6524991,-0.6546214,-0.5478142,0.7253785,0.5679144,-0.43608314,-0.33809772,-1.2953913
-0.6904234,0.11995194,-0.64811784,-0.14980605,-0.34318042,-0.04568662,-0.28258196,-0.2792034,2.5869074,0.6132802,0.66790867,0.94359344,-1.4975492,-0.7837148,1.0242764,-0.022584666,0.6823136,0.592679,0.75474,0.3984923,0.85369563,0.55144316,-1.4790825,0.126943,-0.72377974,0.8586765,0.8908105,-2.1842687,-1.8654852,0.5446726,2.1834018,-0.3650005,-0.8628869,0.2135953,-1.2953737,-0.52897143,1.5174927,-0.9451426,0.6826823,1.4826779,-0.09409501,0.22424828,0.52875197,0.19462323,0.8020805,0.23500527,0.56250316,-1.2115761,-0.7960665,-0.7088291
0.7823196,-0.09552694,0.7557237,-0.85255384,-0.30689403,-0.7080639,0.1029686,-0.9261832,-0.13070552,-0.3306941,0.73770833,-2.221574,0.36468297,1.7885503,1.2383541,0.54662263,-0.25812462,-0.10436836,0.16637589,0.14913404,-0.095524564,0.88843155,0.35581183,-0.9653285,-1.570948,-0.46132436,-0.15072782,0.19655167,-0.21412618,1.7643815,0.32806024,0.3661529,0.36470985,1.0337883,0.32820052,-0.41017705,-0.43483514,-1.3458679,0.09645483,-0.6287891,-0.0030799562,0.78701615,-1.4021727,-1.8413218,-0.5368338,0.80502355,-0.36767188,0.6744212,-0.1329752,1.5328407
-0.26683137,1.5205454,2.019594,0.6607279,1.7415693,1.0903999,2.0722685,-0.23443733,-0.038484853,0.8372329,-0.5022183,0.26368093,-1.6664828,0.36136776,0.6206619,-0.27690023,-0.70891446,-0.34252957,0.072031274,0.14909847,0.212143,0.06818981,0.68941355,1.0251606,-1.0298477,-1.15026,-0.25726047,-0.9263984,0.14890815,0.3077997,-0.6260391,-0.010580679,-0.5984491,0.015216098,0.46061575,0.55161595,0.6251653,0.08789876,0.072047666,-0.5477569,0.0012493536,-1.5840364,-0.548368,1.5226371,0.08585807,0.41938004,-0.6398353,1.7807131,1.5260708,-1.1327366
-0.55060655,0.7566585,-1.1087762,-1.329629,1.610982,0.5693833,0.34003565,-0.3063492,0.38493183,0.17296514,-0.8285681,-1.0371752,0.2574663,-1.0924866,0.33152163,-0.93248075,0.3366151,-0.83384943,0.117950626,0.39513656,-0.35135385,-1.3518587,0.6032913,0.20923471,1.4311132,-1.1978967,0.5361731,0.9977953,1.0754822,0.5131958,-2.5128496,2.4357421,0.3762036,0.47373858,-0.72706246,0.17711702,1.4870797,0.014388916,-0.42507395,-0.5378197,0.2780013,0.2664725,0.059462674,-0.83656394,0.21636412,1.0318726,-0.196641,-0.84910214,0.30873924,-0.5374877
-0.2816929,-0.6636338,1.1758094,1.3014978,-0.48086968,0.544286,-0.22191536,2.3716946,-0.09264376,0.7990982,0.49825746,-0.7532601,3.0666502,-0.93555707,2.2215896,0.15046245,-1.6217555,-1.88173,-1.3904577,-0.9819814,1.6420294,-1.0196433,0.5507496,1.5204227,-0.60206765,-0.39665225,-1.6881697,-2.3078609,1.5195123,0.4883305,0.9865616,0.6232168,-0.97787285,0.42099333,0.27320072,2.386793,-1.7309353,-0.17827891,-1.481498,0.5174171,1.2252996,0.05727684,2.2620742,0.83645177,0.2353164,0.7346232,0.6007782,-0.69561195,-0.14230895,0.47282025
0.1601105,-1.7105258,0.9085197,0.053915706,1.206896,0.20468824,1.3676234,1.061001,-0.40712294,-1.016328,0.241454,1.0656383,0.91487235,0.50415474,0.65931517,1.7589774,-0.33833653,-0.17067413,1.4085286,-0.66029453,0.33146632,-0.3942527,0.014507871,0.4205259,-0.53570557,0.9875767,0.87606174,-0.31392604,0.4025098,-0.041100834,2.0402281,-1.013487,-1.1504636,0.05922485,2.18926,-1.0344597,0.34722292,1.5035801,0.00057810836,-0.03041376,0.06989763,0.30065912,-0.0640946,-0.10673644,1.8371162,-0.2849612,0.51093304,-2.4251263,1.2429127,0.60463816
-0.4851281,0.2944507,-0.85654294,-0.404382,0.6058706,0.22757775,0.5924359,0.6192925,1.860048,1.0419933,0.61963016,-0.5035385,0.48068398,-1.4496834,-0.020555386,-0.6189946,0.5163221,0.3487978,1.8521656,0.09945193,0.73271054,0.7276598,-0.21319214,0.29640415,-0.47341317,-0.9094237,0.25919518,0.026566096,-0.059360027,0.35949793,0.69924086,0.52920985,0.09585777,1.6334542,-0.039482214,1.1132284,1.2085947,0.84492874,-2.119072,-0.20872582,1.8838922,0.342607,0.7111195,1.9071645,0.5701568,0.45242205,-0.7559694,-0.9847178,-2.048369,0.7891055
-0.8183205,-0.13940911,0.30349258,0.06801526,-0.45102715,-0.62709403,1.1276926,-1.1433675,0.14232367,1.7591492,-1.0657187,1.7820697,-0.6729405,-1.7555221,-0.3010364,1.6790056,-0.9711272,-1.2015668,0.60634005,0.6056891,1.2791107,-0.9817476,-0.29016083,0.92768645,0.2891643,-0.8660756,-0.10304225,0.15122458,1.2685013,0.8371743,-1.2589984,0.55825686,1.0668739,-1.4395374,-0.70783156,-0.2061317,0.41816545,-0.1217269,-0.44989312,-0.45711628,-1.3020654,-0.6749681,-0.44360346,-0.21708904,0.1104925,2.7024174,0.9193219,-0.3912016,0.20258391,1.9897339
0.9516756,-2.05083,-1.3033876,0.28414884,-0.58860636,1.0863793,-0.6584213,-0.3121733,1.5492029,-1.1498563,-0.37678504,-1.7993261,1.230854,0.9885996,-0.38927817,-0.18494026,0.4167099,0.17095603,-0.7208132,-1.6954893,-1.217963,0.1365925,0.5746024,-1.0773271,0.02866014,-0.19102317,-0.75282395,0.8285296,0.56384146,-0.74824905,1.0265181,-0.97950566,0.5579585,-0.4006898,-1.2192286,0.008443589,0.56024945,0.6760546,-0.51811963,1.299368,-1.1026107,-0.93300706,0.5086614,-1.0431936,-0.50457644,0.10153368,-0.8098578,1.1712786,0.59618324,-0.75720686
1.2234466,0.46179733,-0.009174184,-2.332921,1.12387,-0.25781026,0.14283402,-0.5563245,-0.8932792,0.8912849,-0.51196784,0.60791045,0.09975768,-1.0541489,-0.31572676,1.3916328,0.85374504,0.34447795,-0.297228,-0.24649629,2.0241635,0.16230327,-0.78051436,0.4974905,1.4981735,-1.396404,0.829721,0.811574,-0.3420913,-1.0468485,0.7843534,-0.24740058,0.8806461,-0.9907547,1.4095786,-0.16201289,-0.60542333,-1.2933382,-0.7070663,-1.8904692,0.8007356,1.6369749,-1.094344,-0.055555917,1.3595386,0.116655834,1.5390065,-0.395436,-1.093749,1.0092885
0.11587821,-2.894444,-0.5651883,-0.41158542,-0.25269395,0.551446,-0.33206952,0.8130023,0.8409089,-0.7364293,-0.25622344,-0.17752598,-0.09959473,0.10521451,0.8247185,-0.54962254,0.55833215,0.961077,0.3721139,-0.7064824,0.4137671,1.0090127,0.36575466,-0.041582193,0.05143954,-0.42000464,-0.25826374,-1.1637502,0.9288245,-2.31365,0.25423637,0.7262398,0.4716724,-0.077124536,0.012084557,1.8636981,0.0014138821,-0.8659172,0.022172567,-0.7760479,-0.018107837,0.52498037,1.8073187,-1.0988417,-1.1070467,0.14005063,-0.5657118,0.2855142,-1.3238591,0.83270717
-0.46625048,-1.0344846,0.7069558,-0.39370152,0.5502833,1.6040081,1.6161253,-0.93163973,-2.4174778,0.009277312,-0.8228912,-0.33101603,0.3047139,-1.0848215,-0.53224444,-0.15137328,-0.8514405,-0.33231023,-0.057850216,-1.2187588,0.18348028,-0.6532016,1.3492783,-0.74928975,1.0443757,-1.1932867,-0.7710871,-1.0193682,1.3250186,-0.34326333,1.5242411,-0.78258514,-1.7314727,-0.25802317,0.046028294,-0.59418094,-1.1982366,-0.1892388,0.6849651,-0.2823862,0.26380306,0.32003757,0.17517968,0.07967602,-0.9291433,-0.80378485,-0.8332977,0.8564822,0.42593697,-0.17859103
0.99962735,1.1049889,1.4121102,-2.2464018,-1.4941692,0.52848136,-0.7186951,2.0783339,1.5115968,-0.34654656,0.21809906,1.1025298,1.3955783,-1.3827554,1.4765086,1.1536502,0.84402364,-0.98544466,-2.6754053,-0.17153867,2.0881467,-1.1806304,0.3421292,0.29359806,-1.4165741,-0.821221,-0.60480595,1.1008099,1.6558301,-1.0616386,2.8839676,0.35255587,-0.17567869,1.805505,-0.7857122,0.27667838,1.3995581,1.7482932,1.9510976,0.96665007,-1.195462,-0.38022032,0.68168676,-1.1986034,-0.25111702,-0.13097905,-1.4407715,0.41153896,0.05349325,0.52508557
1.770634,0.8779613,-0.93064946,-0.6750805,-0.43360928,-0.2594542,0.19629028,-0.7422123,0.45749608,1.049477,0.037521094,0.81976444,0.5965335,-0.7215509,-0.9090985,-0.2069288,-0.2183859,-1.0800779,0.30562732,0.916528,0.71069103,1.2108021,-1.3896186,-0.47099337,1.2470821,0.33738673,0.60486203,-0.50849193,0.31119826,-2.5138485,-0.8081029,-0.8491188,-0.34872013,0.5674514,0.4239732,0.6918805,-0.3074178,0.55022573,-0.5432381,-0.14120726,-0.5146371,-1.2601258,0.64312017,0.080261365,1.2735108,0.8790027,-0.24791399,-0.7928657,-1.2682663,-1.3827515
0.59022087,0.45207718,-0.2944037,-0.6730318,1.7717972,-0.1859819,0.48223487,0.59942025,0.43101242,0.13523535,-0.13630709,0.009297451,-1.1316261,0.15428965,0.7005127,1.665884,2.3774166,0.093611725,-0.85632163,-2.7103987,0.036332607,1.5629289,0.7074092,0.8149936,-0.19680248,-0.81297994,1.8870622,0.7062453,-1.1846827,-1.0450921,-0.74964833,0.84175706,0.9069823,1.5175145,-0.49781173,-0.88269144,-0.18676561,1.0884101,1.8193651,0.2962592,1.5123801,-0.48241067,-1.4803724,-1.415211,0.23249875,0.096956074,-0.7129414,-0.820331,1.1235838,-2.4070058
-0.51476365,0.7748622,-1.7614198,1.2069558,1.1105556,0.17182176,-0.46997228,1.273147,0.36523667,0.3058224,0.2754959,-1.1470858,-0.18214509,-1.2422174,2.316367,-1.5554906,-0.25234413,-0.8242387,-1.8215314,1.1373141,0.2860702,0.43356296,-0.5405036,1.0057043,-1.8290232,-2.3218179,1.4628676,-0.26540777,-1.5195309,1.0557649,0.5693712,-0.8868197,-0.2516358,1.169973,0.51183814,-0.9291089,-0.0716006,-0.57756627,-0.52084535,-1.574703,-0.9507704,-1.123536,-0.37600064,-1.007936,0.34722835,0.596881,0.12720075,1.9184343,-0.23110609,1.1637027
-1.2353963,1.4612049,-0.13218051,0.49726918,-0.69562703,1.032951,-2.5674565,-0.9771856,-0.30614027,-0.13304326,0.7146096,-0.15185668,0.70751154,-1.0059036,0.45258403,-0.10228936,-1.7080938,0.057778805,-0.8282268,-3.2388897,-0.123780824,1.3947626,-0.019579431,0.30553663,2.4726443,-0.6370433,0.5608169,0.6830427,-1.2868061,-0.12197837,0.9015326,-0.6599825,0.12998475,0.74679375,-0.94155335,1.3342786,-0.51295245,1.004935,-0.7842697,-0.68381107,-0.11677215,-0.44010592,-1.9858261,1.0460808,-0.040911473,-1.4828684,1.3373173,-1.4503994,-1.0103245,-1.6258003
0.68914753,1.4932362,-0.102886416,-0.009098081,-0.20421092,-0.35942954,0.5014483,-1.3558325,0.37827164,0.44907555,-0.5258805,0.09578715,0.24005635,-0.6911535,0.27346826,1.5137571,-1.1134865,-0.26176175,1.0772004,-1.398379,0.15842257,2.1167555,-2.5265265,0.54242146,-2.092094,1.4180375,-0.18691444,1.4953189,1.0622655,1.3851179,0.57744926,-0.041776404,-0.58365905,-0.55902505,-2.2997105,1.6302147,0.30420277,0.11681296,-0.8332844,-0.55191386,-0.14888683,0.6661368,-0.20179498,-0.5808485,-0.42471045,-1.7240138,-0.3675303,-0.29272398,2.8118894,-1.19261
-0.70735115,0.9281922,-0.10384509,-0.39540765,-0.91137224,-2.6203678,-0.2552512,0.39007148,0.11857471,-0.50732607,-0.28190246,-0.28494117,-0.24658719,-0.12414971,1.1401086,1.812737,0.2903637,-0.56715953,1.3944587,0.23291408,-0.85432404,0.5123876,1.011702,0.59857124,-0.5023358,0.3702231,-0.23837034,-0.21300232,1.4773276,1.5580403,0.093194425,1.9698317,0.104695044,0.30654186,-0.32408488,-0.77387184,-1.4614681,1.7190773,0.37843326,-0.98717904,1.8321532,0.3447611,0.2545727,-0.19779502,1.3874052,1.9014238,-0.062551074,-0.040748443,0.0097003635,2.373872
3.1247172,-0.58114785,-0.20124121,-1.1082122,0.19475856,0.021693742,0.47397473,-0.45892224,0.15224051,0.8524063,0.7117688,-0.22406006,1.249176,-1.5672296,-0.47005087,-0.58126456,-1.1073021,-0.24266522,1.3548967,1.7703917,0.047796268,-0.48942384,-1.4070622,0.58225566,0.52628845,-0.982561,-0.85359657,-1.9074047,-0.20569998,-0.035508037,0.18792449,1.5904006,-1.0632869,-1.0035325,1.2857419,0.1996853,1.1067998,1.8791603,0.6701519,-0.445849,-0.60298514,-0.71539,0.283764,0.9867015,1.3282864,0.21582834,1.0430175,-1.5845393,0.16328812,-0.1916208
2.1561522,-0.31624314,2.6236906,2.667444,0.5498011,1.0566659,0.15904287,1.3225482,1.8961984,-0.68107575,0.06004775,-1.670789,0.15700041,0.6160327,0.26363426,1.1106881,-0.27491757,0.020374296,3.0241013,0.46183923,-0.70025617,-0.7779448,0.98124117,-0.38874725,-0.357833,-1.7384529,-1.2148775,-0.3266345,0.33823672,0.8271393,0.25179845,-0.050060317,-1.6780456,-0.9543994,0.6753324,0.6466855,-0.42932072,0.07630308,0.054805376,-1.2573357,-1.0472037,-2.0445046,-0.09871297,0.10321409,0.52275723,0.99004066,-1.3631306,1.9898456,1.0347577,0.54745245
0.15386109,1.2453597,-0.5701201,0.7680993,-0.8987205,1.087747,1.010597,1.4617927,0.5807798,-0.44978184,0.4701251,-0.8748789,-0.9982352,0.35455063,0.5974533,1.0196627,0.35699233,-0.23919462,0.35014,0.73647666,0.4924998,-2.2730587,-0.34617215,-0.36791146,1.3955424,-2.1201274,-0.632671,0.4888829,2.109853,0.2601373,0.85877484,1.7510213,-1.4086822,1.899597,-1.6083285,-0.974297,1.3805611,-0.8669127,1.6881106,-1.7552266,1.0932448,-0.13454686,0.3538379,0.4949461,-1.4700933,0.9421117,-1.166593,-1.8201225,1.2127327,-0.9874321
-1.1736664,1.4987687,-0.2731965,-0.019469744,0.26948273,-1.0924788,-0.30807227,0.15737502,0.49857292,1.0153079,-0.45891118,-0.28073272,1.8658412,0.58854526,0.021837473,-1.5335315,-1.1089073,-0.26782137,-0.6515234,0.16178358,0.572673,-0.49825725,0.15798657,0.20966312,1.1477264,-1.5236597,-1.3944103,-0.6742,-0.58653086,0.7058602,0.43077278,1.1160824,1.1080817,-0.003579594,-1.0818138,0.24171384,-0.7593376,-0.5072963,1.5577499,-2.08005,0.17783241,-0.7377795,0.44635755,0.5044877,0.75932986,-0.13622454,-0.63859814,0.32023895,-0.7783963,-0.010151203
0.04614994,-0.9597633,0.393146,1.7281694,-0.3432114,1.0799879,-0.47713676,1.8346025,-0.41081315,0.86066175,-0.45476708,0.32885152,-1.3126462,0.33332175,-0.25876924,-0.975225,1.2301539,0.31308472,0.36577544,2.5647924,0.20038182,-0.23778537,0.72033083,1.0027388,-0.557639,0.24522646,-0.33962294,-1.6494316,1.2709371,-0.25253832,0.51459837,0.20687908,-0.059249688,-0.39394167,-0.7783053,-0.10303066,-1.2087499,-1.3600146,0.872676,-0.40852228,-0.79485565,1.3594037,1.7714077,2.0008655,0.9655531,0.17290303,-0.7006919,0.78362596,-0.643695,1.4591804
-0.5809829,0.638152,1.0612211,-0.36970097,-0.0012829521,-0.32622805,0.09171176,-0.23767503,-1.1076219,-0.21298279,0.43333194,0.77103937,0.19424431,-0.21297266,-1.0132633,-0.71575046,-0.20574853,0.088278964,-0.9148024,2.08334,0.49668744,-0.076533854,0.008068728,0.13281603,1.2624174,-1.0055076,-0.37338248,-2.241867,-2.2952247,2.1571312,-1.1136483,-0.51052415,0.32682306,-0.14027004,0.030269323,0.34074372,0.3276006,-1.0163031,1.4795003,0.5691149,-0.28282055,-0.87929827,0.13109583,0.80896187,2.2914112,-0.72588825,-0.029962441,-0.66572785,2.2236862,-1.2157583
0.560504,-0.82662505,0.2256731,0.11775815,1.7960213,-0.6561383,0.5998009,-0.35871232,-0.9178866,0.9811087,-1.8538979,-0.42359546,-2.1315508,1.4150443,0.16076481,0.41086572,1.2036583,1.9386743,-1.1120361,2.651848,-0.39383468,-0.52968603,-2.222733,1.3318473,1.6294822,-0.14034377,0.23687474,-1.936905,1.0291452,0.7693017,-1.7172308,-0.7817991,1.1691183,0.12428252,0.9925119,0.49981338,1.0552474,2.0316956,-0.088131666,-0.7800522,0.66826034,-0.24322118,-1.7323997,-0.18373318,-0.7603995,-0.26151803,0.7557134,-0.9388633,-1.669431,-1.5218276
-0.5422734,0.15880038,-0.54576916,0.60820264,0.15860833,0.64436597,-1.0501565,0.7227647,-1.0639747,-0.38380235,-0.16794163,0.7404241,-0.72501725,-2.7957103,0.66493106,-1.0682458,0.828506,-0.45082447,0.844978,-0.8209556,-0.5222873,1.5797191,-1.3767861,0.65028024,0.33059797,0.28150392,0.6246406,-1.0751022,-2.5429509,-0.319137,-1.1105309,0.63473463,0.06486951,-0.92617995,-1.0751654,-0.57745445,-0.9451222,-1.1747905,-1.2446983,-0.73665446,-0.5577144,1.3287213,1.759714,0.6373532,2.1853454,-0.48721263,0.10910453,-0.3287305,1.0353658,-0.3843609
-0.61111456,0.616058,0.84192157,0.29459655,-0.2203268,0.6249132,-1.0999467,-0.878324,-0.010600617,0.2420554,0.040525112,-0.8763038,-0.0739883,-0.5993354,2.3373897,1.3608917,0.22565268,-0.21127926,-0.065001026,-0.06461421,-0.6315971,-0.07148689,3.2734504,-0.41173446,1.2867467,-0.2160107,0.37755355,0.5378309,-0.20636232,-0.593144,1.2545396,-0.36231005,-0.9976957,0.5948385,0.3780805,0.83872575,-0.104844205,0.4668431,0.54615617,0.16506419,0.022995118,0.13524902,-0.20179088,0.21150526,-1.5799948,0.6713478,-0.8709605,-0.44207495,-0.29894727,-0.50532746
0.15923464,2.1681964,-1.3940402,-0.9792659,2.160353,0.5011134,0.75664985,-0.5137056,1.6976312,0.15141664,-0.6938602,-1.2717676,0.42468366,0.4451153,-0.7375186,-0.19351304,0.5039174,0.43072495,-2.1350937,-1.1510404,0.8379594,-0.56283116,-1.7503239,0.73772496,-1.1605191,-1.584534,-0.21956353,-0.6657382,0.07861512,-0.22907487,1.7995077,-0.014520251,0.4323323,-1.9861432,-1.0055566,-0.0033327402,1.6054482,-0.4579446,0.18975957,1.5918214,-0.6545072,-0.81908685,-0.5198915,-1.1152145,0.019132122,0.5551862,1.1505816,0.7277436,-0.6489405,-0.24815077
0.74211687,3.9420602,-1.6249104,-0.13110225,1.0343287,-0.4569481,-0.7811285,-1.0855565,-0.76949,-1.0260198,0.98855186,0.7052845,0.9578905,-0.84996575,2.6412668,0.64254034,0.9901104,-0.1054089,-0.45946518,0.3578193,-0.3821569,2.0955956,-1.0776014,1.741517,3.2306304,1.2955216,0.17714643,0.62898505,-0.071822084,1.2385267,0.43700972,-0.24602874,-0.8679738,0.1413252,-0.17200126,0.6166584,-0.263717,0.21343222,-1.0684252,-0.42713612,0.72118074,-0.53787374,-1.4743115,-0.6919279,-0.24415874,0.30838886,0.7074445,0.88401306,-0.47668514,0.048287623
1.0821505,1.3109902,-0.77380556,0.37714273,0.52644736,-0.7817015,-0.66194284,0.940702,0.30173686,-0.19150494,-0.81130767,1.4156806,-0.06412064,-1.1316282,0.5110282,0.96168303,0.05404602,0.20097224,0.8861094,-0.9398357,1.0418218,-1.477502,0.3677972,-0.098437145,-0.6673223,0.16993488,-0.072843395,-1.2827464,-0.36569673,0.20087251,0.83103305,0.17464338,-0.9622661,-0.6323273,1.4040956,1.4044147,-1.2526871,-0.9219242,0.25112814,2.3504899,0.62390834,1.1785617,-1.815118,-0.06331543,1.288384,0.13874854,0.04401073,0.3757363,0.33543673,1.1042438
1.1044117,1.6821923,0.83933944,1.5927405,-0.84401923,-0.033370793,0.7602638,-1.0072927,-0.46825948,0.25982112,0.20151511,0.5412924,0.8924013,-1.1058942,0.532384,-0.20518886,-0.42351994,-0.299383,0.057515655,0.607392,-0.5116226,-0.5019024,0.028688222,-1.5083337,0.32897928,-1.0259651,-0.16828953,-1.2723111,-0.8121993,1.41212,-0.9882727,-0.28569666,0.99059147,-1.7086828,0.75447446,0.60632557,0.5824301,-0.91985583,-0.6369657,1.2358321,-0.3357653,-0.784409,0.6740554,0.35936606,0.15006517,0.4207207,-0.5076734,0.9243687,0.39325452,-0.8604022
-0.0507431,-0.315688,0.3072154,-1.4733597,1.5215881,0.20061696,-0.38902098,0.6684203,-0.693527,0.96876085,-0.61501515,-0.52336496,-0.37381887,-0.084391125,0.4861918,0.91369027,-0.9936114,-1.5901641,-1.3085757,-0.29475933,0.2735441,0.20271604,-0.9740701,0.65525097,-0.5495218,0.18098758,0.50145227,0.05430611,-0.08227232,0.38561717,-0.19880687,-0.92744297,-1.2671189,-2.8774788,0.75132096,-0.6919,-0.5687174,-1.0862038,0.41954666,0.71745545,-0.64888537,-2.285039,0.6628758,0.7727896,0.24154907,0.18178792,1.2690417,0.8414981,0.502698,0.95164514
0.49400356,0.59470046,0.6681329,0.5938779,-0.7748416,-0.24876305,0.03955994,-0.27678183,0.32171792,0.24213523,-0.6332959,-0.70992786,-0.65071785,-0.98722327,-0.26391137,0.3857543,-0.14521442,-0.54247963,-1.373492,-1.8120742,0.394441,1.5349622,0.4185684,0.9581353,-1.50365,0.031087205,1.2115368,0.77189183,0.2754063,-0.2582907,-2.4198513,-1.1774029,0.6138892,0.4729952,0.5824107,-0.75511533,-0.40150392,-0.32305482,-0.9452302,-0.61839235,-0.021171013,-1.1628947,0.7135967,-0.05066051,0.50549,0.508451,-1.9934026,-0.6407291,1.2156755,0.13626908
1.5021821,0.47107452,-1.1368446,-1.5461646,0.113543116,1.7585663,0.28637722,-0.59049743,0.5596708,0.39728585,0.32557243,0.9644881,1.3897153,-0.21183923,-0.68451995,-0.5720298,-0.15497588,-1.8673348,-1.0031936,1.4723406,1.6785979,0.49256825,0.13230926,1.172844,0.95335853,0.2644073,-0.19973557,-1.3418489,-1.1203718,-0.7140191,0.24639519,1.7652868,-1.076076,0.9886387,1.3649001,1.1527634,-0.28958353,-1.580943,0.30999678,-0.7426191,0.2605923,-0.8692836,0.24949546,0.63569635,0.01389547,-2.1027703,0.6118977,1.895673,-0.25728506,0.33301303
-0.6319403,0.8355302,-0.6786005,0.028973911,-1.7573245,0.2351054,0.78902805,0.10910443,-0.39544263,0.18913989,-0.283441,-0.086257465,0.26174286,1.0540864,-1.8349544,-0.047488376,0.31927976,0.90601015,1.2478664,-0.32899553,0.92357486,-2.2977245,1.085866,-1.6355813,-0.89860576,-0.66344225,-0.5875729,-0.36236566,0.32603067,0.6518208,-1.1561795,-0.13550727,0.06731392,-0.96758765,0.1720103,0.20243593,0.3449176,-0.957485,-0.5953928,-0.8657993,1.5078101,-0.16352078,-1.5934806,-0.91700923,-1.3709368,-0.8296715,-0.57807547,0.51400745,1.0558364,-0.9869483
0.5895256,-0.44846296,-2.362197,-1.5406852,-0.54188806,-0.7725748,1.1060288,-0.93882775,0.6720641,-0.02520012,0.4583471,-1.4090198,-0.3016912,-0.5191905,2.8430886,0.21691716,-1.8025475,0.71908987,1.8569397,0.4382194,-0.81213105,-0.7108964,0.01858853,0.966681,-0.026760545,-0.10681575,0.21237737,0.88674307,-0.73925054,-1.174298,0.8465708,0.424618,-0.84084773,0.1537257,-1.0772234,0.4857831,-1.9831614,0.31221962,-1.5208156,1.313178,0.40163875,-0.34604236,1.6854775,-0.66122055,-1.3611649,1.5848016,-0.43109122,0.7250802,2.145555,-0.36774567
-0.20446476,-0.1592151,-0.8072289,0.044982836,-0.28399956,0.88006574,-1.6623108,0.1985094,-0.79506975,-0.36276743,1.0395399,-1.3449543,-0.54413384,0.9649484,-1.2828245,-0.5610184,0.7162408,-0.02212577,-0.49475062,-1.6752509,0.38513845,0.7449844,-0.563685,0.1910189,-1.167547,0.038885612,0.43707338,0.47861633,-0.26714993,0.36823452,-0.8926586,0.17879434,1.2329873,0.4813798,-1.3315606,0.06308725,-0.55484945,-1.1746464,0.11729838,0.26239517,-0.7433114,1.1458973,1.8357451,-0.88733447,-0.26627976,-2.4462523,-0.40114975,-0.4107125,0.23090172,0.42142418
1.321537,1.1597743,-1.0608106,-1.6459155,0.53855604,1.6481119,-1.294278,-0.21261568,1.9112777,-0.75031203,0.49158096,-0.8351962,0.7383205,-0.052974887,-1.5392544,-0.5181411,0.88092023,0.61879617,0.9707885,-0.34622937,-0.2920845,0.8571897,0.31168178,-0.073866725,0.24307312,0.88094676,1.9615468,1.5744064,0.37835035,0.60105574,1.035167,-1.1852927,-0.80993944,-1.0238738,0.37380755,-0.94038874,-0.032631095,-0.33560148,0.3670038,1.8447428,-0.086079866,1.2027515,-0.06177975,-1.8379292,0.7460411,0.6061751,-0.08685964,-0.50596464,-1.0290319,-1.2024503
-1.1481434,-0.34625292,0.21863458,0.7234437,-0.3443143,0.7625152,-0.17030336,0.8371407,-0.25325072,-0.19876157,0.5044175,1.0426229,-1.3683621,0.97088885,0.09780809,1.6029255,-0.09922041,-0.27360317,0.5347028,1.380006,0.22991528,-0.934969,0.18869242,-0.8833964,0.14858837,-0.2579622,1.4443171,0.29801905,0.6278617,0.38250008,0.11502678,-0.26448172,0.21706796,0.35138813,-0.14030498,-0.3147132,-0.87552816,0.75823146,0.105673924,1.8899398,-1.0198798,-0.1536499,-0.24783133,-0.43264413,-1.6465018,-1.211661,-0.23357086,1.0401058,-0.742343,-1.9090612
-0.6714798,-0.7868646,0.8984836,-0.8297415,0.6330378,0.22548868,0.51609373,0.8402983,-0.7072617,0.05049836,-0.5638008,-2.2116222,-0.44879076,-1.410193,-0.17067589,0.5332376,-1.6617228,-2.0211184,-1.2168175,-0.47813272,0.87627316,1.1830013,-0.6696642,-0.66260654,1.2734141,2.807139,1.2496481,-0.3913931,-1.0212306,0.032623533,0.00013315272,-1.4704202,0.035523053,-0.77714247,1.1495153,0.820054,-0.30483428,0.4388452,-0.70930225,-1.2623215,1.1686516,0.52640927,1.2098212,1.4940039,-0.0051656873,0.3123248,0.32703707,-0.65367454,0.97393084,1.3335588
-0.24465494,1.2321103,2.1691933,0.031189645,-0.24681404,0.11631626,-0.8490158,-0.006989411,-1.1839056,-0.5097043,0.27404943,0.55275995,-0.27241665,-1.4713453,-1.2142974,-0.5106014,-0.2721049,0.22728966,1.3400251,0.84481573,-1.2194858,-0.5080028,-0.14463612,-0.6827114,0.9261799,-0.13829428,-0.3398361,-0.0026962047,-0.5758151,-0.93614876,-0.14525914,-0.34193906,-1.3203677,-0.18243031,-0.14914148,1.1079656,2.0415733,1.5883032,0.22681248,-1.0078434,-0.6017253,-1.8264236,1.2976695,1.0443013,1.2137127,2.3032134,0.19613984,-0.8617398,-1.1608635,-0.9799322
0.21245772,1.4803361,-0.9912409,0.2749599,0.7970825,-0.6171708,-0.5367855,0.6515188,-1.7955378,1.0132321,-0.08114122,-0.86154014,-0.8403261,1.6659285,0.16024566,-3.4381087,0.04777602,0.4779858,0.9148854,0.14330566,0.44161582,0.57586586,-0.53051066,0.2164743,-0.3734116,-1.4885982,0.6633445,0.79401004,-1.7836081,-0.11918468,1.7840286,0.36415073,0.9382935,0.46259934,-1.4576937,-0.80320406,-0.9132383,-0.7212931,1.5921738,2.1929374,0.7482279,-0.45668918,0.49477872,0.22731723,-2.6704404,0.18243848,-0.40233603,0.9161988,-1.8750712,-0.935662
0.43277472,1.2076397,-0.12705937,-0.03464449,1.5929536,1.7849679,0.33482194,1.7205058,0.35466775,0.30437514,0.3653094,-0.8803744,0.8842024,-0.6605428,-2.600153,0.41382968,-1.0861961,-0.06919181,-0.9060672,-0.58432585,0.38543165,0.72391224,-1.0687853,0.98128057,-1.4112817,0.024580298,-1.650772,0.50064445,1.1427666,-0.6076874,1.1517708,-0.5293764,1.3794616,-0.27673596,-1.2760339,0.8946291,-0.26381296,1.2267075,-2.509752,0.9521677,0.24176921,-1.5341973,0.03372123,-2.5275743,-1.4398745,0.6617426,-1.2045556,-0.42902553,-0.22226591,0.8774813
-0.81511444,-1.7467715,0.14093003,-1.6018672,0.46198827,-1.0033396,-0.1820088,-0.15319785,-0.90570426,1.2686597,0.8533617,-0.34965068,1.2132837,-0.29358688,0.9503826,-0.5720532,-1.1062726,-2.1294582,-0.06766227,-1.1321831,0.49399886,-1.9437491,-0.1374606,1.3163041,0.6079986,-0.07789995,-1.4177319,0.57970935,0.30468443,0.5723314,0.84182686,-1.576932,1.0682989,0.13171689,-0.123239525,-1.5192734,-0.7181296,0.67088926,1.0736485,1.458229,-1.7703272,-1.1229645,1.5035601,0.35844025,0.3021411,-0.75031227,0.37842634,-0.81312335,0.48858973,0.45059177
-0.10042023,-1.512048,2.277677,-0.15059562,-0.21371163,-0.37267035,-0.19243732,0.6290551,-0.39502248,-0.5121797,-1.0548595,-1.1361818,-0.49191937,-9.421143e-06,0.42037213,0.7314563,-1.6705297,1.6283566,1.6613712,-0.1173225,-0.5684098,-0.2174422,0.41313592,-0.8279108,1.4414333,-1.6847752,-0.26536715,0.054050967,0.32428962,-0.64310306,-0.98278457,-0.4219874,-1.5664288,0.6312849,1.4381871,-0.6470408,1.3649253,1.1314067,-0.13328664,-0.76984924,0.8161285,0.013344168,-0.114363536,0.3760866,-0.5832522,0.02680359,0.33848125,1.131621,0.4852211,1.0618587
1.3871293,-0.8805279,1.7592155,-0.2505564,0.040985998,0.06540931,-0.35655487,-1.2040582,-0.092128895,1.2761186,1.6546811,-2.0633018,0.99611,-1.401421,-0.23334932,-0.13385221,-0.7640314,-0.95624286,0.86180615,1.7433693,-0.40123984,0.22925074,0.025177317,0.47607324,-0.55232275,0.432233,0.8486069,0.63869715,2.8241951,-0.9111472,-0.11726922,1.0839072,-1.3559837,-1.8689841,-0.29156166,-1.1514156,-0.6478341,1.069674,0.42708063,0.44535798,-0.544617,-0.20879865,-1.4440867,0.35253996,0.47973523,-0.9758063,0.098273374,1.912098,1.8072,0.8122653
1.2079424,-0.9224497,-1.7703142,-1.3950211,-1.2596542,-0.17094025,-0.8977584,0.1816086,-1.207927,-0.10996034,0.4696745,-0.74724907,-0.2967623,-0.05639769,-0.49044642,1.2146603,0.11509071,-2.1080441,-1.9891218,-0.12816007,-0.71244353,-0.08218583,0.80967075,-0.3281267,2.092366,0.42616105,-0.57123005,1.0152968,-1.3642,2.3578713,0.36371943,0.08573828,-0.565867,-0.93324274,0.55060756,0.9286514,1.6793184,0.32679558,-1.0682037,-1.1158403,-0.4907668,0.47139826,-0.11450503,-0.39242378,-0.0116060125,-0.6075877,-0.90369123,-0.63978577,0.23882428,2.676606
0.3311106,1.1760129,-0.7387472,0.23247924,-0.9072735,0.776208,-1.0849404,-0.101524636,1.3412822,0.59021264,1.3955134,-1.4782728,0.497322,-0.16101046,0.7885343,1.47592,0.31901076,-1.3057928,-0.029651586,-0.068826444,0.64066356,-0.2618084,-2.2630985,0.28231394,-1.3386465,-0.516479,-0.53472495,1.6001307,1.7164557,-1.563816,-0.8906259,-0.83551127,-0.24113323,1.444842,-1.1169847,-1.5768887,0.836489,0.8489001,0.24815783,1.27884,0.5916401,-0.35962242,-0.6015264,0.17129746,-1.3874148,-0.61087316,0.26729786,0.6194198,1.2533264,-1.884837
0.9978746,-1.0408584,1.8558288,0.29887733,0.7841397,-0.08571745,-1.0849792,-0.22075872,1.4429333,0.5925936,0.1651004,0.16383451,-0.86306286,-0.3123916,-0.14800777,-1.059035,0.9509591,0.25925955,-0.7844698,-0.43380013,-0.015975578,-1.6832337,-1.6773279,1.9485819,-0.23127836,0.32274878,2.2547624,-0.47896913,1.001149,-0.27857533,1.786658,0.1609242,0.3709743,-0.23979877,-1.0148822,-0.3624614,-0.017722813,-0.4926764,-0.726993,0.16260976,1.3391281,-0.32485646,-1.465093,0.5363482,-0.047557324,0.31286976,1.5436171,-0.9621232,0.8015975,0.3027928
0.076980025,1.0173813,-0.41676238,-0.9083415,-1.0292222,0.90817004,0.81665844,0.96795845,-0.7745572,0.8133544,0.3850888,1.379656,-0.7386323,-1.2896608,-1.4618204,0.5079001,-0.119818345,0.7777898,0.5159319,-0.62836146,-0.0123498,-0.31626183,-0.22055653,0.323635,1.3124343,0.5259109,-0.5283972,0.07194207,-0.33150268,-0.67439634,-0.34569994,0.8757025,0.65136915,1.5402983,1.6586494,-0.16902047,-1.1053587,-0.37154227,-0.16744697,-1.5940473,0.5743233,0.021264216,-0.35189092,-0.2502183,0.019782465,0.40343264,-0.68070954,0.54238015,0.016056733,-1.3056312
2.1675322,-0.83837914,0.70602816,1.6155522,-0.42455554,0.51765823,0.5679398,0.61741346,0.3469287,-0.57289505,-1.7557534,0.7672906,-2.197815,0.5514851,1.232821,-0.18189777,-0.3808739,-0.88158274,0.9817957,-0.92055964,-1.4245323,-0.582286,0.12889706,0.26320687,1.2523082,2.3765225,0.58847785,0.5099894,-1.8468244,0.96191496,-0.19284561,-0.28518823,-0.5738513,-0.50851613,0.8895874,-1.4758993,0.5328822,0.5821042,-1.2979916,0.9931872,0.9130004,0.3560688,-0.3564515,-0.89460564,0.5870881,1.2184261,-0.39095926,-0.49319312,1.03753,0.9454918
1.2660801,0.4287024,-1.3143864,-0.37658748,0.06583093,1.7438282,0.48104241,1.1281127,0.22254105,-0.64356285,-0.01926586,0.2594978,1.0166976,1.1634414,1.1256001,0.7775913,0.13443457,0.109818615,-2.383847,0.84680957,0.26455763,-0.490891,1.0085334,1.2999703,-0.27863508,1.6540046,0.3775069,0.064923316,-1.3043554,1.671848,1.2419527,-0.5442169,-0.030266529,-0.044544976,1.5940185,-0.87709343,1.0296764,0.2344815,0.41195306,0.2810181,0.87005997,0.820148,0.20101099,-1.779574,1.5513374,-2.871585,-0.99623644,-0.4251431,-0.09409984,-0.42618057
0.43763006,-2.1431894,0.40025654,1.308048,-1.1546812,1.1663781,0.6017025,-0.39072424,0.755905,0.10803784,-1.1777687,0.5116761,1.150382,-2.1618888,0.30022863,-1.971615,-0.38430613,1.3602737,0.05510064,0.58989763,1.5090243,0.7829572,-0.12616667,0.63300276,2.5809486,-1.0092547,1.0427237,1.4570241,-0.3995289,0.78203374,0.5994524,-1.1592587,0.5932383,-0.14177749,0.102944076,0.35285982,-1.1734931,-0.80366987,-0.39720264,1.3815773,0.6851471,0.79352593,-0.41236672,1.5273548,-1.0360906,0.27185434,1.6611667,0.4911079,0.12834397,0.36626244
1.8494254,-2.2692668,-0.5146005,0.7019038,-0.6526512,0.23113902,0.62073195,-0.5898786,-0.125096,0.608819,0.003161766,0.1516511,0.60128343,-0.19210805,-0.8694417,0.07012273,1.0846752,0.22386414,0.0033354855,-0.14755657,0.21553223,0.8549635,0.5035119,1.0421422,2.0835927,-1.3748199,0.59209627,0.11827555,0.5774976,0.4924112,0.99001,-1.1878948,-0.8408455,-0.16066419,1.8626252,0.36173937,1.4238886,-1.2707695,0.12495205,-0.39075154,-1.2144604,-0.42253184,0.45868093,-0.2084139,0.62338895,-0.45355853,-0.6599973,-0.5340852,0.75088197,0.58361286
-0.19073537,0.053599853,0.8628663,-0.9076046,-0.8401232,1.0554696,-0.4369466,1.4324336,0.7090577,-0.8543688,1.6637632,-0.61714685,-1.1368877,0.10986049,-1.1644888,0.03923118,-0.6762621,-1.4714965,0.08810288,0.21115151,1.4051687,1.0000669,-0.71841514,0.15235968,-0.5620456,1.5169314,-1.0023164,-0.61865723,0.37538671,-0.4982458,-0.24334651,0.14930417,-0.071326286,-1.6223674,-0.5853499,-1.0468097,-0.70534647,1.0524855,-0.4367028,1.4186999,1.2727038,0.51157176,0.90870863,0.15910201,1.7016429,-0.73063195,0.24974439,0.47945556,-0.3273491,0.42029005
0.7097858,-0.023989907,0.9603966,0.17370006,-0.09578431,-1.1483939,-0.5397894,-0.78182334,0.8941443,0.65795004,-0.42226762,1.3548241,-0.4287123,2.8993573,0.88339895,0.34713918,0.5849527,0.8592109,-0.40909317,0.2908506,0.07308561,0.296842,-0.08619341,1.2125932,-0.40287316,-0.16351399,1.6547185,-0.25084347,-0.91674167,-0.9179152,0.7443565,0.199681,1.8860179,-0.701635,0.8512363,-0.55031425,0.38346905,-0.7910811,0.2773983,-0.7548074,0.661846,-0.44215554,-0.9411996,-0.4267475,0.12712725,0.33169731,0.27446035,-0.780185,-0.87897164,-0.15895209
-0.9490896,0.47268042,0.19483106,0.6243086,0.6920958,0.03540127,0.1258092,0.3237619,1.3172988,-1.0755363,-0.625279,0.89365876,-0.37339744,1.7769212,0.30474964,-0.47295418,1.0154068,-1.1929859,0.38612872,-0.77386105,1.4249136,-0.49856296,0.7533116,0.15320678,-0.35022154,-0.6243054,0.87705773,0.6129276,0.51192635,0.07751926,0.055858217,0.51618046,-0.49384972,0.20512725,-0.044541698,-0.24178377,-0.4416535,0.23666736,-0.89845616,1.1737758,1.1530592,-0.9092231,-2.1989489,1.1794059,0.2491485,-0.7310047,-0.26045483,-0.06801558,0.24884842,1.3392346
-0.44672444,-0.46100998,1.1634305,1.8541299,-0.9705462,-1.6835017,-1.9159302,-0.017297847,0.021526432,0.2974688,-1.8860638,0.5393943,-0.11464933,1.3473268,1.3621383,0.10271104,0.92949116,-1.1722397,0.49704868,0.72835636,-2.0927866,0.5276484,0.791554,-1.0877808,-0.2733593,-0.46207193,0.25841355,0.5562403,-0.050549462,-0.3266731,-1.0695517,-0.35448775,-0.4761054,1.6301651,-1.3656185,-1.6026864,-0.23714569,1.1168627,-0.11008659,-1.2864648,0.22049266,1.1348937,-1.0099635,0.5688027,1.2045933,0.3770737,1.1996601,0.9162445,0.07902903,-0.39227486
0.62060654,1.4219812,-0.25325227,1.0387235,0.83524543,1.929765,1.8928565,-0.048058394,-0.5642338,1.5378605,-1.2799679,3.431041,1.1105998,0.06990951,-1.2865492,0.89007324,-1.0172524,1.7193215,-0.6322172,-0.3392635,-0.22383559,0.11935743,-0.21712688,0.9835972,-0.31056353,-0.6797538,-1.1680932,0.0851319,0.6160088,-0.1092545,2.1851242,2.2197125,-0.32347125,0.4364479,-0.3906221,0.25625792,0.005149752,1.2959672,1.1992582,2.011802,0.24851033,-0.86287826,-2.2921948,-2.0316136,0.22108282,-1.8062606,0.1981193,0.49836853,-0.70566016,-2.044569
0.14608815,1.3972639,0.27309704,-0.89303386,0.08969338,-1.0561467,1.7910484,-1.5932659,0.12531304,-1.0288466,-1.6785043,0.5511746,-0.65313023,0.4816916,-0.5855158,1.1615784,0.85565025,-0.35133052,0.39126718,-0.10828648,-0.5021909,-0.013843368,-0.14032638,1.0446295,0.04429814,0.37589732,-0.736636,1.7210381,1.7776562,0.5080377,0.017681282,0.62496585,0.68311876,1.207281,0.6937689,0.50873035,0.35781714,-1.4205332,0.99745923,-0.9141933,0.90963936,-2.2169104,0.20420799,-0.2963442,1.1021247,2.0408196,-2.2056515,2.5733988,-0.973994,0.7474517
1.2569195,0.7423707,-0.71727335,1.0808376,-0.74999744,0.9652677,0.6838226,-1.736247,-0.63435507,-1.8303715,-0.7111811,-0.60303485,0.5116968,0.93037874,0.69002765,0.45325437,0.45015994,0.5284016,1.005796,0.25572908,-0.48082206,-0.46868634,-0.37340352,0.0033129374,0.16327971,1.4261447,1.3086464,-0.78155863,0.96956104,-0.003706226,0.23528683,0.0055122823,-0.36112028,0.7466172,-0.08685933,-0.7847223,-1.0385246,-0.73298234,1.1371633,0.5104948,-1.1430017,0.26127568,0.09453576,-1.0960904,0.36263865,-0.51294327,-0.10178663,-2.4429805,0.87953335,-0.68001366
0.16068241,-1.0394129,-0.69990873,-0.7545309,0.27260578,-1.3087518,1.0333053,-2.0335135,0.9190034,0.80906576,0.71720546,0.58443886,1.0120093,-1.0967233,0.5924297,-1.1925348,0.6260382,1.8563844,0.23323305,-0.874453,0.40035537,1.4611036,-0.41324627,-2.1379309,0.91223055,-0.7245389,-0.051054,0.11920614,0.927271,0.030338759,0.8447811,1.6019539,1.5092413,0.4826674,-0.45785925,0.24978305,0.5225006,-0.44636232,-1.1319411,1.3909702,0.33815733,-0.8900629,0.32334033,-2.447735,-0.41087028,2.5888345,-1.3483651,-1.8850026,-1.2731267,-1.4812216
-1.8158661,-0.16450864,1.0889978,1.8314381,0.3724096,-0.38637063,0.7682489,0.7839485,2.8150835,0.5161128,-1.1765274,-2.2409756,-0.47377765,-0.3543699,-0.86243725,0.2476026,-0.3595388,1.4576963,-0.5159659,-1.8105369,0.85116494,0.34457505,1.5950617,-0.55089533,1.7325633,-0.06853184,-1.6831566,1.7065206,0.46899542,1.2173891,0.7547225,-1.4320498,0.5674818,-1.5946032,-0.82901293,-0.8799537,-0.00533245,-1.7616471,-0.080171205,0.18899356,0.62610215,0.9408768,-0.99177593,1.4760114,0.067167394,-0.44099987,0.60670334,0.94289446,-0.66278005,0.73398566
-1.0116111,0.05914251,-0.113752976,1.0651056,1.2288965,-0.2171971,0.045586795,-1.1302998,-0.32136223,-1.1038095,0.32374826,-0.59267366,0.25740242,0.6758872,0.97978055,0.42041364,-0.7794424,1.945741,0.71291924,0.87946206,0.500174,0.093540594,-0.9543114,0.71041095,-0.55592334,-0.6734774,0.6435955,-0.62225765,-2.318784,0.9216576,0.6082652,0.20194063,-0.034863826,-0.6601147,1.64096,0.40217048,0.15711987,0.7482466,0.1599213,-1.6228353,-0.65055466,-1.1782196,0.8667746,-0.7744499,0.4571712,-1.479344,-0.64880836,-1.0274024,0.5372938,-0.12949347
1.5712768,1.2731196,-0.67549634,0.33960775,-0.73363215,1.618675,-0.80318516,1.168536,-0.7116561,-4.087159,0.49203005,-0.7843659,-0.21814512,-0.6290276,-0.3520301,-1.1426034,-0.07930003,-0.75438106,0.02998982,-0.6230032,0.6970103,-1.5645047,-1.1372164,0.23366788,-2.0028825,-0.2543136,-0.33401784,-0.90469915,-0.2370885,-0.8726711,-0.41381395,-0.78354806,0.2009115,-0.027974054,-0.91109395,0.39181694,-0.15239315,0.09960042,1.913121,-1.4259843,-1.364561,1.2063706,1.143074,-1.8194242,2.0716922,0.20937893,0.47265536,0.41757983,-0.3119962,-2.143923
-0.30683383,0.83330697,-2.1121864,0.72056484,1.7886862,-1.4311035,0.19916351,-1.2542785,-1.614005,0.055953667,1.386454,-0.3737515,-0.019961985,-0.47452718,-1.6110201,-1.5842294,-0.32370132,-1.3057724,0.8368998,1.8291851,0.8615226,1.0897332,0.73330885,0.4963649,-0.057989176,-0.49310395,0.42780396,-0.2507762,-0.050486997,-1.0599343,0.5589582,0.867627,0.86591595,1.0100133,0.7371848,-1.388962,2.255349,-0.17525737,-0.34484175,-0.07736103,-1.2143201,0.87906885,-0.18135431,-0.6633278,1.4043674,-0.30544204,0.37900168,-0.9157319,-0.8095597,1.2468448
0.013395207,-1.270995,-0.6928154,1.0699352,0.38898864,3.386963,-2.088465,-0.58628404,-0.35502905,-0.93434525,-0.13698259,1.2434831,-0.6385986,0.15702571,0.32188722,-0.3507183,0.0096873455,-0.6724803,0.43613178,-0.85805357,0.22777002,1.5642127,0.3598336,-0.035501268,0.42929792,0.6163345,-0.27971816,1.0471774,0.7028969,-0.9157587,0.5395164,-0.8332904,-1.3382951,-0.6087416,2.652739,-0.15464595,0.66688585,-1.0603312,-1.2763425,0.8800217,1.7820392,-0.027013773,0.07189047,0.16789502,0.71489537,-0.1651311,0.52843285,-1.0461838,0.2411793,0.34556776
-0.23400734,0.8918141,-1.0093898,-0.43713218,-0.34491754,-0.2009047,-1.3628421,1.4904404,-0.57427466,-0.8073168,-0.9261629,0.25642616,0.49718824,1.1098512,0.3883391,0.14729472,1.176863,0.13886282,1.765304,1.607589,-0.49556857,1.9058521,0.5565745,-0.7217672,0.37416688,-0.39377773,2.0565176,-0.44244373,-0.29806465,0.60942656,-0.23281395,0.76205283,-1.5493916,2.3332415,-1.0149508,0.8911576,0.6224221,-0.938151,0.92263955,1.2572409,-0.10130217,-0.7525987,-0.6553508,0.87935334,-0.80197376,0.63232404,-0.201498,0.8332302,0.83001006,-0.017747251
-0.6862751,-0.120247945,0.7298878,-0.59188634,-0.47812435,-1.4081258,-0.23459525,-0.98095375,-1.0122604,0.46649104,0.9630623,1.0469337,1.9314867,0.98916996,0.93956196,0.4180001,-0.6111578,0.68281835,-0.6846069,0.26204222,-0.7250139,0.18222556,-0.14607613,-1.5722735,-1.0113462,-0.47961962,-0.48460317,-0.11935265,-2.4415338,-0.032870047,0.42811438,1.0234313,0.30399665,0.911094,1.211884,-0.55598927,0.77692443,-0.1074121,0.42374557,0.081133515,1.5654095,0.027325377,1.1423323,-1.0063792,-0.13091898,-0.8847085,1.9131434,-0.38838944,1.1404709,2.1444108
0.87115526,-1.3759516,1.2372489,1.855912,-1.9251305,0.61678773,-0.7838724,0.6453377,-0.12865007,0.073976286,0.7116745,-1.880487,-0.011572806,1.2964106,0.6806849,-1.5881165,-0.5945125,0.08564169,-0.20056511,0.56155,1.2720814,0.3153985,0.089107566,0.7496703,-1.227755,0.9107166,0.52189314,-0.07602275,0.24627936,2.6123834,2.933709,-0.7997931,1.0013688,-0.23213507,-0.5832742,1.545915,-1.980145,-1.7864494,-0.43982005,-0.4218342,0.69750494,-1.4086871,-0.42208436,1.4380802,0.60470754,-1.6148443,-0.17485522,0.48307866,-0.44713262,-0.09363895
1.2656914,-0.8244343,-0.36205277,0.31384462,-0.5559491,0.35901114,2.814737,0.45930785,-0.091091745,0.76242507,1.1248881,-1.250334,0.29175228,0.2303876,0.8866116,-0.037748735,-0.3860664,1.3726664,0.6997575,-0.8590333,0.99204284,0.37787208,1.0415176,-0.2543895,0.123773225,0.14723496,0.07100387,0.7354043,0.48078844,-1.5150782,0.8417756,1.3836226,0.21524893,-1.0079536,1.186332,0.38619477,-1.1527644,0.8151604,0.88169,0.9127918,0.40252233,-0.17749386,-1.2732733,0.9727057,-0.19360073,0.53032595,0.52859634,0.6985,-0.59279996,-0.19180314
-0.64317167,-1.6300718,-1.308613,0.117360175,-2.061017,0.49984837,-1.4321126,-0.0017732027,0.53166664,2.2977936,-2.1747072,0.46385333,-0.1897131,-0.883413,0.0679306,0.25060058,-0.49998593,1.4022565,-1.8609052,-0.018532753,1.8752505,-2.221273,1.1575803,1.8964908,-0.64476275,0.5155586,-1.6417865,0.33223101,1.5925492,-0.9615206,-1.0403882,-1.0853419,-0.67082417,-0.6402546,-1.5328252,-1.4650629,0.95468545,-0.38694048,-0.6311168,-0.4543005,-1.3462117,0.913789,1.0012318,-0.40413988,0.9284449,0.099941455,-0.54181343,-0.59778386,1.1637706,0.19471727
0.7271803,0.8251094,-0.16733402,-0.40912336,-0.11287561,-0.13984053,1.7649127,-1.1234637,0.90166736,-0.46450064,0.33822566,0.12122518,-0.23221195,-0.44395646,0.0730505,-0.7007115,-0.10512344,0.16261756,-0.14555728,1.8723226,0.4334444,-0.5936031,2.46676,0.11190783,-0.49517858,-1.3343484,0.09241614,-0.60397243,-0.7989833,-0.45006096,0.028422428,-0.95268136,1.0559876,0.43183717,0.050149456,0.7010316,-0.19620124,0.7589268,-0.59649545,-0.9064865,-0.58924985,-1.146031,-2.2296293,0.021787463,0.5274648,1.283525,0.4645343,-2.5782428,-0.8753434,0.2593718
0.5511014,0.6831555,0.23208149,-1.5552739,-1.4537116,-0.8337962,-1.4507769,0.16620961,0.76427156,0.034847643,1.3131969,-0.60358757,0.13866574,-0.6197058,-2.5813782,1.5335107,-0.64180326,-1.3780881,0.22028677,0.22603677,-0.4483958,1.1552835,0.43775097,-0.5033815,0.07334206,1.0120414,2.0600715,-0.5311383,-1.0190358,0.021888644,-0.03463275,-0.6764709,-1.3917139,0.48950544,1.7166178,0.17505024,0.49060243,-0.041311987,1.1791474,0.2951853,0.016174674,-1.1299275,0.6074899,0.021172512,-0.8589002,-0.16371025,0.13041347,0.24407089,0.9276009,0.20445883
0.09969642,-1.3319396,-0.2861398,0.10707896,0.7129666,2.2046864,1.1744268,-0.0017387102,0.49969023,0.1308601,1.1696497,-0.08203823,1.016007,-0.8087026,-0.9268523,-0.3400233,-2.4347732,0.012403461,0.5263897,0.94067043,-0.06685888,2.4320276,0.255178,0.36111838,-1.3270503,0.058576316,-0.37416482,-0.1870406,-0.17346844,-0.546518,0.4629827,0.19384003,-0.5774202,0.14164636,-0.09440452,-0.9808928,0.8448225,-0.47510797,0.6566736,-0.49866575,1.6805301,1.5196764,-0.28289884,1.856396,0.007270624,-0.8160446,2.7712753,1.5865667,1.8811172,-0.21674405
1.2786883,-1.2553477,1.164361,1.6758596,-0.9004748,0.07032359,-0.95829004,0.4929477,-1.184921,1.3378688,0.19371022,1.3214489,0.121716216,-0.03502889,-0.8226924,-0.83724844,-0.1284326,-0.9350587,0.35217547,-0.47845632,0.48120025,0.2311211,-0.4687785,-0.21168882,2.1686313,0.34976515,1.2870688,0.11606033,0.62946963,0.33069515,0.4929928,2.4775975,0.071826585,0.90788305,-2.2159135,-0.9385857,-1.6243747,0.7564569,0.027460176,0.5117129,0.728873,0.2191207,1.2519588,-0.45037258,1.0339695,-2.5159483,0.4733236,-0.07026626,-0.11357553,0.194113
-0.024251403,-1.3860792,-0.027641803,0.74432635,0.08943234,0.927483,-1.5877538,-0.34120816,-0.5442767,-0.10248196,0.93859076,0.008893127,0.12926035,0.56442314,0.5516849,-0.669983,-1.5535536,0.32820106,2.4601374,-1.0806372,-1.0694638,-0.77000254,-0.23856412,-0.14351363,-0.4417728,2.5194323,-0.5716341,0.169815,-0.6374246,0.752145,1.415914,0.34619528,0.15270038,-1.5988115,-0.9915465,1.6821549,0.6476479,0.289395,0.8415447,1.1563935,-0.22293548,0.8759335,0.80146414,1.1706569,1.4295897,0.30999202,-0.7675579,-0.38796028,1.2529001,-0.11651412
0.91084284,1.8198192,-0.4111605,-0.96938044,0.60004526,-0.91112804,0.062448356,-2.5816722,-0.9365578,-2.052195,0.18705805,0.6535933,-0.006395998,1.0976961,-1.059587,-0.31721187,-0.3271645,0.99566865,1.4778463,-0.95839643,0.71815187,0.0073400917,2.007287,0.92836595,1.396732,-0.056967214,1.5971136,0.33867976,1.5666776,0.85837334,-0.13644539,-1.3823626,0.76620716,0.37769234,1.0797501,1.2994791,0.03345103,0.7958198,0.7545724,0.20722105,2.351905,0.573423,0.13893153,0.33975527,1.0844584,1.2797784,0.018342227,1.8645991,0.16777527,0.3173907
-0.6001138,0.17206979,-0.04598641,-0.25642684,1.2265297,-0.5687836,1.4806626,-0.7652051,0.354406,0.3075211,0.91353124,1.2232069,1.8845676,-1.5116788,0.6796014,1.1471651,0.3130718,-1.1594615,-1.4650495,0.12884611,-0.32790703,-2.2724805,-1.1188521,0.8420226,0.9849039,-1.4783674,0.8034013,-0.4190451,0.16206086,-1.098347,0.49334252,0.22009909,-0.43002382,1.4701169,0.4152766,-0.10687847,1.4556834,0.64433545,0.68032426,-0.11892235,0.79244304,-1.2023087,1.6487834,0.8195922,-0.4276473,-0.09455509,0.8138504,-1.6468601,0.3951389,-1.3765829
-0.08827178,0.5386,-0.44279388,0.24313183,0.76632655,-0.55244434,-0.049136594,-2.098267,-0.28289837,-0.7016798,-1.9578143,0.8189503,0.85960025,-1.2146378,-0.46443167,-0.60740393,-0.56596273,0.3590184,-1.2415341,-1.92728,-1.7176126,-1.714685,-0.3113696,1.2352067,-1.3201123,-0.51797754,1.3473065,0.79381263,0.10297044,1.3682835,1.2319994,0.8034867,0.9033263,-0.72679305,-0.52058214,-0.7432697,1.6535072,-0.15359414,0.13271658,0.23764269,0.14833301,1.3332651,-1.2042694,-0.7148111,-0.48001003,1.0454518,-0.40195635,-0.36050776,0.26845843,0.20030975
0.2986653,1.2886218,-0.12029921,-0.23403443,1.8020706,1.5626216,1.9060025,-1.4243171,-1.091788,-1.4658667,0.16640492,-0.23564221,-0.020277977,1.4788287,0.7460264,0.18720615,0.09194264,-0.06980058,0.8002659,1.1235647,-0.84919965,1.4262516,1.0308887,-1.6595623,-0.36059013,-1.6244054,-0.5697039,-0.7928588,0.41708916,-0.24860679,-0.29081282,0.5323763,-1.0942333,-0.4888024,0.73555505,1.2338979,0.26653922,-1.0828916,-1.0244212,-0.15550388,-2.8178003,-0.93320763,0.5841331,-0.4594617,-0.5267525,-0.42170614,-0.659503,-0.24761312,0.78909385,-0.66815245
0.09583985,0.081912875,-1.3495317,0.30964553,0.13549532,-0.8240746,-0.053250916,-0.6480107,-0.3116121,-0.28832167,-0.70425594,1.1142178,-0.20899615,0.083591245,-0.4117926,-0.22482538,0.75285995,-0.603158,-0.1183227,-0.4862251,2.1464963,1.0541741,0.5569198,-1.2104615,-1.9434344,0.82419807,-0.38584626,-0.898332,1.1206322,-0.577391,0.18046457,-0.40055552,-0.069983706,1.5122616,-0.35486427,0.53868335,0.26226705,-0.25145212,-0.9820174,-0.46876422,0.95563906,0.046950903,0.5802432,0.19420348,0.90126944,1.8205647,0.3867875,1.1997522,0.4247211,-0.3128815
1.3793181,-0.30364677,0.5266212,1.7253386,-0.38817522,-0.6587739,0.5326726,-1.2217909,-1.7254934,-0.2510195,0.5509292,-0.42332917,0.23161748,-0.5105966,-1.0564872,1.1981443,-0.95487094,-0.7224478,0.18470444,1.168173,-0.810577,1.4871842,0.22390196,-1.5292339,0.26782888,0.7467101,-0.600886,-1.3049822,-0.15347011,-0.5730777,-0.15742491,-2.0035062,0.7182917,-0.9177964,-0.7582532,0.008030733,0.10122456,-0.41465104,-0.8302066,0.40802768,-0.5295134,-1.6608875,-0.57139504,1.1458793,-0.2650563,-0.07283108,1.1379678,2.043479,0.04446812,-0.45049527
-0.23930769,1.0110146,0.5969741,0.97591364,0.87072647,-1.4037459,0.13653396,0.94001687,-0.017423358,-0.6671826,-0.18347423,-0.967374,1.0504979,0.5683348,-0.06497494,1.8782817,1.5656968,1.4876955,2.3026152,-0.16850789,-0.6932301,1.5062933,-0.32904688,-0.07175058,1.129908,1.0314786,-0.42846468,0.16533965,2.2299778,1.0750475,-0.31770998,-0.60583687,-0.6734909,0.089945294,-1.7541032,-0.28955522,-1.00344,-0.58712155,0.044644795,0.48095992,-0.92373025,-0.73034805,0.5208692,-1.5439748,-1.7256823,-0.5659911,0.37426198,-0.8304885,0.54246867,0.5099217
-0.37987685,0.81949663,-0.47508928,-1.7290002,0.357797,0.7322957,-0.26319778,-0.084498204,-1.0512716,-0.66393894,1.5323298,-0.5721122,0.56024015,-1.2394136,-2.5023713,-1.041951,-0.04124171,0.17622592,0.20591867,1.8848758,0.6422013,1.231685,0.66911834,0.10946021,0.888334,-0.5389862,1.0653176,0.5738524,-0.007787735,0.6083895,0.2616755,-1.0229987,-1.4926504,-2.4489768,-0.9227142,-0.28591016,-0.15927029,0.37202945,1.3137803,-0.70756763,0.25315484,-0.40328145,1.3496859,0.06449249,1.1858096,0.62727046,0.43666005,-1.7727987,-0.49153706,-0.2246151
-0.77872753,2.07767,0.34639847,1.6875094,0.36289337,-1.1984679,-0.85511786,1.7833648,0.019033631,1.2293763,-1.5626912,0.55656683,1.1306397,-2.111791,-0.38347712,-1.4097856,-0.47705087,0.34535652,0.83727074,2.675298,-0.623969,-0.7086181,0.32735932,-0.6615085,0.7753809,0.15667117,-1.285246,-1.2081555,-1.4278796,-2.6429994,-1.4699845,-1.2619091,-1.3069212,0.260596,0.8637121,-1.4744279,1.3528223,0.15453766,0.73603827,0.10560409,-1.5866314,0.1944646,1.1233914,1.5799236,0.42366192,-0.09278379,-0.46778426,0.3179246,0.072405376,0.16925283
-1.611019,-0.14562999,0.98340106,0.68986714,0.3625007,-0.21534888,0.31483954,0.048156716,-1.6039386,0.40655905,0.5301355,1.2758112,0.09588881,0.107706666,0.534564,-0.73383826,-0.08175573,2.0008163,-0.2888189,0.38844725,0.66725385,-1.2342304,0.49576977,0.81087697,-0.4782567,-0.8571163,-0.0662572,-0.2495155,-1.5936198,0.59520334,0.15131608,0.36236528,-0.50611204,1.3887775,-1.2050297,-0.35650128,-0.50101405,-0.371397,0.7405724,-0.3985895,0.36777002,-1.2892337,0.14420399,0.86258465,-0.993037,-0.8118167,-0.35606134,-0.27168697,-1.9623445,0.73497504
-0.49953726,0.23378651,0.72609556,1.563234,0.30057603,0.26737282,0.8350586,-1.8790945,-1.0532402,0.77146643,-1.3027434,-0.21770945,-0.27447653,0.12753598,1.440275,-0.056337573,-2.2886066,-0.42197624,0.83682364,-0.09581846,0.9988955,1.5650414,-0.20706569,-1.4926602,0.50316066,0.6132832,-1.9553559,-1.3325301,0.20437485,1.2703803,1.5272046,1.1920879,1.8265371,1.506749,0.58179814,-1.8941061,2.277109,-2.357797,0.30981627,0.99039483,-0.488432,-1.1151716,-0.23153427,-0.6193942,-0.41546237,-2.176009,-0.9364412,1.0700486,-1.2253438,-0.01227915
-1.2088987,0.7704409,0.6843458,-1.1809286,2.0805025,-0.19156136,2.0200117,-0.64815825,0.40692055,-0.64158463,-0.663871,-0.06115962,-0.45455274,1.9269606,0.7118864,-0.3977836,-2.275549,0.2890492,-0.23823634,-0.840068,0.04494865,0.20217054,-0.703795,1.8183554,-0.8300211,0.7707388,-0.1035175,-0.51020825,-0.13757893,-0.60535496,-1.1374973,1.916532,1.5555823,-2.1470444,-1.4739875,0.39912063,0.86336064,1.2675253,0.25738144,-1.4802943,0.22220512,-0.041146938,1.2055688,-0.8037493,1.3516886,-0.20692909,-0.371292,-0.578429,-0.33074185,-2.0414088
0.45114547,1.2755905,-0.27484015,-1.2593939,0.5853567,-0.26601192,-0.22208004,-0.6883987,0.21919605,0.72396034,-0.19346038,1.0929623,0.7235791,0.43541336,0.30706418,-1.4014479,1.1146444,0.080311894,-1.4923007,-0.37443507,0.31047744,0.9883476,0.796841,-0.1807436,-0.6188816,-0.55677676,-0.59672153,-0.75077647,0.14062764,-0.44774067,0.6624754,-1.2300597,0.8050475,-0.41043252,-1.2168839,0.87296265,-0.78160954,-0.7916781,1.087324,-0.29794228,0.4395561,-0.84652346,0.97218156,1.8467102,-0.1575235,-1.2087531,0.62862235,-1.0746261,1.1037105,1.6204579
-1.2576753,-1.0626457,-1.3885447,0.31784204,0.70506173,0.7009159,-0.15948789,-1.2516365,1.2553022,-2.7649574,1.2082624,1.558228,-1.2532562,0.09376388,1.058406,2.1246798,-1.0072986,0.8331386,0.6782707,-0.5026205,-0.13580921,0.4288128,0.2623061,-0.34359896,-1.2056651,0.8906132,-0.6439118,-1.7754365,0.6416043,-0.51090837,0.82170016,-0.62531316,-0.051194966,-2.440867,2.03538,1.5878154,-0.097057074,0.14581272,-0.2340733,-0.5711465,-0.488779,-0.20771573,0.27885914,1.10525,-0.31933784,-0.28936166,0.14043073,0.89849234,-1.2327904,0.3375959
1.8403623,-0.6974245,-0.33934668,-0.43640485,-1.1317519,1.3379335,-1.1188939,-0.5310378,2.1323574,-0.64290524,1.0609202,-0.5994352,-0.53280604,-0.46051106,-0.20986405,-0.7805548,0.13734065,1.5392985,1.5078589,0.8498682,-0.50974756,0.07696455,0.6031501,-0.29355937,-0.34216255,-0.9877826,1.9178501,0.5926369,0.18623507,-1.4295224,0.2291639,1.4197052,0.6278667,-0.16132711,1.7144502,-0.79767317,-0.3761764,0.09756185,0.31533378,-0.048312437,-1.0954859,0.45866218,2.3492913,1.4745007,-1.056065,-0.40433595,1.8934397,0.8586677,1.755556,-0.7694459
-0.35608175,-1.5481584,1.3363398,1.042387,1.5589163,0.16965851,1.3105911,-0.29151404,-0.8814376,-0.52181697,0.65702033,-1.6558278,-0.3700615,1.4792765,1.4685074,2.002645,0.04915899,-0.56058866,0.08506055,-1.4005538,0.66632897,-0.8330224,-0.7308732,-1.8361541,-0.1192932,-0.6273176,-0.60079443,0.39984414,0.17464137,-1.1250954,1.1507715,1.079354,3.1364367,-0.6624454,-0.33093044,0.97724295,-0.44051668,-0.022460606,0.5855516,-1.6408443,0.94336015,-0.8671017,0.29142466,-0.11802644,1.2821681,-0.56347454,0.8777675,-1.1408478,-1.4821559,0.48256922
-0.6457496,0.4992136,-0.4735691,0.9529965,-0.010842009,-0.7455257,0.24794902,1.2981797,0.1816129,1.1405998,0.19731838,-0.70201796,1.0058292,-0.0070528924,1.1437932,2.2309973,1.3204701,-0.4653181,0.24613085,-1.9123205,0.50942796,-1.0619614,-0.8776153,-1.0571687,0.99610865,-0.500067,1.4067067,0.81556684,0.5813383,1.0013651,0.5340405,2.1528606,-0.41825628,0.43740004,-1.0019308,-1.246057,0.75171804,-0.5618835,0.8399991,-0.8951834,0.9892014,2.0462964,-0.6592927,1.0030485,-0.6486066,0.8533659,-1.371269,0.44475612,1.6299316,1.2141446
-0.020705882,1.403369,-0.3147375,-1.4374521,0.071394645,0.23357728,-0.6818169,0.65352404,-0.6570478,0.54107314,-0.7769937,-0.32762697,1.8911543,-1.1499426,1.2921257,0.505018,0.77092075,1.2888936,-0.27109122,-0.025883593,-2.1167371,0.6420778,-1.2163177,-0.5789448,0.33489627,1.0035756,0.22929728,-1.0655797,-0.40888476,-1.7190479,-1.0613434,0.42897853,1.4139384,0.36907253,-0.8474183,-0.9319822,-0.7248843,-0.69859904,-0.89164287,-0.9126215,1.632514,-1.7556245,0.9761184,0.72921646,-0.56585443,2.2675526,-0.25138092,-2.353727,0.045085188,1.204079
0.3262404,-0.20984544,0.48262697,1.0694746,-0.4618809,-0.36424896,-0.2651641,1.1918432,0.06400454,1.409962,1.4848386,-1.6456168,0.8959002,0.49736637,0.23542744,1.7279196,-1.1172899,-0.40821862,-0.19279338,-0.55413336,0.012898303,-0.7307842,0.344354,0.24081069,0.3258415,0.056337077,-0.06471468,-0.4728572,-1.7889514,0.13149492,-0.1553801,-0.98176306,1.604974,0.3620124,1.1027424,0.035469793,0.8066513,-0.16933617,0.95598197,-1.0087754,-1.1776798,-0.16000652,-1.5505772,0.7826581,0.72240835,0.8176723,-1.5129902,-1.9569268,-0.67085946,0.43686923
-1.2714194,-1.3598961,0.971075,-0.32290575,-0.49024874,0.58569026,0.7209907,0.2792685,-0.93726474,-1.0453364,-0.16099183,0.24296622,-0.058465943,1.3494289,-0.35989115,0.84674317,0.09349579,-0.9136134,0.07577141,-0.847239,-0.74905294,0.5964736,0.79293257,-0.1337454,-0.7959826,1.1231421,2.0383365,-0.31295836,-0.59932667,-0.8684834,0.5368283,-0.96666193,-1.513823,-1.3129417,0.10281846,-0.20230636,-0.79365194,-1.4968354,0.0053577926,0.8631572,-0.2683446,0.036009286,0.0490658,-0.03129926,-0.7156039,-1.307763,-0.39311615,1.3983712,-0.94973063,-1.6479962
1.9652463,-1.4668958,0.61689824,-0.9252861,-1.3802389,-0.349534,-0.0867964,1.8435017,0.23927881,-1.7903951,-2.077055,-2.7793255,-0.16975632,0.88276464,-2.420656,1.395226,-0.026377587,3.615098,0.71690506,0.110457055,0.42250016,1.0585684,1.5172447,-0.26057762,-1.1340817,1.1936253,0.959207,2.1925986,-0.3105341,0.10584138,0.27232087,0.5349069,0.47796032,-1.7939271,0.45945677,0.88639414,-2.2321835,0.44508976,-0.8189413,-0.2479159,-0.48614195,1.2424626,-0.15735716,0.53172994,0.79479903,0.8837377,-0.26963148,-0.0402129,-1.2285306,1.0638244
-0.33606958,2.6437511,0.8065389,-1.077458,2.4274158,1.2705939,-0.8995792,1.0811772,-1.6846865,-1.2458813,-0.5072992,-0.8509009,0.38383713,0.42058074,-0.7778328,-0.8512155,-0.099065974,0.65505546,0.103327036,0.70232946,1.6782793,0.97084504,0.6905529,0.91517127,-0.9883694,-0.53077865,0.31356654,-0.7553264,0.035422467,0.7243129,-0.49367806,-0.59672385,-1.0758927,-1.8589734,-0.07688488,-0.067831844,-0.9865275,-1.2665352,0.006951072,-0.021030707,-0.10769398,1.0343622,0.12508766,0.9543811,1.6767409,-0.534549,0.025823232,-1.4312972,0.24419823,1.4068692
1.0119419,-0.6261028,0.45063964,-1.0195978,0.6897895,0.2529535,1.2676193,-1.6990496,0.6325612,-1.223515,-0.8134433,1.2239071,0.73547053,1.692763,-1.0462894,1.2299131,0.8026705,0.65186465,0.011434579,-0.57336617,0.43663305,-0.36072254,0.5673463,-1.4818498,1.0811417,-0.5445647,-0.88734865,1.1435597,-1.5244043,0.85472786,0.7396996,-0.57250077,1.7380979,0.019419951,0.16378784,-0.89502424,-0.22376601,0.49378598,0.11806665,-0.10561402,-1.5577396,0.36631492,0.26785725,2.4576237,2.197948,1.1450604,0.25501248,0.58077437,0.7348803,1.0088992
0.15094274,0.85096544,1.1405914,-1.793801,-0.86763555,-0.9294066,0.13836853,2.078233,-0.22947615,0.06760167,1.3819484,0.038779825,-1.1864079,-0.19368152,0.08671415,2.2751493,2.0181096,1.7964125,0.26248437,-1.6381886,0.3368554,0.27936617,0.7575349,-0.07400677,0.23185545,0.56706196,-2.4512331,-0.55151284,-0.0012880848,-0.19619872,0.64033026,-1.1911361,0.20744628,-0.66028726,0.19094282,-0.5300832,-0.21193893,0.56035686,1.3063389,-1.5345932,0.82405686,-0.46622244,0.75857216,1.1172582,-0.15824954,0.90378976,0.25175458,-0.38020495,-0.58941495,1.5665058
-0.19792004,-1.514125,-1.4906383,-0.24768783,0.34253296,1.0802668,-1.4047036,-0.9982677,-0.16708341,0.2881972,1.1316357,1.2845293,0.13775182,-0.8958691,2.3971152,0.31445324,0.76181304,1.5929501,0.23643038,0.2172283,0.8030078,0.1425142,0.44384575,1.9026669,0.12567554,-0.377338,0.3169669,-0.4080542,-0.07689311,1.0436254,0.24563639,-0.80482453,1.1019243,0.51924866,2.552951,-0.7166395,-0.7474449,0.3202717,0.116950534,-0.76591206,3.513223,0.47888044,1.175618,-0.4417313,1.5058974,1.6402904,1.5555915,-0.9577777,2.0828063,-0.9603776
0.5650798,-1.486451,-0.026409987,-2.0676084,0.39290535,0.55765474,0.56002116,1.4523612,1.1388582,0.7924152,0.5295519,-0.32080603,-1.8182737,0.26567635,-0.26550904,0.26006362,0.59703195,-1.6412048,0.28565636,-1.7138895,-0.5361723,0.28740638,1.607033,0.0076808613,-1.4356533,-0.17605834,-0.030475492,0.641143,0.34097043,-1.2316786,-0.35119408,-0.5080433,-0.21613051,-0.017405998,-0.57463396,1.5647736,2.0427089,-1.060394,-0.92511684,0.08948374,-0.60140795,-1.5817469,-0.5777542,1.4624342,0.800887,1.9276606,-0.38457778,-0.86300236,0.1891493,-1.211367
-0.69245654,-1.1419901,-1.8077095,-0.84404975,-0.3775471,-1.3398473,-0.05412481,0.854202,1.0276393,-0.39250246,1.2050484,-1.6754732,-0.81346,1.5121671,-0.8457764,-1.3313965,0.009728913,-0.90070534,-1.9266673,-0.49651548,-0.36063418,-0.31245098,0.6961193,-0.15438412,-0.75479466,-0.09213817,-0.4977619,-1.7073717,0.5429373,-0.26387963,1.6845669,-0.17721322,1.2666132,-0.5890638,1.4171603,0.08823102,-0.14408635,-0.5473109,-0.21108556,-0.2567257,2.3342528,-1.2443264,1.860366,-0.28490043,1.0612006,0.9234336,-1.3855864,1.4313858,0.67174256,-0.42909503
1.7338641,0.5846001,0.30077243,-0.81234294,-3.5561461,-0.55239034,-1.0253369,-1.1932923,-0.68258035,-1.074265,1.6934808,0.1458995,-0.7362405,0.9921641,-0.30483046,2.1527615,0.53549933,-0.6939472,0.51960427,0.61281025,-0.95199215,-1.431563,-0.22796826,1.0271378,1.8388162,-0.39119276,0.7378856,-0.4857413,-0.41340625,-0.15195452,-0.14397927,-2.4141076,0.5727902,1.4321038,1.2719042,-0.98547244,0.4310955,-2.1062996,3.00395,0.3861467,0.096601605,0.33659974,1.206243,-1.3276103,0.6443312,-0.15570067,0.16669556,-0.5107104,-0.6156696,-0.14193241
-0.5273162,0.34963235,-1.2971886,-1.069195,-2.0189347,1.3753318,0.43044052,-0.6665479,2.1209245,-0.036154173,-0.09272968,-0.62759835,-0.9878858,0.6972748,0.017260766,-0.39172012,0.92814523,-1.753176,1.6733259,-0.35882878,-0.07439516,0.48281914,-1.5249945,-0.92867076,1.5726019,-0.4148046,-0.72671884,-0.03945217,-1.4454613,0.5009759,0.98272973,0.30719325,1.0983207,-1.2074863,-0.7803408,0.7388357,-0.6801323,-0.12055393,1.4901946,0.3050426,0.13252757,-0.10509863,1.9540842,1.5829474,2.6354487,0.98896307,-1.0143342,0.041787326,0.5789831,0.52830344
-0.42841008,-0.28158617,-0.10723066,-0.91357386,0.72504115,0.14035356,-1.4349389,1.58056,-0.9881176,2.023842,-1.3244487,1.8035963,0.27975956,-1.825352,1.5246731,-1.5497718,-0.82243717,-1.8486581,0.16284385,-0.6798305,-0.32809088,2.5491617,2.0717993,-1.2533209,0.6872768,-2.0652208,1.3312716,0.4193191,-1.3505347,1.281108,0.21098965,0.368687,0.35094404,1.7299122,-0.09007855,0.2940522,0.3575164,0.29685473,0.9792679,1.7615919,-0.9257649,-0.19923289,1.302351,1.02491,-0.8884746,-0.38863313,-0.99492645,-1.3565773,0.46297938,-0.050664566
-0.20019756,-1.1313561,-0.39429086,0.18062368,0.5161837,0.35549173,-1.1943274,0.35787764,1.1492505,0.22684562,0.1741843,-2.008526,-2.6741543,0.33385503,0.6466358,-0.3183966,-0.33901185,-1.0037066,-0.6403866,1.3269298,-1.028736,-1.3607019,1.1533841,1.1414782,-0.90022475,-0.52308404,-1.1389748,1.7938272,0.5376793,0.16132893,-2.5445364,1.2918794,-0.7203401,-0.8337031,0.76374024,1.1118716,-1.0841105,1.4989183,-0.20933504,0.27253062,-0.22168504,-0.73328954,0.373369,-0.5088666,0.45754433,-0.13693424,0.24230647,0.49170876,1.3585148,-1.2115171
-0.9594899,-0.19642721,0.113221586,-0.25460458,0.08085387,2.3234975,2.411804,0.568979,-0.011661761,-1.2477767,1.105916,-2.097815,2.050673,-0.61075276,-1.3858328,0.8982675,-0.54549414,-0.43868616,0.8470322,-0.36246884,0.55772376,0.98315716,0.35477474,-0.41172597,-1.441536,1.5649443,-1.2807432,-1.3159467,-0.6539167,-1.4542948,1.472835,-0.050371695,0.21947737,0.7743236,0.5139332,-0.15234657,-0.79407805,0.5202522,0.14380914,0.13332266,1.3206522,0.3820352,1.1891478,1.4937872,0.30828053,-1.1231503,2.4295912,-0.5914365,-0.84326303,1.0264593
0.69776344,-0.27539474,-0.4728945,-0.3871153,1.3299608,-0.5637989,0.41963795,1.309177,1.8866112,1.9549655,-0.6324433,0.44208273,-1.1269481,-1.2879744,-1.2022651,-0.58233464,0.06598735,1.4086955,0.17960091,1.9202099,0.9409666,-0.0055187386,-0.5760667,0.2895152,0.047655147,-0.59499514,0.99006027,-1.071106,1.3067236,2.346118,0.5742902,0.80491495,-0.56072587,-1.0103196,-1.8621383,0.4524195,-0.81348103,0.30546576,-0.2982166,0.8469465,0.21367384,-0.109354384,1.8470782,-0.660735,-0.6866755,-0.4694967,1.1448345,0.22659354,-2.837546,1.3810189
1.0432404,-0.8815343,-0.023794284,-0.7458163,0.014967481,0.4886815,-0.49441138,-0.16982603,0.09958258,0.26819685,-1.7845769,0.34904334,-1.0901273,-1.4329067,-1.4316761,0.5915529,-0.4665027,-0.1812739,1.2199209,0.44327766,0.32346782,1.2561061,0.4259229,0.4092559,-0.65064347,1.6065845,0.72693837,-1.2203753,-0.55632883,1.7337201,-0.48686945,0.96896744,-0.62756634,-0.59816563,0.08212028,1.2233493,0.39917868,-2.446955,0.22416325,-2.0280788,-0.13724191,1.14219,0.007863494,-0.9440442,-1.1933259,2.9835196,-0.5917296,-0.4860409,0.45312285,0.9971534
0.9986658,0.22303995,-0.88970584,-0.5379055,-0.13493901,-1.1470988,0.3459246,-1.7214422,0.9721135,0.5374009,-0.74386686,0.63328975,-1.369648,2.5458233,-0.8769473,-0.76319367,-1.4219887,-0.49130693,0.85356444,-0.14943898,-0.31037834,1.4579388,0.85969853,0.60821986,-0.48792908,0.20021686,-1.0327215,2.6239808,-0.43859148,1.1930983,1.1799561,0.086308576,-0.44194973,0.83608156,-0.18137771,-0.2786783,0.92380184,1.742099,0.9599069,0.11701827,0.013196244,-0.24376644,0.47224677,1.7431778,-0.097348936,-0.6416848,-0.83475274,-0.36311585,-0.08781124,-0.31241918
0.62690413,0.72263116,1.7647978,1.1714582,0.014807597,1.2955818,-2.510599,0.11817951,-0.22572018,0.7098075,0.9382211,0.7715491,-0.46814153,0.189185,-0.21526587,0.449668,1.9917798,-0.6963762,0.34398484,0.027190555,0.71159863,-0.7908933,-0.3153906,-1.3265643,0.91348153,0.24415027,0.5919635,-0.3187208,-0.75967413,0.16394839,-0.1060616,0.2652123,-0.062324177,0.32106107,-0.25338948,0.2931516,0.29895887,-0.40722486,-1.3360137,1.2307857,1.1857599,-0.6831409,-0.33007956,-0.27585134,0.84603816,0.49404576,0.83157766,-0.12992226,-0.031797446,-1.6849761
1.0797955,-1.2233659,1.3204294,-0.13675885,0.9580012,-0.4712316,-0.64891833,-1.4667696,-0.391527,-0.50856775,1.0702951,0.31140634,1.0533378,-0.5164512,-1.4721805,1.2022084,-1.1092979,-1.1355155,-1.1532813,-0.4462666,-0.8323204,-0.30432776,-0.64001065,-2.0387542,0.5543744,-2.8626502,1.2506928,2.2800171,-0.469496,-0.9049608,0.6455756,0.5286581,-1.4479538,1.0530604,0.94155747,-0.34047753,-2.269943,0.7485543,0.3633499,-0.980785,0.47690448,0.63598245,0.25006068,-0.6457838,0.05835472,-1.9062898,-0.47488898,2.83843,0.7265174,-0.78970015
-1.3165671,0.6697334,0.9677482,0.15556963,-0.52330387,1.0634613,-1.2874149,-0.30553818,0.30073425,-0.31422085,-0.56106716,-1.8214868,-0.3265934,0.47063184,0.08941874,0.16182214,-0.10888168,1.0844501,1.2980399,-0.93915725,-0.17966138,-0.032040328,0.96324116,-1.6393081,0.25081387,-0.51163596,0.7493528,0.15405606,-0.49956974,-1.500623,0.29878733,-1.0279906,-0.2436285,-0.32585016,-0.84807,-0.047582727,-1.1003672,0.69039935,-1.1895425,-0.27603337,-0.35682324,0.86509234,-0.6803764,-1.0734297,-0.34969625,-1.248604,-0.106205754,-0.24230202,1.2097789,-1.2051221
-0.25607842,1.7985636,-1.1102663,0.22325623,0.47191477,1.6728318,1.0231853,1.1808296,0.78129035,0.928542,-0.36138764,-1.0061297,0.5378738,-0.7458402,0.681947,-0.72699696,1.3509429,-1.0482123,0.6640826,0.8231239,0.41694304,0.35886806,-0.14289089,0.5846853,0.09825541,-1.7992636,-0.21360752,1.6727257,-2.341502,1.3520577,-1.2080934,-1.0131198,1.4973699,0.71655643,-0.70530677,-1.5277476,0.16837305,1.4373078,1.0309736,0.004423274,1.4656054,-0.4323938,0.14336115,0.3473416,0.1839717,1.9747038,-0.5531693,0.017772507,1.5279859,0.24491148
-0.8683064,0.159226,1.0133142,-0.25859356,-0.8052711,0.42471048,0.31727996,-0.21816526,0.5651584,-0.24789847,-0.020923581,-0.33639836,-0.2678459,0.85527307,-0.7404465,-2.9490476,-0.33858165,-0.3543703,0.06712917,-0.96698743,-0.5759301,0.6967381,-1.2007866,-0.8774094,1.3904719,0.9527693,-1.5627501,2.8385813,0.6892711,-0.501283,-1.9714555,1.0195266,-0.8694583,0.5528993,-0.55090773,0.8634753,0.6570813,1.596417,-0.007422335,-1.7946216,-0.99924487,-2.2463362,-1.0885016,0.09161433,0.43867907,0.3473623,0.29216543,-0.42505577,0.57413584,-1.0708787
0.06071129,-0.5955385,-1.2652836,-0.8245826,1.0508535,0.02664407,-0.7706656,-0.35149682,-1.1898443,-0.2998676,0.12090898,-2.277355,1.0441253,1.1248419,-0.79883194,0.76186293,-1.2950538,0.72053736,0.027499432,0.36390865,1.0328016,0.14000124,-1.3031802,-0.7217208,0.58574593,0.101669766,-0.46944448,0.26116553,-1.4456823,0.5406507,1.100408,-0.9117012,0.055096954,1.8608191,-0.84426713,1.5102062,-0.08869752,-0.647468,1.2708547,-2.7828882,-0.13959499,0.6629282,-0.41965228,0.2826267,1.0118204,-0.3753568,-1.6636201,1.2104337,-2.2319179,-0.8665205
0.4128441,0.016863938,0.9834614,-0.10070089,-0.491749,-0.088747494,-1.4343084,0.25791875,0.40598893,2.7205193,-0.5389543,0.02634859,0.6946368,-0.9347584,-0.10454155,-1.1719967,-1.6162326,1.8825328,0.3378557,0.35138574,-1.4216803,-1.6141452,0.5795179,-0.10710798,2.242186,-1.2725042,-1.1490983,-2.2280185,0.8929055,2.573423,-0.3035353,0.0011550556,1.4537597,-1.1510046,-0.45355737,0.62524843,-0.7453994,-0.9915177,-0.74851674,-1.3330736,-0.4416638,-1.130687,0.5823655,0.8536131,-0.27340782,-2.0903459,0.38579056,0.7624217,0.7925146,-0.69312346
-0.7290413,0.079515904,-0.1861246,-0.8669399,0.9853783,0.77048635,-0.5898199,0.23932219,1.1196867,0.6262652,-0.42653954,-1.9152288,1.2694436,-0.6820588,-1.6342977,0.26250982,0.2164235,0.6903449,-0.9862172,0.71675503,0.75170225,0.73183215,-1.8703892,-1.4398874,-0.8431694,0.6961028,3.035315,0.08903992,-0.66710365,0.32549816,-0.74443525,-0.14708234,-0.35774755,-0.117849454,-1.4568099,-2.2656057,-1.1928284,0.95350456,1.9276177,-2.2103238,0.040771816,0.26528943,1.4461241,0.9229405,0.43831205,1.0636003,0.29775038,0.90923333,-0.9002506,2.6587408
-1.6531838,1.0135297,-0.6577736,-0.68932676,-1.989175,-1.1790091,1.0434406,-0.5964113,0.07921903,0.0677165,-0.28343782,-0.38657722,0.2420614,0.18828188,0.4353107,0.6908368,0.5095217,1.079835,1.0085839,0.49021903,1.6761587,-0.29828045,0.12651235,0.5760887,0.21035665,-1.2573111,0.57907206,-0.3076922,0.010352422,-0.28199893,1.4918954,-0.9985528,2.2508724,1.2092086,1.2716568,0.5146188,-0.5174946,-0.77653235,1.4098822,0.70115715,0.48724768,-0.058351755,1.0151764,1.4617212,2.1090267,-0.33101586,0.9242542,2.4956465,1.343412,-0.75754815
-0.49364516,-1.2736577,0.5513839,-0.394353,-0.30996042,-0.3819167,0.021411482,0.8345724,-0.40310562,-0.012862353,-2.4044309,0.9610597,1.089499,-1.3537316,-0.7111539,1.1188637,-0.58707523,-0.06541975,-0.42202786,-1.2921302,-1.6685871,-0.047060914,0.76971203,1.2786018,2.0208106,-1.7307099,-1.3331169,-0.7778269,0.1503379,-0.24549024,0.13052794,-1.3281485,-0.4570455,-0.016944474,-0.046609323,-0.070877545,0.13908534,2.317321,0.38254267,-1.459289,1.3826988,0.8203183,-1.0127516,-1.2617877,0.14507009,2.0756257,-0.29889575,1.8270171,-0.7661459,1.2522302
0.36128828,-2.0330474,0.7861848,1.5234728,1.8123227,-0.6917016,-0.8008205,1.070896,-0.74049526,0.22993954,0.118125424,0.030337334,-2.0377588,1.7881917,-0.87796986,-0.19003983,0.53776824,0.19537604,0.87745416,-2.119678,-0.7381461,-1.4807177,0.53355867,-0.2987197,-0.21429595,-1.0150118,0.46084815,0.5966718,-0.13849781,-1.4810734,1.6470348,-1.4707911,0.6285686,0.9147879,-0.5596195,-0.36558303,0.15601037,0.8148748,0.19706954,0.9763216,0.07917535,0.36537626,-1.0006373,-0.4739715,-0.52067184,1.0183291,-0.6966268,0.64975965,1.0106871,0.6346743
-0.49628413,0.9886464,-0.24219617,0.992496,0.3303271,1.5888803,0.91141,0.7627345,-0.6501171,-2.0574064,0.8109773,0.45112225,-1.1288142,-0.44256133,0.6286938,0.51120585,-0.66696227,-0.5562713,-1.3027016,-0.2933502,0.86707526,0.58605814,-0.10450225,0.0391164,-0.49763626,-1.2591072,0.7764054,-0.86554086,0.53329825,-0.7734631,-0.5999491,0.93975776,-1.398737,-1.1646416,-0.4375562,1.1397727,0.6601666,-1.2861521,-1.265609,0.51807487,0.6157214,-0.24361564,-0.26601353,1.7988127,0.81216705,0.21745867,-0.23667942,-1.2695532,2.1811259,1.0849034
-2.5896266,-0.6542269,-0.199542,0.5919973,0.82875335,-0.9732011,-1.2637843,-0.30237508,-0.65935504,-1.0323212,0.47169122,-1.2055849,-0.101639986,1.3714309,-0.6994634,0.51473206,-0.843708,-0.7315008,0.62976724,-0.7962023,0.7830618,-0.7335779,-1.4902916,-0.8864975,0.07425469,-0.4947637,0.8304451,1.0702783,0.5176593,-0.63366044,-0.20085877,-0.68830395,-1.652681,-0.17254436,-1.5254512,0.6938782,-2.4851303,1.7400997,-0.4907806,-0.86965793,0.27128628,-0.24054636,-1.5091727,-0.88486516,-2.8058908,0.456592,0.75767285,0.4088343,0.670759,-1.6026874
0.42951354,-1.2484231,1.5358301,-1.2956759,0.6394626,-0.19368316,1.1784825,-0.13260122,1.2892075,-0.32165262,-2.5767767,-0.28909874,-2.1065383,0.5085419,-0.6135961,0.8758817,0.9423597,-0.40592286,0.7433666,-0.8852835,-1.067143,1.0315809,-3.1577833,-0.5496753,0.11787759,0.3963244,-0.90221804,-2.269491,-0.91853637,-0.6434222,-0.3087306,-0.026040046,0.3945023,-0.34673375,0.50913525,-0.02722322,1.0985998,0.6509001,-1.8810159,-0.5345772,-0.7090719,-1.4621241,-0.6870305,1.4386058,0.8348662,-0.7910752,0.77882856,0.75795853,0.0042313607,1.1655788
-0.8542446,1.0907171,0.59728056,1.0189227,-1.3495967,0.4460937,0.5695537,-0.8921981,-1.9116389,-1.4320084,1.1738214,-0.9611787,0.9029319,1.5193105,-0.33971924,-0.39099467,0.68279326,0.1668825,0.5786896,1.0135155,-0.7346878,0.25285888,-2.7524245,0.56895715,-0.9226414,-0.11639397,-0.73674124,-0.22327556,-1.1030736,-1.8486091,-0.72699857,0.18387383,1.451655,1.2358655,1.1153365,0.45047063,0.9397108,1.6876701,1.0629112,0.7480073,-1.1411663,1.5551217,-1.2973872,-0.46404308,0.62397045,-2.1986005,2.8664038,-1.3510728,-0.5720964,0.9857994
-1.7021694,0.2479964,0.45489538,0.64614606,1.9455577,-0.23236312,0.61991173,1.252283,-1.0193813,0.19466753,0.39560857,-1.5332644,0.70197415,-1.285536,0.041081313,0.19663179,-0.9786493,-1.0455557,0.17969868,0.46994138,-0.46907496,0.22864462,0.41063407,-0.70573944,0.21911934,-0.6727004,0.36151427,1.4016451,-0.30187327,1.7651047,-0.6338887,0.83540267,1.0470724,-0.1460993,-0.49140728,-0.655448,-1.6805037,0.2837592,-1.1968814,1.1725322,-1.0197692,-0.1526047,-1.8407934,0.96486104,-1.3351802,-0.2950764,1.81584,-0.6786152,0.58612686,0.047064077
0.01831471,1.4896843,-0.71206015,0.45076814,-0.22798558,-0.017424887,-0.48965564,-1.1876998,0.8355924,-1.4851261,0.3356182,-0.0100212265,-0.17430416,0.040843252,-0.93921137,-0.9774115,-0.6043348,-0.6862553,0.22447816,-0.18810888,-0.06817123,-1.0032209,0.19195029,-0.40624332,-0.45781854,2.0120714,-0.78976446,-0.9055928,-1.0801011,0.18161814,-1.3572788,-2.912045,1.1127211,0.016017001,-0.0127138905,-0.8766411,1.0758941,1.932556,-1.099391,-1.5796864,-1.2229154,-0.28262362,-0.7105469,-0.75861335,0.5481676,-0.01081315,1.2012613,-0.4743072,0.043045904,-1.5488483
-0.77332824,0.13055348,-0.7232466,-0.5925506,1.2662599,-0.27795085,-0.7470093,1.42925,1.4262886,1.9840845,0.9935696,0.5914745,0.041383587,0.88325614,0.18728474,1.5643692,-0.74005806,-1.6335762,0.033027068,1.5210199,0.44773272,-0.33699137,-0.031463165,-1.1956891,0.12866183,-0.2962373,0.6339649,0.22138208,-0.22216712,1.562558,0.80472076,0.6321616,-0.5206982,0.9426476,-0.029728672,-0.6912467,-0.54495263,-1.4670013,-1.0811477,0.087685145,0.6501369,1.8341837,0.47110182,-1.2979314,0.11123472,-0.13601759,0.7972026,-1.3079077,-0.38862553,0.6053804
-0.32338732,0.86263955,1.6590877,0.10111576,0.75351244,-0.2866373,-1.3761955,0.46197137,0.6719781,0.21307239,-0.11854686,-1.2828448,0.15774186,0.59959686,-1.0680431,1.0752807,0.91340256,0.4074041,-1.3038691,-0.03418726,1.4428456,-0.77099437,0.8462093,-0.728591,0.46688995,-0.34748104,1.5102396,-1.3273615,-0.4771302,0.69756866,-2.1142392,1.2124789,0.25088534,-0.55919665,-1.6249872,-1.295922,-2.3856676,-2.2092035,0.5953843,-1.8887453,-0.11616047,-0.7492744,0.2747884,0.43229157,-0.26255035,-1.7555146,-1.2978532,0.22139211,-0.90104043,-0.3011936
1.9445131,1.4992924,-1.2287568,0.28715053,0.20743777,1.1409665,-0.4775986,-1.6909807,1.0712231,-1.2384596,0.24996458,0.41403195,1.8460677,-1.6503901,-0.64490163,-0.64622015,0.21626943,-0.13124189,1.7648307,0.3973415,-0.10241008,0.660339,-0.6418214,2.8081396,0.27461445,0.29357746,1.4083128,1.060119,0.79734087,0.67797816,-0.880993,-1.0606345,-0.8699595,-0.7456261,-0.025545677,-0.2781195,2.1210501,-1.348221,-0.6718075,-0.6274144,-1.8855172,-0.5301537,-0.49980986,0.37551448,-0.58132774,0.052353896,-1.3052279,-0.57524043,-1.6115513,-0.7445269
-1.503431,-0.9203463,-1.2880137,-0.46048987,1.7537897,-0.8731829,0.3028201,-0.47527227,-0.955224,-2.1349118,-0.3839858,1.6476308,-0.6914053,-1.0163105,0.15349852,0.51665765,2.0311112,-1.8237319,0.052923992,-0.5372807,-0.28303394,1.5496553,0.30532557,-0.46399415,-0.09893549,0.2731977,1.1218828,-0.2928667,0.94999194,0.46448863,2.5570233,-0.3433883,1.7061142,-1.8199718,0.8960947,0.048124168,2.0483189,-0.7342038,0.5953427,-0.74585474,-1.2171463,1.0427394,-0.16357443,-0.3258612,-0.91408974,0.25653628,1.3364403,-0.41530472,0.9547137,-1.2604128
-1.5085613,-1.0068831,-1.6598397,0.38132957,0.09136334,-0.7295294,0.5366851,0.6861992,0.1464285,0.042442672,1.9248296,-1.695331,-0.24461299,-0.64839524,-1.2439203,-0.16368753,0.08287357,0.25428838,0.18704544,0.17988645,0.8356054,0.36087543,-2.0356255,0.5471682,0.81571996,-2.1903193,0.28308168,-0.2661363,-1.5057696,-0.87518597,0.71813047,-1.0991448,-0.09693149,-0.71364933,2.0256364,0.93346894,-1.1968273,1.0561149,-1.2036428,0.14348364,-0.29533845,1.3985267,1.064899,-0.9421614,0.21445002,-1.2470324,0.2048957,0.7403446,0.34108606,0.59932524
-0.09559158,-0.21165332,-1.0293524,-0.24094692,-0.49908656,0.5716948,-1.2560675,0.6771833,1.0891854,0.26890463,0.107530825,-0.7968776,-0.6983828,-0.27686173,0.30752498,-0.023378456,0.015084906,-0.8648664,0.8368695,0.18993928,-1.734826,-2.2666051,-1.1958932,0.79244685,0.39680716,-0.5849403,-0.53067183,-0.4304738,2.2355,1.0112113,-0.10255167,1.3381451,0.73668456,1.8191931,0.0845307,-0.62536925,-0.04562175,-0.25894317,-1.8967496,0.9352227,1.2473181,-1.216293,-1.1082861,-0.41327307,0.27748904,0.8543209,0.18201333,0.64520353,0.39603275,-1.7038379
-0.9940846,-0.07623736,0.47914043,0.56698555,-0.24895617,-0.4888421,-0.8542508,-0.007821128,0.7652543,0.38446,-0.012440356,-1.457363,0.14232023,-1.7715225,-0.4338542,0.60857385,0.5083543,0.20813556,0.49276868,-1.3072094,-0.090319574,1.1559116,-1.5580854,1.5385118,-0.15231958,-0.07585371,-0.6839236,0.4010403,0.8218976,-1.0748713,-1.3429976,-0.8103438,-0.4931801,-0.18731771,-1.1883942,1.2019639,-0.464471,0.020933544,-0.46209666,-0.49357182,1.5372876,0.8692819,0.32168365,0.5670581,0.7616382,-0.15480101,0.24908245,0.5579386,-0.17115794,0.013097438
0.24809438,0.638236,-0.11376768,-0.26233312,0.8646821,1.0418919,-1.2756937,-0.0011457747,0.06317249,0.1832106,0.8433811,-0.6131413,-0.7295638,-0.19281663,-0.28487515,-1.8819246,1.0212691,0.23708348,-0.77843004,1.4464324,-0.30820325,2.1306243,0.13468482,1.1330956,-0.7402495,0.05645084,-1.1856613,-1.4172349,-0.53269905,0.39631334,-1.5629519,1.0581186,0.8415356,0.7781528,-1.0505568,0.48406854,-0.33000025,-0.53873324,-0.33010587,0.07129104,0.73486084,-0.15739721,-2.723161,-1.1139688,-0.59360355,1.5108738,1.6727843,-0.3530031,-0.12743689,0.6992446
-1.3568363,-0.4476483,-0.7786148,-0.37238738,0.5785409,-1.8605841,0.5541364,0.6677355,0.33008346,0.0990152,0.56901443,0.0064970395,0.86363417,0.9881104,2.101334,1.2273349,-0.10643319,2.575662,-0.5239518,-1.3173789,1.290831,1.4023656,1.1727321,2.6800954,-0.9745421,-0.8664969,1.8412671,0.64947176,-0.33128896,-1.911141,0.104155935,1.2265836,-0.18492402,-2.4914982,-0.857308,0.22348069,0.2974331,0.5892501,-1.1046528,0.86636746,0.081778646,0.11528155,-1.5306304,0.66208845,0.89569396,0.53453916,-0.5448987,-0.23836906,0.7390038,0.3687875
-0.8326126,2.2694244,-0.50136286,0.14659198,-0.9682165,0.30427188,1.6096911,0.8373109,-0.7270777,-1.0691167,1.5952047,-1.0609981,1.0366449,1.6925055,0.066395104,0.6155615,-0.5293078,0.7418485,-0.111280315,0.231256,-0.6082462,0.6329603,1.3608744,-1.040011,0.0011610464,0.42287323,0.111593015,0.32958022,-0.43304563,-1.0189283,0.6660401,1.195711,-0.14126769,-1.3384743,0.46705145,-0.669963,-2.5530367,-2.7561817,-1.1290517,-0.2328723,-2.1773624,-0.25786662,0.11619803,1.5507684,0.731697,-1.3307794,0.013455122,0.067137256,-1.4057432,-2.0566435
2.135208,-0.6374009,1.030704,0.80327404,0.6058122,0.6032425,0.75212014,-0.07794259,-0.4780491,0.5082978,1.0034335,-1.5172422,-1.6112279,0.030196507,1.35455,2.2010276,-0.6529527,-1.4100032,2.0057602,-0.033309843,-0.5501595,0.90981543,0.92433035,-0.062188003,-0.48695973,0.846856,-0.008246613,-1.396138,0.46457005,-0.53214324,1.5356978,-0.2588699,-0.3077969,-1.6632019,-0.29022777,1.3048662,-1.1005654,-2.1219237,-1.7076938,0.24129204,0.50998753,1.1516409,0.2699334,2.2658858,0.67516947,0.38097942,0.048522137,0.6588545,-1.3335222,0.3812719
1.0974773,-1.6821349,-0.9782143,-2.0685048,-0.42280754,0.21156107,-1.046283,-0.1422246,-0.081944846,1.0361996,-1.0509118,-1.2640771,-1.3589014,-1.392718,2.615934,-0.4436078,-0.111913115,1.4885179,-1.3580611,1.7051291,1.7427197,-0.98607075,1.0079337,0.032146838,-0.16023251,0.6752016,-1.673617,-0.6639728,-0.45215133,-0.9853832,-1.5109811,-0.5931798,0.81545645,2.0047858,0.45212486,1.2347533,1.4488562,-1.3706844,-1.0880151,-1.4093522,-0.558231,-0.1646213,0.937997,-0.00793926,0.94572216,-1.3560178,0.4854384,-0.18408336,-1.0818472,2.0410504
-0.018651903,0.33145028,-0.84931475,-0.33825633,0.54647017,0.8726641,-0.68481255,-0.04673037,-1.6872588,0.81600434,0.46273333,-2.3402147,-1.4672557,-1.4281726,0.6669366,-0.2855739,0.89349127,2.0413692,-0.26776862,-1.8567483,-1.3454497,0.5077497,0.6040077,-0.9705404,-0.121253304,0.55705774,-1.514937,1.55255,-2.1778004,0.4713268,-0.5682773,0.9263783,-0.081078984,-0.09389991,-0.5623676,-0.054582153,0.7567017,-0.30818492,1.1964933,1.5614568,-0.26185277,0.7185023,0.4458673,2.482745,-0.4484431,-1.1154722,1.0915784,-1.7752341,-1.7376685,-0.7286995
-0.06306721,-0.4944212,-0.88017327,-1.4963567,-0.78729415,0.54417974,1.0240434,-0.49175045,0.462615,-0.54912007,-0.2718214,-0.624351,1.8133941,0.93489057,-0.66819555,-2.3107784,-0.61632174,-0.7075161,-1.1568291,0.8463308,0.2013883,0.41085866,-0.15150498,0.24712239,-1.3033617,-0.55665696,2.5763311,-0.23354703,0.5660926,-0.28642586,0.085936435,0.060510848,-0.12750672,0.1619966,-0.1681717,0.8222777,-0.9310298,-0.9517359,1.0515144,1.2368418,1.4709798,-0.2545147,-1.5037054,0.6777833,0.43574202,-0.21085542,-0.9021576,-0.4325647,-0.83314824,-1.5462581
0.29527256,-1.5362175,-1.2685592,-0.42300737,-1.4030343,1.2498664,0.4191367,-1.5650171,-1.7008967,-0.51983786,-2.2423768,0.39188612,-0.32903108,0.6268335,-0.30724573,-1.897543,-0.70494395,2.3422072,0.6286516,0.90017325,-0.9633234,-0.022059217,0.30943075,0.2790354,0.7103187,0.69883215,0.6180722,-0.46827173,1.1784472,0.14369565,-2.1557422,-1.0087904,0.4771948,-0.74035,-1.0192516,0.09311839,0.92862076,2.0953298,1.2115753,0.28181905,1.653119,1.4031838,0.7513936,0.7360157,-1.4487759,-0.51852673,-1.0200272,2.0711367,-1.1235495,1.2854604
-0.23097584,-1.9537851,-0.36161718,1.0573959,-1.1393713,-0.5845884,0.5492949,-0.2848122,0.8304998,0.118221305,-2.1471975,0.44238317,-2.1535125,-0.47922856,0.7970056,-1.6132386,-0.21100391,0.81972647,0.6738826,-0.23613143,-1.0816209,0.11755948,2.423841,-0.5427874,0.54147744,0.09954236,1.5975678,-1.5075006,-1.3037884,-0.25980097,0.13989092,1.4010113,1.5573717,0.6910916,0.7918659,0.47142386,0.45066068,1.383255,-0.12262617,0.16661818,-0.036959145,-0.40580782,-0.4554076,1.1563525,-0.51970005,0.39829656,-1.4090706,-2.9885118,1.0064982,0.5752373
0.25380144,1.3871002,-0.928953,1.4903963,0.83240074,-1.1142234,0.32575727,1.2808083,-1.1041298,-1.1887323,0.8369142,1.3218412,-0.4212401,0.38078025,-1.3710775,1.3063347,-0.76593065,-1.3920403,-0.035165533,-1.4387354,-0.24684863,-0.30302253,-1.0807613,-0.66762173,0.16934885,-0.054402333,-0.03423535,-1.5594774,0.6674601,0.35096738,-1.1452397,-0.8564475,-0.5878741,1.3561187,-0.87983805,0.7107416,-0.31394535,-0.70471036,1.1809207,-0.17610629,1.357676,-0.8855403,0.22500128,-1.1620075,0.4644529,0.6350767,0.54075736,-0.91530675,-0.41663566,-1.4252462
0.39368334,0.3505913,-1.498955,0.5628943,-0.38232526,1.8018743,1.1441662,0.32093713,0.16492912,1.2846384,1.606256,-0.99784344,-1.5900745,0.11465414,2.206326,-0.37853938,0.73637736,0.67004496,0.9805003,-0.4644178,-1.5597913,0.28396416,-1.4533497,-0.039057676,0.18873969,-0.48745376,2.1028206,-0.9395391,-1.0371752,-1.1397239,0.45399204,-0.44973558,-2.149764,-0.4258615,-1.5123944,0.91788465,0.6258805,-0.11030112,1.0490941,-0.18224573,1.5444775,-0.5129844,0.61036366,1.2833933,-0.41300765,-0.1625222,-0.78876466,-0.62785625,-0.5783947,0.30076158
2.1307342,1.0389361,-0.2959787,-0.44573063,1.1060346,-0.32595566,1.4542917,-0.11865121,-0.34716532,0.47884554,-1.0133932,-0.27414492,2.2460322,0.88415766,0.1896571,0.7766281,-0.5199407,-1.8733839,-0.009743797,-1.2552625,-0.49528408,-1.1257877,1.0723029,1.6917621,-0.64365786,-0.8727655,0.8902327,-0.55795985,1.1737548,1.0558277,1.5054746,0.32531142,0.41886964,0.72075164,0.7792398,-0.22469726,0.274895,-1.4760847,1.5635774,0.5381524,-0.40216583,-0.011909421,0.7370553,-1.9082108,-2.2920156,-1.2021049,0.6123229,-0.47998026,0.37924555,-1.04845
0.34580788,-1.1570656,0.10856234,-1.5508379,-0.031629704,1.0462198,0.410994,-0.6322267,2.530511,1.2965479,1.2882125,0.101192206,-1.8609698,0.9324076,-0.6156793,-0.57959265,-0.36014655,-1.7760863,-0.26174682,0.036949135,-0.435674,1.8862519,0.15772104,-0.6607759,0.49138698,-0.074260935,-0.18375315,0.90920854,-0.3361698,1.1695523,0.28761098,0.31706336,-1.0877508,-0.41243848,1.136682,0.059049632,-0.20089361,1.5018638,0.13646294,0.43788153,-0.46860906,1.1828231,-0.10664688,-0.50898206,0.6871433,0.9364678,0.13765992,-0.88899326,-0.24681562,-0.4457644
0.537304,1.6044374,0.10590391,-0.38796884,-1.8754834,0.55507344,-1.6929983,0.8949198,-1.8288307,-0.3865844,-0.4999222,-0.30466393,0.6897663,-0.95155007,-1.8039594,0.39559647,-1.4478078,0.30384326,0.42555544,0.79513013,-0.9722128,0.57612604,0.25811702,0.40549985,0.033041038,-1.7715956,0.035420332,0.2229717,-0.3395102,-0.06457906,1.2410244,1.5164692,-0.14408964,0.24247721,-0.67365557,0.16689524,-0.40465885,1.5638759,-0.2494914,1.5137011,0.80331594,1.1836107,-0.4558842,0.8727619,-0.80198807,-0.04979319,-0.044063713,0.6743465,-0.58726233,-0.41554162
2.1233916,0.6284689,-1.536511,-0.9310807,-0.056221467,-0.4200606,0.19648467,-1.3829062,0.689506,0.196622,1.6477987,-2.003353,-1.0249202,0.08275115,0.48435044,1.3925908,1.3805813,1.3940288,0.13686913,0.21380879,0.549538,-0.85597014,0.5812992,0.60488564,0.6277524,2.9448743,0.6642507,1.4386352,0.76547235,-0.33142018,0.44263175,-0.14206626,-0.36096668,1.1649929,-0.02991208,0.059800725,0.5823565,0.27619162,0.6118817,1.8576767,-0.13975514,-0.14514393,0.1673288,-1.6605469,-0.8242249,0.506743,-0.9391882,-0.62468565,2.3800921,-1.4393514
-0.031785544,-0.8652104,-0.9726576,-1.231698,-1.3533784,0.86359805,-0.27033916,-1.1962769,-1.0217235,-0.59128,-0.91054523,1.120286,0.10789598,-0.6173977,0.89919496,-1.1612841,0.87903714,-0.4860456,0.8126432,0.1590886,-0.1950203,-0.15645441,0.37995002,-1.4735736,-0.9429387,-1.6588666,0.21223938,-1.0881169,-0.6678599,-1.1960368,2.1638663,0.46892163,1.5516586,-1.3480914,0.9482648,2.11355,-0.101144776,0.3148295,-0.4535474,-0.5393097,1.877731,-1.9970157,-2.7926624,-0.47619972,0.063030384,-0.7749655,-0.8079344,1.1394517,0.15840837,0.86243445
0.6885781,-2.2973366,-1.1257806,-0.920214,-0.026668902,-1.365313,-0.68970495,-1.2732726,-1.7987663,-1.4722022,1.2989452,0.15734564,0.31439963,-0.5765404,-0.737372,-2.3167048,0.52090466,0.7103039,0.7543478,0.7641671,-0.080210716,1.0899409,-0.076220736,-0.53208816,0.85323817,-1.1697412,0.8115013,-0.9427612,-0.88216496,0.21058817,-0.95905614,-0.8452466,1.5981932,0.33734813,-1.4498565,0.5360158,1.3673627,-2.1937268,1.6265501,0.35597795,1.6796067,1.2067795,1.9789735,2.2146335,-0.8339264,-0.1854834,-1.8830833,-0.035308275,1.7397618,-1.2726222
1.4197514,0.89150906,-0.047091052,-0.06683184,0.7763469,-0.27219707,0.455492,-1.0253942,-0.55478364,0.39608818,-0.6013408,1.4252657,-0.56211513,-0.37301436,1.072749,-0.73341346,0.13036588,-0.62506914,-0.064454585,0.7060593,0.6365313,-0.60147864,-1.4277004,-0.35886475,0.9447929,-0.91199666,2.4541457,-1.680553,1.0468185,-0.4163904,-1.7335701,-0.41120347,-0.7042162,0.29446834,0.21944751,1.1601634,-0.28639716,0.27184156,1.3172362,1.4555047,-2.7226748,-0.7261987,1.3600588,-1.0981389,-0.35007316,-0.6634346,-1.6051624,-1.1486198,-0.28643408,-1.0615404
0.56914943,1.5858747,0.34757137,-2.1357436,1.9341645,0.39559352,1.0795403,-0.50913364,-2.1485815,-0.7406595,-1.6047252,2.3521924,-0.09093086,-0.66533345,0.038742676,-0.5334912,-0.38640118,0.41104314,-1.9632525,0.77260715,-0.41171163,-0.6536644,-0.29989696,1.8653415,-1.3881581,0.096013255,-1.1049834,-0.6518106,-0.2922665,-0.007458677,0.7546246,-0.17209643,-1.8750893,1.1309109,-0.22205882,0.06095351,0.6421074,0.19387597,-0.3391138,2.3082924,1.366841,0.46994764,-0.3207268,-0.66844964,-2.108505,0.3945228,-0.6443051,-0.34233344,0.21559511,0.032789454
-0.14643517,-1.3562095,0.77390206,2.6467936,-0.2462501,1.2083341,0.41612738,-0.8521763,-0.48309815,-1.4098245,0.43704566,-0.07277186,-0.42858347,1.9092529,0.8836451,-1.4045573,-0.9745094,0.046304237,1.0982221,1.3973132,1.2986592,-1.876163,0.8739427,0.54287076,1.1102407,0.8025396,-0.88842916,0.2860966,1.2417432,1.7086437,-2.1289508,1.6909599,-1.5939425,0.40682104,-1.9467993,-0.8225073,0.4161433,-1.6759812,0.9880346,-0.74273217,0.7442876,1.2829741,-0.16017233,-2.1780515,0.18989494,-0.0061623426,-1.4613515,-0.24096796,-0.25022703,-1.0296572
2.1367722,-1.2291642,-0.632907,-0.13808927,-0.87898254,1.3040805,1.3580319,-0.8614306,0.21957809,-0.35465807,1.9588411,2.3075366,-0.5542681,-2.509498,-0.8573641,1.7266864,-1.2535481,0.37207958,0.22256957,-0.8019648,-0.1647052,1.3382506,1.2363203,-0.4555645,-1.1351933,-0.14078315,-0.7169104,-0.8548541,0.46650565,0.49859995,0.16388573,-0.5025384,-0.1430604,0.079786785,-1.6927066,0.47754267,-0.15955749,-2.7423458,0.0089917015,0.5563712,-1.1354305,0.19863309,-0.44267753,0.45635557,-1.4566807,-0.6701508,-0.26286814,-0.6945828,0.094907485,0.27385682
-1.6800742,-0.35221484,0.605067,1.4203687,-0.36380896,0.29520538,-0.61834484,0.49446845,-1.7615255,-0.07631692,0.8508542,-0.72523665,-1.1278772,0.8375425,-1.6674924,1.2603594,-1.5498111,-0.5971334,-0.7737343,2.3133225,0.42973468,0.79441285,-0.82090145,-0.497371,-0.79566956,-0.56827456,-0.394173,-0.87002766,1.0379804,0.8723997,-2.0158768,-2.5805316,0.4037796,1.0631375,0.16753274,-0.08237916,1.7218989,-0.19365145,0.4904898,-0.85829705,0.3912785,-0.603725,0.7515334,-1.2697276,-0.8458112,-0.4273494,0.030838162,-0.17793459,0.009055305,0.5859059
-0.6943745,2.304027,0.06953935,-0.7571084,1.3029889,-0.9719667,0.3017424,-0.3348608,-1.7418681,1.4668657,-0.25313953,-0.30387947,-0.3987317,1.1592153,0.41349253,0.74453884,1.1041706,-0.69637924,0.04039624,-0.104727946,-0.81022686,1.4867936,-1.7699145,0.14805895,0.28451395,-0.11681793,-1.5144162,0.6815773,-0.54803514,-0.3550519,-0.46243247,0.015631588,1.3308952,0.541733,0.36798775,0.17984693,0.43443796,0.3265066,-1.2871416,-0.6557431,-1.5756472,-0.932555,-2.0827484,-0.30575836,1.4689618,-0.90984243,-0.692573,1.4817085,1.0481315,0.53114337
-0.37192515,0.37105954,-0.6868477,0.72629476,0.7541521,0.758664,-0.57879156,-0.52760047,-0.6861129,-2.2996798,0.30318382,0.25080365,-0.06028863,0.8396018,0.31895328,0.45564184,0.9028923,-0.08005641,-0.79910314,0.6091911,-0.06467566,0.86315256,-0.2988308,-0.10276208,0.12979151,0.50046444,-0.030709649,0.81673056,0.26857176,-0.0771807,1.2562368,0.7422451,0.52600116,-2.1158228,-0.40972126,1.0353408,1.6082163,-0.43017977,-0.8265546,-1.3679565,1.0115279,1.1334343,-0.51459616,0.512591,0.73079544,-0.68243915,-0.76157176,0.78426325,-1.5173956,-1.232156
-1.2630166,-1.1118196,-0.79209065,-1.2323279,-0.26179096,0.37775514,-0.39816037,1.2585707,-1.2577304,-0.8797091,1.0703108,-1.1418914,-2.4839494,0.1620599,1.4023021,-0.6187584,1.3509195,-0.061434247,0.3513002,0.49832094,1.7418259,-0.32563627,-0.110886015,1.9958845,1.5321349,-0.1973049,-0.71585906,-1.4569733,-0.122058205,-1.3709373,-0.12465872,-2.0400772,-0.16808048,-1.3180963,0.6939173,0.21437217,-0.8499384,-2.3342934,0.00799994,-0.4834231,-0.23219095,-1.4630591,1.141934,1.2205781,-1.9042829,1.1303457,1.4147941,-0.36975223,-0.7201124,-0.4151409
2.0639546,-0.44107053,-0.35504013,0.21047506,-0.8407697,-0.022836978,-0.60006183,-0.90851915,0.46513775,-1.7077004,2.0012472,0.32136893,-0.44521865,0.6042106,-1.3533331,-1.4111027,-1.6153189,0.58610797,0.022691907,2.2380464,1.5429951,-0.060835768,-0.056321662,-0.336642,1.6613765,-1.5610828,0.3283209,-2.0152423,-1.0615504,1.9478139,-1.1716616,0.03081509,0.66158265,0.12888423,0.98093045,-0.058939304,0.011790519,-1.0255917,-0.29425305,0.47535926,0.42507514,-0.04081213,0.3521779,-0.73724073,0.35962307,-0.408961,-1.0731105,0.5267784,-0.8876545,-0.34566456
-0.105662316,1.2984806,0.45292932,1.0763305,0.81772,-0.59319025,-0.39767396,-0.89614433,1.690923,0.78509516,-0.14064652,-0.33327782,-0.48216975,0.7645609,-1.1495697,-0.262435,0.7592904,1.1811757,0.16679513,-2.0634675,-1.4608101,-0.22282839,0.30103698,0.28502566,-2.1200166,-0.3754521,0.96856743,-0.01938271,-0.1209234,-1.8681302,-0.6203088,0.3457133,-0.6643459,-0.075074315,-1.2110958,0.009139519,0.8745487,0.3192298,-0.07364603,0.010615044,-0.6896298,-0.25825837,0.84516853,0.3608686,0.09851196,1.2865114,-1.5649863,-0.12641129,1.3304517,-0.44909033
0.30487135,0.9301469,-1.5071468,0.7247259,1.2226617,1.7840084,-1.5305345,1.4224942,-0.13675211,-0.398214,0.953334,-0.18901436,0.76141894,0.8037961,-0.9376256,-1.8918065,1.1063182,0.8970393,-0.19974712,0.48354125,-0.76135594,-0.4939276,1.2969967,-1.1227645,0.44709545,0.49202684,0.5489794,1.8307824,1.1286044,-2.1231313,-0.7165099,0.07270675,0.70316017,-0.83502346,2.2453277,-0.029386934,-0.2930487,-1.0684751,-1.804415,0.8099633,1.3698655,1.3386176,-0.59343773,0.20946302,1.9674557,-0.44435492,-0.76565933,-0.66061354,-0.079232186,-0.2910774
-1.2457347,-0.11969214,-1.1870836,1.5285801,1.1032199,0.9385539,0.30896857,0.6010843,-0.65741867,1.8208939,0.84234095,-1.3198706,-0.3388448,0.56855005,0.10301731,0.42678368,-0.2430593,0.95255363,-0.63488376,0.05824297,0.00796927,0.62179524,-0.061059825,0.8871279,0.5603256,1.4551307,-0.24094841,-0.83168274,0.9360813,-0.94405043,-1.3078892,0.70705914,1.8872471,1.196696,1.7276777,-0.34591064,-0.37207106,-0.04291296,-0.68436074,-0.6251367,0.31353262,0.79161,-0.28401786,0.043389816,0.063876316,0.37782815,-0.39695826,0.6020392,-1.3721756,-1.1796113
-0.46227524,1.2543731,-0.82344604,0.15835886,-0.21638235,-2.1239088,0.1674018,-0.048903737,0.5748891,1.6197923,-0.71440446,2.0375319,0.056570206,-3.391247,-0.34402996,-1.1948957,-0.6986452,0.77403164,0.92026967,0.15646955,1.0606732,-0.21371467,-0.7154947,-0.8096064,1.1432915,-0.24137644,-1.8696402,0.5447256,-1.6980605,-0.4031098,-1.9927388,1.4732559,-0.27230886,0.27590865,0.2961929,0.2731488,-0.9827718,0.5559407,1.482335,-1.8687693,0.3600927,0.15021944,0.11600188,-0.8499017,0.63966846,-0.7738921,-0.79521376,-0.14218928,0.5170581,-0.04998597
-1.1866677,-0.30802768,-0.60178524,0.9467938,-0.40513414,1.9742984,0.1191513,1.3063523,0.3386627,0.75617266,-0.6023307,0.00906751,0.2660367,-0.056808602,-0.25962833,0.17567725,0.14212848,-0.39501923,-0.6647039,-0.8490139,-0.47501403,1.6392274,-0.8893088,0.079667084,0.86188257,-0.63386023,-1.0308473,1.7028822,-0.6979029,0.7179973,0.23731308,-1.0224905,2.1334238,0.40787792,-0.39947966,-1.1998926,0.72118247,-0.13363352,-0.25639373,0.12944132,-0.24040894,-0.75710917,2.155868,-1.3807557,1.0736566,0.7110094,-0.9124824,0.70277554,2.0297942,0.19079831
0.28265947,-0.68418455,-1.2953831,1.7441072,-1.3018941,-0.4850208,2.2775512,1.1881945,-1.5555382,1.5298753,0.6399715,0.6520456,1.4396099,-0.42489126,-1.500148,-0.59643996,-1.2170317,-3.22464,-0.004265989,1.3122058,0.2583801,-1.0179013,-0.21033813,-0.35579658,0.76076674,-0.89879286,-1.5227445,1.1428767,3.346042,-0.98873883,0.3108557,0.046065085,-0.11763691,1.1877515,2.0277143,-0.018183742,-0.5405171,-0.56655246,1.325751,0.0859217,1.0735404,-1.072336,-1.4890574,-0.34701738,2.3177412,0.47516692,0.31899974,0.089782335,-0.15471655,0.46396476
-0.86216027,0.3343193,-1.0910085,-1.3879066,-0.009173533,-0.6923314,0.79559636,-1.0189826,0.45568168,1.5350281,-0.35347685,1.962126,1.4283369,0.5967019,1.673045,0.6566834,-3.172562,-0.742196,-0.7436591,0.057317775,-0.5878283,-0.159541,0.29069093,-0.15771776,1.5624435,0.48241225,0.50380945,-0.8527601,-0.8020277,-0.82836956,1.0079246,0.19481832,-0.45667607,-0.23827106,-0.21695004,-1.6461005,-0.48621148,0.15499039,-0.7451678,-0.71212256,-1.4961634,-0.15228021,-0.8880102,2.865561,-0.9717109,-0.86643916,-1.303081,-0.042053465,-0.4289707,-0.68245125
0.7016336,-0.7949374,-0.9629438,-0.603402,-1.5997089,0.9173194,-0.42631644,-1.7794762,0.99656194,-0.091555506,-0.24875097,1.0140852,0.8375267,-0.6589969,0.8141915,-1.2224576,1.005095,1.2618254,1.0885911,-0.2707795,0.08230084,0.22762492,-0.70164466,-1.0228395,0.98704183,0.9445119,0.59594744,0.053991467,1.6847539,0.2645737,1.039588,-0.23771822,1.2483654,0.0653797,0.9537499,-3.1250103,0.93201256,-0.020930834,0.34461465,-0.26674283,0.5683569,1.2295607,-0.48253852,2.5567994,-0.33636287,-1.6235256,0.87486106,1.093256,-0.8026256,-1.2817954
-2.0027268,-0.74200755,0.27562487,0.93464273,-1.3895199,0.20187089,-0.20106117,-0.732046,0.34054604,0.16670132,-0.01986463,-0.90846175,-0.6985848,1.9876635,-0.6124396,-1.3380475,0.5113379,0.48631942,-0.040635407,-0.21884802,0.70304465,0.3546729,-0.58304745,-1.0092711,0.80738884,1.6007643,-1.5816718,0.01791306,-0.2286102,-0.47547248,-0.55998045,1.8287971,1.3774431,-0.24518411,0.5285129,-0.86017096,0.5263186,1.0803111,-0.6472783,-0.22040121,-0.17561355,1.0125232,0.38178617,-0.023121085,-0.5558498,-0.8099575,2.0439239,0.31715074,0.37791964,1.1781557
0.8747189,0.41949034,-0.32336184,-1.8364017,0.73392725,-0.90550286,-1.318903,2.812917,-0.67848146,0.04621402,0.17437275,-1.235669,1.1262629,-1.4733763,0.31777892,0.680198,-0.07859677,0.3105246,-0.55793434,-1.4622114,-0.38377544,0.23051372,-0.7790478,0.088153504,-1.5997647,0.31321782,0.6031228,-0.48306343,0.569981,0.05784908,-0.2782626,1.4039601,0.6221667,-0.4287753,0.23864155,3.3840215,-1.6695608,-1.3587126,1.3693128,-0.4935993,0.3004844,1.5625118,-0.94742405,0.57453626,0.25158358,2.215392,-0.5915629,0.9185171,-1.5914799,-1.2006862
1.2310847,1.2474954,1.9024429,-0.4033239,-0.67997676,-0.0038341763,3.0010245,-0.061873063,-1.8504636,-1.4291313,0.5415116,-0.98539203,0.19061457,-0.64302987,-0.59245324,0.7523484,-0.96068317,-0.39252827,-1.4199198,-0.41115814,-0.67411816,0.09634794,0.8067371,-0.20650667,0.14108257,1.4726205,-0.76609564,-1.0562986,0.9097455,-0.2317286,0.32893744,-1.3759444,1.2069411,1.197969,0.98968184,1.5043907,0.6993041,1.4252294,0.58656204,0.3651944,0.9236162,1.4119102,0.9121329,-1.2905176,-2.2895472,1.1406031,-0.32158944,0.30569208,1.4280863,-1.3988179
0.39388022,-1.059734,-1.7885413,1.9343777,0.28266826,0.5347834,0.7254914,2.220046,0.8190166,-0.37895367,0.08527315,0.623264,-1.0676644,-2.873675,-0.2350595,-1.1273224,-0.41130602,0.70475405,-0.994634,-0.30554667,-1.1357341,-0.73423773,0.86545044,1.2627835,-0.7392174,-0.17968161,-0.84793925,0.17130868,-0.936506,0.13441361,0.14932777,0.98086053,0.5282526,0.11652769,0.6143836,1.0795748,-0.79963744,0.4646954,0.37590462,-0.49501374,-1.6051122,-1.7190222,-1.4809998,0.15759051,0.085597195,0.83310765,0.42694637,1.0748242,-0.27797538,0.9816576
-0.33073175,0.52731,-0.59773034,0.33029935,-0.37347487,-0.07765952,0.28626764,-1.9215351,0.41807768,-1.1817223,1.168265,-0.8504926,-0.22411293,0.47376183,0.82383186,-0.60652286,0.35818297,0.14360613,0.08766847,-1.4879329,2.5920782,1.6363643,0.27726492,-0.90914613,0.95824707,-0.53549534,-0.8252488,1.9664325,0.38104522,-1.1868815,-0.09670198,0.06923439,0.35856193,1.5937463,0.3394666,-0.055987887,0.63400173,-0.26240173,1.9797006,-1.9703138,-1.4030151,1.038755,1.8011087,0.19360434,-1.0811781,-0.46955612,0.6528127,-0.026182013,-0.63471967,-0.16047618
1.5637225,-1.0279729,1.0119634,-0.11181897,0.87173015,0.5495129,-2.616992,0.55819476,-0.19989978,0.2616719,0.9136978,-0.7057798,-1.5513948,-0.23008198,-0.75053483,-0.56228167,1.1517392,-0.6938034,-1.4710594,-0.04424982,0.99734336,0.816739,0.299948,-1.3791941,-0.6099116,1.6002665,-1.4247785,-0.8603845,1.2325103,1.0206348,-1.708346,0.11112985,0.20579055,0.26762506,-0.6607989,-0.8780166,0.41065645,-2.0255713,-0.30150497,1.0832207,-1.8400058,-0.079046875,0.4511074,0.9702817,-0.93322456,-0.23679651,0.12425533,-0.6797542,-0.6910975,0.47612888
-0.77443063,-0.736393,0.08048019,0.816935,1.1356491,-1.2332011,0.66035414,0.9446191,-0.47365737,-0.23289785,0.052355435,-0.40234587,-0.072120875,0.75074476,1.4597104,-0.8706506,1.3686144,-0.21763171,0.7006076,-0.18961957,-0.01120976,-0.12142123,0.48135218,1.5589932,1.0045154,-0.60674226,-0.4961187,-1.0717483,-1.9497323,0.1889533,1.6082965,0.9974794,-2.5942922,-0.22436413,0.17910972,-0.56445503,-0.06867789,-0.2869018,0.4953091,1.0795488,-0.3603691,0.6182057,-0.265027,0.3707665,-1.3745593,-0.80936736,-1.2727661,0.4372671,-0.4522692,0.6471685
0.6318083,-1.1720414,-0.3387063,-1.1898099,0.78098845,-0.11670312,0.48981917,0.25635386,-0.12767985,0.69438785,-1.421547,0.89674747,0.2962987,1.5076175,-1.5478375,-2.8514974,0.37580526,-0.32214746,-0.49568978,-0.19991352,0.8888653,0.5878229,0.65224797,1.3234068,-0.941883,0.72421974,0.5924192,0.09714851,-0.97874784,0.85437286,0.20318244,0.5181961,0.6431428,-0.1835605,-0.2616581,-0.1428047,-0.6790657,0.19872989,-0.2745114,1.788607,-1.9284614,0.72964656,1.2084004,1.1766809,-0.92383164,-0.57584053,-1.4833466,-1.2412144,0.31568238,-0.86817765
0.19029354,0.9634587,0.524958,0.7350291,0.6368236,-0.9427793,-1.5113636,0.93770105,0.23333539,1.2217758,-1.6115471,0.48051423,0.20945455,-1.925171,-1.2278032,0.07949415,-0.9918815,-0.8666303,0.9978466,-0.18617582,-0.27436024,0.60546196,-1.1809713,-0.3152547,-0.5396108,-0.048579384,0.0031935791,-1.602621,-0.54636854,0.40306988,-0.8256626,-1.0683707,-0.20619267,-1.250624,-0.75783193,-0.22864588,-0.3484753,-0.10120696,-0.7302889,-0.0676644,0.52898574,-0.7562795,-1.1719987,0.39908943,-3.2838593,0.690607,-1.2493242,0.0772146,-0.943154,-1.3660662
-0.24241449,-0.34176305,-0.35216314,0.36233053,0.53868663,-0.4930053,1.4178036,-1.4750384,-1.2356542,0.63103557,-0.5358697,0.12891865,-0.062437158,2.6503031,-0.7480359,-1.8367558,-0.6408051,0.8707605,0.07342279,1.2265061,-1.5153204,-0.18697391,2.1006794,1.4936676,-1.3887326,1.0865481,0.91057575,0.69582134,-0.7438643,1.0200952,1.8450878,0.6775543,0.2700077,0.54446554,1.6246822,-0.094514,-1.3248615,-0.16995522,1.5267901,0.65265745,-0.94973814,-1.1420436,-1.1699507,0.11024828,1.2299098,1.3984723,0.15345867,0.15746085,1.3789692,0.51004606
-0.28806153,-1.560571,-0.13533373,1.3678166,1.0133089,0.31724054,-2.452894,1.7569001,-0.4710408,1.5061235,-1.0847391,3.3566744,-0.014730546,-0.28547788,-0.74839705,-1.220888,-0.9305731,-0.18464893,0.6260456,0.2410211,-0.78808135,0.5657477,-0.57643914,0.7111127,0.9002703,-1.1036917,-0.47938222,0.0526212,0.113818295,0.27067322,-0.15648541,-0.25382385,0.974978,0.36544418,-0.8510598,2.1941175,0.3032284,-0.29024366,-0.92628837,1.0823362,-0.4647968,-0.4106355,1.1560993,0.7168312,-0.43802908,0.14670245,-3.055056,-1.6085911,0.0017340065,-0.111722976
0.5358579,-0.6189951,-0.10163934,0.21313001,0.52021873,0.31092685,0.11034654,-1.0095452,-0.8972403,-1.2984458,0.20629147,0.8501736,1.0084535,0.8598125,-0.11574571,-0.0077681574,-0.08405326,1.3471619,0.45533547,0.99795616,-1.246211,0.617147,0.99627084,0.07455212,2.4637704,0.523828,-0.3278098,0.8030319,-0.29586998,-0.12899722,0.77042204,0.3123182,-0.3017129,0.9525907,0.41289264,-0.15193568,1.9316927,0.12935106,-0.23240206,-0.08424685,-0.82549995,-0.2574742,-0.4465981,1.7240309,0.41305846,0.5640126,2.2183,-0.1504616,-1.3182286,0.14686655
0.36915502,1.1045938,-0.04069909,-1.4872301,1.2468059,0.21842411,-0.8247639,-0.28277066,-1.284198,0.5208583,-1.9509487,-0.4550417,1.0428406,-0.55349046,-0.19141817,-1.1031889,-0.9889772,0.563594,0.052638706,1.2704867,1.5269512,2.2737875,-0.21757732,0.6424348,0.14281592,0.16853754,0.26719725,0.7978239,-0.72568095,-0.95023805,1.3369497,1.0240042,0.18452717,-0.057716575,0.20962036,-0.5248625,-0.11423185,1.4854271,1.881528,0.6528748,-1.3904486,1.2137334,0.18783627,-1.1006088,0.46945325,0.6198008,-1.2058039,0.0137673095,-1.5997281,0.99500275
-0.08533587,0.69555646,0.62138045,-0.9617694,1.6699182,-0.1764856,-2.0543828,0.76538056,-0.38969988,0.81812733,1.4582962,-0.18616597,-0.84061843,-1.2424784,1.1239505,-1.1528713,0.3646502,1.2326394,0.8040784,-0.52819765,-1.0641265,-0.09808989,0.19789416,-0.21943726,0.85334873,0.8907199,-0.77195513,-0.9588576,-0.6778127,-0.008246918,1.416184,-0.12068318,-2.299288,-0.21486121,0.42795995,-1.139637,-0.50557005,1.1003493,2.2823625,-0.11856194,0.15811136,0.005490793,0.36571014,-0.110433385,-0.8083827,0.33708993,0.022686489,0.3828115,-0.816321,0.557338
-0.40188643,0.8271766,-0.05612017,-0.5661203,-0.5900565,-0.6414026,-0.76748914,1.2175604,0.5511939,-0.6303212,0.34854046,-1.7794622,-0.6131837,-0.22581531,0.3207401,0.19083455,0.45680758,1.4030687,-1.5399934,0.26714218,1.4923571,-1.642967,-0.9694929,-1.8059877,0.93688256,-1.0121573,0.31374237,-0.19574408,0.19866753,1.3087453,-0.7053093,0.51947445,-2.2924662,0.48655877,1.4744962,1.7936473,-1.5777692,0.40936732,-1.7376894,0.074062236,0.977662,0.6929773,-0.2626009,1.3771235,-0.77409,-0.19853579,0.48324773,0.89682275,0.9366783,-1.8891119
0.23139814,-1.4068232,1.0137842,-0.2978253,-2.591124,-0.17729655,-0.5554372,0.32948717,0.6645594,1.7663747,0.8491017,1.1575989,0.51231897,0.16640635,0.6937616,-0.97018343,1.2231426,0.45215675,-0.59264743,-0.32902437,-0.28942645,-0.23837487,1.0212657,0.2803576,-0.35155544,0.32327622,0.7714003,-0.06950434,1.1796682,-0.5380793,-1.0936228,-1.7032652,0.39493012,0.81107664,-0.080276944,0.82160234,0.50141245,-0.07545959,-1.4642569,-1.2473183,-0.09097284,0.2181854,-0.83200836,1.1872276,2.1127505,-0.2703287,1.1717784,1.4535209,-1.49641,0.117005914
1.5348371,-1.0310506,-0.3161078,0.39214993,-0.59573096,-1.0728701,0.9390208,-1.6899554,0.929538,0.049938824,1.4989812,-1.7432612,-0.42350674,0.39773744,1.3704394,-0.8605239,0.065414205,0.5362484,2.3385484,-0.023045829,-2.9551086,-0.17215808,1.1776133,-1.177117,1.5962746,1.2025818,-0.08892662,-0.43062514,0.9756221,0.9443566,0.058131583,-0.36393878,-1.3607424,1.6974783,-0.9149358,-0.47456306,0.7572015,0.18774198,-1.5509416,0.17975514,-0.6129134,0.55409396,0.46786183,1.5113212,1.2863581,-0.6859312,0.48085105,1.9287066,-0.7424283,0.5523172
1.1431643,0.4458789,-1.3869425,-0.8695583,-0.52685964,-0.58170074,-0.5222456,-0.53352356,-0.4685632,-0.41342577,0.3235198,0.9781577,-0.46465546,1.3679589,0.7534659,1.5902412,2.13369,0.48272833,1.1351545,1.0771445,0.39839086,0.4163138,-0.52340955,-1.0995575,0.9360839,0.35931808,1.0333444,-0.23472713,-0.77924997,-0.46039262,0.34135115,1.1484329,-0.65652853,1.7015159,-0.6245533,0.69376343,0.04953531,0.18511951,1.1375065,0.2173248,-0.15923493,-1.2434583,0.359917,-0.3391393,1.1068684,0.13630545,0.37500075,1.2264212,0.9107665,-0.08616023
0.85529923,-0.2404041,-1.1600739,-0.086343065,0.84161085,-1.4571856,-1.4899254,-0.15299837,0.37265816,1.4697452,0.46334064,0.6650453,0.23313804,0.5325755,-0.2060775,-0.402774,0.46092832,0.33981866,-0.13634668,-0.59492314,0.16842313,2.5811765,-0.9862364,0.5356885,0.6649863,0.4090625,0.617652,0.32376322,0.1291583,1.124519,0.9095394,0.6294415,1.2553307,-0.6814562,0.2488969,1.0152825,0.7222195,0.09599932,-1.5971462,0.1865937,-0.7876439,-0.5437286,-0.49366522,1.1160747,-0.67961234,-0.34639996,0.8716801,-0.6319567,-0.32015175,0.9530811
1.8239461,-0.53512675,-1.4163439,0.2564599,1.2153804,0.9449979,-2.364594,-1.3778205,-1.5805392,0.6232023,0.27149022,-0.68051845,-0.43854773,-0.17057684,-0.7123045,-0.22936758,0.5111348,-0.13618566,-0.43428835,-0.07734531,0.3255893,-0.88937634,-1.5648013,-0.106764115,-0.5248751,-1.2605128,2.1368656,-0.33933178,1.4366282,-1.9794197,0.808662,1.2385267,1.5436649,-0.1713637,1.7230365,0.86623406,1.4088817,0.6475735,-0.73523843,-0.91492623,1.8131304,0.8298986,0.29681626,-2.239977,1.3394368,0.83051,-2.1500187,-1.6006973,-0.93023586,-0.46978727
-0.34018967,-0.87671,-0.19334048,-0.0015356517,1.8566176,0.38562196,0.6489866,-0.3088941,1.0445237,-1.2498084,-1.1230314,-0.6202869,-0.68494534,-1.0078422,1.624705,-1.3216685,0.56007487,-1.0518258,1.7355026,-0.10796641,0.16525772,-0.89842844,-1.8340356,0.7972082,-0.7335617,1.5173111,2.031032,-1.276149,-0.8842972,-0.29555035,1.5477355,0.22422473,0.04059385,0.7838813,0.2978454,0.36267275,-0.96338814,0.252793,0.88475627,0.7083798,-0.4292825,-0.3103479,-0.8412375,-0.8488478,-1.4621133,0.011113643,0.7777603,0.18358858,1.2965041,-1.0991219
-0.12894994,-0.023893218,0.060872845,-0.8236503,-0.41195598,0.7384404,-0.6696082,-0.19037852,-2.9134967,-0.84491456,-0.29525903,0.7776996,0.32429275,2.8450074,-1.4457494,-0.74064,0.7137138,0.77932,-0.6259392,0.5061189,-0.2474783,0.26083302,-1.2438315,-0.14230432,1.7154428,-1.5708781,0.7909117,-0.24899228,0.72651994,1.1418234,0.039944,0.6543447,0.9162319,0.16951542,0.23850124,-0.97966295,-2.641466,-0.08296083,0.42664984,-1.1172682,-0.25042045,1.5529315,-0.39413366,-0.5721766,0.9384923,1.6752473,1.0430986,0.65326095,-1.0589255,-0.25673375
0.5700197,1.0137018,-0.9111294,-1.0087011,0.62499386,-0.24223723,0.43584806,2.1378546,1.7268896,-1.355338,-1.0824533,0.35498103,0.37808782,0.77373004,-0.55178034,0.95174414,-2.0717165,-0.20552216,-1.744377,-0.17683485,-0.5362305,0.0696051,0.3302792,0.7614466,-0.69698274,-0.56915814,-2.0254264,-2.117217,-0.44552627,-0.9333158,-1.0027716,-1.371695,-1.3450116,-0.99602973,2.1837647,-0.86909163,-0.23470087,1.5560814,-0.62714595,-0.27857143,0.9618369,0.36522362,-0.7816508,0.041717388,1.0529656,-0.85680306,0.8679576,0.31501037,-0.055155803,-1.5121398
0.45081297,1.0527813,-0.84724724,-0.6303683,-2.5703654,1.5758758,-0.7092982,0.509967,1.8394835,1.2145034,0.8794886,1.4413452,-0.37181512,0.6731056,-1.4848096,-1.3155628,0.38494712,-0.211761,-0.6930104,0.37889567,-0.6806525,0.87846893,0.9194474,0.37168622,-0.100252315,-1.6262201,-1.7374464,-1.8240855,-0.2998125,-0.4645646,-2.589462,-1.4286618,-0.07175703,1.7685074,1.178518,0.26265925,-1.3002839,1.3836774,0.2564923,-0.8275391,-1.5810587,1.1050414,3.1411865,-0.11932157,1.3548322,-3.5693374,1.1377355,0.3135673,-0.82000977,-0.38390368
1.0926989,0.17654105,0.8278108,-0.9092675,0.18560423,-0.9173428,-0.12753718,-0.08069729,-0.7804912,-1.098074,-2.1532168,-0.35624808,-0.73785514,-0.09433793,2.0290303,-1.4167054,-0.07945313,-0.7455515,-0.5200505,0.5639542,-0.9405512,0.7739827,0.1033778,-0.63892317,0.7668958,-0.0075128837,-1.1402879,-0.46320206,0.7430537,-1.719137,0.826081,-0.30777976,0.28454772,0.64912045,0.13818389,1.9937435,0.1923043,0.47417173,-0.9092195,-0.4713091,2.121266,-0.52166265,2.3109183,1.065951,0.8402329,0.5581548,1.1367997,0.98290616,1.1240628,1.0661178
1.1321458,0.8200853,-0.8771955,-0.024177888,-1.205112,-0.47299817,-0.08539947,0.2899423,-0.36760882,1.2287296,0.32431784,0.80745035,0.083433114,-1.1644481,-0.98072463,-0.910883,-1.8582013,-1.5887947,-0.13827835,-1.258993,0.10628392,-0.5266526,-2.135671,-0.26575622,0.33340502,0.35726714,0.76583165,0.34699002,0.09230831,-0.0644481,-0.71745104,0.6697283,0.21307187,0.010817551,0.52504,-0.5195333,-0.35165408,-0.29908735,-2.602473,0.7170916,-1.7137278,0.10236856,-0.19731618,-1.2801614,-0.41273457,-0.77369887,-2.2315714,-0.41237953,-0.7114615,0.15334591
0.069966435,-0.5101388,0.3480154,-0.47798508,-1.9292479,0.15352736,0.6261791,0.47666854,0.2281128,-0.9968787,0.55170816,-0.9669211,-0.47753325,-3.183408,-0.48844936,1.375118,1.159736,0.62872034,-1.3820169,1.3007929,-0.6116047,-0.697245,0.13608381,-0.78056926,0.5264148,-0.37900653,-0.47719234,-0.10691929,-1.5631268,-0.9489204,0.15800968,0.21347274,-0.896162,-1.1929177,0.32585067,-0.5579428,1.0377617,0.2069284,-0.74510527,-1.0385711,-1.9462196,-0.110591836,-1.058832,0.8342563,-0.1962507,-0.5908821,-0.8099819,1.2213176,0.29281077,0.5342716
-0.29355708,0.98770815,0.48371154,-0.25028,-1.3960125,-0.76965606,-2.2873352,-1.5285534,-1.1943246,0.18266849,0.49630696,-0.02278751,0.78623223,-0.6655306,-1.0580841,0.81756675,-1.0883465,-0.71499085,0.5380863,-0.6449728,0.6041644,-0.2140276,-0.10877061,0.45977476,1.5030129,-0.18403392,1.4849855,1.0190983,-0.6292079,1.0572181,-0.92688596,-1.8319092,0.99827486,0.7681366,1.1261781,2.0096486,-0.49872503,1.3103703,-0.96971875,1.616615,-0.18428905,-1.270967,-0.149902,0.7260924,1.1452048,-1.122778,-2.1065972,-0.18796638,-1.0038844,-2.1117384
-1.4369292,0.16463847,-0.52731174,2.2721994,-0.19237301,-0.26740736,-1.6069319,0.12544014,-0.6516951,-0.607413,0.5231225,-0.354148,-0.8687876,0.38205865,-0.5559962,-0.6973216,0.7371849,-1.4217601,-0.24477656,-0.62436223,-0.5842025,0.017980406,-1.5592848,-0.5463835,-0.9610065,1.1653194,-1.0170292,-0.2832662,-1.1742219,0.13805762,-1.6040502,1.8010699,0.40786138,-0.81580585,-0.11662311,0.0027394402,1.6496633,1.159684,-0.56391877,1.0013118,0.18979934,1.1374497,-0.086214356,-0.78872067,0.5539908,-1.5628201,-0.9492739,0.7007299,0.10177091,0.41024962
-0.32957667,-0.9494882,1.2627037,1.0569452,-0.97961956,0.77113944,-0.36446992,-1.8226333,1.7428735,-0.2014571,0.1396058,0.69523025,-0.5928866,-0.8605277,0.9462248,-1.178644,1.7015522,-1.0917108,1.1216956,0.3239519,-0.6190542,-0.503308,0.99740326,-0.20733161,1.2854165,-0.4927361,0.82003003,0.88637125,-0.37202948,-0.82081103,1.3177017,-0.3515623,-1.4370514,0.040469788,1.4201711,0.96975327,-1.0130188,-0.5649032,-1.0888594,1.5935696,2.5464365,-1.9928201,-0.09602832,-2.3329546,1.6505457,-0.19066037,0.78119653,-2.3201008,0.9860824,-0.57169926
0.70061076,0.95747054,-2.0105565,0.48767263,-1.8860862,0.062861264,0.564574,-0.69192696,-2.064423,0.32904178,-1.0408717,-0.9871117,-1.613975,-0.77843016,-0.010215506,-0.3077651,-1.1794078,0.48278028,-2.1977615,-0.7468614,-0.7879951,1.0030075,-0.23039657,-0.23846485,0.06359279,-0.057953592,0.48579624,-0.6403933,-2.1874173,-0.28800818,-1.1802821,0.2890692,-0.5833553,-1.5900409,1.1585057,0.21733187,0.2039708,-0.24120745,-1.155744,0.40041462,1.0845504,-1.6493429,2.1420317,0.30712512,1.494597,-0.9468484,0.35039017,0.23261857,0.8094828,-1.2481338
-2.0972717,0.26830062,-0.54965144,-0.21042167,-0.81880134,-1.4597137,-0.8049304,-0.5908374,-1.608349,2.0677733,-2.4442403,-0.3900044,0.8333058,0.8880041,0.41010383,-0.12550475,-0.07964072,0.24585307,-0.07747927,1.2999192,-0.9719236,-0.42750362,-0.3143808,-0.5017752,-1.0405059,0.7174829,0.9361749,0.72387457,0.08551614,-0.34851563,-0.03454287,-0.03569261,0.016044328,0.77877337,0.1085029,1.3664236,-0.7858095,0.5937261,-0.34266493,-0.11437053,1.4452761,0.7895417,-0.2631158,-0.50019,1.7256631,-0.76634175,-0.29903233,0.38149485,0.7278388,-0.7309303
1.8841392,0.7459865,0.13681068,0.7045327,0.01905417,-2.0494273,0.023367163,-0.2018183,-0.57386553,0.67443603,-1.5243008,1.2149498,-0.58108026,0.018298136,-0.054802086,-0.4510182,-1.8559929,0.3453274,0.083064504,1.7536954,0.40018106,-0.48107007,0.52301806,0.3469917,0.20899266,-0.1553735,-0.36701527,0.8895941,1.7242348,0.028350148,0.2561276,1.9301442,-1.0564065,0.09503832,-1.1414685,0.19324312,0.8151716,-0.8335297,0.35653305,0.71249795,-0.27271348,-1.380573,1.0738668,-1.6159078,-0.73088765,0.1612085,0.24547969,-0.27022704,0.034512255,1.2753363
-1.3259897,-1.7617021,0.1603183,-0.7926607,0.39728594,0.54264146,-0.6304717,-1.1761482,0.7716386,-1.6832107,0.9183252,-1.467525,1.1921073,0.11539332,-1.1005764,0.9844982,-2.7759626,-0.25509247,0.24022113,0.26099026,-0.8707834,-1.4537127,0.4298259,0.7481038,0.24468483,-1.887917,0.17807582,0.6052531,-0.52188337,0.18414703,0.07680773,-0.34680802,0.13208029,0.77470565,1.4458566,0.8146755,-0.5848012,-0.0827818,-0.7854059,-0.24496396,-0.090287365,-0.5990624,0.56182224,0.41690943,0.10609591,-0.39136574,1.159631,-0.17355023,1.4596908,0.73505086
0.98090637,0.11202446,1.4933969,-0.691584,-1.8305812,1.15889,-0.35200658,0.15155788,1.6068442,-1.1403664,-0.98425204,0.20885268,0.50225586,1.1306505,-0.17858814,-1.8076297,0.11487398,-0.8028772,-1.2522644,-0.13284646,-1.1133386,0.31983763,0.42995396,-0.40722594,-0.39512268,1.3874038,0.35602516,-1.2272125,0.64540803,-0.5765858,-1.5863054,0.23750448,0.45113346,0.4077236,-1.301732,0.82067925,0.003187199,1.2715278,-0.044520285,-1.4310209,-1.2115409,0.047018755,2.6045272,0.79955375,-1.1216611,1.3521788,-0.86203265,1.6011767,0.1961122,1.6246078
1.757662,-0.7861202,-1.0584687,-0.30655873,0.08982491,-0.5744814,-1.0734773,1.8145651,1.6233425,1.2344217,0.9650475,-1.9454496,0.35927728,0.24882431,0.76651925,-1.1449175,-1.2333584,-1.1253586,1.1176424,1.0800381,-0.3975972,-0.7887547,1.399533,0.78834325,-0.34475225,0.37079126,0.72298414,0.3251779,-0.8443298,0.6594433,0.3669685,-0.11290567,-0.37843236,-1.0641507,-0.33098343,-1.0604008,-1.8724567,0.58299065,0.153577,-0.23616491,-1.1868641,-0.8576428,0.5500086,-0.5558641,-1.2795614,1.0422593,-1.4733913,1.1074295,1.0381162,-0.566978
1.6148689,0.32408023,1.5937456,0.33891642,0.32173616,-0.94108784,-1.6199915,0.63391644,1.0545902,-0.2736228,0.28214118,0.37665492,-0.16959755,2.0821366,-0.05428331,-0.93912256,-1.2983192,-0.8974146,1.7351961,-1.4909703,0.4461999,-0.33087572,2.4974437,0.36886704,0.37025803,0.42795706,-0.35693738,0.18949799,1.3557563,0.927027,-1.543743,-0.08757265,-1.9583045,-0.76944613,-0.90381336,0.13560694,-1.7365677,-1.0909191,0.32132047,-0.3197999,1.1915592,-0.69609743,0.38930032,1.0142765,1.311365,0.17376705,-0.40640137,0.3430147,0.30002636,1.0982046
0.9567495,0.08785062,0.86221504,-1.2435083,0.06721104,0.42665806,-0.713833,-0.48050427,-1.6729178,2.3764591,1.284546,-1.0368894,0.14428958,-0.81694114,-1.0524364,1.3988839,-0.7837206,0.7253627,-1.2948384,-0.11072347,-0.6932807,-0.31503958,0.76749605,-0.43577218,-0.25915262,0.47168463,-0.44949308,-0.5604569,0.42109266,-0.5143767,0.3193399,-2.180953,-0.5865879,0.5913195,1.1117119,0.020640004,-1.6114066,-0.16720234,0.2798154,-1.5480524,-0.4306607,1.9894074,-0.6500066,-0.40857893,-1.0317245,-1.115513,1.9936076,0.1100808,-1.6037434,-1.2743998
-0.65392685,1.3782076,-0.6537044,-0.7603691,0.07225792,0.5934179,-0.88625425,3.2257597,0.4464357,0.15977347,-0.4043314,2.4809148,-1.0526285,-0.6341494,0.01027502,0.010255932,-1.2006667,-0.96799123,0.13392603,-1.6276541,-0.13032643,-1.4551982,0.6158687,0.2568879,-0.05162412,-0.22070102,0.4001938,0.53569597,-0.6625133,0.83599436,-1.1092753,-1.1541967,0.0334884,-1.0956335,-1.3182033,0.043160528,1.8182861,1.2744591,1.405868,0.07351881,0.6870704,0.6215474,-2.87286,0.21890524,-0.3341111,-0.7045263,-1.074325,0.79498523,-0.8666739,0.37876433
3.1454966,0.045988202,-0.2580507,-0.31592923,0.5979931,1.0877856,-1.2484963,-1.4535024,-1.050944,1.6377401,1.1958522,-0.2893855,-0.112998754,-0.54641926,-0.43702176,-0.9926841,-1.3973638,-0.1085664,0.37545267,-1.7626574,0.7240799,0.08681224,0.9822881,-2.2456772,0.086314596,-0.40767786,-0.23471364,-1.4869065,2.3579838,1.5129043,-0.7523797,-0.40629524,0.8515056,1.8949484,2.4053872,0.09337997,0.42548993,0.17972016,-1.2366474,-0.92233163,-0.19733347,0.25647715,0.25964385,0.3221027,1.0261124,-1.449057,0.20424773,-0.8741351,-0.6244023,1.0669135
1.7039518,0.16014314,-0.9940179,-0.5275088,1.149064,-1.163922,-0.6693065,-0.4236019,-0.21655357,1.4232055,0.97903824,0.2045551,0.7163548,0.6013474,1.2001681,0.13070433,0.9494452,1.1199352,0.4073027,0.98915595,-0.5507535,-1.3817623,-0.5061869,0.262133,1.2236575,-2.4614341,-0.48373944,-1.0549163,0.5707578,-0.26203504,-0.34606665,0.97463125,-0.82614046,1.7033721,-0.38509777,0.9016784,-1.4739815,-0.22505167,-0.27175045,1.9316849,-0.40203255,-0.9284197,0.050442647,2.1923928,-1.3172355,-1.5761113,-0.42730093,-0.12938288,0.43027532,0.122805916
-1.0834241,-1.2464591,1.2224408,1.1442536,-1.0488542,0.64068943,0.94213945,-0.86608183,0.1045061,-0.010247826,-0.29796073,0.14766125,0.6660252,0.27690694,0.54622734,1.1181307,0.90393794,0.028483935,0.2350992,0.33532888,0.7458412,-0.7162807,-1.825189,0.1768891,-1.8223622,0.70555013,0.86469406,0.20639683,0.16647778,-0.51546574,-1.1939595,-0.5214406,1.8438815,-0.2964857,-0.24267265,-0.98760486,-0.93266284,1.607969,0.03172398,-0.4625961,-0.8164242,-0.62269825,-0.7446147,0.826023,-0.8527502,1.6829104,0.9979102,0.30931264,1.2003027,-0.044203173
1.4173067,0.5631717,1.0494105,0.23046987,1.2079688,0.18404616,0.056220494,0.8915426,-0.95264685,1.4438542,1.4090226,-1.1581514,0.0809107,-1.0325007,0.7498463,0.15820083,0.7178419,-0.2755244,-1.4677583,1.0391653,0.1797871,0.5039905,-0.76898587,-1.6502932,-0.20465934,2.2387502,0.72501534,-0.5830149,-2.1513176,1.2531413,-0.598309,-1.1923,1.3243201,-0.06583452,-1.5142293,-0.17165676,1.9855132,1.9865447,-1.1865774,0.8562839,0.85478383,0.620366,0.5356376,0.46110383,-0.49465877,0.9739294,-1.1764606,0.60427403,-1.4135448,-0.0153617505
-0.75899774,-0.9362983,2.032263,0.80298924,1.0021687,0.872305,0.35055238,-0.40197915,0.25026998,-0.6596783,-0.65719694,0.28102228,-0.36850637,-0.13204007,1.4429336,-0.088737205,-0.2593491,-0.8743768,-1.7103493,-0.9410679,1.0216852,-0.29774278,-0.49961132,-0.08368933,1.7653185,-1.1909722,-0.36510608,-0.5251788,-1.0939283,0.6758465,-1.1633383,-1.1296687,-1.119055,0.20018122,0.3729138,1.2284571,-0.30588257,-0.19729182,-1.5047235,-0.1269178,-0.43335354,1.4294367,-1.6271158,-0.54468906,0.51360667,-0.6144347,0.36790755,-1.788678,-2.327449,-1.5797185
1.165563,-1.6966336,-0.5092354,-1.1637905,-0.33244726,-1.5246546,-1.9860356,-0.44835156,-0.050563682,-1.376756,-0.6155887,1.4200549,-0.6743495,1.1953079,1.4081339,0.111088626,-1.4502479,-0.5276815,-1.2011021,-0.7443839,-1.2005832,-1.0191756,-1.2919487,-0.33296692,-0.00498259,-0.4414611,0.22471286,1.1295053,0.9384396,2.0545104,-0.64690816,1.1640415,-0.22309038,-1.1511922,0.10250622,1.4018253,0.04065197,-1.889026,1.2408279,-0.8139187,-1.4121224,0.26472434,0.47365376,0.05464964,0.59387517,0.66620386,0.8271018,-1.5061715,-0.9817324,-0.5275447
-0.1956421,-0.5899453,2.068886,0.10048469,-0.77231866,1.4978687,-2.6137116,0.14127217,-0.4969809,-0.2780519,0.5822355,-0.1263327,-1.0973856,-0.8071273,0.45611268,0.38366485,1.7394149,0.5359778,0.06006393,-0.16846299,-0.1686208,0.35118124,-0.99717814,-0.61658776,0.67074203,0.7935892,-1.7413194,-2.599198,0.4937369,-0.9593509,0.8429183,1.5123823,-0.35812646,-1.6704351,2.3988264,0.025949318,0.7121162,-0.36426672,1.6374685,1.330451,0.6264794,-0.027773585,0.15495537,-0.67120963,2.932582,-0.48152512,-0.6845402,0.44000423,0.66150516,-1.2570685
0.6684876,1.9542295,-1.3433691,0.5763963,-0.13332905,1.4223875,2.0716875,0.825087,0.5601563,0.6310994,1.0478933,-1.3966097,-0.105187885,-0.9421364,-0.6709662,0.94110733,-1.0145347,-0.9068256,-0.01608894,-1.0194286,1.6367196,-0.020840466,0.01915369,0.555573,0.4135241,-0.03708757,-0.40331978,0.070586696,0.20988816,-0.22145092,0.33842736,-0.21194825,0.49054068,1.239373,-0.8667021,0.6973945,2.521119,1.6548134,0.4773293,-0.8997701,0.0056189965,-1.4782296,-0.9223419,-0.12415972,-1.5942911,-0.7512499,-0.31032825,-0.8147852,-0.16997123,-0.19103307
0.9864802,0.086540595,1.9557749,-0.017410986,-2.1658163,0.5427716,-0.83506703,-0.537664,1.715733,0.50135106,-0.70377916,-0.2411756,0.7535271,0.27392113,1.1583099,0.7847168,-1.3524909,0.013787035,-1.7769673,-0.81593275,-1.1066713,-0.004657368,-0.1098666,0.19148071,-0.68891317,-0.7142192,-0.6672405,0.31325832,-0.79892844,-0.12919796,-1.18765,-0.08344677,0.18562281,1.5821109,0.41624856,0.2938562,-0.534607,-1.4543985,-0.8009246,0.60111815,0.14426495,1.2592931,-0.36830592,1.4280893,-1.5357549,-0.43096834,-1.1813347,0.13679838,-0.39231694,-0.58369917
-1.384819,0.0638233,0.46986875,-0.41358507,-0.17215894,0.5889584,-0.9907749,-0.8593507,-0.2869801,1.3814192,2.4722419,-0.079477124,-0.13175689,1.0612074,-1.0082066,1.2414769,-0.55716276,0.95628417,-2.5259306,-0.15222052,1.8198347,0.18110856,-1.1919616,-0.5712098,0.6207984,0.33606058,-2.3831856,-0.3944485,-0.3107444,0.640662,1.5486475,0.91918105,-1.0050792,-1.1273941,-0.7623822,0.49020955,-0.42263368,-0.7705681,0.81244034,0.5550852,0.12987587,1.322093,0.20538715,0.04708223,-0.8258969,0.82596207,0.37503812,0.087482624,1.4683595,-1.6404318
-0.48202354,0.05894777,0.42015836,0.65371245,0.15861118,1.1692426,0.8361718,-0.94202924,1.2875999,-0.45372468,-1.221163,0.58866644,0.7904924,0.15732026,0.27342248,0.53934866,0.7906438,0.15006089,1.3299673,-0.059674706,0.30977568,-1.1999384,-0.13303338,-0.4074892,-0.6431803,-0.026378872,2.1811197,-0.12102455,-0.5403518,-0.5118004,0.5192323,0.25644392,1.0894666,-0.75860614,-0.79991066,-3.171406,0.72739834,-0.35901245,-0.42348367,0.4030138,1.8780586,0.21781406,-0.60702485,-0.34485817,-0.9675685,0.14053719,0.56006366,0.61869496,-1.5041484,-0.4803377
-0.7368342,0.92065537,1.0961347,0.19953881,0.0071400814,0.30769724,-1.2211488,1.2654666,-1.935472,0.59832704,0.051310197,1.4336462,0.2174374,1.4329377,1.5986387,0.7991693,2.1756806,-0.0006114563,0.9063936,-0.5010005,0.553191,1.3182932,0.31504312,0.13071218,-2.111408,-0.5548955,0.03402044,-1.7111778,0.13496795,-0.084619544,-0.27783078,0.7693325,-0.23533379,-0.22781213,-0.012910096,1.675698,0.24025434,0.046129853,-0.8830001,0.3513318,1.0323526,-0.7402207,0.7899954,-0.0841246,-0.5378731,0.7329654,0.22349583,-0.2930879,0.029237574,1.1644785
0.9726638,0.991342,-1.2973509,-0.40005687,1.0126189,0.0063516255,-0.7623147,-0.48923075,2.0757391,0.5561595,-0.77915937,1.5662494,0.9037142,2.5465372,-0.2910051,-0.40029135,-0.16617802,-1.748301,1.1097884,-0.67004615,-0.19880447,-0.40335086,1.1143134,0.0038545874,0.017920205,-1.0049039,0.105723396,0.5097564,0.38982034,0.7017109,0.42737564,-0.20117857,0.29365537,0.14061847,-0.03370866,1.8144027,0.6053814,0.03354175,-0.2549495,-0.70047325,-1.6445694,-0.34951952,-0.91726387,1.7534254,1.0767304,0.5732486,0.62601715,1.1445391,0.6413282,-0.38227895
1.0008569,1.2036294,-0.9124875,0.049605407,-0.2780669,1.2938992,-1.2875724,-1.3118362,-1.1284784,1.6779988,-0.41558272,-0.9358388,0.0038899798,0.8858705,-0.42932397,-0.8706238,0.23006263,-1.8801423,0.014819791,-0.5440022,0.48929018,-0.52742827,0.6349149,-0.9538851,-0.18680692,1.4287424,-0.99140024,1.3095528,1.6398554,0.06765881,-0.9643666,1.3250065,0.53626317,-0.4046299,-1.9910834,-0.31534442,-0.020303093,-0.78428906,-0.26273546,-0.6234384,1.3048835,0.7510649,1.3069963,1.101928,-0.75220686,-0.45112973,-1.0981028,-1.1126937,1.7118201,0.7118698
-0.4630184,0.103206046,-0.9815236,-0.10156853,0.84431636,1.2955056,0.6710233,0.46604347,1.1942358,0.6432757,2.8097277,0.6259913,0.32056862,0.40173477,-1.3711379,-0.9871633,1.2750055,0.9898366,-1.1022284,0.88790864,-0.3377316,-0.6782757,-0.08831431,-1.4497126,0.56179166,1.2941617,0.27730468,0.16944689,0.1840295,-1.7635447,-1.2633805,-0.736111,-0.8106618,-0.32474053,2.1087584,-0.10277202,0.7177138,-0.5382712,-0.507994,0.9938509,0.98415154,-1.665964,2.1516387,1.0051861,0.6418038,0.0033770907,1.416019,1.6285046,0.8166482,-0.5260634
-0.22693688,0.42380837,-0.06907123,-0.6288714,0.44407868,1.4946134,0.38338834,0.92390275,-0.24482098,1.6782275,-1.3935055,-0.52499735,-0.25344858,-1.749158,0.19323766,-0.6362821,-1.697395,1.4416118,0.69403565,0.3428035,0.5703067,1.5075965,-0.00012242064,-0.08241338,-0.37244225,0.720411,-0.6321377,-1.7988547,0.13848542,-1.2003506,-0.20683599,-0.057672866,-2.158003,0.5485951,-0.57676107,0.21492174,0.003365629,0.100833826,0.89401066,-0.14521858,-1.8587465,1.6494659,2.5948255,-1.5149612,-1.6220084,0.34871984,0.31533474,-0.74860466,0.020217186,0.26347122
0.17510119,-1.052042,-0.03919701,-0.83366954,2.2804577,-0.50797695,-0.40476894,-0.1158014,-0.7940755,-0.51515913,-1.2753364,-1.4986845,-0.030056877,0.20689501,-1.6430949,-0.8679482,-0.6855804,-1.078749,0.004676428,0.5240131,-2.0035796,0.18589877,0.96217877,0.7310237,1.0827923,-1.851879,-0.7786154,1.2797691,-0.13826062,-0.4868624,-0.4373004,0.4082101,0.711896,-0.67103386,0.053988695,0.08718061,-1.3898133,0.023308182,-0.025835762,0.96031946,-0.75866574,-1.1853069,-1.1118566,0.75013196,-0.8706359,-1.1858497,0.52964747,0.45781997,-0.27125546,1.2663169
0.9414909,0.22195835,-0.48414764,0.20197015,-1.7740953,-0.49979442,-1.7597542,0.5668787,-2.393468,-0.79259264,0.94315785,-2.5052636,2.6565752,0.081995316,-1.2735727,-0.7431264,-2.06583,0.74140596,0.700557,-0.5783808,0.9015424,-1.6690917,-0.85217905,1.0650396,0.9393543,1.0557464,-0.081402175,1.4687847,-0.27768078,1.4686308,-1.6809102,0.076718114,-1.4784005,-0.24079512,0.5039746,-0.5488381,-1.0191281,0.3213108,-2.3879275,-0.5597658,-0.75926405,1.1316091,-0.89131564,-0.56089455,-0.8013444,0.10380391,0.0067369645,0.4981368,-1.526457,1.2837567
0.014663877,1.1435806,1.0175419,-0.47668013,-1.297463,1.1822867,1.1010675,-1.4638742,0.32096827,0.3972777,0.9551428,-0.25355744,0.6888822,-1.0310371,-0.31138295,0.19958092,-0.52000004,0.31764555,-1.4187782,1.4606061,0.6722802,1.9029348,-0.4338467,1.0899905,-1.0220836,0.7297566,0.0084104035,-2.17824,1.0449742,1.0374115,0.10136181,-0.114030875,0.46847218,-0.40409744,-0.10567554,-0.28361318,1.0368662,-1.4398273,-1.3306805,1.9899439,-1.3970118,1.7846903,0.15093245,-0.60413694,0.73446757,1.1861469,0.65046287,-0.007038816,-1.9201165,-0.6944173
0.76322955,-1.553941,0.50392693,0.078406274,-0.9046329,3.2870057,0.69812995,-0.2318783,-0.76568025,0.9111142,0.5783976,-0.27845564,-0.62026095,0.56925166,0.072988,-0.082869686,-1.014121,-0.05319739,0.99054486,-0.38847497,-0.35243422,1.0953797,-0.13797803,1.0462134,1.2135782,0.5294506,-0.5328301,-0.07111087,0.9686037,-0.1497729,2.3655634,-1.2285198,-1.3004392,-0.1673926,-2.5140455,1.5248163,1.6018597,1.7315524,1.6754787,0.24831967,2.2142982,-0.37951863,2.0458755,0.32313174,1.6204585,1.6844648,-1.1392696,-0.54899955,-1.8399075,1.721954
0.5718484,-1.0487857,-0.056339793,-1.6013834,-0.26002413,-0.82951075,0.55269194,-0.06025156,0.040192083,-2.3908958,0.0020369873,1.0942551,-1.5762804,0.7995632,0.2787309,2.2371223,0.14019255,0.47518745,-1.006428,2.325185,-0.81503886,-0.2271287,0.7252124,-0.24824238,-0.23779364,-0.44869745,-2.003136,-0.7059922,-2.1617162,-0.06418208,0.27784193,0.30851585,1.0594448,1.724897,-0.04543858,0.35241607,0.2292379,-0.82235485,0.24176085,1.6870323,-0.21785173,-0.72260755,0.8644855,-1.6717169,-0.6348013,-0.69013405,-0.7748962,-0.04636987,0.5511532,-1.1615467
0.4898907,0.7495007,0.93017924,0.43537712,0.5567042,1.178991,-1.0526263,-0.15150332,-0.3014006,-0.06013428,-1.4896381,1.2648481,-0.9451383,-1.5438296,-0.9740522,0.299111,-1.7945641,-0.3310339,1.9801228,-1.0228219,-1.4890356,-0.59096223,0.4364057,-0.69135493,0.6030203,-1.4777224,1.6546984,-1.0242862,0.28474236,1.0245293,0.81036896,-0.5581182,-0.73345876,-0.90223324,-2.7724695,-0.09012859,-0.7334604,-0.28398442,-0.07657734,-0.18383667,-0.7823687,-1.6965189,0.98066044,0.34054244,-0.5336233,-0.12825707,-0.88719016,-1.709968,-0.87594193,0.644708
1.841966,0.7389426,-2.26911,1.1733902,0.44698003,0.2065887,1.0287713,-0.115871996,-0.64269346,-0.6082955,-0.2356299,-2.1350253,-0.18683614,0.53718466,0.26062226,1.1015053,0.9849198,-0.26973516,1.054857,-0.9843546,0.09768019,-1.905549,-0.38109425,0.52508706,1.1793926,-0.8724955,-0.34519345,-0.1906383,-0.12079771,0.4241994,0.41364563,-1.2014511,-1.7135314,0.059293676,0.9704372,2.353607,0.0052508563,0.5312655,0.4099343,-1.1782786,-0.9378324,0.7360528,1.4995989,-0.048391376,0.6167188,0.24386321,-1.6107345,-0.73003757,-1.5208807,0.2445828
1.2177169,0.23845536,1.1626613,0.6637446,-0.76502407,-0.40107074,0.24114822,0.036638543,-1.7585121,-0.5919297,-0.14463161,-0.55157894,0.9602709,1.3667572,0.012336248,0.596949,0.034048695,1.0230522,1.6659243,-0.6669108,0.332052,1.5799954,-0.56291765,0.2763633,0.6624964,-0.2506664,-0.83531415,2.641226,-0.07108271,1.209894,1.7466176,-0.58820796,-0.15066065,-1.9876435,-1.155352,1.417756,0.27378598,-0.28345007,-1.2419685,-0.159484,-1.7703159,-0.47777823,-0.10201502,0.9711497,0.23023193,0.15263453,1.3375579,0.10148316,-1.2387025,-0.26716772
0.13476942,-2.2072847,1.3494462,-1.2849598,0.30328792,0.24255277,-0.0021359567,-0.13198604,-0.39097717,1.2409348,-0.4230257,-1.3364099,1.4179553,-0.38281685,-0.2793553,0.41405264,-0.188728,1.0865114,1.2107161,-0.2170915,-0.9703611,-1.9271438,-1.5441158,1.389499,-0.25646594,0.41717982,0.365215,-0.7453136,-0.019474955,-1.9032495,-0.9732562,0.9544765,1.1169993,-0.79229075,1.7695208,-1.7708476,-0.95609105,2.3537884,0.3038221,-0.32979578,-0.0026810276,-0.06526766,1.2927233,-0.28454974,0.24789247,0.32790175,-1.1620861,-0.17186224,2.2223501,-1.9512037
0.14310226,-0.2421626,-0.048319437,0.53082526,1.4605285,1.3967769,0.6746556,1.08136,0.8589243,-0.976837,0.61225796,-0.8896555,1.4883873,-1.5251335,-0.28362757,-0.19110662,0.72030926,0.25189343,-1.4301122,-0.367256,0.0020211022,0.8541686,1.9071699,0.6510043,0.8556401,-0.8980522,-0.4362299,-1.7175782,0.73735726,1.1247051,0.3482524,0.60379046,0.75803614,1.2306944,0.38202313,-2.448259,1.0171547,0.38227442,0.72141224,-0.08894299,0.3014987,0.74107975,-0.41615823,0.20706312,0.75247985,-0.86749125,-0.1667873,-0.95699894,0.47836715,0.12909445
0.016689429,0.058045372,1.7254822,-1.4677709,-0.54435074,-0.7561845,0.052621413,-1.8664596,0.21377403,-0.39201844,-0.25208363,-1.2134652,-1.4777781,-1.1161364,-0.25692868,-1.3388615,-0.99952227,-0.10797927,-0.7210456,1.1890758,0.17633453,-0.42822963,-0.31680596,0.8352353,-0.5883617,1.0957688,0.41785955,0.58109343,1.1712253,0.32893178,1.098008,-1.3630104,0.17591584,-0.06912949,-0.0484255,1.2580527,0.92835313,0.95782894,1.1871082,-0.82299864,0.26098707,-0.03160657,0.110218704,-0.85410434,1.5677323,1.2544113,-0.85929614,-0.16700804,0.09042652,-0.24642126
-1.118492,-0.7286428,-1.227818,0.3302284,1.2353324,0.6376347,-0.44210193,0.07618273,-0.96282184,1.9635745,0.01591702,0.4368494,0.9298534,-0.6353658,-0.12319676,0.92565674,0.0038235113,-0.5119878,-1.9110249,0.63703144,2.0044506,-1.6505097,0.4743161,-1.2545677,-0.12749176,-0.0011002325,-2.723001,-0.96566886,0.2308168,0.9825482,0.094043575,-0.28935325,-0.04823088,-1.0726054,-0.9987128,1.1763701,-0.4416684,-0.19286941,0.61670667,-1.4231011,-0.37729046,-0.6978162,0.029358717,1.3843745,0.7459013,-0.42910206,-0.8350866,1.2262385,1.6593295,-0.1409467
-1.7498946,1.0662413,-0.6785248,0.90892196,-0.45564872,0.2662505,0.20709482,0.9437734,0.5823195,0.029899724,1.3998504,0.87253404,0.2704489,1.3197476,1.9346131,0.23046647,-1.3158163,0.09146194,1.1942295,-1.5826547,1.0318425,0.20937501,0.651763,1.1344998,-1.0686158,0.5577143,-1.6412946,-1.3201402,-0.42939153,-0.4319539,0.6099528,1.8666129,0.6159434,-0.5437427,0.5355832,-0.28300947,0.6303577,0.24472386,-0.50667465,2.0405343,0.555231,0.74053377,1.3606033,-1.8786098,0.6891566,-0.5596173,-0.35764438,1.2633196,0.84601647,1.236183
-0.017433045,-0.46851715,-0.75764734,0.9318439,-0.25113714,-1.9766704,-0.76487195,-1.3044373,0.9249599,-0.22033362,0.23521751,0.9168106,-0.6205845,-0.6696163,-1.1368861,1.0543846,-1.3070827,-0.713939,0.39058065,0.81128895,-1.9247438,-0.56664217,-0.42867374,-0.6470017,1.162303,0.13948125,0.57806355,0.3862649,-1.3978593,-0.8820499,0.23937084,-1.9508616,-0.44244525,-0.09099216,0.1639241,-0.65159875,0.6002579,-0.18714537,0.44265246,-1.7421855,0.2103472,1.6394401,0.7715102,3.6020808,0.6164418,0.1708824,2.084427,0.39413148,-0.039619956,-0.03210712
0.96014285,1.1716286,-0.15008952,0.5045252,0.7282279,0.37455478,0.061602704,-0.41379637,0.278987,0.26011196,-0.642742,0.9720689,1.0836276,-0.27062094,1.6008517,-0.67182463,0.9608677,0.42684156,0.3314009,-0.7105634,0.19977938,-1.0113149,0.6555081,1.1317372,-0.16448015,0.9631436,-1.0651559,0.75779694,0.6881291,0.609332,0.7241487,0.114045545,1.0245851,-0.6669062,0.2356285,-0.24277954,-1.7439806,1.8727162,-2.1668205,0.37992892,1.4994792,-0.37565798,-0.78184015,-1.55787,-0.059770387,-1.0704614,-1.1221014,-0.2086987,1.2932043,1.5282462
-2.130659,-0.14321445,0.6137417,-0.9970431,1.3869963,-1.1186274,-0.25426048,0.5185538,1.1782503,-1.0195854,0.23537454,0.86190534,2.1940851,0.8331628,-0.24128184,-0.48700842,-0.3957345,0.09886125,0.15448835,0.9815371,-0.55986977,-1.3254565,0.43101206,0.29131746,0.7644664,0.72270983,1.0794425,1.8505309,0.4601196,-0.58562267,1.0144528,-0.43776953,0.10662905,1.5531008,0.29445538,1.0446848,0.5184367,-2.00352,1.4651875,-0.9384846,-1.6125426,0.23513673,0.21982418,-0.3343053,0.16251431,-0.43401754,-0.93525034,-0.31349498,0.18077761,0.87904483
0.10116214,1.0746725,0.028267208,0.7113088,0.3070444,0.08369918,0.89318335,-1.0684859,0.3754963,1.1264791,0.30016273,0.6227786,0.2568629,-1.3293177,0.84012645,0.8344424,0.46941456,-0.09379657,-0.25698897,-0.18249603,-0.42005315,-1.4747252,-0.50726026,2.3401208,-0.86137176,1.8016139,0.07619842,-3.2609203,-0.90213776,-0.4073965,-0.66929585,-0.043871414,-0.6361824,1.4865295,0.50552773,-0.14038867,-0.3473656,1.9900187,-0.2276121,-0.16898113,0.49110547,-0.121916935,0.6481545,-0.18909018,0.05837867,0.9059406,-0.91190684,1.9222172,0.61335504,0.26424706
0.02044822,0.12709314,0.13604805,-2.5077078,-1.0531478,0.1755995,-0.25891206,1.7755953,0.297257,-0.31548697,1.5963255,-0.08410059,1.2042308,0.1968258,-1.1289239,-0.04033404,1.0647146,0.024217844,2.2960439,1.1623629,0.90325636,0.60924065,1.0305628,-0.9155909,0.49315885,0.071056694,-0.360028,0.52555156,-0.7798218,-0.10366402,0.7631161,-0.85164154,0.9358755,-0.2209458,-0.61100143,-0.12849717,0.60115796,-1.6717011,-0.6299128,-1.9183813,-1.8963053,0.43079966,-1.1017232,1.2863613,-0.5245774,1.4821823,-0.7819879,0.8799678,0.38500762,-0.28154334
-0.7464375,-0.54223114,-0.44606537,1.1832774,-0.5564965,-1.2339667,-1.979412,-0.22024186,0.626903,-1.1339338,0.23471175,2.3636596,0.47068807,-0.6351071,-0.46533865,-1.4101318,1.656614,-0.071942665,-0.16122295,-0.4486733,-0.7132132,0.2616982,-0.94581574,0.462019,-0.99629545,-0.11212664,0.33016396,1.7747513,0.16686991,0.6541587,1.3937691,-0.8198574,1.1625173,0.6548439,-0.0063243415,0.83741885,-0.76181835,0.43247777,0.14358558,-0.48979855,-0.22067782,-0.08636717,0.34828594,0.46003565,-0.6749378,1.6556824,-2.0997174,-0.67224234,2.4834354,0.7839369
0.19255272,-0.1353125,0.31021056,1.3949782,-1.1120539,-0.16148481,-2.1073956,-0.6172728,-0.5245939,0.015720328,0.23936275,0.1711244,-0.019655753,0.78402525,-0.6614017,0.27236786,2.7055945,-0.2384223,0.5352656,0.34206748,1.3550103,0.5001318,-0.00060744653,-0.08005369,-0.13497086,0.26259783,-0.5859816,0.56648964,-1.0497755,1.563293,-0.08591226,0.1654638,0.014603318,-2.0478137,-0.30738878,-0.32923135,-0.0125321895,0.19848499,1.1770794,0.9531756,0.12737648,-0.22724734,1.243527,0.402805,2.0732644,1.7588698,-0.31193045,0.6062501,1.4475615,0.62914693
0.48875284,-0.3495683,0.032743707,-0.4674172,0.22115503,0.5202237,0.9073396,-1.2922865,-1.3053889,-0.5712969,-1.0209496,0.22499865,0.35710514,0.07393028,0.53253144,1.2620524,-1.207097,-1.0814613,0.80243075,0.14976932,0.13139375,2.2828224,-0.997282,1.5259415,-0.24452102,0.4078502,1.3531702,0.76221603,-0.53143847,-1.3431674,-0.41041455,-0.8640172,-1.1145686,-0.61229694,0.9305417,-0.061577678,-1.820759,-1.8695636,-0.97149557,-0.19107525,0.77031195,-1.208488,-0.44771025,0.5755159,1.6775924,-0.21381761,0.06520403,1.215344,-0.06649781,1.6205626
-0.07908312,1.722497,-1.5924187,-0.403332,-1.2382575,0.21808584,1.9687054,-0.763642,0.21111089,1.9098947,0.8136997,0.10833859,-0.8114351,0.5493722,-1.3478158,-0.947966,0.5089251,-0.020755645,-0.693134,-1.1339136,1.4501387,-1.3453501,1.813528,-0.38352388,-0.41681173,-1.6962901,-0.20502776,0.7032968,-1.2808474,1.3301358,-1.2285304,-0.83865213,0.070292585,0.35638365,-1.0613341,1.6226755,-0.806433,-0.03489121,1.126698,1.7864399,1.9469676,-0.24531779,0.32193002,0.22492799,1.4920554,0.7728507,0.21054947,-1.835514,0.36987,0.46932983
0.27139673,1.0921547,-0.56181645,-0.46093053,-1.3036957,0.7142218,-0.9644933,-0.5372252,-0.2729666,0.11911244,0.95392525,1.0909379,0.26826206,0.51769525,1.2331601,-1.1083703,0.64507437,1.7533067,1.3082044,-0.45283097,0.62113565,0.096747205,-0.49081078,-0.1238466,0.35206068,-1.1093034,-0.22767635,2.1555846,-0.70394725,0.5346004,1.9907798,1.2468889,0.7133626,1.6308109,0.24635018,0.41877353,-0.006424775,-0.11490503,1.0001162,1.8609024,1.2045335,1.794119,-1.8998723,1.4554584,1.5830045,0.5737033,-0.41479853,-1.2361652,0.13209891,1.3505746
-2.1584218,-0.35394832,0.7321,-1.8381208,0.5516585,-0.14762433,1.1487173,1.5704468,-1.1440821,0.37390837,0.22183594,-0.87857676,-0.41688457,0.11952923,0.064486995,-1.0147263,1.2410477,-0.7688612,0.29151735,0.6478633,-0.37491283,0.5633472,0.003712631,0.33739573,0.13686122,-0.5387738,-0.5206615,-0.875582,-0.28116933,0.8729305,-0.04502066,0.116008595,-1.5370487,0.47360745,-0.32501325,-0.25884205,0.2836884,1.5352594,0.65317345,-0.78404015,1.941361,-1.0994197,0.22844484,-0.5166627,-0.21474889,-0.90573967,-1.0689399,-1.1181389,-0.09453433,0.6654252
1.0224774,-1.5013336,-0.07350295,1.2404491,0.7803592,-2.014293,-1.0860205,-0.39195964,-1.4051973,0.5272,-1.6530589,0.31066963,1.1976447,0.4567842,-0.26330578,-0.4213593,0.589582,-0.20912209,0.5422016,0.36945933,-0.14762539,0.34658822,0.2054193,0.9461158,1.8891573,-0.4229625,0.016651673,-0.16835447,1.3518988,-0.118241765,1.6631949,-0.659252,-0.8732273,-0.1939245,1.0787529,-0.4724145,0.8941997,0.98213434,-0.91943187,-0.33304003,-0.7479252,-1.065904,0.7113343,1.2290832,-0.6688203,1.667219,0.90992254,-1.2827888,-0.8626693,0.93005955
-0.20187345,0.10786724,-0.14595816,0.23349392,0.7959597,0.67331773,-0.7788269,0.80334944,0.7247995,-1.9125288,-1.0784569,-0.4288002,-1.3772277,0.5610523,-0.11071984,1.9341204,-0.44218156,0.41591197,0.08962847,-0.89696825,-0.05938803,1.5151626,-2.3871906,0.6414262,1.0101807,-1.7229849,0.640324,0.24536647,-0.2823754,0.6978467,2.3489087,-0.4775289,1.176014,-0.3925072,-0.08399255,-0.00041322657,-0.89330155,-0.0134850675,-0.18622062,2.0723221,-0.22976892,-0.31823525,0.52287626,0.2805805,0.57744765,-0.3888564,0.40225002,-0.21145886,-0.7616046,0.5956805
0.48643607,-1.1816247,-1.5916262,-0.9994435,-2.2124262,-0.7345157,0.55061376,0.48481444,-1.6262038,0.16225679,1.7983534,0.43688613,0.06960873,-0.9650629,-0.19426027,-0.029140644,-0.022183115,-0.02173304,-0.94193697,-0.38395748,0.4577277,-0.5083709,0.1851304,1.8216242,-0.7118171,0.4397133,0.37174633,1.4818813,0.345388,-1.5288793,0.1487624,-0.33996478,-0.94017833,-0.15156327,0.51978666,0.16334453,0.46813613,-0.006559002,-0.3147095,0.75947183,0.565692,-1.7518047,1.1077881,0.25196487,-0.2246005,0.11200372,0.1371511,0.47310632,0.17573822,1.0194249
-0.1354107,1.3933443,-0.32656607,0.17286451,-0.14349808,-0.7606942,0.121203884,-1.8257784,-0.12407178,0.104242735,-0.50320303,-1.2001628,0.6006469,-0.584447,-0.28261605,-0.38146907,1.5837654,-1.1178911,-0.21825834,0.76417667,-0.06160568,2.0151477,0.9246879,-0.62149304,-1.8265132,-0.25353178,1.7568698,0.7440943,-1.378413,0.7270406,0.0060789995,1.3826756,0.69297665,-1.5770655,-0.4102919,1.4311454,-0.86176413,0.18250652,-0.7705864,-0.90244323,-0.5307292,-0.7468484,3.4087217,-0.30214006,1.7723178,-1.4106352,1.3480518,-1.0472891,0.9259787,0.7110503
0.86597466,-0.12668057,-0.82160336,0.48111597,-0.66561854,-1.330948,0.25375757,-0.38990438,-0.5920575,1.0253628,1.7257906,1.0871041,-1.6203629,-1.9970344,-0.05121617,0.91352594,-0.61512834,-0.8158469,0.29878032,0.7854477,0.26994398,-1.1782845,-0.39990133,1.5319836,-0.8073246,0.6858335,0.15387346,2.7931218,0.49354413,0.40188774,0.8072514,-0.28854164,0.7319458,-0.08855827,0.1319075,-0.0795247,-0.0700606,0.40396523,0.6985893,-0.8510152,-0.6567989,-0.044418536,-1.2016822,0.36655545,-1.972837,1.0199976,0.5626408,0.30031446,1.2139955,-0.37499002
-0.67119294,-0.55627155,-1.1800916,1.0345635,0.9404398,0.13690469,-1.4635112,0.86285436,0.102726415,1.751651,0.4903947,-1.0680178,-1.2868325,-0.76579344,0.90352666,1.5302495,0.8383148,-2.0828602,-0.2347922,-1.1849333,1.1639543,0.345122,-0.13533935,0.49371725,0.36615998,-0.18764117,-0.43987876,-0.84492004,-0.32936186,0.34659111,-0.26667178,0.41006458,0.74832195,2.551142,1.2311282,-0.018869758,-0.9409364,-0.100065306,0.87571347,-1.1593386,-1.1431547,0.91155124,1.2982849,-0.45703283,-0.46593973,0.41140804,0.12701936,-0.6255438,0.8627615,-1.8078475
-1.3574926,0.57634765,1.5741941,0.66060346,1.2030318,0.5247508,0.8742832,-0.010261595,0.817458,-0.013373645,-0.92781734,-0.5424804,0.8910823,-1.37502,2.165431,1.8880585,-0.475466,0.38786677,-0.1348252,0.5893423,-0.46617204,0.8148103,-1.8023697,-0.43147123,0.112144224,1.3947543,1.1820974,0.64372873,0.80197173,0.36179942,-0.06924241,1.4074069,-1.2108368,0.17115836,0.9356967,1.5813149,-1.4127624,-1.6910108,0.632861,2.2241178,-0.39357376,1.0054624,-1.6302445,-0.6098968,0.8903141,-1.5805954,-0.20434381,-1.5373123,1.9897428,-1.8957729
-0.5732715,-1.0435048,-0.54600435,-1.344024,0.28508717,-0.5073508,0.73440975,0.037507992,-0.05487859,-0.8170117,0.12023512,1.0321054,-1.9006588,-0.18939316,-0.00026743097,0.39375246,0.105631,0.5352778,1.1022695,0.84578514,-0.95562726,0.995432,-0.1436145,-2.0034137,1.3364899,-1.8369056,0.669417,-0.4901257,-0.13551836,1.1166055,0.6388125,-0.67545915,1.4308239,0.7766705,0.3901839,0.94319093,-0.07485288,0.8375147,0.36521792,-1.836621,1.2843648,-0.50678396,1.4941913,-1.8085039,-1.0423688,-1.183642,0.7861158,0.045528624,-0.5369761,-1.0489783
1.1379722,-1.7335366,0.8624184,-0.06477834,0.62736017,1.1901788,0.8667626,-0.35611013,-0.59748495,0.5459276,-0.6704681,0.7136653,0.32008037,-0.41464904,1.4438775,-0.049953572,-0.15446046,0.24999605,0.7078092,0.5420171,-0.4373783,-0.21977761,0.4759376,-0.16140305,1.0115231,0.085460275,-0.21135359,0.5205649,1.3721513,-0.3400701,-0.39619952,-0.14107056,-1.2357793,0.3028904,1.2560879,0.24194418,-0.407068,1.1673131,-2.318453,-0.3556974,-0.23989256,-0.5547884,0.43043515,1.8686779,1.7161682,0.53052694,1.2775134,0.84261626,-0.23323572,0.4845675
0.46895656,0.8224229,-1.4862506,2.1298575,-1.0417469,1.20332,-0.495813,1.6489875,2.4416122,1.2156402,0.4535058,0.006116912,-0.454908,-0.16964436,-0.71273315,1.1510949,-0.18469526,0.8914641,1.2831913,0.9728423,0.80933946,-0.786482,-0.17220664,-2.0110843,-0.58282197,0.5566808,-0.8898041,0.23092858,0.04984066,0.593507,0.36025637,0.12824029,-0.18382062,-0.40307394,0.7605566,-0.4314687,-0.20727332,-1.6677561,-0.13137913,1.5915394,1.6521623,-0.98151636,0.24053723,0.028930895,0.29764622,0.17681639,0.41815478,-1.9550242,-0.33726832,-1.1657425
-0.5856676,0.068483636,-0.3773696,-1.6972525,-0.12128328,0.349474,0.38615483,0.6238909,1.0664202,-0.68470174,0.7604551,0.71486205,-1.3183272,-0.036428463,0.32100672,-0.0007568423,0.85710067,0.28379515,-0.9346697,1.1977144,0.3409528,-0.26684728,1.6776485,-1.4577231,-0.93604773,-0.67453337,0.94858235,1.198318,0.7496295,0.22990547,-0.71526444,-1.0517576,0.9805525,1.4217834,-1.6076791,-1.7448024,-1.0341444,0.7371674,0.09689971,-0.94381696,1.4320723,-0.8365715,0.052723173,-0.21697728,-0.59323835,-1.499499,1.0503523,1.9375484,-1.2233751,0.97207046
-0.9940947,-0.19925079,1.6575639,0.7262145,0.6164491,-0.1552294,-1.1248512,2.0883548,-0.35068044,0.6082961,0.64907414,-1.4012206,-2.9403415,-1.6170787,-1.8981861,-0.8862232,1.6329316,-0.67375886,-2.1012912,-0.056094903,0.95647,-2.4743028,1.1046965,-0.671519,0.5513596,1.7276123,0.55182195,-0.54374033,0.9594053,0.62117696,0.8243964,0.20035745,-1.6124381,-0.55285484,-1.0455599,-1.3370953,-0.80805475,-1.3815907,0.07465444,1.6834079,-0.87879026,0.7625056,0.99483454,0.23201874,1.6142548,-1.0104692,0.14701442,0.09403626,-0.28821582,-0.4734877
-0.75263846,-0.43584618,1.4474553,1.0213931,0.90475553,-0.8984531,0.26053143,1.2638189,-0.313746,0.18675981,0.45217437,-0.40041953,0.62026364,-0.6653703,0.13944533,-0.58505213,1.6302226,1.4149201,0.01038945,0.14806375,0.94539887,1.9445099,-1.0924553,0.7014012,-1.4195378,0.76589096,-0.39448437,0.015607766,1.1408559,-1.0006104,0.123915605,1.7812315,1.5618458,0.21621293,-0.020322235,-1.115996,1.1403192,0.91346735,0.29766062,-1.1984318,-1.0816528,1.8113087,-0.15824752,-0.63266605,0.24165602,0.2904966,-2.2853315,0.43753454,0.21430059,-0.90555197
-1.0003948,0.4297901,0.91888005,-0.6813146,-0.13673721,-0.304796,0.050965797,1.5993813,-0.09010068,-0.896164,-0.7508847,1.7509946,0.1857857,-0.008144487,1.1024315,-0.4155965,0.46226683,-0.52411985,1.5888518,-0.38770726,-0.84116626,0.97589874,0.32077134,0.41623408,1.9990327,0.7523839,1.117697,0.35260975,-0.0022754502,0.16671072,0.48821658,0.39734334,0.676242,0.9601378,-0.82927006,-2.317408,-0.62063247,0.15202759,0.24720913,-1.1684123,-2.4557688,1.072786,1.308218,-0.76574117,0.71175015,-0.559657,-0.26252532,0.74469537,-0.5686374,1.4367558
0.83211654,0.32082695,-0.4588708,-0.6070503,-0.20104283,-0.6135934,-1.6414207,-0.34046903,-0.43105575,-0.85602736,-1.0814241,0.21966103,1.3063091,-0.3921022,0.46898997,0.8209496,0.43831408,1.4931872,0.83527374,0.45155504,-1.0231354,-1.5205467,1.5405352,-0.44088122,0.3213006,-0.019852856,-1.2177674,-1.0245701,0.7234392,0.97599226,0.14437658,0.66675067,-0.113091856,0.5625714,0.55223775,-0.68204826,0.12696402,0.5167248,-0.473794,0.34864148,-0.99514383,1.7092707,-1.1426835,-0.9347827,1.4147742,0.13671495,-1.0821576,-1.3277243,0.06663915,0.65575284
0.30099398,-0.65425986,-2.35085,-0.6913955,0.5153195,-0.14133993,-1.096148,-1.7663897,-1.9462223,0.21092328,0.34063506,0.34053406,1.0938417,-0.08929285,-0.7166291,1.1355125,-0.6720158,0.6874492,-0.40096992,-0.3807001,-0.08473811,0.7859406,-0.5380956,0.053845465,-0.18467166,-0.045323804,-0.31548044,1.3655252,-0.45625553,0.26195076,-1.7145333,0.3976358,0.67243123,1.7302936,1.005675,-0.106391,-0.8117863,-1.6848187,0.08611222,1.2227371,1.3371466,2.3834414,-0.084724896,-1.4543852,-0.1568251,-0.65076935,0.025863953,-0.4820486,-1.9456753,1.2950577
-1.6914542,0.8469322,1.8411964,0.72436404,-2.1880014,-0.11679855,-0.8781425,0.5118416,-0.18224125,0.4237431,0.8080779,0.16273913,0.40545273,0.4825424,-0.87169445,-0.8024805,-0.052072078,0.28032887,0.019591594,0.15133618,-1.3654908,1.1958605,1.5298934,0.24332884,2.9104648,-0.07374387,-1.6130743,0.746716,-1.1736902,-0.024286013,1.2097992,0.5688243,1.0698429,-1.5304017,0.5851719,0.6957371,1.2974101,1.9668224,0.5936876,-0.04736525,0.005330327,1.3072975,1.1768429,-1.6797198,-0.67207766,1.1321802,0.035681766,1.1359127,1.5186253,0.51024914
-1.2907915,0.025591012,0.13782205,-0.3043802,0.7239967,0.015889829,0.35347164,1.539332,1.8640772,-2.1466877,-1.7375944,-0.010298137,0.052175745,0.9958136,0.5757098,-0.52947575,0.42315552,-0.15732639,0.764522,0.1792987,-0.44388625,-0.27446935,0.8685975,-0.5989224,-1.0730294,-0.53674877,0.42187396,0.4767379,-1.2149979,-1.5829738,-1.1612082,1.7352508,-0.9284998,2.770892,0.469774,0.20410147,-0.64688796,0.31483158,-0.45559978,0.047714997,0.35010245,0.048509512,-0.2780185,0.3420297,-1.8692485,0.6897327,-0.39640456,-0.99065125,-0.63482386,0.107407816
-0.2685808,0.8694701,0.48672745,-0.15304545,0.36754137,-1.6763059,0.34368736,0.46871173,-0.738637,2.2346559,-0.14220977,1.1825811,0.48684868,-0.5614184,1.4082943,0.756749,0.3133411,-0.53137386,-0.0143539095,1.1475368,-1.1736811,1.6258985,-2.1581924,0.28944457,-0.13576697,-0.74888426,0.31539112,0.56977874,-0.24484302,-1.2295289,0.32603544,-0.9263845,0.13208218,-0.46522713,1.2717679,-1.0203797,2.1078203,-1.1512678,-2.1084404,-0.40848944,-0.2960608,0.4027738,0.25251043,0.7059707,1.151247,-0.26007846,-0.8194032,-0.36889613,-2.4231803,0.81788856
0.28060955,-0.7653424,0.18708254,-0.5195907,-0.07073202,1.7610909,-0.53824353,-0.7939665,0.30272585,-0.3770593,-0.38835815,-0.629613,0.43745583,1.2893175,0.83543456,1.2370286,1.0730411,-0.35255805,0.8739893,0.6288067,-0.8234408,-1.0431768,-2.2657516,-1.7471079,-1.1634761,-1.3300723,-0.5849627,1.238268,-0.29853302,1.5692229,1.0178901,0.48665985,1.9259057,0.11294563,0.8249259,-0.31135535,-0.46818575,-1.3436854,0.26926836,1.0616163,-0.08896047,0.80528504,-1.185669,1.1436133,-0.095545664,1.349626,-0.29305547,0.5834505,-2.181093,-0.8937114
0.22873326,-0.6352888,-1.3500807,0.76348805,-0.2972607,0.8624111,-0.04585451,1.2973477,-0.06280601,-0.2279803,0.43886018,-0.14544702,1.1074996,-0.8500334,-1.5050281,-0.81759226,-1.3239722,0.5159339,0.5947136,-0.099288076,0.5657359,-0.649308,-0.35906556,-0.6563286,-0.012779503,-0.10528358,2.6947434,0.46066782,1.0213354,-1.4073277,-0.16427468,-0.011174355,0.5695963,0.45771706,-0.7790826,0.36323333,0.06119429,-0.78595465,0.2074808,-0.33829266,-0.48883575,-0.9667793,0.7458967,1.4751167,0.51260614,0.8948403,-0.12659287,0.6572591,0.3771011,-0.01477364
-0.033505116,-0.8967421,0.2715717,-0.53263295,-0.08029001,0.51495284,-1.9535697,0.39513552,0.054854296,0.8120592,-0.06691362,-0.6718136,0.064097695,-1.2575041,-0.12059656,0.057986148,0.6668842,1.0427471,0.8631297,-0.43551517,-0.5020301,0.10873106,0.23042993,-0.97688746,-0.2890073,0.25387895,0.21496631,-0.20621064,-1.3148383,0.26875985,0.32931095,1.5902693,-0.3102773,-0.29072925,-2.6807184,1.1726118,-1.4035473,-0.65399057,0.8260147,-0.538794,-0.60767925,-0.18859075,0.56066114,-0.21103542,0.18694703,-0.5042915,0.694389,-0.056581177,-1.7082306,-0.006759955
-0.3183225,1.76789,-0.79361475,1.5891316,0.86579716,1.5627284,-1.1016164,0.8751637,0.4782705,1.4611825,0.17979111,0.60584056,0.6836321,0.33345982,0.29964554,0.86134547,-1.5250443,1.2655636,0.40810022,1.0707197,-0.18146825,-0.48579645,-0.85953057,-0.5436613,0.22536355,0.73035055,-0.66113865,0.2486189,0.19250184,-1.9864709,-2.2753894,-0.39337462,0.6872646,0.11365001,0.723172,0.31054372,2.487105,-0.91959906,-0.37891164,-0.968037,0.3692978,-2.4075181,2.4556186,0.19463289,0.28729483,0.54492074,0.9883553,0.25311023,0.45555812,-0.4398866
-0.21158642,-1.6907943,-0.57729614,0.5747222,0.26174164,0.44612256,0.71588296,0.33996704,0.9412731,-1.359977,0.19180688,0.35957938,2.5522587,-2.9551086,1.2724342,0.5371844,-1.1041205,-0.60050297,1.8079498,-0.2836808,-1.8699272,-0.113847,-0.21845186,2.004932,1.2493927,0.21963488,-0.6725266,0.21224248,-1.0347533,0.19561501,-0.4622343,-0.98502606,-0.32271752,-0.3881807,0.25409558,0.8997895,-2.557133,-0.13730928,0.0963511,-1.0703771,0.5780783,0.7763065,-0.66394705,-0.34534246,-0.2349051,0.74237156,-0.8670919,-0.3672278,0.46895644,-1.1227082
3.1447482,0.5243784,1.0868454,0.9699125,1.3547119,0.02646616,-1.5920305,-1.0308884,-1.8334041,-2.8763387,0.08853735,-2.4472485,0.10604917,-0.2713228,3.623086,-0.39135578,1.2448921,2.1109152,0.9633775,1.0764868,0.66451544,0.6442398,-1.0385957,0.10612751,0.4714198,-1.5725858,0.40881872,0.7500355,0.05115433,-0.18377878,-1.5120094,-0.22443096,-0.20824592,-2.2835197,0.78116935,-0.86887467,0.8994049,-0.31104183,-0.6757879,0.36924988,0.5936732,1.7296844,0.17082117,-1.7512313,0.431391,0.6315336,-0.77886534,-1.9574784,1.645606,-1.4932091
-2.048143,2.2797093,-0.16542917,1.9388393,-0.24295433,1.4825051,-0.11526402,1.5739998,-0.69124615,1.5043321,0.33238348,1.008896,-0.11139532,-0.8417706,1.2864046,1.2532026,0.8831999,-0.6758497,-2.6230404,-1.0181267,0.6287254,-0.85510397,-0.14093627,0.49369553,-0.046464197,0.2106356,-0.2908618,1.1561471,-1.5788553,-0.6804699,-1.6311251,1.7096027,1.6064987,1.238344,1.2751571,0.20606908,-0.3957947,-0.12100694,1.0021132,0.7448293,1.2428522,-0.04902451,-0.69229674,0.8883864,-1.6721101,-2.1036918,0.6586943,-1.3573211,-1.0071748,0.50351155
-1.7848021,-1.7416154,1.6931514,0.28338298,-0.8424382,-0.0843228,-0.61547697,-0.88438433,-0.930679,0.6478453,0.23288848,1.088774,1.1922718,-0.5770912,0.6645259,-0.600118,1.7293302,0.4806748,0.13592473,1.7374737,-0.3385242,-1.8806375,0.106874324,0.020394761,1.571674,1.3918861,-1.167582,0.20488888,-0.075232014,-1.0812824,0.49587575,-0.55401707,-0.69193333,-1.258616,0.66495514,1.1515745,-0.49252367,-1.1349707,-0.9886168,-0.3544105,0.028798142,0.5456778,-0.671747,0.39381608,-1.5877062,1.5775374,0.31926575,-0.0072287773,-0.80971557,-0.25138506
-0.497324,-0.22490987,-1.4748111,0.3202424,0.5133071,-0.016831562,-0.25351632,0.07468327,-0.083116286,-1.1724945,0.11259105,0.3362119,0.39966694,0.39598167,-1.6162418,-1.288361,-0.054210417,3.2170353,1.2854556,-0.37458655,-0.3131653,-1.7818767,-0.54832315,-0.09261379,1.1816227,-0.4137059,-0.5446848,-0.7153163,0.2085321,0.6427628,-1.2065791,0.1599087,-1.611557,0.79220206,-0.093041815,0.8743565,1.1558084,-0.7691346,1.247549,-1.7673407,1.5829843,1.0613449,0.57908183,-0.9859656,0.49019724,-1.5612657,0.31010592,-2.6654994,-0.86877924,0.51264066
-0.7853361,-0.34937012,0.15470767,1.0925938,0.1977137,-2.202188,1.4872706,0.94819885,0.51328975,0.20047627,0.42812228,0.22922604,-1.9869446,0.98932153,0.018013952,0.3016831,-0.56240535,0.48441982,-0.57155025,-0.606639,1.7913122,-0.27214292,-0.031520255,1.07562,1.0641686,0.48351005,-1.1036342,-0.5652517,-0.3096405,0.5834174,0.7116003,1.157991,0.96511215,-1.508899,-0.7932712,2.8364072,-0.4322318,0.17871965,0.72408944,-0.8425004,-1.2325203,1.8278104,1.5428847,0.5765382,0.5980579,0.5264002,0.7226616,-1.0950904,-1.14881,-0.5204599
0.6261819,1.5096588,0.4497422,1.0468687,-0.2705494,-0.18256973,-0.4443674,-0.59680253,0.6233885,-1.1207539,0.7722655,-0.7237338,-1.7305543,1.0393862,1.6896943,3.0629234,0.46625745,-0.70754135,-0.8756862,-0.3587085,0.25681788,-0.9337862,-2.456874,1.418088,-0.35262606,1.2379457,0.18161847,-0.5040713,-0.23010448,0.2887055,0.8545864,0.45924932,1.1957921,-0.49101713,-0.7029074,-1.3726128,0.75968397,0.66635334,-1.0131136,-2.3725355,1.3294872,-0.31068826,1.0221444,0.79170114,0.3880349,-0.14384031,-1.4370565,-0.4603598,-0.5515794,0.6164291
-0.72863907,0.40849426,-0.39878526,-1.5605757,0.48935047,1.3716499,0.9947227,1.3491886,1.9406353,-0.8559969,-1.397376,0.79258806,-0.3903382,-1.182895,-0.50807786,2.0678778,-1.0666559,-0.6819441,0.3998072,2.0869865,0.057621535,1.3807817,-1.6392946,0.22809201,-1.7676705,-0.89476115,0.7252251,0.9781738,2.8859315,1.170399,0.080850065,0.35393718,-0.67450714,2.077865,0.2247896,-1.8541485,-2.4817727,0.41807052,-1.4770695,0.9463467,-2.151536,-1.3467879,-1.3216178,0.19767313,-0.05426114,1.0072509,-1.8782151,-0.8666907,1.0842739,1.2349676
0.5887083,0.7715146,0.19757716,-1.0271088,-0.49789476,1.2441105,0.87164444,-0.6726142,1.190198,0.183144,0.2503518,0.3718716,1.5222886,-1.2781136,1.2755488,-1.209387,3.1564775,0.04368678,0.7643329,-0.29577968,-1.8651731,1.9802139,0.43399453,-0.50700533,0.5599103,1.8709887,-0.6044763,-1.6209297,1.4516637,-1.0958135,-0.37468433,0.4462434,0.49338248,0.28922775,-0.49135682,-0.17022729,-2.4085848,-0.29936936,-0.13022666,0.4945322,0.14522873,0.7421701,0.20127022,-0.95585585,-1.3591706,-0.25081813,0.28039125,0.42486465,-0.521408,0.8793428
-0.48578596,0.64414316,0.0049261623,-0.6319395,-0.6108856,0.73157644,-0.87643075,0.25277093,-1.1186721,1.6905277,1.0060976,-0.7712756,0.041618068,-1.0107039,1.0327415,-0.13113303,-0.5331669,-0.98236084,-0.3759072,0.53989613,-0.3753036,-1.2299337,-0.09040592,-1.4039779,-0.96128047,0.7463528,-0.08668324,-1.3555413,2.3523295,0.4448141,-0.5054977,-0.17603883,1.3894452,0.30077726,-1.3880875,-2.7420847,0.23394851,-0.4466774,-1.5808384,-1.0977106,-1.113725,-1.5952991,-1.4684604,-0.573854,-1.2722204,-0.53026736,2.3848774,1.2112801,1.352095,1.2528874
-1.0718163,1.7139313,-0.19069502,1.0481628,0.715615,-1.6192174,1.4215521,0.12634209,0.060557354,0.049346637,-1.2994543,-0.7765417,-1.4040084,-1.0711343,-0.6454156,0.24356285,0.9649129,0.52202886,-0.8107122,1.1583017,-0.6353051,-0.8279449,-0.25634843,-1.1634794,0.52816725,0.5215091,-0.38819185,-1.6626352,0.6737542,-0.5936236,1.9719355,-0.3750111,0.14534387,-0.33175686,1.1726735,0.7915833,0.8946216,0.10901255,-0.77880955,-1.0455542,0.890903,0.3552679,0.66040456,-0.09021458,-1.1728987,-2.3851624,1.2648375,1.0697358,-2.44589,-0.20565632
0.6094562,-0.88278615,1.3547698,-1.6632023,1.0829668,-1.7309138,-0.7412889,0.3724427,0.50890094,1.3533989,-1.0574244,-0.2973574,-0.8173661,-1.2284228,-0.884345,0.8419989,-0.08638514,0.8324898,0.4404225,0.010460828,-1.2643324,0.103066385,0.45219597,-0.27318832,0.6224064,0.6837401,1.5976049,-1.9427636,1.1874667,-1.1256061,-0.100637875,0.69211835,-0.533116,-0.3675427,0.5307141,1.1606785,-0.63844347,-0.049121916,-1.390628,1.5255333,-0.70080847,1.6860808,0.9565511,-0.34147325,1.1941499,-0.44072467,0.8341275,0.5741027,0.3739836,-0.8028602
0.9208791,0.17805634,0.06664174,1.8708885,-0.48788545,0.68115234,-0.031089665,0.16097715,0.062853366,0.35994264,-1.8194376,-0.02932151,-1.1929128,0.25640407,-1.6591312,-0.4086526,0.08671477,0.19481261,-1.8312569,-0.60634965,0.5823358,-1.7647727,2.2120693,-2.6200514,2.067182,-0.32151833,2.0733466,-0.6867962,0.8096541,1.2921871,-0.7471333,-0.20371346,-0.20265953,1.0094533,1.084175,-0.9200174,1.0177706,0.7154652,-0.31759706,-0.52374595,-0.6398897,0.38927445,0.64679134,0.8576061,-0.18153153,-0.08657878,-0.2901604,2.4162304,1.5964711,0.99079204
1.0720996,-0.61700225,0.7357166,0.06921236,-0.036307674,-0.13537331,0.94615525,-0.45417315,1.7036629,-1.2629055,-0.2390717,1.395841,1.8291317,0.87779474,-2.1131115,0.33753517,-1.3343166,0.24558558,-0.4761681,1.1393175,0.47123343,-0.7073345,-0.3422255,-1.3410901,0.18131338,-0.20557907,-0.3861607,0.5213678,2.6474664,-1.0357212,0.9690779,1.8091536,0.7511091,-0.19154309,0.74669653,-0.5685626,0.2461429,0.327875,0.38066176,-1.2348697,0.7439697,0.43872473,0.5222733,-0.36869478,0.46395725,-0.9753519,1.786205,0.903992,-0.36389956,0.6995715
-0.20872451,-0.49557897,0.40024024,0.94882023,0.6260984,0.34352136,-0.32849824,-0.01759612,-0.98468226,0.19715244,-0.027144402,-1.4709133,-0.3610108,0.011011674,0.27279043,0.10354186,1.7106388,-1.2668006,-0.096628144,0.23695917,1.7770725,1.2139602,-0.3902813,-0.9784528,-0.008482485,-1.081376,-0.273004,0.018667175,-1.2674057,-2.5059059,-1.2695951,1.8102244,-0.3500754,0.9481891,-1.1893393,0.41154075,-0.039520357,-1.6090084,0.8419999,-0.016545635,-0.296016,1.475464,0.69002944,0.15917566,0.36347598,2.222116,-0.8398948,-0.4881899,0.49210086,-0.78556293
-0.2795257,-1.4330523,2.4417546,-1.4282923,0.6310827,1.2807564,-0.7916586,0.08008257,-0.33143768,1.0173382,-0.9557679,-1.5486499,0.18825658,-1.2118489,-0.8823223,0.32550174,-1.4927578,-0.53568584,0.5599573,-0.756496,1.1581185,-1.5093479,-0.36778823,-0.28316614,-0.18553624,0.031697303,-0.43444455,1.2740437,0.4294097,0.5441129,-1.2421068,-0.39730743,-1.1095139,-0.031861927,-0.58102095,-0.12876783,0.45568293,-0.19208428,0.7232673,-1.7551242,0.17860498,0.2644588,1.28171,-0.8970372,0.91053796,-1.16139,-0.8458975,-1.9641852,1.3262649,0.049796857
-0.602144,0.35522127,1.1285474,1.3023207,-1.458412,1.205516,0.3221378,-0.51588345,-0.24404155,0.9419385,0.5119483,-0.319528,0.48451778,0.1941029,-0.67051965,0.09203849,-0.16127525,0.16979639,0.37601238,0.5551648,0.029659871,0.15878098,-1.0892678,-0.6307027,-0.9797378,0.030359803,0.7465695,1.0611509,0.31339753,1.2898899,-0.5863889,-0.13248147,1.7134862,-0.5365429,-1.1301672,-1.3209968,0.8879728,-0.3327672,-0.73506546,-0.33272636,-1.0186752,0.2951138,0.93221194,-0.2719819,0.7185352,-1.3396113,-1.3917243,-0.9846777,-0.38087216,1.2868001
1.234407,1.4636161,0.78924316,-0.69853604,1.2455842,-0.48828474,-0.23403922,-2.2417138,-1.4768687,0.77873695,1.3928971,-0.5263678,1.2404134,-0.15743381,-0.19250694,-0.98476666,0.8328137,-0.412442,-1.9714767,-1.9266822,-0.68607104,1.1482948,-1.4633491,-0.4761249,-0.67612904,1.0586256,-0.3855784,0.93800324,1.1255206,0.37474495,-0.49997097,-0.68457407,0.61752164,0.28072846,-0.7895808,-0.6118371,-2.0775754,-0.6931213,-0.59425175,-1.4808084,0.13693765,0.29177484,2.3015397,0.30473298,0.58082706,-0.16496143,0.7299389,-0.8514259,0.3711777,1.4990218
1.1239996,1.2739921,1.3030868,0.6785424,1.9004146,0.25776395,2.4387195,0.41367638,-0.65746915,0.8331108,-1.1237272,-0.011854481,-0.33028734,-0.053956285,-0.9016528,-1.3445213,-0.063199155,0.58103967,0.8568888,0.3302217,-0.08726811,-0.9989094,1.1972733,2.3444195,-0.9219462,-1.2518198,-2.6093369,-0.78482276,-0.39129987,-0.34900385,-0.411464,0.063860215,-0.20266518,1.8047483,0.5400257,-0.94242275,-0.4223801,0.2527861,-1.1053233,2.1256278,0.17576978,-2.0660534,-1.0161977,0.31792498,-0.74810153,0.55395335,-0.22322,1.0122426,-0.23398992,0.08556901
-1.8736593,0.29844257,-1.2885656,-2.1814728,3.1600351,-0.0693129,-0.9200914,0.7749168,-0.68939894,-0.328892,0.37990898,-0.5626209,-0.885786,-0.9873907,0.67650616,0.29079634,-0.2622612,0.6163269,-0.30624038,0.37499282,0.49053836,0.21950495,-1.6211754,-0.19146165,-0.4369081,-0.4769273,0.5964494,1.0935557,0.30980286,-0.6712624,-0.6791366,0.7325936,-0.71526587,-0.27631745,0.16374369,-0.35586792,0.6750816,-0.9491751,1.6860712,0.40954384,-0.27208292,0.8036407,-1.5092536,0.91888845,-1.9560715,0.20772298,0.60404176,-0.48673502,-0.3636732,-0.43428838
0.9698431,-0.22178742,0.373411,-1.3778859,0.39211667,-0.82464904,-0.70774436,-1.0610094,-0.36184818,0.19624612,0.96248513,-0.7077749,0.91861784,0.84318167,-1.1678969,0.22991715,-0.3207275,-0.86682284,-1.2026721,1.0499399,-0.687851,0.04099765,0.18669891,0.25797164,0.3063309,0.27559805,-0.28712687,1.8590965,-0.021424009,-1.89407,-1.9818099,0.5366497,2.2506907,-1.1679399,-1.2382162,-0.71228445,1.161307,1.8843641,0.096949875,0.7388143,0.74941796,-0.463139,2.2632914,0.8431583,0.24323793,0.7341452,-0.079169326,1.0142863,0.20839965,0.7797426
-0.32292324,0.17154291,-0.81965923,-1.1267096,-0.2747329,-0.023423329,1.166671,-0.25617835,1.1854403,0.6490377,1.5059428,-0.38705602,-0.843623,0.7969092,-0.93179244,-1.3886954,-0.66244954,1.3612477,0.18580516,-2.366194,-1.7016023,0.5591281,-0.4257987,1.0052124,0.09212238,0.2765471,-1.0985096,0.36544168,0.13267112,1.447135,-0.5823634,-1.0112255,-1.2550131,0.8557839,0.12549463,-1.5654703,-0.48613688,-1.5011665,-1.3000325,-0.87651193,0.7877186,0.40417495,-0.90836847,-0.11285842,-0.5378833,-1.8891053,-0.9952022,0.62114984,-0.05321013,0.24932846
-0.4707608,-2.1211088,0.028860718,-0.4535027,0.18971924,0.026279245,-0.31318957,-0.28194487,1.1053723,0.7085982,0.058423262,1.175187,1.4999367,0.21885534,0.9531019,0.42133296,0.9725885,0.6976307,-1.5283581,0.2961589,-2.0355048,0.7792294,0.8280654,1.2378474,-0.149071,-0.9948686,-1.813187,0.29120573,-0.59445566,-0.25164264,-2.2368383,-0.06736662,2.292455,-1.6221579,2.525341,-0.18409628,-1.3630728,-0.047764216,-0.58580226,0.44820645,-0.92430127,1.8762499,0.70293075,1.2945328,1.0094388,-1.1954443,-1.1439537,0.645439,1.2736292,-0.36670053
-0.25668672,0.09331068,0.28317145,-1.3646375,0.44887954,-0.21470682,-0.058727033,-0.18120767,-0.9222184,-0.15189949,0.72322875,0.96342826,0.53963274,0.68114126,0.7984964,0.33095995,0.3374694,2.3820646,-1.3097063,1.2955395,0.72952443,-0.2295111,0.33957106,1.0048546,0.7268067,0.4905794,-0.78671664,0.72663414,0.4775261,-0.28668454,-0.015817413,-0.19005816,2.0122037,0.87502235,-0.1522003,-1.0334498,1.5794897,0.5912745,-0.5311181,0.95134926,-0.39215747,1.0364741,1.5796527,-0.54227865,-0.7972576,0.017199058,-0.24762815,1.614027,-0.09171597,1.2776219
-0.8009495,-1.1562186,-1.204219,0.33522335,-0.18501212,-0.10114398,1.511952,0.34468383,0.885694,-0.39791805,1.5332062,-0.119626604,0.7219856,-0.86093444,-0.34539267,-1.1806937,-2.6001875,-0.38699958,-1.283168,-0.47992218,-1.8216748,-0.4264266,-0.9386603,1.5770869,0.51701105,-0.37179536,-1.0256288,1.0074183,-1.4765252,1.0059941,-0.157811,-0.03834374,-1.6367568,-0.09343961,-0.5232243,-0.14708601,-1.0940717,0.33494723,1.1805499,0.695936,-0.5754622,1.6429712,0.17403392,-0.8633084,0.8262905,0.49048448,1.374122,1.6584926,0.37972143,1.4750292
-1.3551767,1.0625464,1.5789921,-0.14648752,0.22367226,-0.8742541,-0.3034212,1.0854951,0.5552845,0.8183881,0.2713618,0.1104042,0.20278691,-0.63671243,-0.18999095,-0.3108211,1.3209107,0.2656163,2.4365,0.8530358,-0.9715053,1.6212554,0.46395555,1.3862958,1.1542337,-1.7791481,-0.15494493,-0.4702049,-0.77697897,-1.7078407,1.3117306,1.3790272,-0.92122155,-0.65783924,-1.0413042,0.028908256,-1.6192483,-0.68172824,1.2977922,0.17714225,-1.8204707,1.6227735,-1.2138178,0.59849554,1.4934323,-1.5639381,-0.7765547,0.2584099,-0.8841024,0.14350912
-1.0551053,-1.5327314,0.11126734,-0.8881023,0.29566947,1.2841511,0.6224865,0.14251246,1.0429215,-0.55919516,-1.2920772,-0.7505474,-0.18453793,0.10316644,1.0797815,-0.83358526,1.3296832,-1.7552,-1.3978337,-0.41082248,0.33995104,0.20514409,-0.82699716,-0.76300734,0.6917791,0.4558433,1.4214753,0.21196611,-0.069621675,-0.066917434,0.89847785,0.7305398,0.37881863,2.2723339,-0.38360864,0.767978,0.8538446,0.24505737,-0.9123064,0.9919601,1.3575896,-0.10019271,1.0390171,-0.6323464,0.8325625,-1.749049,0.342699,-1.7913913,-0.07648054,-1.0099243
0.55952984,-0.4225666,0.49300036,1.4321307,0.32533854,-0.70243305,-0.14256366,-0.30585185,-0.31082597,-1.2254578,-0.0465645,-1.9384032,-2.4050066,-1.2499666,1.4990414,-3.06229,0.4002901,-0.91328114,0.74513084,-0.9729092,-0.80521697,2.4903452,-0.62693095,-0.0016771258,0.33734775,-0.59366256,0.2899817,-0.1629315,-1.7083092,-0.2984282,-1.2591156,0.5606377,-0.5643723,1.5852807,0.6010015,1.4582355,-0.19197437,-0.24776395,-0.9606212,0.3386441,-0.18521847,-0.47174639,-2.0143926,-0.37469536,-0.023449937,0.64190465,-1.3552841,-0.110743485,-1.792848,1.1063123
1.4407074,-0.31207848,1.8930624,1.5589771,1.2109903,0.27959713,0.7354603,0.5231625,-1.731129,0.94246835,0.7458536,-0.86507994,-1.0270196,1.49026,0.0595929,-0.096099176,0.98786044,0.91460574,1.2890608,-0.8393064,0.48638535,0.26025453,0.14278743,0.92006624,-0.8445927,-0.26570782,-0.977118,-0.6764441,0.9347909,0.24378821,1.0535481,-0.09969916,0.7957306,-0.80876845,-0.18750662,-0.5223759,-0.7275538,0.04350058,2.6482706,0.5858115,0.56382954,1.1969008,-0.14136618,2.7874434,-0.24920958,-0.698556,0.077350944,-0.7691884,-1.6122895,-1.1375122
-0.27150455,-0.7689836,0.5426495,1.0382769,-0.53328425,-1.1001939,0.6715147,0.78329057,1.4771823,-0.040292,-0.64477086,-0.28083533,-2.8637974,0.44275975,-1.1107945,0.312037,0.06901247,0.03595087,1.1410342,-0.3376265,-0.85748905,-0.036254663,-1.5151861,-0.5982141,0.31535387,-0.0015619379,-0.18594818,-0.62937975,0.8436384,-0.35291234,-0.45688304,0.754538,-1.9260403,-1.0607842,-0.81304103,-0.6255266,0.9114555,-0.38902798,0.6320957,0.2021059,-0.3554683,0.71185637,-0.34646976,0.59737444,-0.87504554,-0.854588,1.4102011,0.28962296,-0.3248886,-0.4631358
-0.50870603,-0.14746013,-0.23211662,-1.1982424,-0.14171015,0.66629064,0.05434914,0.55852056,1.0021861,0.9422805,0.32938272,-1.3512406,-0.58709097,1.0859075,0.23413332,-1.0413579,0.8883993,1.9740896,-1.045639,2.1799445,1.2154258,-0.07053035,-2.1411817,0.5408534,-0.23470892,-0.00536494,0.96979266,0.04993633,-1.8110586,0.03942604,1.3974891,-0.14268929,0.37102658,-0.95957583,0.1028696,2.6538625,0.92998105,0.7568487,0.16935582,1.0213484,0.44576085,-0.10760464,1.6719509,1.7715034,-2.3221695,-0.95702034,0.9919124,-0.32179955,0.9834942,-2.215316
-0.17582771,0.9310073,-0.051750522,-0.21600434,-0.032042973,-0.56001157,-0.41777036,0.14357512,1.0043411,-0.4999689,0.37781075,-0.17931743,-0.9439189,-0.61086637,-1.3212237,0.35225633,-0.426201,0.46290755,-0.60971504,-0.65850496,0.37239733,-0.26824942,0.55234915,1.3087428,0.8431486,0.3362422,0.6605556,2.2626112,-0.4327826,0.42707342,-0.31362122,0.5543786,0.5534357,1.2977271,-0.51209193,0.23048033,0.5561416,-0.40870085,-0.6530643,1.4420505,-0.3304704,0.12213819,0.9069624,1.2476197,0.60673577,0.74748904,-0.71459234,-0.5842318,-0.9523743,0.5031494
0.81195265,1.3609401,-0.5287044,-0.90136045,0.17655103,0.56313354,0.986482,-0.06235172,-0.0081877615,0.7454393,-0.2393119,0.6002287,-0.21034206,-0.13394299,0.08134609,-0.15705866,0.872323,0.21532351,-0.05025991,-0.6483022,-0.51690507,0.20099801,0.45793846,-0.42913732,0.51924,0.2251302,1.0600919,-0.6835937,-0.44685644,-0.30824548,-0.5122944,0.49064714,0.49403104,0.03050573,0.64762294,1.5468744,1.753932,0.5687476,0.32754874,0.61295426,-0.99557346,1.1661937,1.3617269,0.5668882,-0.47782287,-1.3298019,-1.8483497,1.4226767,0.54186237,0.6291269
0.5132902,0.3647356,-2.7787519,-0.057003673,0.8266898,-1.2721757,-1.122346,0.81961447,3.4859498,-1.2046989,1.0148876,0.38509193,0.3618995,0.40602297,-0.7195844,-0.28243744,-1.3614975,1.037529,-0.6987211,-0.6422606,0.5276106,-0.37209535,-1.0428556,-0.78288543,1.6107285,1.5057601,0.45072764,-0.9698135,-0.32952112,-0.13571641,0.30995777,1.7615935,-0.4973157,0.35414538,0.8838359,1.8525227,-0.36343297,1.123558,-0.10352022,1.3981651,-0.16048911,-2.179877,-1.2856,2.3086398,-0.46135315,0.71758723,-2.6158247,-1.7228281,-0.19739048,2.1381693
0.997668,-0.00013484825,-0.27544245,-1.043197,-0.7782508,-0.8197303,0.6197578,2.2647557,-1.4040039,-0.93863124,0.13718452,0.1122825,0.041177917,0.49617457,0.6853567,-0.8769985,0.6213965,-0.34369797,-0.69455564,0.23120113,1.3524494,0.5080851,-0.32763132,-0.51456577,-0.32086346,-0.16964251,1.939645,-0.52085537,-1.5545999,1.786947,0.0546845,-1.1504568,-0.75389254,-0.16635247,-1.3623867,0.1034471,-0.17388955,1.1744823,-0.9497704,-0.17856318,-0.06506496,-1.5505114,0.034634437,-0.26160714,1.6290028,-1.4742672,0.3178864,-0.60947734,-1.582753,-0.5134809
-1.1788939,2.331296,1.1313028,1.0824227,-2.8875144,0.062135898,0.4585467,1.5344205,-0.30573574,-2.3743753,1.9355104,-1.9646386,-0.08578935,0.011406036,-1.2291802,-0.1552205,-0.19064239,-1.6727166,1.1117451,0.3224384,-0.9620732,1.4503706,0.012467143,-0.9989992,1.0277866,-0.06298689,-1.7009546,0.32044333,-1.1623027,-0.5670196,-0.97989476,-0.7580874,0.10732618,0.23214132,0.6245931,0.554551,-0.87294924,-0.8737482,-0.04401047,1.0128287,0.11120264,1.4676092,-1.100319,0.700586,0.21806958,1.4576844,-0.11172535,0.68582636,1.4237843,-1.3686711
-1.4111891,0.6302673,0.022231562,0.61471874,-0.73393756,-0.57451916,1.0914991,-0.20179334,0.46080592,1.4857414,0.19792211,0.44850153,-1.747346,0.7162962,-0.07436557,0.38244486,0.5024431,-2.154026,0.09355383,-0.084812425,-1.2391218,-0.6339891,0.394807,2.2928069,-0.87165296,0.085255645,-1.0931672,0.38160172,0.46568725,0.029559476,-0.6710306,0.57389754,-0.03803354,-0.8655948,0.3626809,-0.28877008,0.08394214,-0.55802995,0.7302494,-0.34501815,0.88717604,1.6288427,-0.4262076,-1.1079868,0.8789208,-0.8057752,0.20472753,-2.1535397,-0.3870706,-1.7605757
1.0925226,0.9246747,-0.6986909,0.707859,-0.02854155,1.2731409,2.0074275,0.9448843,1.3118128,-0.7764018,1.0041081,0.7778257,0.7432804,2.2407918,0.3409201,-0.03861652,-0.20684496,0.24698435,-1.4140358,-0.114757515,1.1727442,-0.14039402,-0.1121032,-1.0669932,-0.3663268,-0.19496258,-0.14291742,-1.3588936,0.82015574,-1.4249041,-0.20597324,-1.0625939,0.9643895,-1.9424777,1.0368941,0.46131012,-0.47536796,1.3368535,-1.9467419,-1.6328872,-0.67582905,-0.36755717,0.80577236,0.4936804,-1.2292659,-1.8259234,0.22997892,-1.0694945,-0.90851015,-1.3774357
0.12924571,-0.69812435,0.055908807,-1.7983681,-1.5948566,-0.5582248,0.5586106,0.8789542,-0.48257172,1.516362,0.14672577,1.0012763,0.5827527,0.9995028,-0.036393274,-0.138839,-0.90244055,-1.0982152,-0.46291175,0.8059641,-1.185708,-0.66445315,1.0241171,2.6979117,0.6411011,1.2560266,1.2516121,-0.035828874,0.28442815,1.3896499,-1.480946,-1.4991299,-0.13901483,-0.30721465,-0.3037965,-0.2688927,-0.0023623898,1.1590638,-0.8335788,0.59601736,-0.21274598,-0.0014889945,0.5162926,0.8246455,1.1889585,-0.61879134,-0.12266877,0.6366594,-0.6510941,0.34069514
1.5923135,2.0720673,1.1012043,-0.9817218,1.5292431,-0.69735557,1.8643514,0.0582973,0.30382162,0.63492507,-0.5222145,0.9784163,-1.2628261,0.23604175,0.4015034,0.12976633,-0.44717237,-1.8450763,-1.2848129,-1.5221338,-0.7260529,-0.4674047,-0.6726007,-0.24469453,0.9934867,-0.026407152,1.0071292,0.8663291,-0.9062924,0.46078882,0.030921694,-0.053845707,-1.5608928,0.76118886,-2.0874171,1.3969554,-0.19694644,-0.76425767,3.4734116,-1.8708346,1.3168164,0.75972974,-1.4103078,1.1192325,-0.08550965,1.688629,2.3758364,-0.1808815,-0.39784354,0.607415
1.3980901,1.6993679,0.9198572,-1.079352,0.07041769,-0.9575658,-1.9118938,0.42366204,1.736137,0.12595773,-1.3878683,-0.8803515,0.0011230981,0.91627926,0.30830717,0.29732087,0.56895125,0.9061893,-0.2782608,0.8746698,-0.98656946,0.08342832,0.8769199,-0.044484578,0.64790857,-0.1662318,0.29455084,1.1791426,0.3252414,-0.19892697,-0.21580836,0.72151786,0.12293788,1.983563,0.42833644,0.97517765,0.7078344,0.6435324,0.5236232,1.2478913,-0.66236573,0.55126315,-1.0659984,0.37005454,-0.94501877,0.3796754,2.2694764,-0.44101596,-0.34021637,-0.23478442
-0.13863818,-0.9909739,1.516941,-0.038008563,1.0073029,0.5043127,1.8853049,-0.14641349,0.12985606,0.4685327,-0.05663732,-1.6821554,0.77867115,-0.6083656,-0.04485536,-1.1608367,0.6793684,1.6673632,-0.43477932,0.80054593,-1.5659933,-1.4136854,1.291873,2.1730673,0.3481018,0.97208494,-1.9398271,-1.1707263,1.8145696,-0.677222,1.4449536,-0.42152566,0.3364891,2.299917,-0.3938262,-0.15616378,0.05212701,-2.31692,-1.5900712,1.2666658,-1.8225764,-1.2295628,0.9336039,0.09915687,-0.40861836,1.8081187,1.3616402,0.18124294,0.5935179,0.14511928
0.90739006,-0.6582284,1.0045782,0.63684994,0.9247923,-0.42252874,0.52492833,-0.47080004,1.2648456,0.38364014,-2.132673,0.2713206,-0.03868023,2.3778791,-0.17855163,-1.9985034,0.21283491,0.6526356,-1.1255827,0.6483881,-1.0495124,-0.18618618,-0.3044262,0.4176615,0.29465008,0.94498366,0.21502817,-0.40862215,-0.2082465,1.4300554,-0.84522957,-0.34378085,-0.71001124,-2.4785736,0.3190905,-0.044303264,-0.06123639,1.2646728,-0.4536131,0.93607855,0.39456725,-0.5810669,-1.4967057,-0.5246931,-0.9432451,0.049402963,0.05379608,0.30444103,-1.5113453,-0.0016119283
0.4230359,-0.19293754,-0.82602865,-0.9023846,-0.94583863,1.6361268,-0.3177295,1.431035,-0.069347285,0.7790797,-0.3826383,0.9396306,-0.3192493,0.5388019,-0.8155413,1.2519796,1.0779926,-0.70051867,0.74610287,0.09484062,-0.029299919,-0.4249666,-0.114029914,-0.33865207,-1.2242306,0.54961234,1.2572272,0.6760298,-1.1239784,0.17157133,-0.36335826,0.5634066,0.41682088,0.039943032,-1.9931412,-0.9905895,0.19231485,1.8501372,1.287128,-2.1377106,-0.4368324,-1.2176965,0.6214966,-0.32684314,0.6363949,0.9651591,-1.1690191,-0.6054948,0.3746207,-0.20303427
-0.45772886,-0.9528659,0.46045718,0.8745105,0.013369385,1.1125982,0.5626672,-1.8998643,1.591526,0.8969583,0.20049094,1.463813,-0.8073112,0.69922125,0.7341894,-1.288934,-1.035133,1.2505219,1.2920543,-1.3916968,-0.42193544,0.4228331,-0.86637956,1.1816617,-1.3218967,-0.11721416,1.7466533,-1.0187212,1.8393593,0.4211207,2.42546,0.83955044,0.47309127,-1.5483282,-0.42437342,1.0201643,0.09115571,2.4937277,-0.330595,-0.012043344,-1.277162,-1.888724,-0.19413243,0.48009214,-1.1641828,-0.6640248,0.058109406,0.58581495,0.1013166,-0.40852392
0.40919185,-0.003979639,-0.43614742,-1.1336018,-0.17401665,-1.1371047,0.7253619,-0.091320336,1.1806306,1.8295774,-1.162346,-0.73056376,0.29148945,0.9783334,0.63953084,0.42869237,0.67920005,1.5276222,0.53703034,1.0509042,1.9298202,-0.06664985,-0.08806402,1.7130997,0.9823702,1.2884603,2.2489824,0.043274153,0.4142198,-1.0841999,0.5300598,-1.7609762,0.026306147,2.199904,-1.1367878,1.1185161,-1.4529743,0.6701888,-0.75749063,0.75748366,-0.48737308,-0.22454955,1.6268058,-0.84545785,0.6990237,1.1131283,-0.91377825,-0.2614108,-0.124535404,-1.0873045
-0.56597847,-0.21790743,0.9307312,-2.9342165,0.2113807,2.3969777,-0.72925544,0.98550206,-2.1585388,1.1569003,-0.36697748,0.53229445,0.72317165,0.20687641,0.058478944,0.5897454,-1.2075342,0.58075786,-0.10033473,-0.1386666,0.8410317,-0.2203236,1.0994542,0.039953742,-0.8903781,1.1831645,0.96559596,-1.122769,-0.7304901,0.49848837,0.38436297,0.34047765,0.1085155,0.62382656,0.8794839,1.8560023,0.71496433,-0.29043835,-0.43977162,-0.84377295,-0.26596472,-0.6947087,-2.0216255,1.1855917,0.72371626,0.13585195,-0.6436324,0.39861077,0.89359164,-0.89352
0.96147037,2.992726,-0.33270225,-0.3615626,-0.25588217,-1.4680232,-0.36149892,-1.9815085,0.83294564,-0.8368828,0.34683815,-0.35911125,0.8929317,-0.46118042,-2.4414854,-0.73001325,-0.9491475,-0.43700093,1.1375623,-0.98962367,-0.8241386,0.307017,-0.07868514,0.18798846,-2.1378026,0.37743598,1.3671378,0.39305693,-0.06337083,-0.061072554,-0.087754145,0.8307773,0.9095328,-0.4554336,-0.42508972,1.4634609,0.26250848,0.01134359,-0.12326983,0.107523344,0.58356434,1.9650953,-0.17143813,-0.3834189,0.16548474,-0.25720403,2.5252397,-0.3410313,1.1771663,1.6892256
1.6987188,-1.0577679,0.28715423,-1.1672142,-0.3174532,-0.5630164,0.05471363,-0.45001978,0.26294196,0.24478403,-0.6796961,1.6756366,0.94121313,1.119849,-0.9534319,1.0794966,-0.9972654,0.012189952,0.92824095,-1.4883419,-1.5160332,1.1562163,1.0561144,0.58581305,-1.7773585,-1.3930057,0.81125355,0.43563756,-0.10538259,1.3761872,-1.7673017,0.6057098,1.8345573,-0.5808406,-0.6259904,-0.07056324,1.3011593,1.20531,-0.17687318,0.71832454,0.83369255,-1.4438605,1.3507811,-0.36282822,-0.81205845,-1.5321257,-1.3991411,-1.1951164,0.8203995,0.5964714
0.3367715,1.006287,-0.04536916,1.7159226,0.21338248,1.8462292,-0.8242919,-0.47636133,1.7329091,-1.0381794,0.27265835,-0.61675924,0.24080335,0.38526955,1.6481861,0.97230136,0.18924169,-0.20168312,0.275644,0.69487005,-1.860288,-0.82414925,-0.35457677,0.045431938,-0.13579564,-0.23459506,0.72845197,1.8654466,0.25312927,0.76371765,-0.5614604,-0.010559745,0.40048924,-0.19410987,-0.12171809,1.1202155,0.0045606643,0.48877725,0.6094028,-1.008398,1.1526157,1.7276684,2.0926862,1.4154155,0.45569888,-0.55779684,-0.63173765,-0.6505866,-1.0062943,0.007871301
0.5102006,0.4214405,0.73208535,1.3044865,0.2094731,-0.291031,-0.06618897,0.42473903,-0.2520448,1.5149685,0.4507947,0.5172073,-0.28031507,-0.24548672,-1.2859793,0.6656178,-1.9258273,1.1122936,2.186609,-0.27879104,0.09085989,-1.5350932,-1.2192252,0.33072603,-1.0747182,-1.1329284,0.6905827,1.3582222,0.70592064,-0.039222542,-0.4914598,0.23752247,-1.6044786,0.013213904,4.0440063,-0.42789412,-0.73306936,-1.8694208,-0.79424447,0.060076497,-1.7318685,-1.8825647,-1.0769088,-1.9669675,-0.11108415,0.38313782,1.1935141,0.94036794,-0.27368683,-0.40703398
-1.7694268,0.4175254,1.217352,-1.0592972,0.6359818,-1.2252275,0.058450077,0.9693245,-0.039494935,0.74203706,0.8966319,-1.0795951,0.9333372,0.51167727,0.7221066,-1.1450405,-0.07268981,1.2868873,0.9005452,-1.4043292,1.6980715,0.23198682,-2.0223997,0.4925065,0.5293794,0.6648095,0.595176,-0.6285044,-1.1291734,0.18999454,0.79745734,-1.7024841,0.3819743,0.20130394,-1.259825,0.63705355,1.0482402,0.6643132,0.6581843,-1.2545155,-0.4589523,1.3427815,0.40818968,-1.5383506,-1.6159497,-0.39900836,0.3894593,-1.6995016,0.5348623,3.3122308
-0.2110045,1.3737737,-0.6588301,1.0509949,0.28487355,0.72968084,-1.8614789,-0.96369696,-0.8870705,0.3355519,0.9250132,-0.74171555,-1.4190844,-1.111199,3.059169,-0.7738963,-1.2544332,-0.0001035228,0.8667511,-0.3815814,-0.70702136,-0.068400905,-1.3882416,-0.33418933,1.2437814,-0.14450485,-2.9740946,-0.55773103,0.6038835,-1.0254766,-1.0301709,-1.6387143,0.31893754,1.1138761,1.1189678,-1.0733197,0.5530328,1.3804332,-0.8351781,0.21698079,0.9380506,0.39443514,-0.57413584,0.12556468,0.11442233,0.10316746,0.09685158,0.50187135,-0.91628355,-0.12227352
0.5471808,0.8515018,0.8739915,2.461965,2.0535593,0.7021332,1.0477369,-0.20390682,0.7348343,0.59630424,-0.17612979,-1.3186396,0.91416985,0.6953356,-0.14879502,-0.25076184,0.820701,0.39123452,0.62104607,0.2909417,-0.3517947,0.11732301,0.4263345,-0.359876,-0.81801015,0.84476656,1.4904953,-0.8845644,0.8053086,-1.6295373,-0.39212692,-0.6514987,-0.13248445,0.49364024,0.58521694,1.2335371,0.9140205,-0.1347409,-0.38968983,-0.0024674577,-0.1974286,0.076930135,-0.028925959,1.2089305,-1.0076809,-0.39576903,-1.7080821,1.6611525,0.54880196,0.32147223
0.65048385,-0.07882635,-0.19601187,0.43241745,-0.11225037,-0.5939289,0.26952857,0.36011067,1.1633283,0.17429775,0.88335675,-0.896293,0.9824729,-0.28566825,-0.397822,0.3207899,-0.33471325,-1.132299,1.0952463,-0.118276894,1.0639381,-0.31315616,-0.20571496,-0.6503116,1.3487785,-0.12665464,-0.036637023,0.73231995,-0.6972603,1.4646598,-0.6701802,0.5680813,-0.379677,-0.4504134,2.8310192,0.9034532,-1.5716267,0.034615453,-0.037836693,-0.90413725,-0.68740237,-0.045257147,0.18140456,-2.2632093,0.7142206,-0.66167146,-0.76540494,-0.44786558,-0.18014808,1.8724322
-0.82281935,1.7843665,0.061224252,-1.7401527,0.99903935,-1.2016047,-1.8699787,0.8273935,1.191167,-0.028671805,-1.2862916,2.169304,0.18583371,0.7862924,-2.1323864,1.4632541,-0.26787207,-0.09412897,-0.3303336,0.107637204,-1.4532502,-0.5590961,0.48782188,-0.5398134,1.0857302,1.1147592,-0.7446192,0.59518206,0.5433608,0.96322685,-0.38096195,0.7443691,-0.59435844,1.8624314,0.42367035,1.2251836,-0.15808094,0.12674272,-1.5235181,0.076136865,-0.60140496,-0.0058493773,0.6061047,4.058334,-0.32614636,-1.0417161,-1.0860249,-1.1485709,-1.3006122,-1.5686032
0.9265097,1.9744555,0.59360933,-0.29421696,-0.62953264,0.25802603,0.42685857,-1.502715,0.9232793,0.65296376,0.36041862,1.6139057,0.00065695617,-0.3010045,0.32251728,-0.37444925,-0.33906084,0.6857745,1.6943648,1.0621753,2.2285626,-1.0080966,0.40523335,-0.3809229,0.49153233,-0.97640556,-1.229857,0.1348603,-1.8053055,0.11818797,0.51994216,-0.74478674,1.5332375,-0.22323245,-0.4150415,-0.58859164,-1.1056174,0.70435715,1.8464398,0.20312716,-0.40432113,-0.45517474,0.16022621,0.7096689,-0.7823419,1.1346587,-0.81596696,-0.30441758,0.61134434,-1.8827927
-1.1961104,0.8949035,1.2694436,0.5536027,0.22782068,-0.18389496,-0.8165447,0.66982526,0.47528428,1.7282512,-0.3533291,1.224177,-0.44137773,0.66213524,-0.22921059,0.82531214,1.5305324,0.039128687,2.564141,-2.2170331,0.78476566,-0.73009205,-1.4005427,0.45996094,2.338512,0.09686291,0.492265,-1.0402927,-0.44597363,-0.065191306,2.0284128,0.35414687,0.09444352,-1.7816935,0.6555326,-0.8117798,-0.1901278,-1.4324023,-1.114197,-0.18365756,0.96222574,-1.9020692,-1.8780278,1.6516839,-0.42055312,0.6418828,1.0130179,-0.8411379,-0.9729753,1.56135
0.46617305,-0.21605341,0.80725884,0.012945162,0.13601491,-1.1171927,0.6582875,-0.33516318,-0.3632059,0.45730308,-0.5232777,-0.24068896,1.25072,2.3672457,-0.07526582,0.10094533,1.6293199,0.33793366,-0.536869,-1.0898914,-0.2476282,-0.6917909,2.7540722,0.36868596,0.4408069,1.70432,-0.67791075,-1.9279982,-0.9899708,0.11496692,1.8904164,-0.84819114,-0.28445727,0.5715735,1.2523245,-0.78197515,-1.0670531,1.1506712,-0.70455635,0.63986284,0.33053648,-1.1005523,-0.4065433,1.2475753,1.4663498,0.8190682,0.63824034,0.6877728,-0.98558754,0.011565022
0.28782052,-1.3917087,-0.7026822,0.21625443,0.8059246,0.17156494,1.2274594,0.7132886,1.8675332,1.1496553,0.71333134,-0.6960233,0.019101724,-0.75757456,0.41030774,-2.0239718,-0.3012337,0.7579818,-0.13596404,0.7698417,-0.43211362,-0.7002709,0.3368204,-0.10496068,0.4376311,0.1332967,-1.9581447,-0.5590303,0.46001825,0.26412293,-0.5660214,0.483503,-0.31901908,1.0970283,-0.18362392,-1.8568617,0.6976565,0.41089195,-0.09315818,-1.908613,0.20231344,-0.25036046,-1.9927717,0.77049303,0.04994914,-0.91687477,0.5501372,-0.22124098,0.7317541,-0.6404044
-1.2768412,0.9036387,-3.1842513,-2.8689258,0.78277034,2.4781024,-1.4082959,0.5024676,-0.92083687,1.4964366,1.0603249,0.6430158,-0.047667176,-1.1258658,-0.24559611,-1.821913,0.47904462,-1.0759969,0.49781775,1.2457359,0.6433368,1.2398183,0.1963584,0.45498204,1.4680696,-1.3216473,1.1367704,1.1443824,-0.91497594,1.1440958,-1.4375526,1.256006,-0.57646835,0.713067,-1.244802,0.13095595,-2.010649,-0.85520816,-0.70425224,0.06923897,-0.26394,-0.2923641,0.40762687,-0.57946163,0.9137977,-0.8020781,-1.3321712,-0.27419105,-0.47039902,-1.6902148
-0.2711122,1.0080016,1.1404605,-1.5759349,-0.7849762,1.360469,-2.3638413,0.06901409,1.5169528,-2.1274366,0.4129916,-0.3152007,0.26825312,0.3068194,0.2793234,0.3079776,0.22568272,-0.9581014,-1.3019646,-0.42728156,-1.3364896,1.1904627,-1.4447709,-0.26522455,0.032772627,-0.1415499,0.6736899,1.5716621,0.80644226,1.1618048,1.5276246,-0.48502237,0.5997443,0.40737742,2.1027417,-0.70273036,-0.4438153,-0.72927976,-0.44592693,-0.68414193,-0.71861106,0.5895273,-0.26567188,-0.6254906,0.60167843,-1.2206734,1.4233842,-1.0117594,2.2784944,0.62292725
2.093055,0.093192026,-0.28812557,-3.3457167,-1.1320529,-1.5003033,-0.5714107,-0.35706612,0.4819841,0.98501366,0.06883076,0.065493435,-0.8407102,-1.5874971,0.12908506,0.15283945,-1.2993984,-2.3703368,-0.031157987,-0.06324265,-0.8367873,-0.7087424,1.2436988,-1.1221354,1.3267314,-1.9958138,0.8348569,1.3819736,-0.36320657,0.04468921,0.47098437,0.011933496,-2.4917495,0.023621911,1.1614599,0.7519362,-0.5116002,-1.5267262,-0.24766289,-1.0919329,-0.6523541,-0.20100331,0.473459,0.80469286,-1.1367524,0.76402396,0.0902388,-1.0469306,-0.46312228,0.46217316
-0.7978324,-0.6135359,-1.453332,0.93842584,-0.22996603,-0.3835547,1.6191226,2.0399058,0.035856754,0.16077329,0.79735726,-0.8689781,-0.8334713,-0.5220071,-0.54004514,-0.014167124,-0.22486548,0.02619989,-1.2709756,0.66536826,0.6886411,-0.6380173,-1.3333184,-0.34509847,1.7546685,0.06406143,-0.0062647727,-3.2114143,0.8781892,-0.049939398,-1.8243651,0.3235005,0.012973103,1.321281,-0.22901256,-1.2161357,-1.3262737,-2.007494,-1.570822,-0.47392556,-0.55895215,0.25629845,-0.069690235,0.22249804,-0.4116273,-1.668694,1.0494988,-0.9091628,-1.1525707,-0.5416109
-1.4890376,0.93358123,0.013766141,-0.32737356,1.097674,0.97875494,0.7546452,0.13447315,-0.79109997,0.7284315,-2.17837,-0.016415862,-1.5729704,0.97385585,-0.21492223,1.1442169,0.82097286,-0.8829002,0.14166239,-0.09837241,-0.5413893,0.38950345,1.3003514,0.44623742,-0.40008885,0.36334372,-0.19176194,0.08571545,0.39999697,0.23179604,1.7787621,-2.6046708,-0.5790443,-0.45783707,0.33787045,-0.9607151,1.7379019,0.11942957,0.62244,-0.026636764,2.641605,-0.60956573,-0.32336652,-0.31297398,0.35888743,0.10655103,0.71302587,0.7468568,1.3799474,0.28521183
-0.25669536,-0.023299482,1.2271594,0.30371132,0.5834356,0.15393694,-0.47015202,0.076538324,0.19369695,-0.73126674,-0.81203675,-0.32495224,0.23781545,0.6954629,0.26725185,0.276656,0.3331736,-1.1895028,-0.22707367,0.53860915,0.44203147,-1.4511061,-0.28363344,-0.69255596,0.9063234,-0.616393,-0.1843885,1.1049893,-0.40085444,-1.1742392,-1.7642531,-0.29389572,0.28679138,0.18848076,0.05812536,-0.42142975,1.2438153,1.0635076,-0.76418334,2.1367335,-1.3341295,-0.52810913,-1.2561845,-0.6915024,2.163195,0.061802473,0.81622016,-0.53265744,-0.704972,-0.20494343
0.13124898,-0.22109976,-0.8696935,0.28956658,0.61673534,-1.6606344,0.50301,-1.1610653,-0.20207685,-1.6395637,1.0129968,0.92027915,-0.40635577,-1.1364418,0.04991261,-0.45929614,0.7663573,1.1161789,-0.1564403,-0.74696624,1.3806771,0.047405753,0.06340202,1.6565878,0.695047,0.1320987,-0.027408617,0.25493604,0.1718002,-0.10683739,0.70909995,-0.738159,2.8526752,-0.4124492,0.32916555,-1.6828251,-0.62227035,-1.3134309,0.43403202,1.4831252,0.6496896,-0.35624513,-0.13428995,-0.56100076,0.49880645,-0.1439241,1.0798187,-0.071761526,-2.0448456,2.3373296
-1.2897955,-1.4403112,0.8271481,-1.3301909,1.6311393,0.23425099,0.780126,0.44299418,-0.94749916,-0.17740701,0.36790684,1.6187396,1.5109032,0.021843512,-1.3074746,-0.7287272,-0.28107765,-0.12303059,1.6431112,-0.829674,-0.31383163,1.8196843,-1.1261532,0.21793531,0.18138318,-0.07193229,1.6137635,-0.6822048,0.3069214,-0.6994414,-1.9324965,0.48177966,-0.1582375,1.1061571,1.0969712,-1.6024098,-0.8832278,0.76419085,-0.0013033303,0.33975732,-0.8721006,-0.3693678,-0.81694585,-0.9584553,0.44898465,0.35987902,-0.03700275,-1.3265016,-0.3911069,-0.50711215
-0.5692569,0.21413946,1.0097401,-0.06870159,1.6224375,0.059489597,-1.0912815,-2.3643358,0.9245522,0.5308894,-1.0446513,-2.1843922,0.020389905,1.9631407,2.0644832,-1.162111,0.11564032,1.4568866,-1.6057538,-1.1049982,-0.13639972,0.8704036,-0.1916539,-0.8875442,0.56882715,-0.43095744,-0.26018515,-0.0761459,-0.21106414,0.35018304,0.5160847,0.5415164,1.1228535,0.43888244,0.23251642,-0.91375047,1.0359279,-0.23927304,-1.6690909,0.39128998,-1.7852312,1.1731229,0.3231676,-0.016767887,0.29058725,-0.22751941,-0.110086545,0.81736916,2.1836536,-0.025009183
-1.6232712,0.41515613,-1.1391321,0.54280466,1.4729867,0.81655514,0.37212175,-2.0554972,0.70382845,-0.59503955,-0.34537235,1.3909135,-0.028938377,-0.4806071,-0.052370753,-1.1614063,-0.25436166,-0.35582086,-0.8357146,-1.1849301,-0.72620356,-0.25133926,0.27115735,-1.3545393,0.9229802,1.357667,1.1301069,-0.49052808,0.33063763,0.17643711,-0.4972038,-1.5283865,-0.9752215,0.7217108,-0.74106604,-0.5086091,0.68764186,-1.1486136,0.7502827,-1.9847739,-0.8518005,1.473813,0.071891695,-0.13871706,1.1953475,-0.6246174,0.6808374,-1.8096564,-0.42278257,1.106399
0.68062526,0.26061168,-0.09573989,-1.6387489,0.6827044,0.006567226,0.26509318,-1.2536607,-0.7600725,0.3348556,0.68753475,-0.12251794,1.6781285,-0.09300495,-0.6854116,0.45197314,-0.29979515,0.5018251,-0.46974662,1.2659556,0.816368,-2.7555108,0.93961334,-2.444737,2.326545,0.809753,0.54957294,0.7766716,-1.6052198,-0.61714023,-0.93936193,0.28299966,-0.50306964,0.18574622,-1.7906984,-1.0306097,2.0828764,-0.57306707,-0.8608874,-0.107989326,1.424376,0.7596719,0.5408243,-1.2150972,1.3290298,-1.567472,-0.16122547,0.50705415,1.0674126,-0.10954525
-1.1156759,1.3359432,2.1127162,-0.008304409,0.9056773,-1.7017299,0.20495148,1.1389985,1.122943,-1.6407408,0.4825106,0.6004996,-0.32102534,-0.10990702,-0.344043,-1.5974342,-1.323874,1.628139,-1.88522,1.6451502,1.2244861,-0.8092542,-1.4816704,-0.19272248,0.43097168,0.3004452,-0.16804804,-1.3720089,-0.69504774,0.7189716,0.58201796,-1.7669653,0.629212,-0.9988042,0.8179153,-0.024322229,1.2791499,-0.7807367,-1.1049327,-0.093164206,0.82682586,-1.86345,-0.96535623,-2.2638464,0.09380349,0.63850033,0.45652068,-0.54727584,-0.54631513,0.6570103
0.86372036,0.29386884,-0.90853673,-1.5986551,0.49024695,-0.68169457,-0.6711596,1.9182539,0.026584724,-1.5769805,0.036921773,0.07624391,-0.009000143,0.020083051,-1.2736613,0.36231032,0.6501038,0.731289,1.2613419,0.3318014,0.6072825,0.5138985,-0.9373004,0.48020378,-0.14974324,-0.8255569,-0.5269035,0.23450522,0.6548962,0.33903155,0.13826281,-0.5594563,-1.4325622,2.2906651,-0.25788522,0.47429186,0.29594728,2.0075874,0.46687582,-0.16111688,-0.04961145,-0.57067907,-1.0481113,-0.03320725,1.3471975,0.7620918,-0.24042992,-0.08925112,-0.44019657,0.43306935
-1.9925865,-0.5691379,-0.15997267,0.30151466,0.44700328,2.0262663,-0.47560638,-0.25875747,-0.9990473,-0.017904466,-1.4676824,1.799813,-0.53396094,-2.6137035,0.65517044,-1.4690759,0.54248023,-0.7048166,-0.32446656,-0.67866105,-1.3230474,-0.2511151,1.5694873,-0.35432923,-0.3524479,-0.9468836,1.6451113,-0.38865736,-0.13708524,-0.2460645,0.10691492,0.39779502,0.23858234,1.5879481,0.18570502,-0.48112264,0.756867,-1.4907215,-0.6932584,-0.0048611583,1.6778462,-0.7374617,1.9514853,0.30302566,-0.42386064,-0.5191826,0.73791677,-0.17988996,0.56177175,1.6277813
1.9424293,-0.0070252335,-0.09102582,-0.7238747,1.5671017,0.8089513,-1.5514818,1.3781836,0.29132533,-0.28327087,0.7537995,0.29489428,0.31157488,0.12657249,-0.80788046,0.31486422,0.61846787,-1.771424,2.0516205,-3.2983594,0.32690814,-2.1106274,-1.3050635,-1.4165381,-0.2978739,1.097153,-0.29552516,0.034508485,-2.3841496,-0.06927497,0.011880462,1.1076596,0.56284994,0.077755995,-0.02254713,-0.2886302,0.10661263,-1.0045339,-1.6102738,0.50943786,-1.0292939,-0.054987255,-1.5158733,-0.48443073,-1.3180085,2.2795084,0.64965713,1.2269629,0.5504368,-1.1098039
0.9392558,0.9384095,-0.4018712,-1.4456946,0.51120347,0.10944822,0.9490088,-0.74415463,-0.6349235,-0.25296295,0.1349826,-0.67496425,0.06268108,1.2899642,0.5620311,-0.57712895,0.06560268,-0.3048552,0.91441214,-1.3838068,-0.8314384,-0.18626848,1.7751241,0.1894295,0.5303994,-0.5586159,0.9683184,0.69763505,0.5768918,0.12026281,-0.8429342,-0.91774565,0.06612227,0.046658866,-0.67353565,0.4300561,0.20605227,-0.4924043,1.7815675,0.9830403,-0.109159775,-1.7628294,-1.6705693,-1.1996051,-2.798716,0.6163088,-0.54767525,0.09754523,0.6214158,-0.1546935
0.32691583,0.84839165,0.9137475,-0.1659039,1.4209622,0.34132248,0.86675423,-0.6789927,-0.23880737,0.18348137,-0.27983233,0.055291012,1.2007325,-0.005866102,-1.1055933,0.96180606,-0.09366196,1.3517716,-0.73252106,2.4376843,1.0627235,-0.11943362,0.41859233,0.9545152,1.7612318,-0.79245806,0.45176744,-0.14256056,-0.6427766,0.9212414,1.8029792,-1.1329368,-0.96818,0.82162493,-0.69331956,0.09353847,0.12889177,0.85939217,2.6990244,-0.279283,0.61104053,0.90145123,1.4728973,0.3636702,-1.4358543,0.29929537,-1.2844589,2.2362304,0.66718924,0.9880262
-0.65767545,-0.45930135,-1.102124,0.03873939,-1.2063259,0.39120975,0.07187838,-1.308158,0.06620141,-0.5879617,0.28708446,-1.4471087,-1.2244985,0.9928587,0.89098805,-1.3413665,-0.64661026,-0.03167486,0.36056355,-0.8796902,-0.08406381,-1.2254155,-0.73716456,0.4282628,2.978159,-0.18947566,-1.3020353,-0.64609057,-0.3542674,0.129972,0.68355995,1.0638074,-0.897671,-1.3393914,0.25977138,0.52225304,0.5375319,-0.074700475,-1.434995,1.0266328,0.7473649,-0.07153021,2.3866153,-1.3447095,-1.2946635,-0.13606097,-0.48012596,-1.1050137,1.0547535,0.6937098
-0.2671331,-0.50876343,0.15369605,0.83240134,-0.9491084,-0.5369835,1.2377567,-0.86789846,-0.1743871,-0.09836279,0.50665265,-1.7693169,-1.2371823,1.1687949,-0.7722925,0.5122794,0.6534247,-2.0933595,0.47973907,0.6516605,0.72300696,0.688501,0.07258564,-1.2680862,1.0280242,0.41969198,0.012677333,-0.8577375,0.15470895,-1.3413963,-1.3058782,-1.3274908,0.21943456,0.54152197,-0.77764434,-1.0619715,0.8768509,0.7427904,0.05059437,-1.0870674,0.008839307,0.070005335,0.6158228,-1.3908337,-2.8433986,1.1338934,-0.68388766,-1.3988594,-1.824007,0.3604666
1.3848284,-1.5018885,1.9378597,0.21594717,0.72145414,0.9047576,0.24527219,1.7439318,0.8132447,0.016988494,-2.5268269,0.5651487,2.220788,0.8545903,-0.5823824,-0.8042424,0.74030674,0.9237323,-0.32473817,1.458981,1.2968037,-1.0549055,-0.52913004,0.59641623,2.2392433,-0.2245583,0.86649084,1.2892036,-0.61271346,0.14121142,-0.90649724,-0.2828542,1.3802085,0.91021216,-0.9133417,1.51509,0.37112063,0.5479916,0.4605808,0.37017733,1.041879,-0.034572195,-2.0484073,0.17455706,0.5585104,1.1917365,0.29193836,-0.26002032,-0.9463031,1.0013665
0.4079156,-0.18241234,-0.4799192,0.044910423,0.6116819,0.74156195,0.15794373,0.21830183,0.2608069,1.1401888,-0.10379011,-0.5441752,-0.8288778,1.0610075,-2.0917296,-1.0295166,-1.1764965,0.51401955,-1.297975,-1.7448196,0.38621464,0.155952,-1.0628037,0.008956322,-0.2740474,-0.39360943,-0.26044834,1.7188073,-1.2118871,0.6027223,-0.10759782,0.2640393,0.045095246,-0.59621614,0.4339464,0.1675343,0.14097932,1.4306833,-0.21090147,0.5390642,-1.0436652,0.52515244,1.0643654,1.1992364,0.8974712,-1.550577,2.4685214,0.5683579,0.27775395,0.04205178
0.6138157,-0.38088122,0.039421227,-0.07250124,1.2030672,-0.6963072,-0.07519068,0.6788348,-0.924859,1.6668892,0.5903961,-0.12402217,-0.1796172,0.2633102,0.7051395,1.1984699,0.5751417,1.3650339,-1.2882706,-1.1457096,0.7923878,1.0711876,-1.5094479,-1.5418766,-0.76319087,-2.2400274,-2.0793486,-0.44482493,-1.3302367,-2.6978958,-2.0470731,-2.1704347,-1.840393,1.5947382,-0.26063973,0.75661105,-2.0296447,1.0373046,0.29344705,-0.34111157,-0.026627468,-0.3522423,-1.3980285,-0.46528524,-1.0134667,-1.2955025,0.78549457,0.20939061,1.0749304,0.6767615
-1.1919911,1.7810634,0.47623858,-0.901126,1.4444952,-1.3452286,-0.15036297,0.9430459,0.45226586,-0.20061359,-0.6823784,1.0709015,1.2633954,-0.30915546,-0.49123245,-2.1611118,0.5522577,0.0428242,-1.5456504,0.3028625,-1.747521,-0.7757303,0.84490657,-1.0759264,0.46681315,0.6401757,0.5362292,-0.4832323,1.5395159,1.7022914,0.7306435,1.1617479,-1.144542,0.24660888,0.1756954,1.7821298,-0.94565237,0.85917306,-0.7012456,0.8200551,0.988533,-0.25927877,-0.43914238,0.5770252,0.04589855,-0.0085515,0.3273385,-0.017500084,0.18834575,-0.53881824
0.74843967,0.44237953,-0.42030224,1.351294,1.0658708,-0.7047396,0.0533764,1.358871,1.4491233,0.6777943,-1.0849072,-0.55671525,-1.6955004,-0.36337054,0.7098223,-0.4634173,-0.024275256,-0.67632294,-1.3330189,1.161815,-0.6662056,-1.0152227,0.47801244,0.400534,0.22764844,-0.21515745,0.4302077,-0.544087,0.4699664,-1.4510943,0.72678816,-1.2644793,1.3078567,-0.78160554,0.17771962,-1.7243805,-1.8969679,0.7665086,-1.4267424,-0.78955877,0.424214,0.35436943,-0.0707334,1.9095302,1.2846522,0.45793435,-1.2918726,0.45413846,0.89756423,-1.0397564
1.0444613,-0.3383562,-0.33300817,-0.6318126,-0.9135612,0.30404338,-0.5030653,0.3772916,-0.36734933,0.73261166,-1.0192747,-1.5856496,-2.2813468,-0.7303216,-0.6305115,0.4833146,-0.5703603,-0.526724,0.021934941,0.090400144,0.005103786,0.21928099,-1.2710446,-0.84167105,-0.82554233,-0.46242455,1.518261,0.45398027,0.089810595,-0.23218255,-0.17829815,0.6897335,0.6842439,0.21148646,-0.2229506,0.43863803,0.09446345,-1.1956153,0.053671665,1.8977164,0.48006338,0.23312145,2.1004636,-1.0197947,1.272989,-2.2747877,-0.43038172,0.7811801,0.2460654,0.57276267
0.04795707,1.1195666,-0.9281476,-1.8560292,0.5218127,0.25566316,0.9932465,-0.7871729,0.44482523,0.14698023,0.47555846,0.71914977,0.5039641,0.6727493,-0.6269,1.0705981,1.1057947,1.3738792,-0.13977785,0.8349312,0.49745566,2.3996754,1.0388178,-2.9136655,0.35198826,-0.39136517,-0.24634068,-0.9536101,1.8810954,0.64756435,-0.30160522,0.6628993,0.75160486,-0.4601918,-0.8853835,-0.40076217,1.4619795,0.5022226,-1.3489035,-1.0238131,-0.1942478,-0.12920886,0.7199759,0.5350953,0.29761198,-1.9911896,1.235862,1.0768791,-0.78144324,0.7186284
-0.03543026,-0.73333126,-0.37032318,-1.5389158,1.6599444,0.33197224,0.4317259,0.17267998,0.1991388,-0.41732875,0.46515805,0.6129744,0.5511127,-0.8445278,1.0064815,0.7118212,1.395722,1.1284438,-0.14387885,-1.7592146,2.035036,-0.2754748,0.87881804,0.5237335,-1.2916113,1.1325666,-0.10217854,1.2369596,-2.251803,-1.5750767,2.2318099,0.19627681,-0.02354261,-0.49366832,1.0971732,0.103327796,0.7961576,-1.2097871,1.3575817,-0.66169786,0.78770167,1.184258,0.1089313,1.3948963,0.47147346,0.5800813,-0.6075258,1.4323668,0.6285396,-0.38101882
0.7141708,0.09082738,-0.1915233,-0.9005478,1.4226849,1.2890226,0.643579,-1.5661637,0.4491183,0.1348864,0.5567486,0.6391837,-0.35568053,1.5067011,-0.2782798,0.053842485,0.7880006,-1.1440003,0.03240859,-1.6951352,0.32020897,0.2409774,0.73706585,-0.5573976,0.100044556,1.754054,1.9935272,2.0422206,-0.16722485,-1.8188941,-0.4324439,-1.3093297,0.8141078,-0.34245032,0.28569618,-1.6490983,-1.3262162,1.1689141,-0.3971774,-2.0589743,0.61897016,-0.1220829,-0.40224794,0.31871405,0.9367098,0.5875977,-0.793302,-0.49482623,0.1625771,-0.20010222
0.62962586,-0.09206115,0.2606092,-0.32744992,0.49353486,1.4951723,0.6754789,-1.1914761,-1.4936229,-0.38967195,1.315902,-0.7996072,0.11773943,-1.2348678,-0.38373214,-1.2884839,1.0288367,-0.99823236,-1.50703,0.40222058,-0.57108426,1.006133,-0.2396655,-0.28960145,0.6646826,-0.5060139,0.4250285,-0.24864964,0.06457076,0.21416683,0.15025318,1.6015735,-1.1496347,-0.30941454,1.5683047,-0.21414398,-0.2545912,-0.95732474,0.7368953,-0.7132336,1.733473,-0.040275816,1.830467,-1.6603123,-0.21664713,0.9711223,0.8542882,0.71344733,0.43968302,-0.2611693
1.0371195,0.3357713,-0.45610633,0.6733022,-1.526389,-0.8636652,-1.0247811,-1.0215744,0.3365486,0.15073246,0.156277,0.04585284,1.0746213,1.1296015,-0.111407556,1.3445102,2.1456344,-0.9762652,-1.0287079,1.2243502,-0.014393055,-0.087562054,1.8264904,1.930791,1.0059254,-1.0936011,-0.88437396,-0.28096595,-1.2511052,-0.718364,0.78503186,-0.36960658,0.53185,-0.27103955,1.7837298,-1.6533054,0.51745737,1.5899591,-0.3812132,-0.1812113,-1.6541616,-0.43327555,0.9274228,0.18894309,-1.7606591,0.39860806,0.75194836,1.4520386,-1.1629968,-1.0607944
0.20057543,0.6837643,1.7170714,0.21790108,0.46776992,-1.0038874,0.85798216,-2.1531022,-0.3367709,-0.43726283,0.09689476,0.6815133,-1.6773369,0.2667729,-0.07919936,-0.9679217,-0.0753605,-0.57282794,-0.35344666,-1.3800303,-1.376299,0.84114957,-0.07310914,0.26747644,0.7768738,2.0068238,-0.41187334,0.5517117,0.16711967,0.83687043,2.1234984,1.248411,-1.3182093,0.115999885,-2.97396,0.629211,-1.8968467,1.1390572,-0.26284552,0.11153731,0.07481058,-1.2657081,0.61946017,-0.0451608,-2.0984447,-1.2152845,-0.9925625,0.9932929,0.96699077,0.015253799
0.24764292,0.7553599,-0.219516,-0.071864724,-1.1406872,-1.7337257,-0.11062615,-0.13377985,-0.9712355,-0.1823705,0.040107775,-1.4831982,0.4073141,0.7629961,-1.0461538,-0.2567431,-0.7006262,-0.20274623,-1.1371434,0.6016516,-0.76066583,2.891705,-0.74026716,-0.567236,1.1636732,0.27786902,0.76953673,0.33364838,1.3714125,1.2691565,-2.4146771,1.1553059,1.1413904,-1.3712169,0.39829144,-0.23906252,0.9368498,1.2749356,-0.011024831,-1.4691432,0.66416574,0.4589462,0.3527342,-0.19234528,-0.30958477,0.0531072,0.2558083,0.2203906,1.046847,-1.4810394
0.76073253,0.9534688,-0.082937054,-1.216021,1.2717954,1.3141319,-0.1982446,0.34007317,0.2694677,0.42757258,-0.5004497,-0.34566298,1.2334241,1.4821258,2.315465,-1.415645,-0.9511184,-1.4979794,-0.14979468,1.705522,1.1066718,-0.5300814,-1.0309179,1.3457245,-1.4049927,1.6960876,-1.6454269,1.1008294,-0.7691791,-0.5488111,1.3481461,0.0014570951,-0.15764377,-1.1151944,2.4213016,0.36622924,0.35638893,-0.28018185,0.85001266,0.50828755,-2.6744757,-0.0623148,0.21173419,0.19551764,-0.5437177,-1.1615822,-2.506955,0.73745704,-0.13268654,0.4219616
0.3199085,-1.2186364,0.2945143,-0.4340772,0.51105875,0.40020332,0.09820525,-1.0563042,0.010867413,-0.86863697,-1.0392642,0.7442787,-1.0734965,0.4387898,0.21418107,1.8391856,-0.45421413,0.78926444,-1.5217288,1.3892486,-0.28702098,-0.3021471,-0.48484144,-0.96775705,1.7353646,0.34014252,0.3625026,-1.284493,0.70705247,1.139348,-0.5525832,0.23626438,-0.21462908,-0.9116832,-1.0471052,-0.49068144,0.8554681,1.1017861,-0.49909613,-2.30227,1.7469395,1.6053236,0.8241472,-0.7000773,-1.35464,-0.0045061707,-0.62949544,0.3465757,0.7491447,1.0256599
-1.9316825,0.3484159,0.39852908,0.15101969,2.5060055,-2.5781798,1.1138121,0.099573426,1.3404825,1.8510123,-1.219682,0.11348593,-0.9844933,0.17468596,0.113246724,-0.8039394,-0.25352943,0.20122287,0.20479628,-0.43403864,0.2783241,1.0291367,-0.23954682,-0.045194414,0.4238908,-1.2939306,-0.42641237,0.77729553,1.3792081,0.06839468,-0.28864184,-0.07134807,0.9160257,0.3644709,-0.9010093,0.93512255,0.08327134,0.029915318,-0.32258442,-0.64336115,-0.7325825,0.7896639,0.060255356,-0.37225604,0.50617516,0.5872457,1.3420298,1.0415237,0.119799994,-0.62104553
-0.26142728,0.7192114,1.6605564,0.6042076,-0.35736606,1.4836603,1.4359592,0.28312752,1.8787618,-0.179383,-1.0025133,-0.613241,-0.35197023,0.12911288,0.5353281,1.1518645,1.0508423,0.74864155,1.2751808,1.1341265,0.3102923,1.0545533,0.43098828,-0.059775956,-0.44404042,1.423437,0.033099014,0.6283848,0.33120754,-0.06134574,0.73905385,1.1780784,1.0557746,-1.6641304,0.049398556,-0.467747,0.9658391,1.555871,0.95148295,3.068735,2.847201,2.1600523,-0.4635496,0.6780412,0.38374865,-1.2747009,0.22300321,-2.2829509,0.9893361,1.0060333
-0.18507743,-0.6749371,-0.0061783306,-1.7626493,-0.68686444,1.46851,1.9771386,0.76335365,-0.7614272,-1.913969,-0.08720751,0.8770684,-0.03895595,1.0812298,-0.55651385,-0.10192802,0.047102734,-1.4657456,0.5474743,0.73043233,1.8617042,-0.18415365,2.4724886,-0.0039207633,-0.19175938,-1.0727301,-1.1624708,-0.51950455,-0.61134005,-0.5817058,1.9680207,-1.2181778,-2.136126,-0.7915072,0.022405738,0.04357691,-0.5548452,0.23739864,1.8191688,-2.3036058,1.3059028,1.2033012,1.2676768,0.89343506,-1.4572415,0.18142565,0.29314452,-1.8414606,0.8645881,-1.4322166
-0.6987581,0.8004297,1.693213,-0.85695064,-0.9195938,-1.0371736,-0.038503513,-0.8746987,-1.8048788,-1.3126489,-0.9454395,-0.18833245,1.1433626,-0.17975871,-0.22373576,0.98001194,-0.4249252,-1.0446615,0.96317524,0.8526364,2.3002946,-1.3686278,1.4566467,-0.30845112,-0.2610018,0.574973,-1.175313,-1.7055542,-0.7137791,-0.39867526,-0.8242167,-0.8906654,0.61061716,-0.40638077,0.29624954,-1.4018012,0.71049076,1.9165403,1.0184529,0.67183053,1.744049,0.22069328,-0.24340856,-1.7927039,1.4067323,-0.9254374,0.43979904,-0.237826,-0.74311495,0.89987445
-0.65134937,-1.0845382,-0.65760714,-0.75275195,-2.5528033,-0.831522,-0.7534874,0.77976537,0.25551552,-1.7655067,0.6155322,-1.7238991,0.32523862,1.1681213,-1.0430772,-0.68021274,0.7248789,-1.3618547,-1.7529558,-0.074178,-0.8276625,-0.08913112,0.4459473,-0.14035846,3.0234852,-0.9125381,0.5365428,0.7717578,0.004211336,-0.4553557,-0.28818393,-0.85117257,1.4530026,0.25081655,-0.38550693,-0.5417493,0.14984094,-1.2785095,-2.316409,-0.92232245,0.49185574,0.29395786,1.1640252,-0.32575214,-0.272164,-0.26374993,-0.079425246,-1.9744005,-1.4949374,-0.13420466
-0.4562223,-1.2899287,-0.3657033,-0.7560946,-0.029898334,-0.20647229,0.067689426,-2.2554517,0.03141817,1.2465626,-0.11297938,-0.16451824,-0.11725299,0.33293048,-0.24994634,-0.9805505,-0.29192513,-0.31696263,0.047414497,1.7034503,-1.3257014,0.79578185,-0.5588959,0.43821824,-0.36885157,0.04954837,0.6813155,-0.898101,-0.36705956,-0.20943183,1.1280236,-0.13017546,-0.8120214,0.2033857,-0.61497056,-0.6446366,-2.3024623,1.2637571,-2.0717423,-0.20080358,0.690297,-1.1450173,1.4126405,0.602211,1.0735968,-0.22083241,0.5281799,-0.24410696,0.07859151,1.0970373
2.7741473,0.41399673,0.05106023,0.28419897,0.17269343,0.12008279,0.2937704,-0.9878615,0.79031974,-1.0370402,-0.79912645,-1.4965966,0.13869399,-0.05062804,1.1658297,0.016745541,0.4001316,-0.5144743,0.013277819,0.9052226,0.37582016,0.97987473,0.9174568,-0.27314755,-1.0616746,-0.88761145,0.21313141,2.7448711,-2.3549273,1.854753,-0.39526412,1.8472642,-0.6955196,-1.5557557,1.5386525,1.0416825,0.6794667,-2.1862206,1.1164968,-2.2152205,-1.2313063,-0.41862682,-0.47129592,-1.6941484,-0.47930416,-0.14373238,2.0543945,-0.5705986,0.38434684,-0.11222055
0.71013457,0.25392082,-1.4838471,-0.6668464,-0.8548006,-0.063350104,-0.18124218,0.46898982,-1.5373193,-0.3958036,-1.2700723,0.36081752,2.0072398,0.7602333,-0.25378436,-1.0517087,-0.29452792,-0.64966667,0.1693486,-0.7942442,0.9713149,0.027332298,0.13501059,-0.8705891,-1.7277716,-0.36109215,-0.7049684,1.6071151,0.39780065,0.021567909,0.37556475,-0.5064266,2.0679781,-0.33027986,-0.6172627,0.89523494,-0.47745287,-0.82911366,2.2302134,-0.01129501,1.1740118,-1.5462285,1.1321037,0.23664512,0.40667737,0.2437871,-1.0061352,0.81268066,0.23349103,-1.7548466
-0.62263894,-0.47270152,-1.2450755,0.31781748,1.4348631,0.39097327,-1.6967132,-0.17540999,0.91212225,-0.92865974,0.24785195,1.0966468,1.6191751,0.22092967,1.5395575,0.5706488,1.0409044,0.37925944,0.17710365,-0.063518085,0.99227756,2.1095915,2.1637836,0.58728486,-0.50178415,-2.49011,-0.9438655,0.420685,-0.55855554,-1.4026134,-0.51115453,-0.39950174,-1.3735545,0.4341178,0.2942217,0.60287935,0.38623196,0.86701524,-0.7933416,-0.3328327,1.2155474,-0.63797885,-0.083795674,-1.2775013,-0.9870282,2.3229988,-1.4248928,0.44773605,1.2311755,0.44802696
0.72388566,1.0764879,-0.34682778,1.2470617,0.80509126,1.2715687,0.54854906,3.130161,-1.7396634,0.0059084715,3.0165281,-0.4146925,-0.003994848,-1.1957053,-1.2843587,0.6069667,0.09978095,0.8493747,-0.9209167,0.7689468,0.8849881,-0.8172305,0.15791853,1.3733536,0.20601076,-1.159015,-1.8383844,0.7487832,-1.6594826,0.17626546,-0.7995531,0.2089939,0.5246545,-1.0169164,0.7038379,0.33244467,-1.4606787,0.41126478,-0.0676072,0.26481837,0.62845874,0.45552164,-0.16847242,-0.9492604,1.195377,0.022787705,-2.290195,0.61280286,1.06041,1.783351
0.26740143,0.6418355,0.9426379,-0.17767553,1.0935882,-1.3694234,-2.3223205,-0.52031183,0.25249204,0.3341668,1.1775335,-0.21320044,-1.1852498,1.0351001,0.3334155,0.6270012,-1.3050368,0.08637645,-0.56335616,0.6029483,-0.4431383,-0.37857002,0.48779702,0.029284209,-0.34442845,0.19013913,0.64283925,1.7676996,-0.74913114,-0.46684545,-1.9362236,1.0279603,-2.4953518,-0.3614759,-0.79054207,-0.11640112,-2.207162,0.8892571,0.07782513,1.6314075,0.79762506,0.24920067,-0.79244554,0.540522,0.27591917,-0.0064981477,-2.23868,0.54266936,0.54758626,0.46233124
0.30968252,-1.624223,1.4072968,1.186564,0.7751337,-1.7654479,0.04948124,-1.2624767,0.7147112,-0.43350285,-0.05800088,-0.88322246,-0.27297613,1.249104,1.4676629,-0.18276852,0.12100951,0.3834608,0.3372333,0.34242305,0.08750067,0.3272136,0.66538864,-0.25983927,1.9336189,0.5192304,1.0814432,-0.47794232,0.11144359,-0.35131934,-0.036551077,0.6532099,0.16476354,0.4045449,0.31337187,-1.5030273,0.08610181,0.77351445,-0.059626997,-0.57491976,0.08918501,0.7588873,-0.39521515,0.21999201,-0.20292386,0.6535869,0.4054319,-0.048335448,0.68939376,-0.68573225
1.359335,1.2549762,-0.6356418,0.052937716,-0.47892028,-0.5304963,-0.6313443,1.2580662,0.072908625,-0.23810965,-0.60854167,-0.29704976,-0.6036094,-0.41628605,0.3743602,-0.555589,-0.33224902,-1.0513631,0.43789086,0.11058975,0.8663027,-0.62246644,0.7534439,1.4736642,0.7632524,-1.0226722,-0.05662448,0.10704004,-0.85716486,-1.6294698,-0.08152464,0.31087217,0.1365107,-1.0373454,-0.4478048,1.3269148,0.9592665,0.07446366,-1.4983816,1.0818822,-0.61109984,-1.4442143,-1.0620643,0.19399844,0.09442478,0.75046915,-0.39939672,-0.2243514,0.03908766,-0.390372
-0.35724315,-0.17139508,0.16176732,-1.2426836,0.12074196,1.1767946,-2.1300752,-0.8850626,-0.7051617,-0.9565447,-0.085801825,0.1828846,1.028228,0.6239362,0.61966056,-0.7386617,0.058419663,-0.108895205,0.5280913,-0.019395154,0.16432102,-0.42338118,0.3406865,-1.5669389,-0.9611185,-1.4451853,1.5287219,0.21900883,-0.21513665,-0.91121525,0.2022518,0.53946537,0.84964323,-1.2952228,1.1148983,-0.19619092,0.21303608,-1.467836,-2.523552,0.09481737,-0.35372967,0.33540374,0.64344335,-0.58652824,0.9809987,-0.6461046,0.25413418,1.0101626,0.98832303,-0.20263922
1.2163835,-0.24719246,1.2061815,-1.4868127,0.58304065,-0.9577161,0.6594073,0.9818079,-0.52412915,0.022547655,-0.740496,0.22015022,-0.6636516,0.92020863,-2.3001292,0.5693314,0.4659426,1.1446918,0.2638231,-0.45027217,0.67003787,0.8364182,2.0697255,0.56521416,-0.52322143,-0.01815138,-1.0588474,0.44084147,-1.3571906,-0.20290712,1.0376247,-0.8983523,1.1197301,1.9157616,-0.42774174,1.8118165,-0.65114295,0.11281726,-0.5015231,0.53970945,-0.9733817,1.7876346,-0.9597035,0.98687524,1.049768,-0.44985503,0.91187215,-1.3541664,0.8724151,-1.340594
-0.9611868,0.6565403,-1.7626184,1.1373808,-1.1477622,-0.41342095,-0.3205761,0.97860116,-0.28978583,1.8683184,0.7548341,-0.8912629,-0.42151657,1.3332034,-0.11757333,0.4893951,-1.5663303,1.8028259,1.3109336,-0.26967308,-1.0493637,-2.0164084,0.3061833,-0.6995487,-0.15385747,0.52970743,-1.1673658,-0.91672933,-2.2089806,-0.678715,0.76129866,1.2172873,-0.06749914,1.5997797,0.606773,0.28080592,0.6016881,-0.4106305,-0.21479069,-0.23832457,-0.2003377,0.32309607,-1.2939601,-0.9040757,-0.86313576,0.1425184,0.37513155,0.14731784,0.25256416,-0.102867186
0.964886,-1.0729098,-1.6797397,0.008688896,0.36083508,0.6319467,-0.96059555,1.6483217,-0.54860616,-1.5115918,-1.2720945,-0.59372354,2.1648524,-0.73626304,0.013491956,0.98361295,-1.5802602,0.71020806,-0.642218,0.98854387,0.17032765,-0.5906606,0.61497265,-0.67827314,-1.469153,-0.43684345,0.104588896,-0.43363997,-1.1553508,2.1449075,1.1966244,-0.9394931,0.4374067,0.8094801,-0.25463867,-0.7494192,0.7220723,-1.5334779,-0.56770897,0.30635148,2.3913925,-0.69833344,0.5301222,-0.320347,0.36874706,-0.26964745,0.6966424,-0.96123755,-0.8975694,-0.46532542
-1.5072811,-1.2766031,-0.2856057,0.6866431,0.55479634,-0.5959182,-0.7401012,0.025873093,-1.2906315,0.22703409,-0.5669024,1.2324072,-1.3744675,1.000275,-0.51854897,0.12974216,0.36608937,-0.26827154,-1.1618664,-0.83105636,-1.6516623,-1.1927283,2.3462188,-0.6594352,-1.9009497,0.09660026,-0.09050941,-1.231742,2.3501685,-0.48515671,-0.06665226,-0.29585618,1.9858384,0.49817717,-1.2643914,-0.7087755,-1.238567,0.20857507,0.6316134,0.48101106,-1.1257727,0.1784041,0.60639495,0.28694993,2.033445,0.23253842,0.11104397,1.1728247,-2.2698636,-0.34003246
0.14255862,-0.3057635,-0.9491384,1.7258571,1.0323279,-0.37729073,-0.81743586,-0.010607739,1.1339508,0.52769494,-0.73873717,0.2746475,-0.4695029,-0.44090134,-0.30234757,1.5138321,0.39837876,1.1948535,-0.903655,-0.71347094,0.99533015,0.28648934,-0.35752267,1.8633703,0.5635312,-0.12644209,-0.35249045,0.06793312,-0.34844726,-0.9347158,0.070363924,1.1791515,0.48439366,0.79230046,0.46037942,0.8438162,-0.2532464,0.0010992171,0.2321559,1.0003245,-0.34162012,0.79901254,-2.4700425,0.44421038,0.098273985,0.12958707,0.8711619,-0.71199274,0.50168,-1.1312841
0.8933796,-0.043227803,-0.1314805,-1.6730313,-0.6003356,-0.8340811,-1.3159523,-0.300099,0.919073,-0.52365816,-0.4440828,-0.9177504,-1.9072264,0.5397139,0.15398172,0.6785866,1.8756998,1.8684323,0.939346,-0.11055338,0.53800017,-0.3553049,-1.2868991,0.21453166,-0.42361653,1.2499107,-0.33109257,0.47934934,-0.24403444,0.23020752,1.3747594,-0.28622952,-0.5890108,0.5760731,-0.85478437,-0.59903204,0.9756535,-1.27744,-0.20628338,0.15121101,0.7759488,0.9641083,0.3694852,-1.293353,-0.6836089,0.10467444,-0.61062175,-0.10189382,-0.77499956,1.3520218
0.5463946,-1.3552746,0.1762103,1.6226699,0.6201824,-0.77871066,0.086171396,-0.7061444,1.1580951,-0.26795575,1.4962059,0.22392939,0.54152757,-2.0619318,0.95770925,-0.369936,0.39138222,0.57272816,1.6363058,-0.65757227,1.2332175,2.0625618,-1.2646887,0.6367932,-1.1466198,0.52770764,-0.36651546,1.4071361,-2.9006386,-0.35894683,-0.5980865,1.789616,-0.2587952,-0.09814775,2.1520758,-0.41933852,-0.6773901,-0.77756053,-1.926023,-1.6158546,-0.14986752,0.6692833,1.2741762,0.69646686,-1.7968019,0.53488815,0.138895,0.06691547,-0.32695025,-0.58296126
0.49131128,0.9752374,-0.7380896,-0.58516276,1.3607206,-0.78931165,0.12029853,1.1554141,0.38519976,0.2400361,0.016831597,-1.3016261,-0.1772009,-1.4889112,0.28824073,-0.26573735,-0.81366783,-0.5767193,-0.43971667,1.0413022,-0.24834055,-0.02377077,0.28563794,-1.03984,-0.037475813,0.52371293,-0.05124326,0.5003748,-0.25584057,-1.9105238,-0.37757513,-0.49096245,-0.43498257,0.99096644,-0.32563215,-1.0027326,0.7294207,0.13584916,1.1541747,-0.9365716,0.95081663,-0.11450942,-0.95238745,-1.1567909,-0.50259393,0.9001729,-0.48579627,0.34141326,-0.16048062,0.6377079
0.08769178,0.38955358,0.9913172,-0.9061127,-1.2947482,2.3834765,-0.11248379,-2.0679967,0.8493325,-0.15806255,1.7141664,-0.19780736,-0.040750537,0.037540976,1.9820354,0.5119349,-0.8081695,-0.44316998,-0.92497635,-1.3843819,-0.44196212,-0.9325169,0.74624604,1.1676642,-0.04371754,1.1228342,-0.5083497,0.26494527,-1.5659596,-0.59944254,-0.9796875,3.5063481,-1.622818,-1.0758433,0.41769993,0.5462361,-0.012889843,2.1597664,-0.25829053,-0.113506995,0.6085446,0.7356634,-0.029267369,-0.1819509,-2.2117465,-0.7627479,-1.08812,0.7608822,-1.4370822,-0.2647046
-2.101934,-0.025888307,1.016129,-1.0509083,0.15302137,1.3933711,-0.2646886,0.72066766,-0.5405463,2.1915874,0.16527012,-0.54901147,-1.4766114,-0.7214325,0.6351252,-0.25304845,0.8051349,-0.046127386,-0.18337443,-0.5551481,1.4480301,0.30831915,-0.1868992,-1.5683376,0.21132162,-0.34376344,1.1440266,1.2441535,-0.08435333,1.6361219,-0.19619644,1.5944413,-0.3126424,-0.6891504,0.67111415,-1.6705246,-2.1786983,0.0029992885,0.64374405,-0.65296286,0.97104853,0.3797957,1.2364527,0.84266055,-1.002327,-2.280626,0.66809094,0.018298196,-0.08262424,0.020192446
-0.6713555,0.54920405,0.5182326,1.0110683,1.0054095,0.07968591,-0.86938655,-0.7028415,-0.90124077,-0.026803048,-0.32838026,-0.4924293,-0.30693254,0.071167104,-1.1999257,1.9552965,-0.13349564,-0.12591164,-0.08299882,-0.35519364,-1.0259032,-1.1644067,-0.87463534,3.2573104,-1.842199,0.1292544,-1.8974774,0.44201353,-0.18691173,1.1798838,0.00624278,-0.5933046,-0.28499582,1.1516747,1.6385342,-0.3165477,0.5036565,0.2655832,0.29396087,-0.7415704,0.27741912,0.18296798,-0.93125176,-0.5990439,0.39446387,-1.4776351,-0.23154469,0.52789927,0.5348274,1.793494
-1.0450226,1.4292854,-1.407057,0.025841326,-1.9536364,-0.32330388,0.68823504,0.79299176,-0.934577,-0.6915467,-0.86028636,-0.90619636,-0.27373195,-0.78258675,-0.08620069,1.0145738,-0.054633472,-0.41186348,-0.22135966,-1.2854482,-0.6939618,1.2823156,0.6527136,0.18048628,1.4237794,-1.6336133,-0.8996717,1.1869535,-0.2599073,1.7405705,0.50287235,0.16550425,0.86000925,-0.029219054,-1.2859764,-1.4608437,0.7852652,-0.14781234,1.0755241,1.3094449,-1.0080982,0.3294772,-1.6672738,0.72365266,0.6078724,2.2099202,-0.91959643,2.3365898,0.5612064,0.15200658
0.73588836,-2.2643852,2.5748928,0.22084089,0.96682477,-0.6444016,0.66609335,-1.7339101,0.46228555,-0.61980885,0.78491884,-1.552546,-0.6959415,0.57904035,1.3776839,1.0311172,-0.8100889,-0.8891969,-0.8538468,0.5691776,0.7007603,0.2844963,-2.0405307,0.35852888,0.46960753,-0.69400173,-0.04799238,-0.12550637,0.42938527,-0.25746349,-0.8229084,-0.28592902,-0.13543484,0.0055036815,-1.4997817,1.1285903,-0.45598948,-0.3217757,-0.6662609,-0.36024347,-0.08256056,-0.90658325,0.3151785,1.3154268,1.6860836,0.28960615,0.120907255,-1.1392441,0.7934958,-0.5999945
0.01728174,0.5635706,-0.8432516,0.037553176,-0.16105436,0.8248912,-0.6586389,-0.64867365,0.3260127,-0.12076399,-2.4635518,0.72196746,-0.93763655,-0.57449055,-1.2753321,0.45084202,-2.1691408,1.8640052,0.0011350029,2.3528984,1.0111226,0.71596676,-1.0798857,0.33173507,1.481999,0.30772823,0.19703111,-0.17580141,0.06928324,-0.7429777,0.10052871,-0.57422614,-0.6704002,-1.1015712,0.8884893,1.0882117,-0.52567595,0.7073394,-0.06772306,0.16043112,0.044802483,-1.0257355,-0.43389392,0.21632959,0.057611734,-0.62539065,-0.33255538,-0.8427914,-0.64636123,1.3801453
0.7046772,0.87240607,0.10374273,1.7525984,-2.6024654,-1.8087565,0.24569972,-0.6486346,-0.18073128,0.6160632,0.23091997,-1.2395236,0.2660415,1.0232358,-0.5573615,0.4930727,1.8095742,1.0406473,-0.7839794,2.3511496,-1.6547114,-1.6884905,-1.5712537,0.60172904,-1.7736113,0.06173193,1.5401512,2.0358381,0.74151653,1.5785458,0.019873533,1.6223168,1.0059994,0.39220104,-1.1515591,1.2559782,-0.42464694,2.360849,-0.073289394,-1.4496995,0.9580846,0.13074122,-1.941979,0.9147809,0.22543605,-0.8583845,-1.0980079,0.14046669,-0.830495,0.8029341
1.134927,0.23284404,0.9875471,-0.50916624,-0.1892097,1.8328292,1.616245,1.8889112,0.6794779,-0.22760624,0.0838118,0.36935642,-0.1387334,-0.8374437,0.39063266,0.613049,-0.5112524,-1.5770226,-0.7027533,1.7445319,1.3089895,-0.51095957,-1.6395923,-0.4142025,-0.4549148,1.1733985,-1.2401843,1.0666943,0.054367725,-0.5651651,0.7176239,-0.6433126,-0.68293136,-1.2897542,-0.10359908,0.6892128,0.6251403,-0.50349754,-1.0795497,1.2136087,1.6479349,-0.54646045,1.3329914,-1.3448144,-0.2863745,0.20506503,-0.8979907,1.5508316,0.9456017,0.8784664
-0.9508819,2.335581,0.42501163,-0.060381897,-1.2030102,-1.1776811,0.7143616,0.7927985,0.24480164,0.67073905,-0.021593736,0.4910959,-0.11293579,-1.0652627,1.160734,0.53924507,0.79070103,1.6698165,-0.279324,0.698985,0.4964191,-0.8674413,0.21211152,-2.2915807,0.6344845,0.93661773,-0.06256875,-2.2653706,0.5620449,-0.73637986,-0.73591745,-0.89891285,-0.9231976,0.63523626,-1.4706253,-0.44906,1.4760315,-0.075907975,-1.219101,0.816681,0.084433004,-1.0791696,-1.0821517,0.32524502,0.6200003,-0.30033857,-0.11572211,0.86787915,-0.39028487,-0.72480357
-0.8143441,2.3281949,-0.17852916,-1.6878127,0.13337843,0.17801583,0.8155418,0.008276035,0.73584384,-0.14963143,0.07620062,-0.48974723,0.9785893,1.5144833,0.29072693,-1.2560923,0.48403955,2.3113656,-0.382752,-0.9726789,0.21562442,1.2877358,-0.08882839,-0.24329038,1.5559524,-0.77045894,0.13797386,0.7241786,1.0475751,-0.48106614,-0.9479793,0.45191467,0.30675718,1.5605112,-0.147173,-0.18064153,0.3998631,-1.0221565,1.7472908,-1.2296678,0.27597255,-0.5045094,-0.1856798,-0.3690507,0.24396868,1.3531781,0.0054234657,-0.50338113,-0.0687521,-0.5521253
0.8805749,0.4789625,-0.3023195,-0.8594503,-0.57112694,0.4051262,-0.66084486,-1.2344189,0.3806081,1.051132,-0.34338602,-0.3601908,0.46992967,0.7873977,0.8451943,-0.010577871,-0.13076669,-1.0790837,1.2724134,-2.1889143,0.6324203,-0.058163963,-1.6340085,-0.06651717,0.7574888,0.9615277,0.36524925,0.18612064,0.78810817,-0.010933081,-0.21703687,1.9865738,0.66642195,0.22081502,1.3668232,0.33892635,2.4881697,0.5415298,0.16538848,-0.037558142,-0.15929298,-1.2759883,0.1476379,-2.1198196,0.7608678,0.3881766,-0.933676,-0.30870876,0.27178377,1.2945086
0.046611186,1.1484474,-0.9086853,-1.5987015,-0.73698795,-0.8274452,-0.76391774,0.6510461,0.4232773,-0.39009032,0.9050011,-1.3738024,0.4174512,0.29734045,1.455608,-0.08298019,-1.3163323,-0.08110384,-0.2773534,-1.7547703,-0.46022376,-0.5448257,0.7272983,1.3046259,2.3159575,-1.9820155,0.84394467,-0.31768838,-0.67912006,-0.10588457,0.51557124,-0.8068445,1.822599,0.4009557,0.7325947,0.055123225,1.5701368,0.51404333,-0.7750168,-1.1217266,0.10992281,1.1478509,0.28576228,0.96035147,-0.4996456,-0.8532355,1.1732312,1.1395378,0.98678607,0.38754204
-0.08298227,-0.00047785128,0.47215697,0.19531593,1.2968796,-0.47193506,-0.91698915,1.5104476,-0.6851597,-0.38675532,0.9619681,-2.3097637,-0.11955764,-0.4329412,-1.8695345,0.45645764,0.15125331,-0.5299399,0.7469098,0.24233377,0.28649917,0.6547861,0.7534568,1.285266,-0.009373375,-0.58924043,0.32076952,0.61617863,0.29715833,0.6787359,0.12278129,0.39581758,-0.9128043,0.16092958,1.8089341,0.6336574,0.3105182,0.061524473,-0.1500918,-2.6495295,-1.7586465,-0.57498604,-1.4944098,1.2031204,0.37558264,-0.16085756,0.94085276,0.6330906,-0.40802464,-0.18278567
1.2469162,1.6234255,-0.0066343774,-0.9592532,-0.5368843,2.0055954,-0.81432664,-1.4031899,1.3347789,0.9664809,-0.07446128,1.2754328,0.06394778,-1.1540911,0.05318834,0.37925404,0.64540017,0.021939661,-0.073903225,-0.6585272,0.36124888,-1.1103283,0.51667875,-0.4656826,0.2387709,-2.6370418,0.103490196,-0.8394446,-0.27119443,0.4903981,1.0255464,1.4544594,0.7355527,-0.2168503,0.099755146,-0.4517364,-1.5650328,0.8647354,-0.71546566,-0.76306844,-0.37083986,-0.06196235,0.7675911,0.23172596,1.2029879,0.51741827,1.9902276,0.61913055,-1.3176471,-0.8404717
-0.9181528,-1.3794445,0.07693766,1.2591085,0.77776635,1.3103677,0.59456724,0.010473902,-0.19020292,-2.0786538,-0.2656335,0.29513273,-0.5162144,-0.83615017,-1.9353065,1.7333994,-0.62045336,0.45267397,-0.23700783,0.1556968,-1.1519221,0.6497802,0.5585126,-0.9984306,0.6638626,0.6978372,-0.22768855,-0.35828173,0.048135202,-2.0896614,0.7225221,-2.4366248,1.0958211,0.37913534,-0.5992018,0.13564517,-0.48832873,0.9392418,-0.008553033,-0.6949837,-0.3956756,-1.2001723,0.6704069,-0.5921503,2.1172466,-1.3695537,-0.81868076,-1.2726877,-2.1184227,-0.6260148
0.76495206,-1.2340466,-1.0616506,-0.13268453,-2.0319486,-0.8240984,0.15639059,1.0142316,1.2831632,-1.0329148,0.5512817,0.10495948,-1.8521167,-0.6901524,-0.4870795,-0.74543554,0.5405955,0.8024585,0.50774205,1.6594731,0.6538984,1.3206421,-0.15740414,-0.22502396,1.8782794,-1.3868859,0.28229964,0.80927336,-1.8393784,0.14893325,-0.55335474,1.0027156,-0.61773324,0.707166,1.454849,-0.08733281,-0.08042335,-1.3371321,0.40765014,0.4332228,-0.11895216,-0.45339397,0.64220333,-1.9254105,1.0208308,0.73013586,0.17821573,0.23455617,0.025965914,-0.48483682
-0.30393785,1.5360559,1.484586,-1.4998671,-0.99768186,-0.1056013,-0.27353776,0.5199016,-1.7564512,-0.49387535,-2.9195905,-0.52350056,1.5826918,1.2856452,0.32644674,-0.84881043,1.0717039,-0.024672642,-1.0208007,-0.4923137,-0.97216195,1.1475981,1.1542047,-0.9226644,1.5753589,-1.5449638,-0.6405577,1.8854524,0.8235808,-0.8739043,0.02411681,-0.6587983,-0.3191495,-0.6565791,0.00081563916,1.4067851,-1.6693553,-0.9939512,-0.713205,-0.14175151,-0.6271489,0.24448003,-0.3414,-0.39766034,-0.20269237,-1.0975748,0.07380878,-1.1830938,1.8032287,0.034419984
-1.162059,-0.7818546,2.0687258,0.55467355,-0.41181713,1.2734311,-0.595872,0.54003733,0.43490997,1.0116491,0.61084414,-0.59508747,2.885241,1.9383204,-0.06292415,2.283895,0.76312536,-2.0301201,-0.17359895,-0.4245057,-0.25840378,0.8022826,-2.8342292,-1.0561166,-0.4244859,-0.43485785,0.5107331,0.62354594,-1.1285354,-0.0032993124,-0.24337628,-0.8358213,0.21783239,-1.2905062,-0.3168218,-0.70012325,-0.21301934,-0.26120618,-0.84950554,-1.5458078,0.81680065,0.65640074,0.9512842,-0.112628296,1.0455676,-0.59468335,0.9371452,1.400288,-0.09025723,0.6194346
0.043197162,-1.4205054,0.5478251,-0.44428226,-1.2658378,-1.1023686,-0.37478942,-0.033152327,-0.9795853,1.532122,-1.1480592,0.6894596,0.4917535,0.31198725,0.3962665,1.2568302,0.039151214,-1.1812437,-0.1538723,0.4108061,-0.29993904,0.5958988,1.0002788,-1.3168105,-0.45858666,-0.62033355,-1.5894338,-1.2960885,0.052979805,3.1420095,0.05619794,0.41953507,-0.21763468,-0.7165296,0.53274846,-0.7308804,-0.9316939,-1.470737,0.008925064,-1.9144988,0.75745314,-0.7911305,1.0292224,-0.3328301,-1.3603815,-1.5657957,0.110316224,-1.3937098,-0.8886654,-0.165699
-0.42842,-0.15770929,-1.0183542,-0.24284601,-0.46985486,0.39920127,0.91665334,-1.2510712,0.5878186,0.07604936,-0.012135434,-0.62659305,0.22606456,0.03188963,0.5597908,0.4025379,1.2550459,-0.1908327,0.45925197,-1.7331103,-0.2430658,0.34904492,1.2451402,-0.8665996,-0.53451836,0.09997501,-0.34823874,0.5994205,-1.256438,-0.2571288,-0.5597518,1.6955531,-0.509504,-1.1985322,3.0157688,-1.4293565,0.62879634,0.3933576,0.13740127,0.7351833,-0.53603536,-1.0567995,-0.9292774,-0.1671503,1.4203216,1.1242386,1.9470991,-0.6261406,-1.8132305,0.4748642
-0.34503093,0.13717304,0.24456795,-0.18221338,0.8063967,2.0021126,-0.18330875,2.4099433,-2.0145745,0.38214457,2.0254505,0.6824304,1.1515503,1.1162546,0.6705795,-0.9608099,-0.88982487,-0.31831256,0.97276855,-0.31979316,-1.109203,-0.2895758,1.4048957,-0.7122101,-1.4106206,0.6957118,-0.18262355,1.2609463,0.4797055,0.8002548,-0.99799526,1.678753,-1.1659044,1.6184437,-0.059152145,1.5206882,-0.7174978,-1.058576,0.607839,-0.59242505,0.41378918,-1.6690211,-0.68688565,-0.21550107,2.4184873,2.5498111,-1.2960496,0.68656325,0.8064771,-0.12790549
-0.57045275,-0.7968262,-0.4916608,-0.42729786,-0.17601964,-0.752902,-0.32650036,-0.5378099,1.3294224,-0.781255,1.0780768,0.47188458,2.6195164,0.41066378,0.30126923,0.82287586,-1.3238066,1.1885319,2.135604,2.0362165,0.37394062,-0.21963784,1.9263828,-1.8202019,-0.42001876,-2.0696547,-0.23118958,1.3656163,0.19678994,0.030327605,1.2263619,-0.011845198,0.45542172,0.1760894,-0.9358066,1.6970255,0.09021492,0.85459024,0.08758958,0.39317176,0.16015746,1.3161674,0.15748148,-0.824413,-1.6588271,0.12814997,-1.9584483,-0.09608182,-0.4962763,0.8505776
-0.43409932,0.05770462,1.5112311,0.70500284,-1.34302,0.56921697,0.84990644,1.8555272,-0.3820984,0.22291861,0.35763213,-0.8720086,-1.388431,-0.63450205,-0.33441898,0.17312558,-1.2272539,0.15543532,2.0709834,1.6099403,0.51611567,-0.14447476,0.80901325,1.7527783,0.28811547,-0.35404766,1.7166061,-0.11444448,0.9002598,0.6808767,0.1871917,0.022019506,-0.92368567,-1.3909587,1.5723078,2.2202113,1.2471875,0.45691994,0.91075504,-0.3930327,-0.80367863,-0.12703523,0.0146504,0.9175644,2.2523918,0.61365145,0.5146236,-1.1453929,-0.59808254,0.8176765
-1.4086119,-1.4300662,0.38412592,-1.0320257,-1.0131985,-0.19823183,-0.36533758,-0.39618525,0.60186255,-0.4400258,0.5876538,0.088587284,1.5695962,1.3769253,-0.4133267,0.32242316,-1.9318073,-0.15291949,2.4641635,1.0479686,1.1168985,-0.7269445,0.17227714,-0.65658367,-1.2635734,-0.9190649,0.64618903,-1.2778804,-0.5753535,1.2645822,-0.428392,0.23287003,1.4478852,-0.69251174,1.3947371,1.1539246,-1.7406416,-1.4339218,0.3293152,2.3446627,-2.212101,-0.18902923,1.2021335,0.24872267,1.1420205,-0.39174202,-0.18946569,0.99460715,-2.7192707,0.9696161
-0.17119029,1.4592857,0.14740108,2.2965262,0.1028099,-1.7588713,0.74249357,0.37022564,-0.19162387,2.0065198,-0.024392935,-1.6212066,-1.2383862,-0.15231183,-1.2444881,0.42701465,0.7589814,-0.28338817,0.73341227,-0.7781686,0.7115687,-0.78630567,1.3801926,-3.0666971,-0.23121732,1.1369898,-0.15133235,0.31838453,-0.5419004,-0.96592295,0.23794918,0.42265844,0.10170061,-0.79076755,-0.4373306,-0.953907,-0.6982147,-0.3048378,-1.0221285,-0.94435865,1.5680038,0.040455993,-1.4989797,-0.2719299,0.6946178,-0.9733819,0.49966836,0.7466124,-0.67895395,-2.1075363
-1.1730937,-0.76218593,-0.5829693,0.068941645,-2.3263617,-1.1192832,-0.44078946,-0.9089156,0.4640658,-0.6467885,0.63393766,-1.8604141,0.5174104,-0.48362017,1.1665821,0.42444775,-0.08004483,-0.98076904,-0.036083844,-0.51426196,-0.5473991,-0.09232753,-0.090207815,0.07563042,1.5153155,0.1845847,1.0834666,0.2502772,1.4079764,0.16875225,0.3839626,-2.141203,0.1512506,1.3464181,-1.9548262,-1.2383058,-1.1719747,-1.743573,1.2720474,0.42812783,0.48742655,-0.9589823,-1.7378899,-0.44443458,0.0014699377,1.5543541,-2.7546747,0.9907256,-1.6943203,-1.1529669
2.487145,1.3984272,1.9881997,-1.2651219,-0.29202464,-0.038346615,0.4260346,0.36495733,0.063688524,-0.3403396,0.134135,-2.302732,1.0953938,-0.59063166,0.015057828,-1.2855555,1.7463266,-0.7032397,0.52681786,1.9036261,0.79402477,-1.2011511,-1.6110643,-0.25419977,-0.43822005,0.8373326,-0.3573934,1.0208039,0.83486634,-0.8727898,1.6300346,-0.7224241,-0.1813507,0.30824047,1.0519769,-0.3379847,0.49376854,-0.35999888,0.974318,-0.46387026,-1.3738315,0.1271681,1.8672347,1.4859232,0.63619685,-0.8195273,-0.48274174,0.23586269,-0.0018778455,0.28259745
1.2346008,-0.12116867,0.5224708,-0.05062447,-3.14505,0.93740785,-1.8630118,0.21721306,0.6928191,1.0612104,-0.5040456,-0.46206987,-0.37710518,-0.40443203,0.33832198,0.3569007,1.3027221,0.5435247,0.018650165,1.8075778,-0.9447169,1.4074627,-1.4222798,0.18037388,0.85660076,-0.31427053,0.32424653,1.8037478,-1.678815,-0.40402326,-0.4411606,0.1264929,-1.6436623,0.7281016,-0.057054475,1.934079,-0.2673034,1.0600824,1.3303668,0.14149876,-0.07863828,0.20399891,0.53667986,0.07852953,0.80284077,1.1812818,1.9414574,0.045530833,-0.6602313,-0.49526617
1.5370294,-0.4660653,-0.96580154,0.9094548,-0.77296066,-0.38322902,0.75184274,-0.35650504,-0.6793367,-1.0045034,0.4132446,-1.0739671,0.14230801,-0.1595087,-0.57748747,1.8575947,-1.086073,0.94734883,-0.04773498,-0.27060178,1.1402817,-0.20499578,-0.5047973,0.27654868,-0.27916154,1.9157196,0.12653308,-0.39148688,1.139076,0.2430642,-1.0980383,-1.4416623,0.08586518,0.06633536,0.16316518,-0.67428684,-0.9578558,-0.5367755,-0.7993767,-0.064080395,-2.3332212,-1.2661475,-0.6046246,-1.2121892,0.81086594,-0.46283832,-0.04010088,-0.4507931,-0.009692729,-0.8998931
2.8708775,-0.4284663,0.06758827,-2.456266,-0.28796652,-1.2997713,-0.41802555,0.3252911,2.7511625,-1.1829691,-1.4472145,2.0681415,-0.8113271,0.038252156,0.045491286,-0.4382549,0.17033026,0.26499113,-0.54190624,0.23639765,1.3703718,-0.9901675,0.2674671,-0.30161458,0.2257568,0.7776642,-0.43376192,0.021105824,-0.68158793,0.6908652,-0.10323779,-0.93551475,-0.7557645,0.028814884,1.8943763,-0.43110478,0.85456973,0.12835562,-0.54106015,0.11786387,-0.42514214,-0.93545187,0.5485239,1.5513477,1.0792037,-1.134189,-0.35268596,0.4517299,-0.0040150373,0.18209974
-0.7067147,-0.4892341,0.38709942,-0.8441214,0.4483612,-0.20818795,1.3079003,-0.5329803,0.12623394,-0.31665424,-0.2174167,-0.58338034,-0.39262354,0.5705561,-0.7010738,0.26011714,-0.46915033,-0.6417279,0.2502998,-0.13812892,-1.2505733,0.85596365,1.4690077,-0.5548764,-1.345755,-0.23182803,-0.48459038,-1.476013,-0.35093507,-2.5184407,0.18653697,1.0750841,-0.60449064,0.45234793,-0.33469412,1.6302737,-1.922547,0.4486612,-3.0604932,-0.09482238,-0.7470146,0.18841147,-1.236304,0.073715076,0.23840846,-1.1954901,2.0213284,0.3814176,-0.33456582,-0.59310144
-0.07531644,1.2095828,0.61489064,1.8924147,-0.87934285,-0.8636861,-1.1782031,-0.009684351,-1.0341421,0.11916721,0.46400362,-1.2685146,-0.27230954,-0.5697049,1.2876211,-0.24354102,-0.5733055,0.24088146,-0.3278824,1.2668655,0.6252323,0.5552885,-0.0810238,0.35714468,-2.2041388,-1.0206608,0.22098696,-2.0446665,0.9142,0.50565577,0.81170547,-0.47016633,0.36232954,-0.027122412,0.42518643,-0.42061934,-0.17309833,-1.1764966,1.8742881,0.88366175,0.2722458,-0.67669106,-0.6837732,-1.3829756,0.9586112,0.79610467,0.0036671455,0.7593014,0.034119915,-0.32801726
0.7403427,-0.18154319,-0.5654813,1.6582221,-1.6070591,0.41819844,-0.054216348,-2.0875127,0.20818745,-0.20147657,-1.2633926,1.166119,-0.108419634,-0.9414659,0.39102927,-1.5678658,-0.9317268,-1.4665544,0.113606915,0.6048684,-0.3877605,0.08576234,0.59233993,2.1089642,2.39338,-0.1444621,-1.6816574,0.07628343,0.7434768,0.111601375,-0.16425471,-0.35487112,0.5915677,1.304597,-0.45353797,-0.6899641,-1.2877927,0.655955,1.5303168,-0.45924756,-0.87600243,2.2118053,-0.49171382,-0.18817365,0.757719,0.9908987,0.66513044,0.06808781,-0.43371686,-0.7554736
-0.60146606,-0.38557974,-1.6080955,1.626332,-0.93485916,0.15166558,0.74405646,0.9722966,0.1500334,-0.24984612,0.40200108,0.55325526,1.1188838,-1.9320383,-0.55386084,0.47196195,-0.52955806,0.71248496,1.8112379,0.47457093,0.5496294,-1.9312658,2.0125456,0.42600924,-0.5949187,1.3176693,0.99847317,-1.7687656,-0.56814194,0.066202834,-0.6087169,0.58634233,-0.03527772,0.43432122,0.3614069,1.2029052,-0.3056515,0.0565026,1.2443745,0.3266242,-0.4935986,0.26663476,0.13090119,-0.00088715664,0.47906968,-0.018173566,-0.49444678,0.47550613,-0.5061946,0.58737564
0.93980896,-1.5649105,-0.12452751,-0.54814273,-0.41042066,-1.1262554,2.0058427,1.3914179,-0.021446748,-0.18773913,0.08735424,0.9509377,0.4222509,0.6928846,-1.1673651,0.5630256,-1.7376609,-0.84763676,-0.36377704,-0.7543717,0.19559261,-1.0051309,0.7733627,0.055155262,0.963659,1.2277253,0.37293178,-2.1582942,-0.13292599,-1.2435074,-0.26366493,1.1537476,-0.4710749,-1.024194,-0.48793474,-0.52641183,1.1772743,-0.5720223,0.3937242,-0.6134788,-1.7021754,-0.29794362,-0.11046686,0.8461716,-0.94037956,-0.35952118,-0.68974715,-0.35983437,-0.42543435,-1.299709
-1.4302016,0.73506844,0.8003946,0.18541569,-1.1902614,0.34638774,1.3190206,0.283744,-0.6666297,-1.4527874,-0.8965156,1.0211344,-0.5460332,0.5762995,0.19753994,-0.12252223,0.50218403,-1.682089,0.36483532,1.9950817,-0.24190286,1.8396888,-0.2223065,0.55275273,-0.8123579,-0.46771434,0.12947886,-0.4888322,-0.25462475,-0.8613057,1.1615486,0.5261769,-0.26658884,0.19538015,-0.98231864,0.7467016,-0.8980385,0.3186353,1.8814645,1.081299,0.5493081,-0.6241128,0.2873023,-0.17699581,-1.3412015,1.3816657,0.35162303,1.5022826,0.6721985,0.6388612
0.8066695,0.5902546,0.5904762,0.5061361,0.23519763,1.8118534,0.1697189,0.5277201,-0.0155737,1.954813,-1.4185919,0.3607485,0.85332644,0.36185923,1.9473301,-0.8691766,-0.08764477,1.2781448,-1.2831209,0.87184125,0.7546674,0.94586027,0.5822479,-0.9999434,1.756149,-0.35607803,1.4676001,1.7392551,0.12984699,-1.6137943,-1.184149,-0.682007,0.6976845,-0.83148926,0.10716958,2.4578197,-0.6907342,-0.716155,-1.4769839,0.17650415,-2.8217876,0.42773813,1.0957116,-1.0068699,0.6335165,-1.7097844,0.05322249,0.58270323,-0.0026773927,0.76375496
-0.020560276,-0.34070432,-1.8232824,-1.3929727,0.17837685,0.9871852,0.68936783,0.9957738,0.7490581,1.6696638,0.13347371,0.29517782,-0.59032035,-0.51974046,-0.8238497,1.0047491,-0.5334689,0.7959056,1.209489,-0.13926324,0.0154812895,-1.9089364,-0.5336952,0.7570765,0.45775372,0.16289577,0.30746675,-0.16696335,-0.73383737,1.5686562,2.228601,1.6501491,0.3056753,-0.90080595,-0.6648221,0.11561958,-1.176761,1.4338264,0.9223863,-1.7873877,-0.10345062,-1.0613642,1.0712066,1.442632,-0.7834331,0.36550212,-0.34334704,0.32617816,-1.0719774,-0.3562304
0.5818196,0.8983366,-0.08843067,-0.19891004,0.101405434,-0.70444196,0.14584666,-1.4345111,-1.3742574,0.09230828,-0.8637029,-0.2556474,-0.020250686,0.6276493,0.23769851,-0.36106217,1.5791178,0.24987641,-0.56959397,0.06354429,-0.2614038,-1.3357925,0.9839503,-0.048247185,1.0751829,1.0253972,0.25290197,-0.6630301,0.9739533,0.588701,0.10271639,0.29590416,0.28776586,-1.2248635,-0.8563061,2.8790004,0.59383845,-1.2427295,-1.7372311,-0.196985,-0.4123269,-0.25057542,-0.04882012,0.743012,0.14649081,0.77730787,-2.668232,0.27036825,-0.09686646,1.6616659
-1.863311,0.8146363,-1.1932929,0.028125802,-0.28041813,1.2998575,-0.07732605,2.022181,0.24943674,-0.8995428,-0.71145594,-0.73534894,1.1474704,0.055860166,0.27891824,0.33362567,0.51231086,0.56395113,-1.0083447,-2.0963929,-0.70525944,0.1235463,1.2705989,1.0918981,1.5686647,-0.007271902,-0.19339791,0.15622674,-0.28998572,-1.3386403,1.4885573,-0.092112035,-0.5622451,0.65470046,-0.89928055,1.6254742,1.574941,-0.55418074,-0.0073853587,1.3084296,-1.941701,-0.032230474,-0.22906232,0.14336406,-0.48625854,-0.13402903,-0.7120881,-1.4644575,-0.7074958,1.6378185
0.5061051,-0.28699416,-0.76430094,-1.1002891,-0.2939842,-0.037902102,-0.97694826,1.8653849,-0.9502182,0.78104186,-1.2582636,0.9264836,-0.1488022,-0.34387523,-1.1029137,-0.59625244,-0.6515404,0.8583774,1.6521264,1.5638458,-0.13662896,0.08006383,-0.75832367,0.76005054,-1.1578269,1.2341824,-2.1433551,-0.7034784,-0.105676934,1.1459286,-1.0876256,0.6473022,-0.7552704,0.27074835,-0.6274332,-0.19960135,0.13403665,1.3298647,-0.34964672,-0.20989607,1.3415487,-0.6573829,-0.31253764,-0.9101219,1.2114955,0.45206696,1.4721596,-0.70976853,0.26814097,1.3623874
-0.5926622,-0.44146538,-0.3613843,0.29943845,0.073355846,-0.90232444,-1.0021559,-2.2381058,-0.8785,0.5066104,-0.11344298,0.1540555,0.9389243,-0.62777996,0.5071811,0.17682034,-0.33430082,-0.18534927,-1.6564465,-1.7400858,0.013177767,1.1046342,0.31919816,-1.4917369,-0.0798467,0.18158498,-1.6518929,-0.009556381,0.10623644,0.06814176,2.2626777,-0.29750782,-0.73856986,-0.56900364,-0.12455221,-1.479135,-1.7602872,0.1312148,0.009746322,-0.23954338,1.4871781,0.5967162,-0.93475753,-0.2852964,-0.2129676,-1.7986518,0.60512143,0.8020209,-0.07415407,-0.7546312
0.3275708,-1.1289561,-1.4862486,0.7788727,0.092393,0.94842917,0.52460015,2.1138687,0.9207575,0.47261563,0.25056708,0.17328121,1.2634058,2.1231782,0.48474082,1.1720864,-0.1900638,-2.2958822,-0.03617941,1.5321584,-0.9103416,-0.55397713,0.69019675,-2.150392,1.4169909,-0.56169206,-1.1016781,1.432027,1.5769982,0.1293023,0.40454155,-0.13996765,0.6077811,2.3161101,-1.3983893,1.6667259,1.8851118,-1.4141095,0.15857013,-0.8807338,0.25061417,-0.019298231,0.052462686,-1.1297565,1.0042614,0.0012483572,-1.451003,-0.564489,-0.079657674,1.7505561
0.11708673,-0.21540563,0.17571752,-1.3169076,0.15887193,-0.049677655,-0.6561392,2.097989,0.51091313,-1.7961602,0.108399354,-0.11269186,-0.63595545,1.4071404,-1.0336956,-0.34605053,-0.4074925,0.44373465,-0.76239103,-0.3257487,-1.5877593,-0.1884272,-0.96293247,1.1680512,-0.2969984,-1.179186,0.5705328,-1.8347465,-0.14341427,-0.09157039,-0.33474395,-1.6183352,0.65930617,0.057178423,0.32504946,-0.5816547,-0.26016957,-0.95124114,-0.70186234,-0.09210291,0.33634093,1.2951628,-2.2328951,0.2959255,-2.1877487,0.82107717,0.26920414,-0.28974628,-0.18734935,-0.15797995
-1.1547607,1.3257419,0.1775499,-2.5937045,1.4766518,-0.14086244,0.37122414,-0.33314303,0.36891243,0.07281436,1.6955277,-0.37045598,-0.2212771,-1.0143386,-0.71769637,-0.46842277,0.78532606,1.4258182,0.86223805,-0.29068154,-0.09417523,-2.8518283,0.48163137,0.21004362,-1.1388074,-0.8798031,1.2130598,-1.1867483,0.9507057,-0.37981218,2.364623,-0.55205804,0.08898527,1.8049458,-0.1606977,-0.7349435,0.7919721,-0.99187034,-1.4866443,0.98494726,0.37952936,-0.15125483,0.33112043,0.27502525,1.404779,0.6703529,-0.55092436,0.3288247,0.037011825,-0.47650972
-0.51501125,-0.62830627,0.4114013,-1.4312508,-2.2562585,-0.96370924,0.22359526,-0.7705908,-0.1196404,2.680241,-0.90729177,0.26314497,1.4131336,1.1483619,-1.7825435,0.710596,-1.0763102,-0.6011744,-1.1063464,-0.050628047,-0.63420665,-0.18049645,0.21358329,-0.46105444,-0.58907247,0.6063752,0.24585308,1.0012794,-0.94366443,0.33461574,0.26651835,-2.1845875,1.4694118,3.0067189,1.2942109,-0.9225302,-0.2732,0.67424697,-0.48204878,-0.74175173,0.9828989,-0.59247553,1.0939935,-1.8550564,-1.522569,1.3577812,1.4563713,-0.37874767,-0.5632907,1.6343598
-1.0909691,1.188966,0.99291205,0.56802315,-1.2245766,-0.27243334,-1.0429158,0.14198911,-0.058232494,0.19404481,0.8088804,-1.1593484,-0.23081605,0.38001078,0.50722945,-1.2311504,0.5437474,1.0607637,0.5820683,-0.84418553,0.2795357,-0.32008675,0.23278797,1.3088689,-0.22031929,0.52423847,-0.46226618,0.9540055,-0.15681973,0.7146734,1.2928277,-0.89240074,1.3765048,-1.0801308,-0.8433731,0.94176185,1.1671051,-0.5543598,-0.6814117,0.07984387,1.0380464,1.1348487,-0.37649065,1.6234218,0.94937515,-1.2957383,1.2314601,-2.3410032,-1.3610349,-0.38596714
-0.57870317,1.2473357,1.5803959,0.6260842,0.6008276,0.24083035,-0.24755833,2.2135787,-0.0884102,-0.71996516,0.72103137,-0.09117876,-1.415009,0.031091653,0.22849563,0.30191866,1.0551159,-0.19873661,0.4013803,0.6035856,1.2035242,-0.8142474,1.9947113,0.42068166,-1.7095855,0.7637826,-0.7283985,-0.9052332,0.74688196,-1.0038811,0.3454393,0.29066172,-0.17631239,1.5470858,-1.2746305,0.52207416,1.1958019,1.4782748,-1.6490155,-0.2144778,-0.5344074,-1.5519335,0.4253532,0.19912209,0.6197826,-1.4238337,0.972243,0.34409353,0.47056732,0.70434916
-0.5889538,0.33914176,0.10378591,-0.31039837,-0.71070874,0.4172476,-1.6481345,-1.0893825,-0.57916677,-2.832494,-0.4905837,0.7631499,-1.4412851,-1.5365696,-0.24504617,-0.5553208,-2.2076824,-0.28530535,-0.67277825,1.0362196,-1.6636162,1.1848578,1.3427188,-1.8606021,-0.3625277,-0.8876377,0.15088066,0.25153136,-1.5545285,0.24921532,0.4602457,-2.0544276,0.25689232,-0.6984107,1.2375847,0.34027174,0.24431823,-0.10568904,1.0732268,0.9171264,0.39348516,0.10015378,-0.6754909,-1.5474703,0.49510646,0.742469,1.5193816,-0.6118861,-0.85005784,-0.4998302
-0.0453097,0.966345,0.48343885,0.10667115,-0.12473624,-1.6193388,-0.30583078,0.8917456,-0.056756888,1.1512845,-1.5158328,-0.75785816,2.2103379,-1.0348034,-0.16896375,0.13396318,0.32714808,0.45001453,-1.0186405,-0.7020232,-0.4558017,-0.7985619,-0.18237917,0.6843887,0.11081725,-0.47885606,0.77964634,-0.35869664,-2.0586565,0.63239,-2.4859571,-0.33449918,0.2520946,1.2150512,1.3304142,-0.651336,-0.6237925,0.77965224,0.45495242,-0.33187294,1.0694536,-2.134057,0.37864655,0.22977234,0.11500971,0.33543006,0.32363653,1.3226599,-1.5330697,-1.2187104
-0.92480564,-1.654961,0.1639092,0.37871733,-1.0072837,-0.8916444,0.4030399,0.73071235,0.7137582,-0.34768647,0.716891,-0.6991957,-0.02374701,1.414391,-0.073767066,0.7557846,1.3570452,0.38292342,-0.64603996,-0.9190158,1.2434918,0.36044037,-0.6229741,0.02515394,1.3109388,1.5197016,1.7747635,0.15409689,1.9995278,-0.82146794,2.9435737,-1.2930956,1.0587842,0.83813155,0.5765778,0.22510256,-0.3662476,0.19361126,-0.96348786,2.4922822,1.1765932,0.38936755,0.066227004,-0.27370933,-0.33872935,-1.6449648,-0.040447455,-0.25367498,-1.5339804,-0.58617455
-0.6796377,1.8073041,0.33341658,0.01349382,0.55451137,0.24726704,-1.5820127,1.5952092,-1.6354686,-0.69609416,-0.5434012,0.40801105,0.22476815,-0.3972043,0.077130385,-0.13398838,-1.3705707,0.80998445,0.5132439,0.49787036,-0.46090055,-1.7313265,-0.15047315,-1.1782646,0.9169023,-0.07339466,-0.3572719,0.2771843,1.3331612,-0.33742166,0.9887003,1.2098898,0.6939906,-0.26495564,-1.676628,0.5272219,-0.68295515,0.11674359,-0.24413162,-1.5259122,-0.18345043,1.7369493,-0.33471835,0.7848349,0.95854235,0.22871798,0.5787971,-0.9543157,0.2890283,0.28926018
0.9115532,-0.3031592,-1.5907673,1.6046757,-1.1574461,0.40011895,0.012909395,0.70268047,0.27758294,-0.03767766,0.5963439,0.7212728,-0.073667414,-1.1347737,1.3137931,0.57631963,-0.6736714,-0.98762286,-1.0435092,-0.7104114,-0.6033413,0.2497177,-0.012619182,0.2965417,0.106897675,1.027614,0.5381105,1.9483575,-0.16350338,-0.023708085,0.6787268,0.02934925,0.43742216,-1.8854594,0.5080193,-1.0967704,1.2466859,0.3992077,4.0443616,1.6591493,-0.9012942,1.6950699,1.3898146,-1.0400082,-0.15850222,1.3007468,0.38573045,2.1404305,0.58109343,0.39557204
1.8950429,1.5650624,1.1962795,0.037024148,0.344478,0.3572255,-0.3348633,1.6662778,-0.567572,-0.5744976,2.2651184,-0.365564,-1.1978202,1.0476347,0.6291313,0.7362383,1.1356175,-0.3219102,-0.7900435,0.31494948,1.0601634,-0.9923503,-0.20364837,-1.3808098,0.8158777,-0.48667395,0.0938429,1.0579574,0.30504313,0.28833693,-1.6278772,0.47350037,-0.085832365,-0.18345146,0.18070963,0.44854522,1.6896495,2.0874257,-0.5229994,0.53145313,-0.22162984,-0.6042083,-1.3640856,0.22284348,-1.1514251,1.6103289,-0.016654689,0.5791064,-0.42145815,0.34854463
1.1986327,-0.12738399,-0.89711386,2.0837097,-1.1231846,-0.3700092,0.9383876,0.35790598,-0.6599267,0.3906103,-0.21364775,0.39409876,-1.2326107,-2.5886872,-0.75192803,0.37019897,-0.43261826,-1.0858066,1.5753031,0.81180376,-0.6475481,0.19040194,-1.1263065,0.36254865,0.38936388,1.3698667,-3.4712396,-0.52363664,2.8330321,-0.4464727,-0.5637034,1.8956047,-0.76049894,-1.9134912,-0.23726688,-0.8271778,-0.67364115,-0.05410551,-2.5553977,-0.2649317,-0.263459,1.6021142,-0.5201546,0.18850498,-0.98416,0.5184249,0.3400482,-1.57117,1.5324471,-1.632757
-0.8882975,-2.2575872,-1.2042226,0.35427755,0.38170463,0.6320237,0.1370334,0.5275204,2.5649817,0.9049567,-0.83276594,0.22540404,0.42610806,0.30066645,-0.99354345,-0.89284706,0.28062475,0.49762526,-1.3913938,-0.17207623,-0.7200215,0.38129258,2.254232,-0.89397746,0.7413134,-0.017128365,-0.44297442,-0.80969024,-0.83033943,-0.48014933,0.49871153,2.2350883,2.4152386,-0.85501915,0.096707344,0.22492647,-0.9908982,1.361217,-0.7773617,0.24790992,1.2721258,-0.12583973,-0.87567705,0.14688413,0.7047179,0.252729,-0.9805208,1.1238924,1.6953113,2.2515032
-0.82499903,3.237624,1.5328823,-1.8002923,0.4122161,0.036113665,-0.77934736,-0.013226851,-1.2640076,-0.55745006,-0.051848505,0.6694047,0.454549,0.23806128,-1.9182451,-0.7562385,-0.17400688,0.029525364,0.7591453,-0.6578932,0.29229504,-0.39550585,0.7676654,0.13686657,-2.1908667,1.7233156,-0.81527007,0.8967587,-0.10857647,0.6190567,-0.86925244,-1.6802514,0.42462596,0.5668187,0.26135623,0.4156579,-0.41676304,1.023157,0.17047088,1.5689169,0.7638799,0.52649814,1.2619594,-1.6343755,1.8007836,0.29130226,-0.17016976,-0.15610248,0.08499292,0.5608546
0.98170525,0.101047486,0.31855544,-0.4954871,-2.6511867,-2.2287765,-1.1977499,-0.63996726,0.6732419,-0.2401157,0.93394107,-0.0037264507,-0.11185745,-0.12701486,0.16499196,-1.5903285,-0.03783559,-0.06384834,-0.6915932,-0.49326313,-0.5090996,-0.7694009,-0.84673536,0.49536702,0.4321466,0.5866393,-0.7423813,-1.7959096,1.2871222,0.87046695,-0.73433614,-1.3826717,0.8329643,0.3151883,0.77758783,-0.665902,2.117637,-1.1703656,-0.13386835,-0.16447714,-0.13212368,1.2263988,0.21987651,-0.9294583,0.31086785,1.6312115,-0.62230474,-0.5521036,-0.6819287,-0.46972114
-0.3795833,1.1621299,-0.33150446,-0.5985645,1.1320547,-1.061183,1.6044712,1.7545,-0.52343875,1.1964658,-0.061130874,0.08650631,0.31130227,-0.047212895,-1.172602,0.59176946,-0.9227626,0.8227378,-1.2171911,-0.11465221,-0.24953015,-0.46269727,-0.93637234,-0.21446761,-0.8155472,-0.9432388,1.8720193,2.2579877,0.81297404,0.25199616,1.3919842,-0.766558,-0.8610094,-0.11109784,1.8486826,-0.41458336,0.08934284,-1.4081738,-0.15748416,-0.48457223,-0.83834684,0.8843807,-0.5636284,-0.55502605,-0.96978694,0.7190177,0.53096473,0.69273776,0.89508104,0.7398457
-0.27980587,-0.025710039,-0.32753292,0.07648024,-0.29654458,0.99899876,0.2960547,-0.5722152,-1.2270933,-0.8800268,-0.047681022,-1.396263,-0.46012685,0.32827613,-0.5957075,0.5214531,-0.18430564,0.121356726,-1.0699751,0.6489088,-0.4588141,0.7291202,0.30351776,-0.08023975,-0.78947574,-0.5685559,-0.61642593,0.40511194,-1.0903279,-0.6876195,-0.4088396,-0.14766295,0.09437791,-0.38757822,0.12309129,1.3140233,-0.08697491,1.8920426,0.54919195,0.97190773,-0.10188343,0.12362215,1.9351363,0.96245795,-1.0516266,0.30536535,-1.8408967,0.55008537,-1.0842441,-0.74406946
-0.008786903,-0.9648593,-0.19868143,0.41441908,-0.23878442,0.71692014,0.39553314,0.27261683,-1.3328074,-0.5223983,0.054978404,0.43050888,-1.8668255,-0.11516229,0.17033541,0.59802455,-0.5134693,-2.1767619,-0.6767719,0.21411425,-0.2790053,-1.6326914,-0.59067154,-0.013067713,0.6188867,0.39968973,-2.5409384,0.24024971,0.24479888,-0.66920507,-0.87439173,0.79324394,-2.0051126,-0.42039797,1.174965,-0.77532655,1.5130963,0.70054877,-0.48040172,2.2582767,-2.2115965,0.16744946,0.06113712,0.5409407,0.7019803,-0.02019306,-0.9875224,-0.7189321,0.3184251,0.57864803
-0.6828475,0.8640485,-0.5825625,-1.2704477,-0.47756857,0.26566154,1.0304973,0.82510984,0.5146772,-0.10917306,0.16668288,-1.3787961,-0.8554038,0.84312344,0.08229729,0.1521168,-1.2836058,0.686523,0.40134358,-0.4762063,0.6532727,0.5872469,0.24290627,-0.6297229,0.42864108,0.755032,-1.5273584,0.4262076,-1.4899999,0.54454905,1.2892404,-0.86876684,-0.92019165,-1.5063015,-2.0773864,1.2099798,1.8427038,1.50767,-1.4315511,-1.207099,-0.76867,-0.70776683,-0.5258292,2.6270688,1.4736956,0.21043566,1.2535981,-1.4512602,-0.87727886,-0.41341895
0.4182601,-0.06418398,-0.27256024,-0.15558967,-1.4868926,-0.42235515,-0.629185,0.58818907,-0.045746528,0.20035303,0.7328722,-0.6443056,0.20344864,-0.22130947,-0.17941412,1.0889055,-0.44295678,-0.69038874,0.035546545,0.37878442,1.017679,-0.49297974,0.5244418,-0.5020001,-1.2314652,-0.33048683,-0.45541644,-1.9732194,-0.76049906,-0.36657533,0.34232265,-2.0997863,-0.7110356,-0.5806167,0.765933,-1.5383312,-0.23384674,-0.18881004,-0.849709,1.107624,1.2094761,0.9382648,-0.7285405,-1.348932,0.025969366,-0.4385386,-1.2778629,0.7923921,1.9923218,0.12997544
0.037990518,-0.35567307,0.76579547,1.1804101,2.8111353,-0.61928445,1.7466199,-1.2592124,-1.5343143,-0.042113073,-0.44043642,-0.646162,0.5933329,0.11950782,0.027940817,-1.2958772,-1.25577,0.6819907,0.49334195,0.26267385,-0.51806194,-0.29923946,0.70259565,0.96834046,-0.19280054,-0.02476098,-1.2418349,-0.60599667,0.8714179,-1.0537225,1.3816669,-1.252579,-0.9903124,0.8394452,0.38879943,0.0017244974,1.3898667,0.58992577,-0.38470238,0.23201272,-0.10098368,0.52721876,0.3815654,0.9046988,1.3943994,0.4499411,2.6329582,1.6746091,-0.6303428,-0.5181666
-0.39477864,-1.0575504,1.2894171,0.9764416,-2.1003041,-0.94578815,-0.93829876,-0.41563857,-0.9109744,1.3868468,0.50007385,-1.0038542,-1.0268122,0.34988728,-0.70967114,-0.3071425,-0.8988823,-0.09554979,-1.0336239,-0.34624913,1.8359507,-0.96543956,0.58757466,-0.99488944,0.80139476,-0.4201416,0.20942691,1.038461,0.40269306,-0.25780854,-0.50449336,0.7814161,-0.7381599,-0.95811176,-0.20670219,-0.36157623,0.50458264,0.6298713,-0.18591988,-0.84441245,-0.19158529,0.5911789,2.23796,-1.651114,-0.65827614,-1.044712,-0.13925382,0.015979009,1.2067195,1.0860146
-0.44868067,0.25995186,-2.2872462,-1.2410132,-1.6562957,0.37315518,0.9025236,0.62306684,0.29191333,-1.399819,0.27460757,0.3799719,1.3670263,0.14450897,0.30546802,0.828381,-1.24123,2.0278676,1.4277358,0.020804992,-0.95605105,-0.39976102,-0.80776745,-0.51087177,1.5096878,0.38747528,-0.20941232,-0.061998278,1.6313181,1.9611388,-1.6821971,-0.040740583,-0.875847,0.85492367,-2.3702493,0.5602791,-0.54758793,-1.6718047,1.4082975,-1.1999723,-0.028879305,-0.45418578,0.67223054,-0.3335805,-0.11550328,0.033607632,-1.0061337,0.39946425,-0.13412605,0.07864746
-2.3429775,0.2689036,-0.4658019,-0.5258449,-1.2912284,-0.72026753,1.0209963,-0.65101427,-1.239987,0.13195986,-0.17166719,0.06928442,-0.36354354,0.57821715,0.8494737,-2.223775,-0.16969366,-1.3712288,0.71543616,-1.0881672,-3.2504792,-2.4151814,0.64660674,-0.8101843,-0.43938267,0.54624265,1.6839346,0.25637352,-0.547904,-1.887765,-0.22807801,1.1641781,-0.36037225,1.063074,0.9994218,2.097262,0.2207203,1.7168843,-2.1169283,-0.21875252,-1.2944237,1.0858665,-1.4059461,-0.8904392,0.20754986,-0.26092497,1.4077342,0.26555943,0.43116426,0.021196065
-0.1387439,-0.2716101,0.7219471,0.1001202,0.30916727,-1.4350736,-0.55882627,-1.542211,-1.2248554,-0.22184516,0.1763545,-0.71885765,0.8304937,0.5423044,1.9323962,-0.6479319,-0.19825725,-0.18653932,0.19819374,0.48624778,-0.397676,2.2672815,-0.046279777,-0.5547952,2.0219445,-1.4071854,0.81547046,-0.5074492,-0.75714546,0.07630639,0.6680954,-1.4612938,0.86043483,0.043267205,0.86796016,0.30239525,0.26029626,-2.2752912,-0.2558905,-0.326823,0.78675467,-0.13577594,-1.2161402,-1.7860786,0.7905637,0.0080193505,-1.0512934,1.4070826,-0.31306502,0.30182293
2.0741727,-0.06996193,-2.948535,1.6973383,2.0337718,-0.29891306,-0.545027,0.7967127,0.09862714,-1.3687792,-0.53083766,-0.93606526,1.2675583,-0.1786519,-1.1161062,0.028441386,1.1559232,0.97055024,-2.1279354,0.045228448,-0.59688264,1.3622556,1.3951371,-0.5932888,-0.5647654,-0.4121715,1.5338235,-0.6739947,0.671191,0.15062734,-1.2596871,0.64508533,-1.2258842,-0.9504625,-0.6405771,1.0568366,2.1511114,1.3215626,1.2247945,0.6554767,0.19088013,-0.032373738,-1.2820215,2.2670615,-0.65298015,0.7327081,1.8681723,-0.165901,-0.13579004,1.0666311
0.84642196,0.75343186,-0.92053014,-1.2398206,1.0182415,-1.1607178,2.1540782,1.2797825,0.7856096,0.46486086,0.66237724,-0.24242197,0.35739574,-0.9077291,0.46698406,0.92389315,-2.6737823,-1.3525656,-1.2866844,-0.82892275,-1.9254831,0.3382541,-0.023630897,0.20989135,0.37234384,-0.23628269,-1.6211498,0.015142813,0.20697342,1.4350967,0.36540276,2.2491477,-0.048485026,0.7914843,-1.7653712,0.6596416,1.1267396,0.1601451,1.0476105,2.268124,1.7240824,0.4945935,-0.4806428,-0.07130981,-1.8197527,1.2492464,-0.42108992,-1.0738165,-1.5526829,1.0611717
0.7380868,0.5492998,-0.048240032,0.025162715,0.004809023,-0.31325147,0.7364136,-1.4049424,1.7238632,-0.4411036,0.5536972,0.3212896,1.6736208,0.64614767,0.12452128,1.6365806,-0.64526016,-0.10316404,-0.39725322,0.86553276,-0.9536118,-0.70078135,-0.19798104,-0.7579467,0.09380467,-1.5575017,-0.7470849,-0.3005558,0.60624707,0.46435535,-1.2220938,1.4478393,0.30928254,1.0279672,0.49525863,1.0861708,0.47055483,0.12383527,0.5392108,0.534603,1.3771284,1.7337034,-0.988932,-0.13364501,-0.023223368,-1.7871401,-0.18766464,1.026273,1.6823832,0.05661393
-0.32147878,-0.2406412,-1.6163455,0.9196475,0.3745035,-0.30918002,-0.5977715,-0.038745757,0.72150517,-0.6536344,0.04057509,0.88142353,0.5548784,-0.17344035,-0.06502065,-1.336541,0.6825959,1.2422386,-0.48408368,0.7745635,1.896336,-1.0053972,1.9259292,-1.3515196,1.1479114,0.298704,-0.9263095,-0.7047177,0.0038658956,-0.24173833,-0.41248146,0.8477035,0.42843932,-1.1200267,-0.21241802,1.4235716,-0.8645057,-0.78134423,2.2546449,1.519507,-0.18223149,1.1539032,0.08526823,-0.12070774,0.7583517,1.0224003,1.0719053,1.5293303,-0.30045253,0.33525804
1.5652484,1.2923012,-0.1508504,-0.04093104,2.1161714,0.38545907,0.53889334,0.41018447,0.65940446,-0.21506564,0.68773776,0.49888667,0.9414672,1.942305,2.7074983,0.7784681,0.40525296,1.1520607,-0.15408652,-0.7657441,0.03607816,-0.17268331,0.6375153,0.9121506,0.3412116,0.80084145,0.4063501,1.007039,-0.37602583,-1.7745143,2.4916856,0.023555366,0.4936887,0.5812758,1.521877,0.5949485,-0.62440217,0.13059881,1.9684113,0.84548223,-0.47902542,0.57901037,2.17639,0.5657035,0.51881796,-0.9454416,-1.7782092,-1.3996146,-1.7427435,0.10994756
-0.39906168,0.08360039,0.3800702,-0.21225451,1.2430068,-0.778298,2.0462365,-0.64308536,1.1411461,0.80032516,-0.7310919,-0.29308918,1.0088847,-0.56525236,0.008268912,-1.2832737,-0.4214255,-1.2575747,1.0086169,-0.12287462,-0.31627676,-1.312631,1.1134641,-0.34731713,-0.72126967,-0.5198141,0.42078418,0.7423932,0.057406098,0.9552441,0.85818154,1.613967,-1.3039553,1.2945384,1.1277331,0.7180642,1.0083394,0.5846293,-0.9774067,-0.01965188,1.5693464,-1.2873762,0.78102434,1.0939165,-0.82442534,0.31405658,-1.3309541,1.2641246,2.2315023,0.061303277
-2.4361203,-0.73371255,0.4841859,-1.0452715,-0.6503708,1.126915,-0.24845648,-0.17848071,-1.0105724,-0.5744492,0.8996805,0.73316324,0.22801827,-1.2139453,-1.2316746,-1.1041577,0.11720732,-0.7109413,-0.6222277,-0.5607966,2.1449878,-1.2034962,0.00396457,0.811704,-0.110153265,-0.33607993,0.5567504,1.0624055,-0.61931723,-0.90253586,0.97647387,0.19529441,0.86371976,-0.15614979,0.4948773,-0.27811494,0.03467899,-0.7974678,-1.1579083,0.45398894,0.57753736,1.3533142,-0.50769985,-1.9148144,-0.024030719,-0.279504,-0.11293344,0.22008272,0.50058705,-1.1393507
-0.012869619,2.1194615,-0.36805704,1.035136,1.3924301,0.8764293,0.37417334,0.4822885,0.30388305,1.102746,1.0693908,-0.07403585,0.34702674,-0.47394735,0.8069929,0.4054596,0.30213368,1.6560793,-0.22528964,1.9275298,1.6123232,-1.1749748,-0.27966252,-0.61026984,-0.28457263,1.1734787,-0.45574242,0.3475973,-0.3997005,1.9154725,-0.55610925,0.29649112,-0.39084178,-0.49862483,0.11756757,-1.1032135,1.3829806,-1.2673231,1.4140825,-0.34390444,-0.69255584,0.49665564,-0.35011742,-0.011163686,0.23556858,0.90276754,1.1287149,0.6483606,-1.0241581,-0.91541296
0.5378554,-1.8625269,-0.24035135,0.1410994,1.3428682,-0.068779595,-0.43226787,-0.22191066,2.2716184,-0.98333,0.4826325,0.17168044,0.30754513,-0.29939142,1.4414649,-0.53425545,-1.1513518,0.66810465,0.32553065,-1.7321618,-0.71953124,-0.4658906,1.6470892,-0.019805362,0.57908595,0.58175814,0.14248593,-0.16403668,-0.58477336,-0.71615833,-0.69677913,0.45625916,2.7743783,0.70070744,0.45816705,1.8965455,-1.1041838,1.499173,-0.7335969,0.2716015,-0.021807313,-1.4471227,1.2710937,0.06074768,-0.1779914,-0.1306479,-0.27289167,0.6378865,0.64465374,-1.9750854
-0.8296977,-0.19916324,0.31617635,0.29701042,-2.2688146,-0.46113154,-1.0026182,-0.454905,-1.3703704,-0.26221302,-1.0045574,0.65556514,0.17296664,0.025686411,-1.8549877,-0.36011943,1.0516362,-1.6558695,0.94828635,0.48023468,0.8664941,-0.08387851,-1.0505197,-0.68693703,3.1031952,-2.5769997,-0.63494205,-0.39761904,0.30627075,0.9356093,-1.7166774,-0.9149934,0.65133095,1.4022998,1.8398118,-1.0806514,-1.3854839,-1.517929,2.4833612,0.6517903,-1.0483385,0.26730898,-0.23910597,-1.4390072,-0.69364524,-0.14954384,-1.0839955,-0.5165878,-0.9435592,-1.7410337
0.23826562,-1.7189426,-0.64744514,-1.6334305,-0.5966383,0.88628244,-0.048354298,0.8587795,0.101857714,0.95647895,-1.6004918,1.4258153,-0.97556216,-0.33377445,-0.43837932,0.35369316,0.38545343,0.32777804,-0.35126492,1.1981381,-0.067381434,-0.27948937,0.57679075,-0.19334476,-1.5261898,-0.12970255,-0.40151945,-0.29765978,0.63561434,1.2398574,1.5504456,-0.37307027,-0.86787355,-0.41312805,0.18434319,-1.5646445,-0.83525485,1.4044724,1.1678543,0.58054024,-0.26311144,1.3627946,-0.6105963,0.62326944,-1.4930675,1.2319225,-0.45845833,0.2723531,0.95332533,0.81062824
-2.2581449,0.5388371,-0.021880228,-0.36973223,0.0017080116,-1.4865909,-0.7997793,0.6824062,0.52536404,1.1670531,-0.35615778,-1.3022758,-0.15212066,-1.8898803,0.6208337,-0.2143502,-0.03783741,-3.0043516,-1.7148849,0.74387985,0.71503025,-0.9239895,-1.3003833,0.37632254,0.8719599,-0.19829503,-0.54667085,1.4867616,0.7430538,-0.94939935,-2.0750399,1.3331816,0.8788994,-0.63279355,-0.5556989,0.42393413,-0.3888055,-0.6520996,0.6067545,-0.6923529,-0.5025969,-1.8561592,1.8303252,-0.83906823,-0.62390333,-0.061648767,-1.1638474,0.23834221,3.4811301,0.1799193
-2.0715826,-0.4284793,0.34257036,0.8156107,0.63079256,-1.0328035,0.49025002,-0.08870125,-0.8967361,-0.7518957,-0.3744279,-1.6987468,0.33405805,1.2995822,-1.194349,0.94992965,-0.10388293,-1.8966638,-0.688453,1.689774,0.48382443,-2.0091417,-1.1962477,0.18997422,0.9482333,-1.3396145,-0.9489693,-1.6055739,-0.1241955,-0.9607658,-0.9848462,0.46635297,-0.5914949,0.14164048,1.2218381,1.3252971,-0.6094384,1.0563964,-1.0584122,-0.50246197,-0.6881983,0.29609466,-0.93184495,-0.787059,-0.12631473,1.4427603,-0.0035487458,0.12713897,1.4465332,-0.3930804
0.8565322,-0.75902027,0.45740074,-1.6474113,0.7633551,-2.28504,0.4049019,-0.44138145,-0.54665774,-1.0747682,0.354432,0.42580625,-0.16279374,-1.223919,0.5047956,1.2244408,0.7927965,1.1119359,0.9365698,1.1944578,1.5088383,-1.0861756,1.6585416,-0.53320557,-1.1757206,-0.04968607,-0.4073226,-0.6233919,-0.6229717,0.4197121,-2.1926587,-1.8416288,-1.8303798,-1.843605,1.3310895,0.14202131,-1.0720296,-0.4369965,0.07327465,0.7969136,-0.5456549,0.7338965,-0.7364506,0.5758331,0.01863145,0.5114012,0.6268866,-1.9146585,0.7233456,0.62681377
-1.2756565,0.56947803,0.60734767,0.67944336,-0.8208579,0.45670477,-0.7186065,-0.18696758,-0.2997827,0.4265223,-0.7500277,0.4010612,-0.5442816,0.50665,0.08377149,-1.3821384,0.04122036,0.2900955,0.13050717,1.3240185,-0.08871535,-0.3157856,-0.63517773,-0.68331087,0.36382776,1.383991,-0.16522296,1.4986116,-2.0848079,-0.031348873,0.76191175,-1.1434113,-1.1382024,0.8587834,-0.13718392,1.8206723,1.3981287,2.5263119,-0.0017804407,1.1681294,-0.16704752,-0.10630491,-2.0962822,-0.44456592,-0.4213933,-0.45515582,-0.9204963,-0.7060337,0.30623874,0.57632405
1.5670701,0.6714772,-0.11495194,-1.0717605,-0.9007629,1.4307586,-0.120313674,0.7787054,-0.18855962,1.0509229,0.45912474,0.3129787,-0.012177728,0.039668225,-0.74626696,0.4387966,0.9137408,-1.5876667,-0.6067619,-0.22846441,-0.6007115,-0.51308435,0.8951129,-1.7351996,-0.8374669,-0.30111757,0.031090837,-0.32717884,0.7885601,1.0344955,0.8639806,0.5865549,-1.0566424,-0.32499275,-0.4409941,-1.5521259,-1.3626778,-0.48747757,0.12047652,-0.4767193,-0.9169123,-0.509171,-0.19471954,1.355746,0.13727896,0.053713903,-1.0906268,1.0951588,1.217511,0.6207248
-1.0431589,1.1512263,0.13762507,-0.9143111,0.046985134,-0.27639985,1.2368885,-0.44654846,1.7668841,0.016689159,-0.5728418,1.1768148,-1.5696658,2.67914,0.33408827,-0.26507354,-0.013397184,-0.051956587,0.28914663,-1.4765801,0.010251039,0.7562633,-0.5202246,0.73448306,-0.36733675,-1.4102881,0.65144795,1.1443703,-0.7073602,-1.214924,-2.481736,-0.3401271,0.83487934,-0.14013894,-1.5851138,0.21631277,-0.23329698,-0.13258931,-0.13755634,0.02359347,-1.0666188,-0.33510157,-1.0578494,1.2105196,-0.7677107,0.44294232,0.8155249,-0.38643146,0.025400791,-0.4339471
-0.69941807,-0.35040113,1.8811278,0.11879394,0.7035792,0.8949267,-0.48678574,1.4792713,-1.8589939,0.69336236,-1.3076347,-1.6459881,-0.47319585,1.153425,0.48193303,0.35641828,0.38009876,-0.51445735,-0.7528202,0.8374194,-1.8159983,-1.1979085,1.9193506,-0.23151477,-0.9128668,-0.40193245,1.4435778,0.16167675,-1.1218833,0.24450599,0.33337578,-0.2060722,-0.15976153,0.2905368,0.27585614,0.76614213,-1.0130242,0.49339578,0.41390446,-0.97889364,0.27783296,-1.3817493,-0.9289264,-0.2626255,-1.6987021,-0.11995605,0.2708972,0.10838118,-0.4156898,-1.1041182
-1.6006235,-0.47594476,-1.9292161,-0.64210194,0.409662,-0.32263064,1.0982246,-0.41297752,-0.6864661,0.6582131,0.30334193,0.13998857,-1.6891992,-0.1697608,-1.0553441,0.18624246,1.2080227,-0.39654374,0.430157,0.04368848,1.3485607,-0.5396342,-1.0212591,0.8743141,-2.0001,-1.4864323,1.1371554,-0.44225234,0.22924861,-1.329883,0.045761965,0.8445813,0.36645502,1.309837,-0.06273146,-0.38173154,0.78650093,1.145595,-2.3499079,0.16073254,-0.16375609,0.10826407,-0.19720231,-1.8889543,1.1051149,0.017434008,-0.27024284,0.15784581,-0.82430655,0.4135994
-0.08157317,0.21838087,-0.4672004,0.24428189,1.8426791,1.9814218,-0.9555686,0.053566433,-0.24758951,0.2831907,-1.1215051,0.06075531,0.11189176,0.49913952,2.0457897,-0.024400337,1.1518826,-0.36837566,0.6891997,-0.70941323,1.287797,0.25106472,-1.6171769,2.48904,2.8809347,0.7796319,-0.56607175,-0.16068949,-0.1766683,0.42145643,-1.2291548,-0.59910446,0.56266737,-0.5010639,0.0800305,-0.9174566,0.007631712,0.27102962,0.72770244,0.19752589,0.027421352,-0.8071922,0.13294604,-3.1341739,0.8965498,-0.7293557,-0.6917629,-1.3099642,0.11192473,-0.41039371
0.81728625,0.72925997,0.9256345,-0.32354137,1.8353714,0.747665,0.36284086,-1.0669286,-0.037468854,0.11528115,0.17910416,-1.345219,0.88882273,0.7851293,0.23025833,0.756939,-0.0678714,-1.3072584,-0.80237824,-0.91262364,-1.0288655,0.3254442,0.84389687,0.66688406,-0.5932621,-0.43571472,0.42818713,0.3318021,-1.0153477,0.56733644,1.2833859,1.7440627,-1.1906182,1.1860378,-0.3694625,-0.81706756,0.98180795,-0.46284023,0.86733615,0.23276679,1.1909572,-0.743647,0.7139514,0.27272567,0.33154657,-0.5858364,0.6766796,-1.3444501,1.4610062,-1.3302681
-0.6584632,-0.25298405,0.86311555,-0.5138562,-1.0463574,-0.34694985,0.4916837,-0.37971294,-0.9456118,-1.9565014,-0.27677014,-0.5764883,-0.49748287,-0.4210302,-0.12457248,0.37476486,0.3748558,0.08637307,-0.040653348,-1.0832384,-0.8811969,1.1893477,-1.795115,-1.6885395,1.1467841,1.775079,-0.41929612,1.9293339,-0.2034875,0.12736966,-0.4438606,-0.5355085,0.76883996,0.3459117,2.8951178,1.0863042,-1.3062936,0.50986,-1.3003957,-0.5274296,0.5255241,1.0404844,0.5044241,1.0691197,-0.66393566,-1.5175462,-0.53617525,0.511757,-0.5321283,1.7536047
-0.99942267,-1.1676738,-0.7362378,-0.7604157,0.013838043,-0.8439365,0.5415229,-2.784468,-0.14433697,-0.5881538,-1.7010137,0.23982581,-1.4921329,0.14405757,-0.5582159,-0.24287546,0.86950606,-0.4875852,-1.6198883,-1.1479536,-0.2862065,-0.08819371,0.11834678,-1.1246024,0.13065372,0.10689986,-1.039653,-0.46629274,1.5616597,-0.53135157,-0.46236515,1.6241689,0.63754696,-1.2173836,0.6392581,1.1160493,-0.6525746,2.0163772,-0.39284804,2.1738555,0.041331816,-1.9789398,2.0630667,0.6953107,1.7446673,-1.0294148,-1.0248353,1.3390564,0.17969334,-0.14751537
-0.11895207,0.50450915,-1.0666616,-0.84249604,0.9763982,-0.8173147,-0.8905783,0.6664832,0.9610527,-1.6751189,-0.80565023,-0.1605862,0.41989037,1.7508154,1.1820697,-0.6262119,-0.51184726,-1.8289073,-0.16797918,-0.58341026,-0.09747153,0.9858646,0.03707949,1.56052,1.8557402,-1.2371604,0.9568981,-0.1596031,0.7044216,-0.6526437,-0.5176613,0.7767238,-0.21100886,1.0531616,0.2534169,0.25892153,0.9342393,0.24447165,-1.1494206,-0.30173114,-1.7946304,0.84745973,0.73750496,0.69793636,-1.6950148,1.7146833,-1.7170675,0.025280138,-1.026258,-0.1588644
-0.14309935,0.084290855,0.74990815,-0.24623485,0.09544494,0.4164676,0.73672944,0.82453394,-1.0790724,2.5437331,-0.4061909,-0.1925496,0.38856167,-1.645624,1.4010298,-0.56364363,-0.016349308,-1.1530159,-0.34082252,1.1512858,1.3472259,0.5791475,-0.59380573,-0.93953806,0.5084366,0.45766267,1.3305385,0.6363689,0.951861,0.34422553,1.1479132,1.4060973,-1.2741456,-1.4766672,0.6355025,0.14708892,-0.059123874,1.0502577,0.9323999,-0.03534343,-1.206517,-1.3396808,-0.26838708,0.42903543,0.8270758,1.4323184,0.34589273,-0.80570245,-0.49824643,0.28554544
-0.13223743,0.9515083,1.0001243,0.7274737,-1.0693314,0.5204844,0.67731285,1.5259446,-2.2939453,0.43893367,0.882159,-1.2360317,0.9166567,1.2675606,0.29846844,-0.17790933,-0.6003739,-0.2713213,-1.1690311,1.3956774,-1.0339167,-0.18931666,0.9028559,1.1055336,0.0614232,0.44748157,0.05759823,-0.7748735,-1.4301726,-0.439751,0.21754244,0.6481661,-1.4021064,0.12006716,-1.0201713,1.3612497,-0.45750308,-1.8982471,-0.6727774,0.4238679,0.85550255,0.52572685,-0.36213878,-0.80569714,-0.77397114,0.9573022,-0.8784836,0.4321154,-0.5412192,0.034520917
3.9868493,-0.32146552,-0.26273778,-0.5894557,0.06110813,-0.00874591,1.2887118,0.071114406,-0.42713284,1.3002458,-0.31113687,0.4230084,0.13314056,0.044333857,-1.0096087,-0.24101898,0.011655625,0.42472005,0.86111313,-0.69127095,0.33230036,0.45158362,-0.5141552,0.54771626,-0.82253915,0.73890954,-0.36328554,-0.9137186,0.9464447,0.92748123,1.0218667,0.03438153,0.2657097,1.1208605,-0.3932029,-0.026488738,0.9126134,0.13727398,-0.48572567,0.21097851,0.36740634,-0.49013847,1.4810202,-0.40528738,0.7173832,1.0475173,0.036698166,0.18082827,-0.8305706,1.6255604
1.2222476,-0.5228009,0.24066433,-0.82571507,0.87708575,1.3196788,0.44777372,0.7418596,1.2839801,1.2645663,-1.2043074,2.1428723,-0.3652211,1.6545722,-0.3942888,-0.112782486,-1.0290034,-0.15044077,0.57728547,-0.05928717,-0.77790266,-0.8504419,1.1750721,1.2542118,-0.93468654,1.9925029,-0.7270218,-0.47921365,-0.4137301,-0.48466098,-0.65581685,-0.507651,1.1751572,0.21044064,-1.4297945,0.9521069,0.09703101,-0.64946955,0.76487374,-0.10136406,-1.7112864,-0.6401097,1.4326799,-0.6386498,1.5903267,-1.4039894,1.875194,-0.74059963,0.96611977,-1.2378131
1.3977742,0.37115878,-1.3633165,0.82074094,-1.2852793,0.34495133,-0.10986354,1.0435452,-1.0842583,1.9881161,-0.6768179,-1.1318418,-1.3896203,0.19946219,-0.5535931,-0.41735947,1.4024487,0.19520551,-0.11547336,0.24941829,-0.96502864,0.49196133,0.2305688,-0.5081458,-0.4287947,0.24521132,-0.2561165,-0.44542056,-1.3733035,0.22105838,0.84542304,0.55687463,0.9621933,-0.7964748,2.158089,-0.68367475,0.06879894,0.10218741,0.61934245,-1.7021468,1.3385515,0.8303258,-0.17538516,-0.77722186,0.07940117,0.4863373,-1.3832024,1.216318,-0.06153943,0.9698566
0.22519486,0.4071081,-1.6317257,0.35933217,0.31484833,0.97646755,-0.93855715,-0.21884657,-0.07685824,-2.2778006,-0.6735741,-0.17311051,0.2980475,-0.14071165,-1.4009482,0.78467065,-0.90476364,0.14359653,2.256469,0.29659504,1.0003742,-0.09094067,-0.937385,0.27851504,0.044428904,0.67715204,-0.54072416,-0.52064097,-0.07931857,-0.021025686,-0.06887271,1.5015638,1.0438004,0.8374889,-0.9402938,-1.8533686,-0.7004113,-0.21177466,-0.46333167,0.39634386,-1.6360856,0.44879627,-2.0776815,1.3992137,-1.0337797,-1.4063953,0.4466945,0.41087177,0.7166478,-0.3562993
-1.1188687,-1.7101352,0.81621826,0.44541925,0.080657974,0.9125492,0.24129392,0.060558897,-0.13758641,-2.4226294,-0.58656615,-1.897941,-0.8483109,0.9974787,-0.18037201,0.6007376,-0.91250706,0.636354,0.8759018,-0.023587776,0.29905823,-0.55946165,0.034861784,-0.09152488,-0.34247035,1.222609,-0.0029093265,-1.7905424,0.17409365,-1.5738977,-0.13878296,-0.5863057,-0.65260255,-1.5277314,-0.5182009,-1.6159115,-0.6789367,0.2679143,-0.16490783,0.7646572,-0.9702755,0.03533462,-1.5063758,2.0140026,-0.60043824,-0.35539868,0.42155415,-0.24564539,1.0478126,0.13538225
-1.2397964,-1.9227077,0.030003993,1.0610546,-1.0606674,1.0819517,-0.58678496,-1.0067585,0.118126616,1.5585847,-0.49267852,-1.3131632,-1.4616834,-0.70349044,0.664356,1.416115,0.42440882,1.5301034,-0.7089088,-0.48772964,0.5933588,0.018585032,1.426686,-0.4911956,0.84113723,0.81689686,1.40773,0.91218185,-0.4968928,-0.35089496,0.66202426,-0.09487502,-0.050911482,0.39048424,-1.3798822,-1.1054317,-0.34623626,0.13648194,-0.5210126,1.3520608,-0.20683996,-0.91837686,-1.6939937,0.6586146,0.39726087,0.9375469,-0.808996,0.43599597,0.49653402,1.2318337
1.3378619,1.1653535,-0.11164779,-2.0135362,-2.3045547,0.29612187,0.1586638,0.522326,-0.5756499,1.2339132,-0.13844702,0.5531798,-0.8622899,1.240593,1.0471516,1.2800082,0.84160435,-1.1924251,0.36960334,1.221563,2.6613064,2.0794363,0.5355172,0.26744255,-2.1747892,-1.2392042,-0.92007434,0.18925329,0.53352624,0.25943926,-0.81324816,0.52941155,-0.8990354,1.0934191,1.1312159,1.3415273,0.4574199,0.86851466,-0.49740267,1.724295,-2.1679873,-0.0099805845,0.31906545,0.20038727,-0.9722009,0.48128352,-0.2682973,-0.2399131,-0.97320515,2.4245715
0.8512865,1.1164703,0.49197838,1.2788157,-0.119926035,0.7706846,0.36132953,-0.8746737,-0.38397804,-0.81409705,-1.1311485,0.64172506,-0.5641692,-0.45876542,0.5286984,-0.2986505,-0.48297817,-0.58957297,-0.3694745,-0.4704036,0.28932044,0.027510848,2.619054,-0.3978731,0.02280277,-1.8499002,-0.46684775,-0.31630826,0.6767182,-0.40770686,1.8794541,-0.49660394,0.095073596,-0.13417313,1.2332292,-0.24954462,0.34358042,0.67821074,-0.556389,-0.6861257,1.5083176,0.3228272,-1.1557871,-0.41981056,-0.8413804,-0.96195894,0.33507076,-1.0491623,0.17874718,-0.55361646
-0.37148297,0.33909553,0.09023256,-0.23352161,-1.1118368,1.6974537,-0.18081608,0.27795908,-1.349555,0.122404456,-0.1685183,-2.1302223,0.4536059,-0.8132575,-0.59388626,-0.5532844,2.2450886,-0.28982997,-1.5080934,-0.9841856,-0.5078727,0.326053,-0.1114656,-1.1497515,-0.5910291,-1.6036525,-1.3902112,1.4397765,-1.5849645,0.57518274,0.63237166,1.0030664,-1.4198319,1.6523968,-0.03148138,-0.3931037,-1.099061,0.76486546,0.550329,0.6808736,-0.094394356,-1.1200272,-0.74883175,-1.5974735,-1.6985359,-0.9095616,-0.29399326,-0.79643947,-1.057227,-0.3776502
0.30493876,0.73345166,0.14698483,-0.15590215,0.38431942,0.4630657,1.4683018,-0.38967478,0.4089291,-0.041304566,-1.7433674,-0.2373083,-0.26403385,0.6058749,2.076515,-0.35465232,-0.3640215,-2.0318964,2.3028126,1.4885122,0.46203387,-0.09506643,1.8136599,-2.0764086,0.63436574,1.4130414,-0.6547701,0.84360415,-0.7924009,0.7770098,-0.06798286,0.57721096,0.7033931,0.21021114,0.07279569,-0.00305516,0.8082948,-1.3781322,1.1604929,0.8668167,-0.031607464,-0.08299407,1.9927026,0.49514848,0.041780315,-0.01699159,-2.4197142,-1.3246123,1.768706,-0.39607388
0.22672737,-0.76787937,-1.3440171,0.21659894,0.1446132,0.378665,0.7825663,0.38336226,-2.0517395,-0.17389934,-0.8113033,1.2293862,-1.0197438,-0.03155327,-0.25691402,-0.15407138,-0.42945614,-1.5640438,-1.0701016,0.6014441,-0.74456215,-0.7657494,-0.34421447,-1.2366829,1.5329497,0.5149917,0.29798648,0.55476844,-0.013291264,0.02014715,0.24910398,0.6809846,0.5472754,1.7500119,0.87094325,-1.0238093,-0.19135371,1.6762856,-0.59784526,0.044409126,-1.1930062,-1.0789164,-1.6625549,-0.99508643,-0.9357004,2.1094172,-0.3619035,1.0751472,-0.3285817,0.34272048
-0.06866116,0.6269129,-0.80824435,-2.1908152,1.1127759,0.76705545,0.59591544,-1.1471888,-0.4529789,0.54765207,-0.7738028,1.0820798,-1.6535063,0.080045834,0.6520671,0.87484,-0.51752466,-0.30729538,1.1870388,-0.20468524,-0.19576773,-1.7862108,0.63037676,-0.3741333,0.59837985,0.6327814,0.0064790845,1.170749,1.288668,-0.25925595,-0.4987117,0.046905506,-0.23430546,-1.2503856,-0.40950727,-0.018425262,0.5575421,-2.3206072,-1.544951,0.23676305,-1.3243583,0.66312414,1.8582102,-0.48668167,-2.1273685,-0.20554851,2.3235219,-0.13152094,-1.8969886,2.007405
-1.5416183,1.3970287,1.261437,-1.2580634,-0.5717958,0.11912428,0.6340466,0.28113136,0.3054175,-1.5348735,-0.4919271,0.4858414,-0.2950845,-0.8904464,-0.48030266,1.1056997,-0.86705256,-0.96160597,1.3362216,1.2018788,-1.1652275,1.0271062,-0.4572198,-0.7697071,-0.4119115,2.1201453,-0.87034345,0.6356651,-0.6745784,-0.8568957,0.013396969,0.34300768,0.3620554,1.265986,0.14612344,1.331864,-0.30421343,0.362711,-0.20288987,-1.6896431,1.3197535,-0.111673325,0.88679093,-0.77496487,-0.69488084,-0.82516545,0.47889054,2.0597198,0.99684405,-1.1660191
-0.45081282,-2.6503863,-1.3303763,-0.07469069,1.5210322,0.07340116,1.327481,-0.66350234,-0.33096167,-0.44484124,1.2320336,-2.3672369,0.6590831,-0.04370258,0.34215066,-1.6331671,1.5406893,-0.24006797,-0.5648326,0.54580843,-0.08706343,1.5344375,1.3502394,1.5665609,-0.109951824,-1.3151367,-0.62531656,2.1877017,0.044684604,1.4018298,-0.4278039,-0.36372536,-0.93455803,0.93383235,0.89572954,1.0465761,0.40412095,1.0167824,0.5018823,1.0903306,0.6402426,0.61531603,0.26178652,-0.4765876,0.45488474,-0.09743212,0.24224032,1.7839613,1.331033,-1.2281123
0.1827986,-2.0103664,-0.31729147,-0.3592821,0.34015486,1.6893121,0.07808435,0.24786371,1.65524,1.7965233,0.22097738,-1.207894,-0.4814177,-0.34630406,-1.5703601,0.604921,-1.577492,-0.11509685,0.7965122,-0.22903574,-1.0327877,-0.83980954,-0.3143152,1.6371155,0.2667506,-0.6804569,-1.0498714,-1.4928588,-0.30402598,0.008799571,-1.4732422,-0.118183956,0.122487366,0.17392991,-0.45546284,-0.22846813,-1.1691101,2.7136884,-0.8386259,0.07070442,-0.3593425,0.70273036,1.3683813,0.82189363,0.2886696,-1.336284,1.7291226,-1.4003712,-0.26403725,-0.04534377
-1.2859067,1.6830553,-0.14377154,-0.56002396,0.5215512,1.5945587,1.6166064,0.9281517,-0.38820472,-1.4458815,-2.0936992,-0.73022604,-0.62591326,-0.7205354,2.0634732,-1.81462,-2.4798863,1.4711565,0.634327,0.4801485,-1.0165762,1.4273573,0.95038724,-1.503915,0.6995756,-0.17098838,0.12686262,-1.6100821,0.10958919,0.47825858,-1.4413257,-0.6796133,-0.5998727,-1.0748155,0.04352411,1.2523254,-0.99334097,-1.2721958,0.588779,-0.67726004,0.64709103,0.7839866,1.5094099,-0.8171581,-0.87735856,-0.97767866,0.04621705,-0.75079954,-0.96930784,-0.6522024
0.63102794,-1.4881595,-0.40173915,-1.6508633,1.0332587,1.376226,-0.14476801,0.26945183,-0.08548105,0.9753542,-0.47125724,-0.757689,-1.8912834,0.5381847,-0.26324907,-1.3362635,-0.4214056,-0.45890084,-2.4809794,0.73236597,-2.9231417,0.5018189,0.66831887,0.08362628,-0.61771506,-1.8256892,-0.13738924,-1.3539094,0.9390649,1.007083,-2.1700342,-0.6859237,-0.28205383,1.9566344,-0.62389445,-0.37743658,1.589642,-0.27184188,-0.9367551,-0.47401148,0.6760465,-2.0251656,-1.0035195,-0.4684888,-0.43848032,0.59214383,1.0312618,-0.12898739,0.15146819,1.1992376
-0.6909596,1.5685514,0.15878928,1.0339887,-1.2839543,-0.49092364,1.0655292,-0.48863757,1.3397877,0.7016132,-0.23072831,-0.04806568,-0.09814576,-0.8404677,-0.76686084,0.4824561,0.28041756,-1.2818336,0.9617084,-2.7505572,-0.8912207,-0.016503673,1.3098414,1.2302715,0.85284716,-1.561573,2.4520035,-0.35514238,0.29236588,-2.0356855,-0.062454406,1.4470302,0.62139374,1.0942248,0.3397565,-1.7127794,-0.15810595,-0.29034218,0.27657866,0.19208796,-0.27930346,0.8283683,1.3060789,-0.1256369,0.61740863,-0.27437106,0.14709662,-0.56314003,-0.63591594,-0.08938962
0.71767277,-0.08545785,1.3736341,-0.65165687,0.0052625053,-0.39996138,-2.1584425,0.45969486,-1.9236246,-0.5604111,0.21997261,0.83517206,-0.24147871,-0.93616384,0.6128641,0.10170022,0.5603425,0.738035,0.8649427,0.731333,-1.6399798,-1.1320809,-1.584544,-0.17992133,-0.93376374,-1.1981002,0.51830286,0.3931766,-0.43466097,-0.64033484,0.6264328,-0.888918,-0.5082578,0.56736606,-1.2836053,-0.6146992,-0.11331117,-1.1484311,0.30294147,-0.083894186,0.16250747,-0.5105826,0.19817348,-0.9883441,-0.5505745,0.74009323,-0.18964806,0.8268103,-0.6658781,1.7113898
-0.41401452,-0.5902273,0.7509758,-0.9110451,1.2050525,0.36712295,1.1210462,0.019698909,0.8971914,1.1163433,0.40423346,-1.8053951,-0.057698704,1.7167965,-1.4228334,-1.3329929,0.28564668,0.104216695,0.0759061,-0.2696542,0.7156984,-0.7587877,-0.772851,-0.37298295,1.711187,0.9407808,-0.8603618,-0.359263,-1.3909912,-0.34525105,1.4263197,-0.3871612,0.61262965,0.40820083,-0.101237796,0.944601,-0.6254152,-1.3023674,-0.9688196,-0.9649031,-0.21567665,-0.29108384,0.20520651,0.6346209,-0.110087104,0.017593872,1.0107093,-2.5612323,0.74155474,-0.46269453
-0.8239591,0.004659944,-1.3143742,-0.809009,0.63847166,-0.24917464,-0.42702532,1.6478202,-2.2689772,0.06190404,-1.0140688,-0.24399723,0.9239813,2.0390182,2.2151387,0.78938615,0.47932756,-1.165189,1.0242242,-1.4314376,-0.26826283,0.0058517302,-0.8522534,0.35617608,2.0871954,0.13678305,-1.2576392,-1.9007757,1.1565002,-1.6491531,0.80628926,0.9041416,0.6974104,-0.42065024,1.1498477,-0.6069506,-0.6711919,-0.50186765,-0.07137159,-1.2603579,0.10708434,-0.05556248,0.37284416,-1.5239328,-0.20939258,-0.82340217,-1.7490637,0.9892037,1.378322,0.5423917
0.16101742,0.79190797,-1.7389362,-0.55819666,-0.60097665,-2.0405521,-0.78113216,-0.3366201,-0.16024487,-0.904539,0.36953554,-1.2341837,-0.59652895,-0.326956,0.27310342,-0.676453,-0.9798304,0.12412377,-0.20039225,0.3850665,-1.5938281,-0.43574095,-1.0474206,1.3787035,-0.45403102,0.7531926,0.75458187,-1.0414134,1.4667261,-0.8016573,-0.5298789,0.36498505,-0.17567813,-0.23564626,0.39949927,2.4475772,0.5251791,0.6543547,0.6689262,-0.23114306,-0.7606208,-2.0818217,1.1731062,-0.45802912,-0.55689853,-2.3146648,0.35919186,-0.5610299,0.07429552,-0.65204805
0.25390062,-0.89087504,-0.05817266,-0.48207828,-1.3434867,-0.87411916,0.59040177,0.9167868,-0.13285914,-0.55988425,-0.31933686,-0.51869893,-0.2631225,-0.1918083,0.29378572,-1.1586108,-1.0866055,-0.3634091,-0.20930412,-0.7977846,-0.38722318,-0.20727862,1.2431238,0.36976674,-1.3531461,-1.0393196,-0.588877,-0.41101307,1.2553141,-0.1564072,-0.06748005,0.5266142,-1.4380678,2.4282756,-0.24579321,0.6648912,-0.067954294,-0.22324634,-1.5303354,-0.018746246,-0.86348677,1.5375313,0.0983521,0.86941516,-0.08726029,-0.7210042,0.24801332,-1.1314374,0.3472797,1.7412763
-1.9306954,-0.075081244,2.524653,0.6642205,0.34055445,1.0267541,-1.4356745,0.5253332,-0.5191777,-0.7246954,-0.265587,0.88753843,-1.1554824,0.34762076,1.5982388,-0.49679628,-0.30541122,0.3475829,0.26384327,1.202929,0.8118902,1.505476,0.55835325,-0.5408326,1.4974118,-1.4079416,1.2464333,-0.14622602,-0.0035862504,1.0522964,0.7896398,-1.0043756,0.33419907,-0.4024573,0.19171971,-0.2126396,0.16145605,-0.6975871,-1.9857492,-0.83885115,0.5107584,-0.16926669,-0.77107525,-1.5040128,0.944029,0.66709316,-1.8714632,0.81132185,-2.101499,0.79758453
-0.6801679,-0.15774822,-0.6189647,1.7123716,0.62359935,-0.19886869,0.7962998,1.5318362,0.62291914,0.06400575,-0.07557396,0.4099952,1.7261678,-0.8582685,0.9711753,-0.46350327,0.31509343,-1.2654312,0.7638371,0.8709732,0.09326355,0.73743176,-0.2599094,0.044063576,1.7019439,1.0372279,-0.9207298,-0.9914829,-1.2500832,0.30721727,0.45666265,0.054729473,1.3577669,1.1749207,0.59891385,0.23022076,-0.31798333,-0.24089484,1.1116567,-0.1937806,0.9976443,-1.4221475,0.5361816,0.32415745,2.1542132,0.77362645,1.2036221,0.48684105,-0.51888734,-0.5831501
2.8487797,0.83263123,0.37683293,-0.0069653853,-0.13169175,-0.39642364,-0.63821423,-0.7573302,-0.49429873,1.0124879,0.8277247,0.5836867,0.36848152,0.9416305,2.351394,1.0451242,0.85582995,2.186311,-0.08985426,0.23642801,0.49471876,-0.81571746,1.2281085,1.2502763,-0.2467307,0.030180763,-1.8234286,0.6438184,-1.2848009,-0.17845775,-0.45221183,-0.322128,0.50374997,0.4387405,-0.29463962,0.84460795,0.4236578,0.73978645,-0.6179516,0.810148,2.4400737,-1.1247045,0.27493632,-0.90070045,1.4105911,0.7149417,-0.43640867,1.9641076,-1.5109178,-0.8661629
1.0081325,0.09024775,0.08028137,-0.70092064,0.30799457,-0.1767932,0.77759635,-0.023069978,1.3149571,0.1279729,0.342129,-2.1335742,1.0720888,0.3918724,1.2328466,0.23595051,-0.68100435,-0.17575352,0.06675742,-0.98908687,-0.25777468,0.25639516,-0.16026068,-0.5844013,1.1446257,0.23767449,1.8217487,-0.061259173,-0.31989062,-0.37097725,-0.5800974,-0.31232253,0.7860686,-0.536045,-1.5905495,1.1401844,1.1626232,0.505494,-0.6681905,2.2864058,1.1090007,0.5367597,0.3265067,1.5451561,1.6497977,1.0081992,0.1290082,-1.6053094,1.2775732,-1.2618139
-1.9386961,0.455752,1.0713664,-0.07238619,1.0442405,1.7315992,0.7683331,-1.8626605,-0.053302497,-0.038393732,0.2652768,0.20813529,0.90165246,-0.87644523,-0.77115417,-0.17601156,0.2033703,-0.48763087,-1.2445089,-0.18403724,0.62302583,-1.3631516,1.9422698,-1.3634126,-0.73474604,-0.3981079,0.8225244,-1.5612638,0.6031312,-0.30132058,1.4285789,1.6190704,-0.4717573,-0.10740379,-0.7975281,0.34755152,-1.2628003,0.370416,-0.25470802,1.6368202,-0.86637545,0.69709677,0.7828158,1.9498755,-0.8021026,-0.95809925,-1.5259317,0.5132682,-1.1284213,0.08912502
0.06792961,-0.30625105,2.0592592,-0.32367805,0.1758855,-0.54752773,-0.0012913794,0.5858197,0.08804467,-0.36602145,0.33841434,-1.2971466,-1.6184514,0.37480292,0.67479736,0.22897904,0.087471895,-0.43451542,-1.3129493,-0.27534294,0.74003685,-0.102674216,0.12924181,-0.64609647,0.2397066,-2.075882,-0.20266904,-0.4783869,0.96493757,-0.04373443,-1.6010863,1.7171891,1.5703539,-0.4386351,0.19859055,-2.6339471,0.39725208,-0.357611,0.076681584,-0.35743552,-0.8352248,-0.4252219,-0.6795749,0.43858472,-1.7027326,0.13475248,-0.14980744,-1.2829342,0.8314367,-0.8056869
1.5293617,0.69410366,0.008621587,-2.3101275,-0.83954,-0.94416004,-1.3548737,-0.9231142,1.0253521,-1.3205106,0.56125146,0.20340349,-0.28666112,1.3419318,-0.98715293,-0.45797035,0.093413375,0.9615015,-0.9480773,0.12291416,1.2633173,3.1597238,-0.7633495,0.65621907,1.9075984,0.9403017,-0.39405885,-0.6275493,1.5218968,0.59123194,-0.656551,-0.81642985,0.27600065,-0.9391296,-0.36406448,1.2456762,-0.17786475,0.2401966,1.2077376,0.15859587,-0.3092777,-1.0464807,0.21354125,-1.4049069,0.7642987,0.34310618,-1.0248399,-0.19544095,0.80504274,-1.3711236
0.5669652,1.0030015,-0.13680194,0.6782702,1.1107041,-0.7305867,0.84543806,0.64430463,1.2440223,0.5500235,-0.7674129,1.6393075,-0.9650464,-0.36360303,-0.5241498,0.68578756,-0.8174377,0.43393227,-1.5998399,1.0017257,-0.11226677,1.7736354,-0.7852984,1.3836514,-0.533168,0.5657081,-1.4794052,-0.55129445,-0.4198631,0.34277326,-0.6513308,-1.8715526,-0.11126409,0.6887319,0.8496252,-0.17684115,-0.6015646,0.81201935,0.33174103,-0.67584723,-0.3565515,-1.6140119,-1.1656988,0.96533585,-0.34265482,-1.315411,-0.3148225,2.0556948,-1.6520504,-0.1770277
1.7690533,-0.97144485,-0.9797108,-0.5134879,-0.4982239,0.9768233,2.2873137,0.38747957,1.0257651,0.52187693,-0.65968114,-0.15853111,1.8479742,1.2421575,-0.07052041,0.7255424,0.73453254,0.7130728,-0.6035697,1.0266577,1.7670366,0.34680775,0.4096769,0.1969467,1.2397356,1.8159634,-0.11129311,0.6092933,-0.5195858,-1.3044304,-0.30961582,-0.8482342,0.10618579,-0.38355717,-0.68661004,-1.0661603,-0.2447863,0.5073834,-1.6550903,1.3704455,-0.3638672,-0.9489918,1.7313353,0.6581156,-0.5748215,-0.27490884,0.19683138,-0.70502365,0.11436613,-0.41119772
-0.8467974,0.3884286,-1.697192,-0.37680778,-1.5396504,-0.7480485,0.45816013,1.2554855,-1.7144163,-0.74896497,-0.14486423,-0.63155806,0.47174752,0.74979806,1.3460118,-0.21126866,-0.41236654,-0.90379345,-1.4804451,0.083096966,-1.4553766,-0.16137256,-0.32267898,1.2374885,1.5980797,-0.97699904,0.24014066,0.57652587,0.6879875,0.7087305,0.28618255,-0.09574939,-2.2772877,0.30247062,-1.3574106,1.0919476,-0.85464287,1.032972,1.375302,-1.3198884,0.30384097,-0.0036676223,0.96228343,0.8565601,-0.0879643,0.11741283,0.590124,-0.66987425,-0.2573111,-0.53409857
1.9149532,-1.7578213,-0.8048579,-0.3788716,0.34782565,0.28818503,-1.3670686,-1.0508275,0.16744025,0.3319133,-1.6162192,0.9445578,-0.6535824,1.1203661,-0.24274674,-0.9932936,-0.26346925,0.06741814,-1.0255075,-0.4171105,-1.077175,1.2560138,-0.5123657,-0.034898605,0.54172206,-0.11797966,0.3839129,-0.1072989,-0.3339249,0.065447845,0.22724135,-0.87549233,0.072264895,0.5648465,-0.59732366,-0.8849854,0.68241924,0.022229426,-1.0887687,2.2046103,0.19427712,-0.7192661,-0.17781295,-0.6581671,1.012892,0.24071711,0.4127321,-0.9899462,-0.37261042,-0.18440747
0.52387697,-0.8393448,0.9656236,-1.3999503,0.4893918,0.60444814,1.2027073,0.024112772,0.5488204,-1.0208318,-1.4290618,0.7042356,0.26105344,-0.5369039,-1.4609112,0.63066506,0.53271323,1.3330734,0.118345685,0.48337612,0.29830238,0.5541395,-1.0182419,-0.7931516,0.4864253,1.1090356,1.4100406,-0.48731947,1.434904,-0.039163627,-1.0489466,0.7771099,-0.10923405,1.2127163,1.1790994,1.1738502,0.029368984,0.039562862,0.8959273,-0.18140104,2.5269246,-0.9320766,1.2187952,-0.3749852,2.9529598,-1.0239477,-1.4091402,0.09542443,-0.38546556,0.497846
-0.64134556,-1.2511574,-0.57705843,-0.89083135,0.98007697,-0.58087003,-1.0598309,1.6562304,0.7308504,1.2461659,-1.9939349,-0.18015985,-2.7078135,0.43677768,-1.1158316,-0.35271475,-1.2240534,-0.32777438,-1.2168477,1.3315674,-0.067825794,-1.2455431,0.15167636,-0.3299608,0.11585957,-0.5049659,-1.3967097,-1.0969188,0.51753426,-0.042465676,0.79824066,-0.18558708,0.29006824,-0.47228983,0.834979,-0.22679214,-0.021582495,-0.8102085,0.54797924,-0.30839798,1.2280133,0.50259274,1.1457189,-0.90201116,-0.5466878,-0.12386968,0.104742974,-1.2056637,-0.42280462,-0.26365194
-0.9966288,1.0979457,0.69847494,1.128857,-0.42279786,-2.2503285,-1.404608,1.0581942,1.4322126,-0.8079559,-0.755998,0.4967322,-1.1713873,-1.6554042,0.28639197,-2.0284657,-1.9004632,0.013764683,0.8934835,0.42719087,-0.27924797,0.23509146,-0.2288484,-0.5011536,-0.5091429,0.077862084,0.8421555,-1.1681265,1.1505396,1.7744023,0.2776352,1.224821,0.85710657,1.2042004,0.10926842,-0.08275922,-1.2005042,0.5369624,0.5046882,-0.30787432,-0.17236674,-2.0312352,-1.0173973,-0.040826377,-0.33365646,0.48938552,-0.4344498,0.28458408,2.415217,1.657217
-0.34711248,-0.06060346,1.418021,0.35145232,0.2976811,0.7079107,-0.84327734,1.3770658,0.38802788,-1.3276483,0.10563567,-0.6442528,1.1456975,-0.75809574,-1.4709764,0.21426645,-0.85999984,-1.3165317,0.15539913,-0.83820605,0.0965323,0.42528042,-0.53110117,-0.7055705,0.60413074,0.5241859,-1.1070857,0.30435762,1.6009965,-0.9573618,0.81139135,0.7323808,-0.4979862,0.35919407,-0.59267867,1.4828253,-1.6565943,0.13235208,-0.13250479,0.45266405,-0.53821003,1.7437116,-0.53522867,0.5623089,-0.9016912,-1.1919702,0.37966302,0.47196463,-0.21993504,0.6300959
-1.0784988,0.20247687,0.973648,-1.0208924,0.9687046,0.7713585,-0.71921724,-0.11713875,0.5233695,-0.29959846,0.13457459,0.082332395,-0.5943584,-1.3723487,-1.8822428,0.7200828,-0.43958563,-2.0360093,-0.06922748,-1.4721409,-1.7142689,0.4853282,0.87219614,0.7379304,0.74520224,0.47374052,0.9436872,-1.0110958,-0.6065052,0.123039596,0.52158755,-1.5401597,-0.15063834,0.8582635,0.2835057,-1.3344605,0.8255827,-0.44620445,1.0172402,-1.7549407,-0.7832081,1.1580877,-0.34932008,0.6387746,0.013439518,0.4079128,-0.95140886,0.069572754,1.5781367,0.4459454
0.12619519,0.4945494,1.8973663,0.3424927,-0.3258991,-0.16151442,0.060184024,-0.628534,-1.7938923,1.3335979,-1.5395455,-0.46542582,0.7352948,-0.47531787,0.2675024,-0.63424754,-1.1789004,0.28614172,0.8936515,2.1154156,2.3163433,0.52694535,-1.4737353,-0.45799583,-1.2986834,0.57269853,-0.3552358,0.6870977,0.570388,-0.787524,-0.358523,1.5230659,0.75552505,0.2586199,-2.0061479,1.211121,-0.23211053,-0.9760389,0.30599552,-1.0788395,-1.8021513,1.99278,-0.19773735,1.0796227,0.039052468,0.63319165,0.98827237,0.61516726,0.12990461,-0.31804186
1.0330637,-0.1875239,0.012062253,-1.0829087,0.93931746,1.8488009,-0.060379148,-2.3630524,-0.49338636,1.0150579,-0.65753824,-0.7672931,-1.1239215,-0.15120964,2.1817417,0.23815508,-1.0092673,0.5475665,-1.4897608,-2.1551373,0.5929242,-1.4556766,-0.040064868,1.0941215,-0.7572301,-1.5665234,1.2044473,0.26545393,-0.97175884,0.34258214,1.577654,-0.52131534,1.9444791,0.355447,-0.1962259,0.54666394,-0.0506046,-1.043448,0.25402862,-0.58403116,-1.6457053,-0.105930805,1.9075527,1.447032,-1.7415351,0.20868543,-0.6146237,1.1445801,-1.576135,-1.1910387
-1.8418711,-0.07904723,-0.54025954,-0.8959276,1.2228361,-0.26199117,0.41519123,0.22645491,0.31819162,1.897654,0.8448039,1.4525715,1.3064922,-0.21176489,2.2494621,0.9345079,1.0048865,-0.77291304,0.24011545,0.72942525,0.155608,0.26403508,-0.586672,0.14803001,0.79463404,0.19405885,-1.0612558,1.2694454,-1.7085093,1.7454746,1.1327509,-0.103866324,0.894983,-1.0883633,0.6164656,-0.23797059,-1.5300525,0.07520601,1.722582,0.9864615,2.285046,1.2166655,1.7482079,0.6702351,-0.30090654,1.2239048,-0.7943988,-1.4508405,0.8006732,-1.0416985
0.29363495,-0.24298963,0.52204245,2.5582907,0.58224636,0.648535,-0.9018153,-0.82206863,0.94315636,-0.7219527,0.231706,-0.17825992,-0.6759619,-0.103295185,1.1622534,-1.316383,0.46703237,-1.2309464,-0.043265354,-0.5935036,-0.46055597,-0.6787632,0.1503846,0.5064129,-0.66467553,0.5624471,0.697122,-1.2155566,-1.476129,-0.76475185,-0.08478497,0.2167471,0.3513037,0.3317308,2.362863,1.4621344,-0.4055834,0.65745085,-0.2667498,-0.41214183,-0.9821718,-3.0612278,0.4799316,0.802028,0.40245423,0.13629851,-0.16206028,-1.1891736,0.7957252,0.14357278
-0.76502466,0.94701254,1.784635,0.7809786,-1.3249264,0.17975277,-0.33841488,1.6167133,0.9218962,-1.1646315,0.055413928,-0.24374971,0.5174373,0.86605746,-0.69486904,-0.5227259,-0.83826995,-1.360258,-0.74709094,-1.0339543,1.6964154,-1.0216343,-0.09274174,-0.56543326,0.2657285,-1.5476221,-2.0618668,-0.28892788,0.41211766,-0.6733924,-0.25087512,-0.9426817,-1.1111537,-1.2861909,-0.18706672,-0.27417094,0.47063172,-1.2072917,0.58440036,-2.218201,-0.92785954,0.012312076,0.3279122,-0.88738453,0.6889795,0.70355207,0.3601036,0.17292228,2.5206814,-0.48840085
-0.21189973,1.0607008,0.25730315,1.3592445,0.5077437,0.11029996,0.8235212,-0.70400727,0.93808216,1.0433923,0.31393322,-0.10139952,0.14674461,-0.75810766,0.7201882,-0.22493805,-1.082361,1.3181431,1.5477861,-0.5964429,0.43900627,-0.4402356,-0.9924894,-2.7050114,-0.56648856,-0.44655162,-1.4244496,1.4996893,-1.3535861,0.22943978,1.2555448,0.34314123,0.33820882,-0.6387042,-1.0349941,0.80316955,-0.26023924,-0.32949117,1.2440076,0.09567725,0.04988184,0.3264025,1.3637685,-0.26089513,1.0194486,-2.1821294,-0.20267145,0.7709453,0.7616753,0.4301017
-0.08651011,0.41708508,0.20163104,-0.6315726,-0.29053694,-0.057317242,0.0835213,1.4119354,-0.35461816,0.72902656,-0.11178377,-0.2441427,0.17383115,-0.31571132,0.9769839,-1.1641014,0.5474901,0.58149254,-1.2156514,-0.018566528,-0.09920452,-1.516199,-0.97058994,0.17687201,1.8960714,1.8628676,1.2811471,-0.14039835,0.43361273,-2.0746343,0.20765917,-0.1224804,1.252346,0.18141492,-0.4713994,0.63778096,-0.47969007,2.1931148,0.253278,0.38487405,-1.614113,0.26458794,0.39264932,-0.30263558,-0.22550869,1.113642,0.6121762,0.99140984,-0.5783701,2.0336704
-0.23342325,-0.28526512,0.65062284,0.14548202,0.62465364,0.78625554,-0.14004081,-0.9197074,0.5250285,-1.3250599,0.9306168,0.21646726,1.6580472,-1.20107,-1.0634065,-1.216508,-1.1167492,-1.3516375,1.2071555,1.44722,-0.9224184,0.7409279,0.8174124,0.4535627,0.97303194,0.7087058,-1.6403373,0.21013807,0.10080126,-1.4549901,0.6585516,0.7337805,-1.2526878,0.54343516,1.0558103,-0.0973256,2.1076667,0.63289046,-0.5014544,-0.02258666,-0.025666574,0.97667253,1.3544263,2.1116295,0.26875556,-1.387814,0.6626387,-0.9411488,-0.22405235,2.0379925
1.8633804,-0.9392089,-1.1111988,0.93696356,0.7414223,-1.9653417,-1.0147898,-1.0171844,-0.1081699,1.8353419,-0.16198559,-0.69833636,-0.24369696,-2.23563,-0.9119926,-1.000282,-1.6894246,2.5648427,-0.53239596,1.6204988,-1.105143,0.09664592,0.4691882,-3.7960622,-0.9259136,-0.20526886,-0.3464313,-1.7890103,-0.20755516,0.07438238,-1.1644512,1.5669208,0.109756716,-1.0724237,0.21581654,-0.39553317,-0.5041744,0.64541847,1.1069819,-1.5871727,-0.39547706,-0.20925619,-1.0061998,-2.010406,-0.3408227,-0.74050426,1.022274,1.3797243,1.1632147,-0.078537755
-0.10416116,-1.2257701,-0.8161676,0.26824763,-0.20271866,0.13157949,1.3441038,-0.73520845,-0.1944409,-1.9525949,2.668602,-1.356687,-0.14141469,-0.6274243,-0.7117287,0.4375008,1.45633,-1.9052206,1.1929818,-0.02254192,-0.91134065,1.6748561,-0.4190419,1.186568,0.54672897,-1.6431187,2.545684,0.9923919,-0.9237253,1.0469905,-1.7391002,-0.96440583,-0.18480259,1.3605726,1.2668116,-0.091503836,-0.35376686,-0.03612475,1.5959151,-0.28678825,0.7981025,-0.066165715,-1.1129551,2.1969962,-1.5348768,-0.26175123,-0.45256305,-0.32562158,-1.0332774,0.7524067
-0.89551556,-0.14160483,-0.81887645,1.0941643,0.6460397,-0.3164989,-1.8774303,0.12357233,-0.54149604,1.3973575,0.5212611,-0.087006725,0.2446158,-2.023731,0.091709934,0.5377805,1.6350983,-0.53537416,-0.1600064,-1.3997902,-0.029063318,1.1458147,-0.056729946,-0.073392555,0.58584857,-0.6050114,-1.3557787,-1.6320945,-1.7620064,0.82882994,1.2686371,-0.9997177,-0.8201905,-0.5795057,-1.2077206,-1.1381986,-0.3986903,0.21088442,-0.27206653,-0.29755786,0.85796714,0.69572073,-1.7258257,1.0266138,1.3659229,1.6284521,1.0029119,0.14528944,-0.01952164,-0.4165984
-0.928281,0.5148853,0.68423206,-1.1738617,0.023551706,0.968429,-0.5134893,1.7364931,0.39083377,-0.106054254,-1.3832018,-1.4894505,0.9829443,-0.73071456,-0.21949698,0.059189126,1.2001945,-0.47862887,0.8678128,0.9755755,0.16365123,2.1995478,-0.34114024,-0.8300365,-1.1061615,-1.5031364,1.0246565,0.5328568,-0.005466446,0.74675363,-1.53959,0.252414,1.6883532,-0.22363825,-0.10595817,-1.3720746,-0.49654418,-0.5503495,-0.2804384,-1.4272501,-0.35730124,-1.6694988,0.80666834,1.1290258,-0.5789662,2.4430501,-0.7841221,-0.33360767,1.1157695,0.961927
0.74087954,-1.9024391,1.9232981,-1.1074903,0.5777899,-0.023702623,-0.77232194,-1.5682234,0.083477885,0.6222698,-1.6556361,-1.0432386,-0.1966697,-0.17293252,1.149251,0.1584908,1.182196,0.24690457,-0.54115,0.63465226,0.5395957,0.039641473,0.7199964,-1.5331376,-0.3995103,-0.9722347,-2.1986299,0.2834382,0.11560446,-0.92401856,1.3240047,-0.2261645,-0.50714415,-0.8055431,-0.21744433,2.406842,-0.2498644,-0.592877,1.3966473,0.9770775,0.51608235,-0.4628142,-0.622904,-0.019319616,-0.112456046,0.46246916,-0.1829469,1.2821728,-0.13534862,0.4856719
0.7460176,1.9339485,-0.25584078,1.0697082,1.1840057,-1.4898851,-0.41290417,1.4329283,-0.21314695,-0.3900395,0.1812519,-0.40165117,0.3857217,0.01597567,1.1124512,-0.24422532,-0.4553537,-2.1405725,1.5224092,-0.43555087,-0.24474056,-1.0548198,0.10358075,-0.5803726,0.67351776,-0.98610806,0.011510756,-0.16751549,-1.0262381,-0.24108256,-0.31056973,0.6287196,0.38169023,0.59731007,1.2878357,-1.309824,1.3529414,1.5410975,1.3682728,0.37351972,1.0764245,-1.0234803,-0.48940593,0.16294265,0.94224346,0.8032308,-0.5921802,0.54948956,1.264593,1.1815741
1.1965885,-0.9178965,0.9756245,0.46665156,1.0882024,0.10965467,-0.5288101,-0.23836972,1.7037519,-0.205357,-0.72839546,-0.27770713,-0.0025596507,0.5999675,0.1716189,-0.8597574,-0.25439897,2.644637,-0.7328795,1.1666913,-0.5616168,-0.07341056,1.5125158,0.865908,-0.8024461,0.6600802,0.54818356,-0.16487099,-0.52351606,-0.11606448,-0.38786328,-0.18723612,-1.9511508,1.9443406,-1.292423,-0.20060807,-0.012285401,-0.9363978,-1.0062977,0.67994314,-1.7841163,-0.12411282,-0.5306794,-1.2145404,0.69556916,0.16889504,0.007863951,1.2722256,0.5641146,0.43889266
2.4894187,1.1441097,1.7673738,-1.0827937,-0.70810556,-0.84256,0.06443872,-0.7940837,0.13682479,-1.2731997,-0.23252286,1.2121367,-1.0369025,-0.9195758,-1.543912,-0.027857482,0.7176413,-3.1690764,-1.2153312,-0.054014158,0.61092263,-1.1597073,1.5739341,-0.4537331,-0.8780462,0.6348004,-0.28080395,1.0167702,-1.0243125,-3.257679,-0.018019984,-0.65697956,-0.118826866,-0.27819297,0.26405168,-1.0111995,1.0908103,-1.7234032,1.8218409,-0.66545683,-0.07561477,-2.408478,-1.0118014,0.7788488,-0.4218735,-0.21569891,0.13063905,-1.0218687,0.9495729,1.8610286
1.5868309,-0.066716075,-0.08482255,-1.1021243,0.97260267,-0.06668856,0.5883827,1.4410044,-0.05808278,0.3355903,-2.8962774,0.6565107,-2.2483726,-1.5174109,0.16568163,-0.65113896,-0.0951895,0.6990076,-1.3002464,1.3975315,-1.2268783,-2.0805914,-0.6501912,0.1281976,-0.12897746,-0.2599262,-0.9210051,-0.504675,-0.4261306,1.5534276,0.22359091,-1.2361907,0.15486981,-0.30168447,-0.18974866,-1.0097805,-1.2175101,0.5585473,-0.4422779,-2.4155507,-0.3242521,-0.48093516,0.30389747,1.5863279,1.6382545,-0.1326283,-0.42753583,1.5497978,-0.39881447,2.6450071
-0.9395722,-0.6338551,-1.7930491,-1.5447038,0.5446273,0.7985857,1.2044634,0.08464302,-0.9592684,0.2947277,-0.22903642,-0.31338996,0.6011442,1.446894,0.93785805,0.37504798,0.53765005,-0.43329385,-0.4633602,0.6404643,-0.19960615,-0.33200943,0.71826965,0.16616066,1.2185712,-0.4889237,-1.118693,2.3711116,0.38455808,-0.3813853,0.57902515,-0.0754946,-0.21697699,-2.5223224,0.646657,0.3411956,-1.6589891,0.49618554,-0.053735316,-0.2224855,0.39464226,0.28530857,1.0027975,-0.3351956,-0.3897054,0.38917872,2.9759624,-1.3997368,0.4719236,-0.916176
-0.10539834,0.10592311,1.2630141,0.033200186,-0.29198635,-0.27313557,0.062014252,0.1878408,0.2312111,0.2748948,0.75183433,0.77161103,-0.6722289,-0.7952824,-2.1532853,1.9958262,0.18619104,0.48339534,-1.5445468,-0.6920022,0.5637098,-0.34334862,-0.11582662,-0.62698424,0.45840117,-0.07156499,-0.28297088,-0.39671123,0.598596,-0.3349066,0.1785961,-0.060790434,0.45928597,0.67302674,1.4925674,0.7542457,-1.1751578,-0.17582904,-0.27048182,0.47272468,0.44283167,-0.6890947,0.38339496,-0.71333057,-1.0968356,0.29380518,0.65543556,-1.1154839,0.21570683,-1.0822195
-0.7159995,-0.8399004,0.08573817,1.4881015,0.39151743,0.80594337,0.59489596,1.8514977,0.19389503,-0.07452802,0.085395575,0.7099149,-1.673536,-1.3173606,-0.9241816,-0.03205711,-1.0645423,-1.6568601,0.67248386,-0.15521568,0.3730174,-0.45524916,-0.13085338,-1.1522789,0.13881555,-0.12967221,-0.28202763,-0.5911509,-1.0991311,0.6710041,-0.84673333,0.31380197,0.49419367,0.2682872,1.4699265,-2.0770967,-1.0866812,1.8966601,1.5830705,-0.019708427,0.36224598,1.7370937,0.680234,2.0653572,0.9947398,-0.64056754,1.0476619,0.76890016,0.48528722,-0.812801
1.2975276,0.14990889,-0.63454044,-1.596206,-0.6272417,-0.16800731,-0.94325227,-0.4612814,-1.2782797,-1.4921799,0.54016554,-0.6114626,-0.9072314,-0.0764681,-0.3262193,-0.062563784,-1.0922949,2.026784,0.9552463,-0.7813705,-0.82620317,0.35234755,0.9101217,-0.605501,-0.18465015,1.2755022,-0.6932008,-1.1051449,0.32471952,-0.93859345,-1.1758561,-0.2020855,0.37864488,-0.6029569,0.20822348,1.3766936,1.6334908,0.6537971,-0.08852367,-0.120942466,-0.24470171,-0.27684993,0.8455137,-0.26559436,0.7207616,-0.16336101,-0.3076186,0.6079387,-0.30413756,-1.1710688
-0.2931379,-0.14834702,-1.8729302,0.7027983,1.4346554,0.86654854,-0.298425,-1.651803,0.92088515,-0.3477782,0.13827151,-0.32831672,-0.025499433,0.8239878,-0.30846864,0.62304074,-1.1419445,-1.809641,-0.36616823,0.045530178,-2.2157726,-0.8342329,-0.79362065,0.003699209,0.5873337,-0.19322005,0.19272165,0.4610109,0.4049435,-1.040155,1.8769538,0.25354463,1.8630341,-0.08867439,-0.39775032,-1.0626773,-0.7264176,-1.4024706,-2.0312395,-0.37175268,1.1344811,-1.4996679,0.28093725,-0.045108814,-0.7257348,1.5031513,0.20351833,1.6892655,-0.42431632,-0.32484367
0.8542667,0.1377355,1.3838637,-0.7625856,-0.1888986,-2.200778,0.26423308,-0.33231106,-0.5069595,-0.58435446,0.5354499,0.20259784,0.67703784,-0.2727993,-0.026724918,2.270721,-1.2632295,2.6032114,-1.6148301,0.017450163,-1.2478054,-0.15662466,-0.27395692,1.1598752,0.096435316,0.5001753,0.31653795,0.587635,2.0573137,-0.32458782,-1.6108615,-0.99450284,-1.4587158,-0.6601813,0.34956712,1.171086,0.044249423,0.7366578,-0.4151255,2.3366086,-1.1660514,-0.93588406,0.63988245,2.3642638,-1.284227,-2.1434734,2.7417667,0.83801895,0.6618358,0.9145506
-0.27019343,0.8685537,0.89879674,0.448183,1.653178,1.3214556,-0.28852588,-1.2027053,0.65401655,0.7706192,-0.35193267,0.10961768,0.49515688,-0.5692197,0.4730118,0.19937927,0.82416046,-1.6093116,-1.1993335,0.23585378,0.66901386,0.2988027,-0.98919195,-1.6567531,0.49813446,-1.6379565,-0.10197994,-0.51800233,0.25559986,-0.82893825,-0.25785592,0.4575856,0.7679387,-0.34913856,-1.4903299,-0.2219836,-0.14536534,1.4684967,0.8207244,2.6612668,0.8835297,0.37069717,1.2936859,-0.21078132,-1.0929881,-0.3523078,-1.8567317,2.0859919,-0.3242698,2.3652987
-0.81003255,-1.6238025,-0.3534702,-0.7870781,-0.97111803,-0.3302798,2.307124,-1.3554993,-0.33126265,-1.0211679,-0.73196507,2.0294259,0.9520188,-1.1463697,1.1568726,-1.0807968,1.3316177,-0.5018365,1.6032952,1.7938691,0.1669178,-0.46910933,0.4947838,0.36149725,-0.5078721,0.55287296,-0.03827266,-2.1597514,1.8150828,0.31318492,-0.30405793,0.6799538,-0.298857,-0.27536103,1.044038,-0.3632525,-0.6432367,0.9279232,0.90812105,0.3121944,0.21296251,-0.97979033,-0.34563997,-0.54220957,-0.9750617,-0.06424167,1.0547013,-0.44152695,0.36306232,-1.9156731
0.91276246,0.101101965,0.09824725,1.3046105,0.38590017,-0.957349,0.9984414,0.38554206,0.017242212,-1.2402108,1.9517285,-0.8534302,0.681999,0.59424186,0.19530441,-0.4453522,-1.1219975,-1.1404644,0.7596034,-1.0652595,0.59179884,-0.17247942,1.0668793,-1.0596914,-0.8851788,-1.3058325,0.764794,0.2134824,-0.50460434,-1.17024,0.51966393,-1.3737334,-1.5617218,0.632978,-1.4327294,-1.381364,-0.78458464,-0.71403235,0.6762049,1.1637775,-1.0055637,0.36789602,0.26127887,2.4128456,-0.53910595,-0.040165477,0.87799597,1.0753047,-0.46856484,0.5629152
0.76079553,-0.5884383,-0.7456749,0.47102603,0.44972414,-0.37445152,0.7441561,1.3605316,-1.1976472,0.57842165,-0.76411,-0.00028701668,1.2761773,1.4106874,-0.04069478,0.48359895,1.8044971,-0.21150039,0.07344282,1.1111441,2.1745548,1.0042852,1.0107205,1.6155378,-0.56875455,-0.064782545,-0.17532712,0.5852778,0.6876975,-0.040965956,0.13102777,-1.4371228,-0.83434874,0.61875004,-1.618072,-0.93051016,-1.3435135,-0.8386911,-0.6745464,-0.26268843,-0.7803628,0.7960092,-0.34108895,0.45347172,0.52543384,1.2712958,-1.8124712,-0.33089557,0.6657774,0.1352878
0.24719293,0.4244983,1.9061109,0.38361263,-0.32813174,-0.7922062,1.49451,-0.88822305,-1.1444879,0.7417519,0.71782076,-2.7635102,0.96414995,0.75865245,-0.8403122,-0.08341851,-0.8955722,0.95920616,0.9207615,-0.5267926,1.0786415,1.012424,0.8991474,-0.28372055,1.0172917,0.21694863,0.4541656,0.21742754,0.46850377,-0.40282485,0.17219594,-2.7652624,0.46677962,-0.78179693,0.4724753,0.31580022,1.5967519,0.11229195,-0.30376738,-0.093861,-0.22525512,-0.78276867,0.24314621,-0.08079505,-0.3798094,-0.825399,-2.3157184,0.1440989,0.07963589,-1.608102
-0.15603964,-0.40264812,-2.6705248,0.38680455,-0.0813539,-1.1010276,-0.09861346,-0.46104622,0.20799091,-0.65017384,-0.009095661,0.60629416,-0.92624485,1.7564782,-0.1991837,1.1993067,0.5857132,-0.50897235,1.1771443,-1.0082022,-0.017970206,-1.0718931,0.46361595,-0.0467215,0.42644966,-0.3639693,-0.49769452,0.34580824,0.6838707,-0.05731251,-0.41610783,-2.3728445,-0.27314794,0.28925806,-0.56915224,0.1622006,-0.8223184,1.0592654,-0.057783592,-1.7507783,0.2104391,2.5605912,-0.40043983,0.45608562,0.54621834,-0.8748091,-0.99985546,1.027266,0.5431152,-0.41798052
-1.0454086,0.496714,0.03856564,-1.259304,-0.21994455,1.3014935,1.3483222,-0.5130871,0.46199465,-0.74488854,-1.2982156,0.6911865,-0.38633946,1.1366639,2.2848651,-0.4567721,0.2404904,1.9493798,1.9723064,1.0677426,-1.0360699,0.6010623,0.30788642,0.94107836,0.13846782,-0.045253195,-0.08658996,-0.6074851,-1.0120759,-0.9865242,-0.13448277,1.5935743,-0.17972116,-0.034605548,-1.5343735,0.85074073,-0.99678963,-1.1878022,1.1320106,1.5123346,-0.67536676,-0.5523691,-0.5147076,0.37775335,-0.9842141,1.4975182,-1.818276,2.0445588,-0.38545913,0.36850625
-1.0321529,0.9952965,-0.50218034,-0.8931299,0.23574877,-0.66399854,0.48872727,0.8870314,0.82994485,0.12774278,-0.83734643,-1.693602,-0.58231837,2.7998915,-1.9958372,0.11413362,-0.36644804,-2.766549,2.1466808,-0.09298949,-2.9078383,0.74956787,1.0256875,1.9642049,0.124137744,0.20949045,0.470651,0.4052935,0.16526467,0.93547136,0.20753929,0.7333012,-0.22355503,-1.5249926,-0.54495525,-1.2131387,0.43298432,0.31483078,0.3025849,0.35777733,-0.013578797,-0.2559146,0.98758453,-1.3295652,0.10274306,0.6743115,-0.52508914,0.7184115,1.5177041,-0.63798237
-1.2749201,-1.0703332,0.5930157,-0.34288687,-1.0749393,-0.004096828,0.31036437,-1.5674559,-1.1737573,-0.19767372,-0.96596235,1.5374866,-1.7355365,0.6792839,0.43937245,0.43149608,0.060095955,1.6444272,-1.6229959,-0.50954294,-0.63751,0.2556832,-0.043986924,0.5536811,-0.6972814,0.2633972,0.21103235,-0.21581256,-0.054180615,1.3631438,-0.64476013,-0.06619681,0.3056299,-0.4548725,-0.73451215,0.061624072,2.46067,-1.2224338,-0.52299076,-1.267828,-0.87897277,-0.6370981,0.060218707,-0.55921507,-0.27695534,-0.16917485,0.8497031,0.20931926,-0.071924254,0.94048977
0.7412905,1.2368538,1.6107918,-0.08980921,0.14698508,-1.9645256,1.5089501,2.7890897,-0.8891759,-0.9336732,0.86991763,0.14396948,-1.5636353,-1.6151063,-0.51424146,0.5846838,0.18548883,-1.1339723,0.59176314,0.6364263,-0.13913344,-0.0064340243,-1.4361464,-0.21981528,-0.5512749,-2.383079,-0.96252483,-1.4611351,0.23216473,1.2057164,-0.05889037,0.86799496,1.0886256,-0.8120521,-1.6689074,-2.105556,0.0588001,-1.8413513,-1.5845454,0.7171786,0.852401,0.2573853,-1.800956,0.7549405,-0.27453813,-1.4809483,-0.5801654,-1.5672654,1.6927471,1.0131611
0.5537909,0.5707808,-0.827172,-0.027525438,-0.12746617,0.073624425,1.374787,-0.03311887,-0.96026963,-1.1781106,0.46485746,-0.90524024,0.16330634,-0.14918739,0.5573953,-0.7961224,-0.016941363,-2.1280055,0.9422949,-0.44359103,0.6460849,1.5373788,0.74338216,0.044627324,-1.2141949,-0.1518649,1.8103324,-0.13704264,0.476907,-0.79750645,-1.4613298,-0.64232224,0.4753371,-1.6330256,1.0764414,0.12906736,0.19523671,-0.017360957,0.3866521,0.8472701,-1.9830176,0.21269917,0.40205544,0.06611032,-1.059359,1.3810563,0.2496026,-0.59283465,-0.829422,0.98963803
1.4880874,-0.12402189,-0.052444052,-0.74441284,1.3673707,0.9598037,0.7250944,-0.045227848,0.76083505,-1.4177843,0.6618835,0.46889183,-0.4980296,0.14004911,-1.2129556,-2.4252067,-0.12791085,-2.229201,0.77309245,-0.76977736,-2.136383,-0.2997388,0.34337667,-0.6524247,1.7548158,-0.75986457,1.4314762,0.51100874,0.4787971,-1.047088,1.2068542,1.0787823,1.9420604,-0.37598354,1.348969,-0.012298535,1.1659406,0.055457003,-0.16273372,2.660548,0.46534294,0.9071139,0.14663588,1.4347906,-0.34912223,-0.55811137,-0.42689,0.5432727,-1.0030048,-0.22829926
-0.20995964,0.6950731,-0.7205629,2.1227133,0.3001828,-1.5174917,-0.6906818,1.1931487,0.53519356,0.82728004,-1.1606169,-0.59330744,-0.6697194,0.930979,-0.26102138,-2.6221912,-0.03260848,-0.3303275,-1.0841625,-0.18520787,0.3416398,-0.24606434,1.341104,0.53072613,-0.30378065,-1.5691978,-1.7752836,-1.3935454,0.18706323,-0.5563587,1.4222342,0.53181255,-0.156076,-1.1940737,1.508288,1.2690334,-1.6909233,0.3976349,0.86607903,-0.23308922,2.1819966,0.13442823,-0.56311744,0.22709087,-0.8816612,-1.9204867,-0.40984488,0.59144706,0.45347553,0.76531434
0.3216495,0.43381774,0.68920225,-1.0555809,-0.23261216,-1.1236813,-0.39502805,0.75676596,-0.8971116,1.47751,1.4390212,-0.016514476,-1.8604168,1.0377911,-1.1616209,-0.7746763,-1.3108209,0.4404609,0.020793984,2.2192903,-0.15582585,1.274991,-0.98050123,1.3866016,-1.7774115,-0.9872188,-2.3983774,1.0555234,-1.0209506,-0.8039158,1.071054,0.08745007,-0.9165173,0.80074394,0.69107354,0.348357,-0.59328294,0.16986182,0.46042475,0.8264795,-1.0244083,0.0039832937,-0.5353582,-1.8479805,0.3915703,0.7842112,-0.60848063,-1.2698482,-1.0317348,1.5337046
-0.78806645,-1.0811583,0.46199194,0.16041651,-0.7981689,0.595006,1.269516,0.68717104,0.12518145,0.8166186,-2.4160926,-2.0469506,-1.5621175,1.3812664,-1.7488744,0.13775048,-2.5061927,-1.1150702,-1.4346135,0.18212552,0.62341154,-0.7806566,1.4301643,0.27494875,0.15367545,0.4422812,-0.8278016,0.75422466,-0.050276056,0.29742372,0.5872757,-0.8631054,1.5678226,-0.5916342,-0.5181329,0.39905688,1.856171,-0.8950343,-1.1681406,0.5214594,-0.64191335,-1.1546811,-0.41323587,-1.2258023,-0.7522821,-0.3941115,0.15153874,1.1902611,-0.9762699,1.2412926
1.017847,-0.57253546,-0.40165707,0.59749234,0.29885378,2.6650329,-1.2186264,-0.4866725,-0.93680155,-0.28741133,1.2868365,0.10091031,-0.2883492,1.5951016,-0.6097745,1.4347904,1.4347929,1.8768225,-0.32496998,-0.6743561,0.26167563,-0.9996174,1.6738443,-1.1520127,0.524942,1.8591341,0.19673495,0.54063356,0.24791591,0.43657097,0.45452034,-0.5633956,-0.91162723,-0.12971266,0.11690371,-0.37850934,0.5085041,-0.47111136,0.34469986,-0.0077124373,0.5875509,0.43105453,-1.1734213,-1.7379508,1.563344,-0.5878739,0.7547403,-0.57483345,-1.6048796,0.113424525
-2.0599906,-1.3506107,-0.64973605,-1.0527015,-0.39567435,0.7641257,2.7306564,-0.57550424,-1.7208508,1.4278748,-0.5820116,-0.1548907,-0.62367994,0.36047605,0.6396655,-0.18038285,0.6899961,0.8186085,2.2795415,-0.095119536,-0.6498025,0.07855564,-1.2706708,-0.6949329,-0.28976038,1.5508636,-0.6699092,0.17817758,0.451475,-0.86923,1.398761,0.35700825,0.17772017,-1.0853766,1.7375141,0.9233496,0.53274107,3.1018636,0.70314634,0.4756165,0.763433,1.4277666,0.79614484,1.0830486,0.08852568,-0.19500664,-0.04293264,-0.91937214,0.7254032,-0.02905692
-0.63170147,-1.7608545,-0.4847959,-0.55045223,0.9375498,1.9098573,0.8878188,0.6871566,-0.036377627,-0.55398566,0.39330724,0.983544,-0.8105123,-0.521024,-0.4144058,-0.59853685,-0.2674211,-2.8336544,0.65738887,-0.2713591,-0.79789346,-1.5407871,2.3015368,0.47567126,-0.72065914,0.2386554,-0.5412677,0.1327116,-0.2234758,0.07145879,-0.9258539,-1.8710711,1.6746558,-0.58221453,0.9759929,1.2816654,-0.11467472,0.23415576,-0.78656554,1.379457,0.70094836,-0.1702226,-0.4523635,0.50861746,-0.109993845,0.9109936,-0.9404219,-0.9399099,0.09735868,-0.7013485
-0.72319734,-0.57846344,-0.6431288,-1.1205254,0.8415367,0.36105505,-0.32972717,-2.6274872,-0.34276012,0.7159294,-0.031473026,0.04434077,-1.243953,-0.3531628,2.0421846,1.8238943,-2.4964912,-1.5223856,-1.4880387,1.0285913,2.0932536,0.7247389,-0.79369134,-0.32379216,0.6795096,-0.11948649,-1.2801988,-1.4487629,0.33585727,-1.6163579,-1.1577746,1.466555,1.5947651,0.41505194,-0.40046933,0.8783482,0.85450816,-1.7074406,-1.284322,0.07913809,-1.1329525,0.23998047,1.4422617,-0.98201287,1.2874736,0.7714303,0.91312504,1.8573147,1.3000494,-0.07333652
0.33586264,-0.32929564,0.97953767,0.6480334,0.52831894,-1.5848835,-0.6034361,1.475658,1.2719815,-0.25409666,-0.95293826,-0.93792516,-1.0186487,1.4814166,1.0735493,0.28373995,2.3379676,0.21376973,0.17125767,0.5029156,1.128109,0.3397603,-1.8866919,1.1561035,0.37170792,0.1408503,-0.13530947,-1.3556803,-0.22813456,0.6338782,-1.5970268,0.47514346,1.8086487,-0.820283,-0.1675103,-0.83866405,0.25587732,-0.8043143,0.023662915,0.4108025,1.0964563,0.44095093,1.428797,0.64082557,-0.061873127,1.2691039,-0.01739391,-0.7651992,1.9950509,0.4527777
-0.3882487,0.94804376,-1.595061,1.3057498,1.3947577,-1.3906233,0.080881126,1.0356323,-0.8138967,-0.5716448,-0.8712792,1.2422451,0.53748053,-1.9781461,-0.026676083,-0.85541636,-1.1683074,0.29929423,-0.1764711,-2.1367023,-1.9017739,-0.23930594,1.9542884,0.5130604,0.33478087,-0.9688799,0.6086364,0.44164297,0.09364281,-0.3777903,-0.69302744,1.1983726,0.5808705,0.8881917,-0.089433774,0.33283803,1.2154337,-0.053465545,-0.10527992,0.7254325,-0.1638421,-0.9430539,0.47737247,2.081313,0.33465722,-0.30535078,-1.2623078,0.3169795,-0.09344173,-0.22006087
0.5146731,1.327014,-2.073555,1.2682716,-0.5776613,-0.6251269,0.8759069,0.28308827,0.1957701,1.0247637,0.04475331,0.76939785,1.5038712,1.183711,1.7168572,-0.29331374,1.095336,-0.4988285,1.0457023,0.93119276,0.7515633,-0.3780073,-0.04089453,0.54598576,0.51119655,0.56413215,-0.22759365,0.39139673,1.1565062,-0.333638,0.43372175,0.7029407,0.6037044,0.43601334,-0.07653772,0.62663746,-0.3085513,-1.9357898,-0.19010323,-0.3688447,0.4808326,-2.9105942,0.6889269,1.5506266,-0.0074098306,1.9336005,0.20695636,1.4375714,-0.24788962,2.5366282
0.21925575,0.9371019,0.48962024,-0.09098735,2.3168025,-0.37980685,0.95320183,-1.0309566,0.21546853,-0.79044485,1.0854979,-0.49028915,0.5904413,0.8112112,2.903779,0.44194072,-0.06879379,-0.21364065,-0.6998242,2.6173356,1.320222,-2.0320408,-0.25844142,-1.505793,0.11580526,1.5940747,-0.16916636,-1.2788901,1.1266066,-0.8243666,1.2791458,0.513574,1.2292855,-1.9700011,-0.06595153,0.46851313,0.28318873,0.77038515,1.067648,0.32147202,-0.38652703,-0.55497706,-1.0123281,-1.2211853,-0.24715492,1.8915814,1.5861338,1.4220288,-1.0665456,0.2113832
-0.9285487,0.9519139,0.329905,-1.5125026,0.8673382,0.83322006,0.43822291,-0.45687342,1.0460553,0.9627945,-0.5173361,0.09589116,0.90522254,0.36575595,-1.852801,-2.3146784,-0.7864089,-0.2260984,2.6700168,0.34329447,0.1867901,0.5437874,0.12693359,-0.23477854,0.7930588,-0.8426475,-0.70271105,0.74453086,-0.12814525,0.730499,0.45386106,0.63041306,-0.04355453,-0.022944756,-1.399492,-0.5378965,0.6327313,1.2208514,1.053682,-1.5590432,-0.6382902,1.5922079,-1.1960027,0.18560204,-0.3262302,0.063954264,1.0319562,-0.27533156,-0.07699958,-0.53697646
-1.7112447,0.6404074,-0.69612664,0.49216542,0.4215363,-1.1590974,-0.8050046,0.66389066,-0.7496995,-1.8119934,0.19445224,-0.28745797,1.4335938,0.2933086,0.3890273,-0.17617485,0.7898641,0.8297827,-0.004286428,-2.0144768,-0.7692402,0.8958363,0.6393502,-2.1230485,-0.8797164,0.22238943,0.17308623,0.9666141,-0.06656668,-1.5131865,1.0905727,-0.05468593,-0.6622077,-1.8304403,-1.1679804,-0.44361675,-1.3653725,-1.0022544,-0.3819221,0.15817773,0.4688377,0.5350495,1.0724725,-0.2079282,0.23004103,1.2974477,-0.4603692,-0.3603351,-0.01575152,-0.44232124
-0.60219884,0.77034277,2.0188632,-2.5119596,1.1768422,0.16784856,-1.0739081,-0.11053553,-0.6970719,-0.78482795,1.4306203,0.1801858,-3.138463,0.3307415,0.84759295,0.4506652,-0.28149956,-0.066284165,-1.210454,-0.87725794,1.3623725,0.15387654,1.0179663,0.61298776,-0.67834836,2.004691,0.036155645,0.079346575,-1.8798612,-0.011053867,0.49885675,0.1367075,0.09449666,1.4299015,0.20368701,1.7043391,-0.8575536,0.028549314,0.7578514,0.9815115,-1.662822,0.3324324,-0.87003857,0.8439041,-2.515412,-1.1084771,-0.072037295,-0.4153196,0.46804482,-0.41448227
1.8523545,0.7785448,1.6056836,-1.2797953,1.4299052,-0.077004775,0.62819785,-0.41819918,0.93303365,1.0067148,-1.5332989,-0.37676808,0.8474878,-0.89449763,-0.12146318,0.13435546,-1.1847848,-0.18935768,0.24367669,-0.5444752,0.2050368,0.8985177,-0.26140934,0.30799037,-0.5552361,-0.163641,1.05783,1.0741205,0.37537283,0.13851713,-0.67342556,0.55645096,0.22498251,-1.1574057,0.25766775,0.81672317,-0.5140253,0.5035978,0.5137885,0.16242866,-0.70042783,-0.9283396,-0.07489744,-0.60923153,-0.91922516,-2.1399803,0.15579675,-0.15054183,-1.4834573,1.7571675
-0.17388569,-2.8047514,0.13805391,-0.24747422,-0.55780816,1.9722761,-0.33068916,1.7056696,-0.42436457,-1.243734,0.18367942,-0.38981685,-0.934341,0.6986713,-1.3284897,2.185281,0.82759506,-1.6999477,1.411666,-0.7407164,-1.7298506,-0.5127043,0.63365847,-0.85641456,0.03323236,0.5151433,-1.0531445,0.20047538,-0.048070677,-0.8566637,1.3945386,-0.04719547,1.0939543,-0.13663828,-1.9179305,-0.10900042,0.8205774,1.2414204,-1.1006327,-0.3454457,-0.55517393,-1.0050743,-1.1866614,-0.7594487,-0.91947293,0.107995264,0.5227842,0.81368625,-0.88454187,0.014371583
-0.093745135,0.44310358,1.3957548,0.0975642,0.38114497,1.0719299,0.8909933,-0.71974206,0.65627015,-0.31525803,2.523193,1.2462606,0.49746737,-0.6907458,-0.42747906,0.3231144,0.25117102,0.49374875,-1.2447711,0.0014022677,1.7616938,-0.60160726,-0.2057314,1.2032279,-1.3069022,2.0741484,0.08791511,-2.1763494,1.1153706,-1.1876092,0.30555463,0.23416638,-0.89730847,-1.226933,1.0457507,0.05195215,-0.32298216,-1.2345314,-0.3315279,1.2241385,0.3156669,1.0225959,-1.3820312,-0.18809216,-0.58010334,0.38728642,0.58706486,0.5687554,-0.46504724,0.56933296
-0.56340337,0.09989038,-0.030159842,-0.7591774,0.112466566,0.12776314,-0.46783438,1.926796,-0.5226412,-2.024679,-0.49903983,1.1385596,0.63170063,1.9358157,-1.6925781,-1.4626083,1.0680959,1.3088151,1.2894573,-0.42162937,-0.999638,-0.00032378462,-0.7050212,1.4664022,1.2501252,1.0404022,1.2195969,-0.2515675,-0.6552134,0.22704874,1.0630654,0.35571533,0.84509647,-0.42401445,-1.9281867,1.1691828,0.5458097,-2.4800165,0.35502905,0.12889838,1.3697423,-0.525834,0.8813784,-0.1757106,-0.092812166,1.0675062,1.1609594,0.14566708,-1.5239104,1.4221762
-0.6656588,0.638027,-0.00071083696,-1.0382535,1.7941921,1.3995758,0.795338,-0.46793902,0.35572153,1.2476956,0.94500774,-0.28149486,-1.4452757,-1.6007684,1.0448103,-1.2046741,0.81615275,0.7358079,0.0311519,-0.7575958,0.046321742,-1.6613016,0.14795667,1.4565253,0.28999215,-0.9614518,-0.3584626,-0.41170755,0.42800054,0.9145621,1.8042542,0.28159347,1.1964332,1.729598,-0.7210881,1.7693166,1.0669343,-0.111671805,-0.34712356,2.812955,-1.2402478,-1.4023386,1.4374748,-1.8124384,-0.20394008,-0.24526599,0.8985479,-0.2171601,-1.5553182,-2.012108
0.627459,-0.0240104,-0.31882125,-0.6546698,0.11445803,-0.6169519,0.123996474,1.4158573,0.61627185,-0.005103152,0.3755271,0.9817185,-0.0029095297,0.90942043,-2.0014884,-0.6216224,-0.83664703,0.35083455,-0.15214998,-0.69975185,-0.81029993,-0.31066832,-0.39063096,-1.3257877,0.4593045,0.7670817,-0.87383354,-0.5187349,0.61898,1.461844,-0.05970659,1.8351059,-0.9742307,1.1050869,0.31160182,-0.01261317,-0.73974633,-0.88643706,-0.7600456,-0.64969975,0.46105736,-0.32151437,0.9161825,0.22704016,-0.6917115,-2.3464234,-1.097305,-0.6548986,0.8438174,0.102519274
-1.4875091,1.5467329,2.152411,0.47160167,2.0737877,0.09059205,1.1796045,-2.1043549,0.3873926,-0.3237378,-1.0520213,-2.0457475,-2.9101505,2.0447552,0.1712544,1.8755262,0.09945347,-1.3133394,0.08439143,-0.4952468,0.81471705,1.8371841,1.5313665,-0.75000626,-0.95448005,0.6323074,0.20756216,0.27773637,-0.3251545,0.286336,-0.12008104,0.96790534,0.008155204,0.60962003,0.13733058,1.3108915,0.6483747,-0.57156664,-0.5476789,-1.160146,-1.8260481,-0.48996592,-0.4830224,1.3534958,-0.2554254,-1.0646147,0.57311636,-0.39116067,-0.6155205,1.0834568
-0.41862878,0.24271762,0.6377644,-0.5740777,1.0452898,0.99772924,1.0610538,-0.2918228,0.24644199,-0.71747124,0.83074826,-0.9897395,1.0606081,-0.64307207,1.9784719,2.0816693,-0.68145955,-0.44259745,-0.8043513,-0.06020967,0.32828146,1.4098785,-0.65250593,1.0358372,0.43230125,-0.7668219,1.6689003,0.075481735,0.9019175,-0.5527055,0.27853936,-1.1934228,0.13887192,-0.8226679,-0.04355171,-2.2179523,-1.2932416,1.2959045,2.9297533,-0.084680684,-0.30183476,0.2793691,1.8481914,-1.1902317,0.39541057,0.74600846,0.6342258,1.3670367,-0.7344346,-0.34539217
0.01063371,0.24852589,0.9508311,-0.75055355,-0.18076423,0.5334222,-0.47201443,1.5305587,1.124741,-1.9101183,0.57217455,1.8142267,0.6904845,0.7132006,-0.5450416,0.75157666,0.5329075,-0.49172673,-0.6167706,-0.7758302,-0.14330414,-0.70068824,-1.2133652,-0.38924712,-3.045235,0.14286958,-0.037651315,-0.6207484,0.56386113,-0.5177902,-0.50183076,0.5892815,1.0319264,-1.8621285,0.7331984,-2.286383,0.60908055,-0.390976,-0.39041242,-0.1372232,0.48466855,0.31025755,-0.82510257,-0.22921774,0.36433813,0.8138824,1.2842958,0.4536927,1.7239321,-0.9353611
-0.366422,0.40086174,0.911946,0.7806607,-0.7280456,1.0035536,-0.5682712,-0.38027278,-0.41114363,0.59830886,1.1860247,0.5582996,0.46786126,1.2801124,0.37177107,-0.010121098,-0.19934069,0.0752031,-1.006723,2.2239027,0.7663178,2.0315914,0.46490982,0.48304978,-2.844979,0.9089607,-1.7004683,-0.30368266,0.24495508,0.8203496,0.6718765,0.677245,-1.6457261,-1.3158152,-1.4505057,2.3628006,-0.4556537,-0.5873307,1.0123925,1.7562832,0.7306565,1.4465163,-1.1993586,0.98925084,1.0944533,-0.7063419,-0.19745663,1.6316764,-0.0898423,0.100995734
-0.7623896,1.0009282,-0.12955166,-1.0228931,-0.6778746,-0.7925563,2.3776922,0.46308684,0.883905,-0.6103485,0.09740771,-0.55401736,-1.8602238,-0.9509768,0.63046896,1.4406626,-2.2662988,-0.35668504,-0.8065217,-1.2108945,-0.53316367,-0.10877024,-1.0466813,-0.75289243,-0.07475408,0.38011834,-1.319497,-0.10959216,0.5215996,-0.96570426,0.1476091,2.0629418,-1.1381606,-0.32363486,1.379176,-0.57210505,1.3188345,-1.443032,2.2078314,-0.031881697,0.07080235,-1.3491502,-1.9007491,0.5643497,-1.4134268,0.033252064,-0.98382837,1.1187412,1.4077905,-0.1952322
-0.83047265,2.1325696,-0.18667583,1.4241327,0.3272087,-0.32223955,-1.5177437,-0.08650931,2.0278409,0.39481804,0.59602505,-0.04019862,1.334179,1.1911539,-0.88348615,-0.56282777,-1.236715,2.146944,-0.53804,-1.100775,-0.8938817,0.051625486,-1.0179293,-1.3266878,2.0490508,1.7764485,-0.6161526,1.2565892,0.6404967,0.7501583,0.040502913,1.1784862,-0.26130936,-1.2699888,1.0988963,1.4235637,0.37663734,0.008413179,1.2475806,0.15385003,-0.9184376,-0.55944765,0.4376572,0.65646356,1.8932052,0.0828093,0.2596149,1.0382007,-0.9617416,0.55848914
-0.16889824,-0.1282487,0.7726651,-1.721981,-0.15735532,0.10602091,-0.2911494,-0.47720236,0.30282852,-0.44769937,1.4011512,1.7324148,0.8184697,-0.40849352,-0.9535506,1.2473553,-1.4448439,0.66627306,0.45432055,0.89665085,-0.17329797,0.67499185,-0.9776284,0.89158094,-0.50224715,0.9102036,-0.84600466,-0.5677044,0.37719178,-0.6785246,0.8603655,-1.0374362,-0.7531497,0.73474956,0.3962129,1.1920211,-0.7611798,0.22347589,1.292519,1.5383666,0.2816071,-1.6146199,1.6351905,-1.2514516,-1.1710888,0.41508836,1.7358046,-0.0073600537,0.63032085,-0.8996513
-1.1334974,1.1535987,0.49708942,-1.0219721,-1.9019799,-0.8149406,-0.047213,-0.9904844,-0.21361932,-0.7281004,-0.5754915,-0.27650595,-1.3588297,-0.48125285,0.732318,-0.392689,-0.24345613,-0.48801082,2.1519947,-1.0955039,-0.45699984,-0.06616001,0.2793392,-0.06971064,-1.21791,-1.2282423,-0.5667252,0.33993167,-0.49785027,-0.31662634,-0.40607333,-1.4934177,1.8143197,0.5620051,-0.5781799,-1.367827,0.1052324,-1.146821,-1.2405783,0.07466139,-0.24102077,1.5939729,-1.9721643,0.19740798,-0.76471037,-0.55944157,-0.12639585,-1.4379096,-0.75438327,-1.6929765
0.63870203,0.32591286,-1.6763262,0.019405771,0.9019626,0.09598336,-0.468774,1.2782403,0.47870967,0.5993663,1.4182559,-1.3033293,-0.029160798,0.34416723,0.90283465,1.4964781,-0.9227595,-1.0051514,-1.1443661,-0.23750749,-0.10992735,-1.6285667,-0.6842931,-1.7260671,-1.2097942,0.79602724,-1.2029582,0.20554034,0.51636124,-0.9210921,-1.2471844,0.79533887,-0.55439657,-0.4509932,0.44557592,-0.14015795,-1.1717906,1.3764327,1.5653356,0.2516029,-1.1209447,-0.7207317,1.1018894,0.55042964,-2.3210773,-2.0505679,0.25391272,0.107787274,-0.738159,-1.2006128
-0.41704798,0.0353437,-1.3249725,-2.3381941,1.0645185,0.8465211,0.76586133,-2.2881675,1.2621701,0.5670875,1.3550527,0.7796309,-1.4998294,-1.5013993,-0.16877706,0.25519884,0.058341995,-0.551008,0.2554177,-0.15218154,1.3649313,0.48356676,-0.25345618,-0.0741196,-0.14690472,-0.31948102,1.4754194,-0.8146747,-0.77580845,0.35714445,1.8141143,-0.83325505,0.6289961,0.4706066,0.8480418,-1.1355122,-0.9955006,-1.4678404,-0.34745547,-1.0483143,-0.63718665,-0.67875034,1.5680679,-0.38699192,1.3299115,1.0285211,-1.239652,-2.3952713,0.6925459,-0.6680034
-0.3955806,-0.2045669,1.7584045,-0.235655,-0.20929572,0.24047449,0.03173367,1.405844,0.4594136,0.3800837,0.31830415,0.2938839,0.79267144,-0.2808207,-0.49193218,-0.11794609,-1.63135,-0.10679281,-0.76546,0.2292312,-0.9225207,0.6033096,1.0077335,0.7625612,-0.17944962,-1.5985628,-0.5351475,-0.4149832,0.15720059,0.84954756,1.3488679,1.9867294,0.3840864,-1.52832,-0.60917306,-0.1525733,1.4610145,0.9764942,-2.4638977,0.8119447,-0.30821446,-0.092579976,0.083211824,1.3074195,-0.055630043,0.39070094,0.6771717,-0.62036115,0.9200745,0.0135038225
-2.274467,-0.3248998,0.94844675,1.7484422,-0.84786826,-0.3365564,-0.49113378,1.6309243,-1.6256585,-0.80738366,1.2002697,-0.2525104,0.5993269,-0.9407682,-1.3068897,-1.0652509,0.34259063,-1.2826146,0.8101208,-0.12322576,1.0603237,0.26146215,-1.550447,0.41614956,-1.2490469,-0.4715564,-0.32564268,0.18874444,0.70144176,1.0872251,-1.3766843,1.8080096,-0.46248415,-0.9730758,-0.7772229,0.5632564,-0.3457659,-2.2387092,0.8812471,-2.08492,0.08347348,-2.4749641,0.5825174,-1.0110929,-0.7190792,1.8103648,-1.1401407,0.85458463,-0.38099337,0.9929541
1.0809641,0.61791563,-0.9317671,1.1823344,1.03743,0.60950017,-1.2499207,-0.21603626,-0.3391176,-0.5433974,-0.91125095,0.35704592,1.4862102,1.6645095,-0.95928824,-1.5742561,2.5927374,-0.58212054,0.84419674,-1.2731192,-0.7223368,-0.81281185,1.2635089,-0.44408917,-1.5320734,1.1270882,0.4602679,0.8643211,-1.1510955,-0.0498309,0.20054273,0.15050608,0.96835005,-0.7448967,-1.2184404,0.8028907,0.13380097,-0.75482994,-0.31495085,-0.7867191,-0.3314206,-0.7113174,-0.032171436,1.2499435,0.68912506,-0.2812845,-0.73329955,0.6146181,0.56006813,-0.8630449
1.0109264,0.059137695,-1.3767301,-0.5071322,1.7450802,-0.5386529,2.2992115,-0.6210217,-0.83451897,0.43082613,-0.2052255,-1.149016,-0.018078204,0.37561035,1.2083803,-0.924038,0.061386913,-2.7407362,-0.2253021,0.8283344,0.80699694,0.91656834,0.43526277,-0.39409778,-1.6444186,-0.90092033,2.0829725,1.0846283,1.2149576,0.6358621,-1.7506895,-2.1657453,1.1581745,-1.0755893,-0.39935893,0.13032134,0.22515917,-0.37793136,0.092282124,-0.86687213,-1.5485345,-0.4222605,0.050314,0.67505544,-1.0188199,-1.9415587,-0.11157732,0.024214737,0.47969723,0.24720496
0.6137144,-1.3478419,-1.2835705,0.5567251,-0.89263207,1.193966,-0.56097937,-1.9592395,-1.4740115,-0.10672978,-1.0914149,0.10491304,0.5230663,-0.6147228,-1.451891,2.0055897,0.15323165,-1.3267939,-0.86068934,-0.27117434,-1.5731242,1.0090127,0.14579546,1.1669427,1.1317215,-1.4772234,0.062204544,-2.953469,-2.5217533,-0.5617134,-1.245817,-0.14378898,-0.6855705,-0.24761812,1.3763503,0.91739947,-0.53668797,-0.4784194,0.38936216,-0.22334117,-0.9588112,-1.4734502,-1.3412762,-0.6658197,0.084333375,-0.83581734,-1.1164678,0.30419466,-0.066693135,-0.47067073
-0.032985646,-0.8193294,-0.50176656,-0.29248488,0.1505061,-0.36531475,-0.06729648,0.27481112,0.60192907,0.7099411,0.4178946,0.39957693,0.14694214,-1.0799536,1.3525122,0.41469094,-0.6791577,-0.5130458,0.5771812,-2.2410154,-2.7474875,0.55397654,1.116177,1.4712123,0.77054834,-1.6780936,-1.5567124,-1.3418857,0.7758729,0.72025275,0.067358285,-1.2358395,1.4328527,-0.7802347,0.6309265,1.2054328,-0.026173161,-0.25431356,-0.5001837,-0.89013636,0.06580344,-0.018310687,1.0250139,1.9882656,1.2613178,-1.2549782,0.74690866,-0.8692027,-1.3924212,1.2228795
0.12602997,1.7723562,1.2105373,-0.978833,0.6056752,0.22707649,0.19045253,0.4902947,-0.7631337,1.3448231,1.8170071,0.42393652,-1.6365356,-2.5493603,0.5395993,0.4929867,0.49131355,-0.1364598,0.9246927,1.8981228,1.1378776,1.2195873,0.10650856,-2.650896,-0.51513004,1.4231703,1.1693217,0.019020006,-0.5027452,-1.2891912,-0.018519275,0.6439468,0.5981108,-0.5017116,0.209693,0.20666513,-0.9967382,1.2746118,-1.2886062,1.863172,0.3292898,-0.48765472,-1.2567749,0.19778,0.9530544,-0.23474634,0.76420486,-0.9109163,-1.3089855,1.2671616
1.4369304,-0.6392556,0.05161558,0.7279412,2.1643236,-0.170762,-1.4533123,0.8810944,0.9189346,0.31886023,3.138724,0.052899934,0.78622526,-1.062568,0.2800357,-0.095592685,-0.75601435,0.2900266,-0.23173434,-0.34980872,1.8205734,0.2830731,0.7254241,0.3541106,-0.78100467,-0.720683,-0.11498381,-0.14992584,-0.1353531,0.28303844,0.6466609,-0.3016753,-0.79040575,0.65778977,-0.14846003,1.5022284,0.22730638,0.8692616,-0.34125465,-1.6859475,0.6583395,-0.6243603,-0.5643339,-0.42694223,-0.6863614,-0.33018303,0.48840827,-0.0483713,0.51149666,-0.20783065
1.5312027,-1.4295561,-0.6089343,1.0289264,0.2961811,-0.4091967,0.3034407,-0.042092722,-1.2617775,-1.5884765,0.4362213,-0.4421094,0.46553746,0.78134483,-0.039097667,-0.8316413,-1.6351421,1.1042091,0.4579994,0.8498142,-0.5805071,-0.68068916,-0.9156602,1.2254317,-0.97910404,0.7606719,0.73920745,0.15415582,-1.1229523,0.9223832,-1.6300422,1.6052834,1.5812252,-0.8267401,2.1790214,-0.021162184,-0.4704992,0.12840916,1.079484,-1.0500138,1.4224173,-1.0040696,1.3516351,1.3863114,-1.735386,0.22317076,1.194835,-0.24436803,-0.67654765,-0.9705504
0.81761134,0.48125774,0.6250528,0.53152496,1.4060525,-1.0809218,-2.0390873,0.007827443,1.8619994,-0.1932845,-0.40233544,1.5544819,1.5490175,-0.8128146,-0.091051765,-0.7534048,-0.27211183,-0.21426788,1.2188659,0.434669,0.96431464,-1.5160351,-4.781422,0.83814347,-1.1372094,0.42979583,-0.24923983,-0.4047336,-0.9485979,-0.36818746,-1.4240197,-1.1641488,-0.2793605,0.29182854,-0.37980402,0.03590699,0.3391509,-1.310186,-1.4567448,-0.20884615,-0.5820387,-1.6728259,0.9148931,-0.08641839,1.4600346,-0.6078107,1.4450017,0.1874908,0.49275273,-1.1041813
-0.57694876,-1.4903737,-0.26022312,1.9955736,-0.63489604,0.22655584,1.4030836,0.57149523,1.5242553,0.72093236,-1.762418,0.80374795,-0.1541281,-0.94056845,1.0382248,-0.33015275,-0.421815,-1.7136203,-0.27111349,0.071265645,-1.4537432,-0.5131892,-0.2243292,0.24829188,-0.6956822,-0.3697737,-0.44844636,-1.31168,-0.586392,0.7094099,-1.5637387,-0.009338061,0.36953568,0.24287912,0.56961507,-0.50277215,0.04194394,2.0006907,-0.6028221,0.38784066,0.6024441,-0.1451622,0.42715502,-0.8593858,-0.4994264,0.52624136,0.32530338,-0.72607565,0.049524054,-1.237479
0.3728546,-0.8003414,-0.61155504,1.3111763,1.0031085,-0.13148066,-0.21690607,1.1509717,0.05728443,-0.716568,1.1935769,0.110683315,0.9743552,-1.6141958,-1.0044463,-0.4749816,0.7665275,-0.24812633,-0.35937524,-1.519318,-1.3657275,-0.12623104,-1.822776,0.84147316,-2.0221634,0.054308232,0.48003873,0.21776748,1.185898,0.22054899,-0.38692087,0.31542468,-1.3129997,-0.63530695,-0.6867277,-0.22490622,-0.6279212,0.3345823,0.33162287,0.107508086,-0.6397125,0.8165276,-0.5047029,0.07926035,-0.41411853,-0.36145493,-0.5589008,1.5951111,0.6878814,-1.1234355
-0.09377893,0.8011382,-0.77654696,1.2727321,1.2960092,-0.41841102,-1.2905892,1.2485784,-0.4250965,1.266344,1.0807292,-2.7487528,-0.63499165,-1.0331103,-0.057851166,-0.11877597,1.6877562,1.736246,-1.4503849,-1.2740285,0.073903516,0.37214392,0.0002706771,-1.5432647,-1.7287418,-0.12440463,-0.070567906,-1.3325956,-1.084365,-2.3314617,-0.5699343,1.7791253,0.7946312,0.56221133,1.9510725,-0.50066406,-0.47513208,0.6231525,-1.1658604,-0.14404503,0.10874252,0.15133516,-0.3152635,0.80764276,-0.07234007,-0.122195095,-0.12607083,-0.4032261,-0.9506237,0.77267325
-0.57707065,0.41669872,-0.92906517,1.266347,1.4944906,0.054112576,-0.4515303,-0.26697108,0.86009383,0.9868874,-0.5472586,0.065411,-0.32377145,-0.04902476,0.023922013,0.124086455,1.572342,-1.7451446,-1.1506225,-0.91223025,-0.7328295,-0.10763711,0.5667296,-0.19231495,1.9505204,0.32163757,-1.9834535,0.20202468,-1.2387551,1.4921145,-0.29817867,-1.5154952,-0.9390646,-0.50162214,0.024194412,-0.9395527,-0.98721933,-0.21282774,-0.087092325,-0.6636146,-0.3453706,-1.551771,-2.078927,2.0322716,0.99350196,-0.28186032,0.14767326,1.0756216,0.25009134,0.86418545
0.75324893,-1.0688233,-1.30367,0.16774234,0.2936784,0.8948204,0.69193685,-0.45625865,-1.2397124,-1.148815,-0.9520687,1.1592424,0.4454563,-0.82870436,2.3678162,-0.3427551,-0.75549924,-1.6638398,0.38342792,1.3779945,-2.2986996,-0.08897831,2.491398,0.7047442,0.060628124,1.0469123,0.104418695,-0.12026773,1.0025268,-0.4210596,-0.12274036,-0.92766273,-0.4060874,0.20323049,-3.1469352,-0.41234526,0.33528703,0.36494434,-0.9778595,-1.3119932,-0.17640907,0.57985216,-0.24404904,-0.6794106,0.27862465,-0.23759,0.7974233,1.6456407,-0.31882358,-0.14573435
-1.0151906,1.9892694,-0.66117924,-0.6076065,1.0798002,-1.0886296,1.5867399,-0.1851983,-1.4998456,0.59911585,-0.8501589,-0.8739851,-1.8535182,-0.5312921,1.3973732,-0.93456453,0.035199724,-0.95707476,1.6517273,-0.18381622,0.6006632,-1.3405312,-0.7107546,-0.27135348,-0.9999336,-0.52592754,-1.2433505,-0.5887479,-0.5631447,2.0719175,0.45413506,0.49175334,1.4571863,-0.8159878,-0.89669776,0.9083932,0.33386338,-0.63577634,2.553588,0.48147723,0.2304913,-1.6827207,-0.9512168,-0.27230048,-0.3217697,-0.3703628,0.18594393,0.02932697,1.0287142,0.5273647
1.0738667,0.6480008,0.4949666,0.47628632,0.54950327,-0.6394925,-0.54546607,-0.7660727,1.3235674,-1.2775276,-0.4003726,0.0958418,-0.15636063,-1.6171793,-1.1877277,0.18470581,0.110686384,0.53918487,-0.29795223,-0.6927494,-1.9011657,-0.5260877,0.11122702,0.44214445,-0.35343945,1.1139033,0.1908759,-1.4375523,0.48122203,-2.06541,0.21615942,0.06852647,-1.3638647,0.25252712,-0.41017488,0.13695396,0.3740461,-1.5049479,-1.2191147,0.87097675,-0.8129299,0.67179984,-0.60386914,1.2719425,-1.8818302,1.2255467,-0.45019525,-0.4505712,-0.22603059,-0.74798214
0.06323028,-0.39589012,0.14200643,0.4686669,-0.51833886,-0.14017692,1.2595876,-0.38420942,1.6306242,0.58854187,-2.1034198,1.0079863,0.9853154,0.7091647,-0.09651128,-1.7873713,-0.90207684,-0.5880194,-0.30560338,-0.85033804,-3.1618202,-0.041747604,-1.2315111,-1.7675418,0.4303617,-1.3254074,1.1269857,0.16446106,0.21171445,-3.268802,1.3508825,-0.31810385,0.9008801,0.19521488,-1.308128,-0.26642966,-0.019501422,-1.2469496,1.9015039,-0.82794464,0.50790095,1.5216998,-1.7102966,0.42612508,0.5426285,-1.1079534,-0.79570067,1.7168808,1.510857,0.4721897
-2.0249197,0.14846951,1.9096069,0.17976318,-0.88808507,1.5627179,0.22011381,-0.8659094,0.05961906,-0.07205745,-0.52112275,-0.9393482,-1.1531341,0.5241324,1.9702317,1.1674789,-1.190564,-0.815623,0.79753417,2.3661318,0.59421164,0.42724055,1.5740341,-0.706283,0.006818474,0.042645067,0.76937723,0.72239006,0.73383814,-0.7730988,0.7715049,-0.31970447,-0.48337302,0.06899893,0.67597634,0.6632783,-0.901356,1.1606629,-1.3677579,-0.14268096,1.0264297,0.9931478,-0.63621205,-1.3020935,0.79008824,-0.5626288,0.98989445,0.97827077,0.69756424,-0.59271
0.5241539,-1.29221,0.7234334,-0.01517195,-0.49960896,0.8980312,-0.8792292,0.16039951,-1.2197292,0.52554655,-0.27853292,0.2734635,-0.13731915,-0.6346896,1.1461123,1.1122743,0.12046421,-0.8301498,0.39343497,0.24093403,1.064789,1.223552,0.5439421,-0.24905244,-0.03556251,0.43856344,0.5829612,-1.2607076,1.3005592,0.07491956,0.29428035,0.76380426,0.29048854,-1.6014136,1.1551727,-1.4254578,0.93356305,0.31949225,-0.024173466,0.43875852,-0.869617,1.5828192,0.8251686,-0.66521645,0.6446427,-0.9127337,-1.4803729,0.72056335,0.04408217,-0.5162567
-0.19876745,0.56547654,0.22862667,-0.44798633,-1.9871175,-0.3812881,0.17415667,1.0922842,0.14728115,0.25231677,1.7508464,0.72533494,2.5929983,-0.3788647,1.3393662,-0.6471568,0.21373324,0.6364875,-1.6390337,-0.5468155,2.9524164,-0.50046414,1.6569031,0.0555348,0.15124902,1.5644714,-0.19376706,-0.39989954,1.0774444,0.3075797,1.6527053,-2.0179195,-0.09123735,1.4254975,-0.23511828,1.5818133,1.7737684,1.6430312,1.3680136,0.9431951,-0.30345675,1.0800536,-1.286643,-0.42350066,-0.2787627,3.152351,1.6485507,-1.8591717,0.071241006,-1.3723084
-0.64568436,0.4066008,0.52260584,-1.64541,-0.2202338,-0.3992825,-0.1803863,1.5779533,0.3984917,-0.15674886,-1.0278136,-0.037920076,1.1898329,0.6899732,1.5541868,1.7745603,-0.33183166,0.92183954,1.3214796,0.45204267,1.7857696,-1.0801697,-0.32307395,-0.9043368,-0.9783447,-0.5562406,-1.0240321,0.010998097,-0.26529777,0.32288024,-0.57847583,0.03805006,-1.9858258,-0.59622693,-0.22033554,0.24398445,0.95501477,0.2954762,0.3668126,0.580544,-0.09478968,0.7292688,-0.26678908,0.51707375,1.545956,-1.3706234,0.0325554,-1.4725078,0.7226203,-0.80030894
0.6480431,0.20179942,0.31290665,1.1132789,0.5797082,2.1696699,-0.33715948,-0.72281903,-1.021346,-0.51771456,-1.4931959,-0.6025804,-0.9457944,0.72663283,0.40243116,0.23809856,-0.1872659,1.2562065,-0.90648884,-1.0953561,0.22015145,-1.9264133,0.3374552,-0.37787545,-0.78728,0.68452626,1.9100147,-1.2879324,0.2496177,-0.7956916,1.7187631,0.84294546,-0.22285837,0.14753683,-0.93747276,-0.30913848,-0.58439815,0.83708566,-0.742501,0.1793676,0.9012242,0.19422568,0.27203548,1.0434759,-0.55494326,0.52455926,1.1264884,-0.19503917,1.1928761,0.5446304
-1.0145136,-0.987114,-0.442768,1.1082348,0.84619564,0.49946544,0.8096975,1.7354507,-0.032730594,-0.1734304,1.1377345,-0.42625287,-0.06862001,-0.28599474,-0.4322655,0.3861209,-0.552673,0.59457546,0.14785703,-0.9291529,0.33853945,0.8295154,-0.7089635,0.90906155,0.6628254,-1.9701196,-1.0374374,-1.2308053,0.5309675,0.067989565,0.12352224,1.0982286,-0.2694996,1.2181667,-1.008161,-0.98721796,0.3885871,-1.2807411,-0.69958377,0.7558713,-0.9929938,-0.7082689,-0.55443543,-0.56853056,-0.42191407,-0.21017791,0.6535129,0.05515621,-2.4433072,0.9940629
1.0580485,1.3916241,-1.8142332,0.6015949,0.45696303,-1.0661024,-1.3811687,-0.427253,2.785523,0.2616267,1.9162902,-0.497516,1.2785896,-0.48979166,-0.45306432,0.35510325,-1.432995,0.96836734,0.044767696,0.12045036,-0.08127734,-0.030149985,0.8362848,1.065376,-2.5015478,-1.3676285,-0.45066756,-0.84542567,0.5235705,-0.052534953,-0.47192916,-1.9810066,-1.4222131,1.1256889,0.3104796,1.200526,-0.4503927,-1.4360721,1.4574085,-0.37493703,2.2539577,0.958385,-1.117622,-1.0217953,-0.38416833,-0.40713212,0.5252889,-0.88710344,-1.3075546,1.1324344
0.5186598,-1.1365708,1.1252899,1.7486678,-0.2987259,-0.19701925,-1.5081692,2.1904366,-0.48999706,1.8681792,-0.30904534,0.6875184,1.7202764,-1.4745853,0.6692266,-0.30013776,-0.79296416,0.5156377,0.07203492,-0.7621554,0.5854533,-0.21521197,0.442295,0.02584325,2.0506034,-0.5831764,2.042844,-0.40391386,0.9672755,0.08747387,-0.594863,0.22330372,-0.24034642,0.5413027,0.6373968,1.4631588,-0.2269597,0.4911977,-0.02358509,-2.9517436,0.38274375,0.87568206,1.0193597,-0.21879934,-0.016593901,-1.0743865,-1.0131754,-1.0706105,0.7848743,0.34796667
0.7492034,0.8002031,-0.47923067,0.07049556,1.8283141,-0.53141826,0.17584121,-0.2120155,1.381437,0.68160635,-1.9390111,-0.27690881,-0.1670912,-0.4274845,2.304732,-0.06723521,0.18697783,-1.5753906,0.07752759,1.1848012,1.6097736,-2.0839806,2.4418511,-0.7755598,-0.49263197,1.3630307,-0.75162584,0.37206522,1.358938,0.3299132,1.0239532,-0.63253015,1.281388,-0.57331616,-1.2679981,-0.31643766,-0.13702351,-0.8361853,-0.093473814,1.7130384,0.42922628,-1.2334526,0.42304623,-1.4264237,-0.23081698,1.1183361,0.020342056,-1.5276375,0.5144243,0.37596536
0.8200637,0.45996928,-0.6766558,-0.16186143,-0.5943398,1.6675464,-0.77970797,-1.2026538,1.0611125,0.7333365,-0.12016983,-0.85403454,-0.0330228,0.91902024,-0.054354705,2.5076048,-0.70987827,0.092851475,-0.5302737,0.15516618,-1.5116359,0.1463906,1.3422989,0.39656436,0.54209113,-0.47440043,-0.83817196,-0.51635545,0.038693998,0.51001996,-0.20083879,0.4063356,0.7704928,1.0651593,0.5328995,-0.5594163,0.3839616,-0.6488707,1.0322593,-1.3061973,0.59252447,0.81764495,0.4746373,1.163051,0.58720624,0.27373928,-0.1623149,0.8385959,-1.1207335,0.84092164
-1.2055479,-0.16117057,0.1161458,-0.4607562,-1.2514303,1.1853684,0.21396437,-0.6791048,0.37639362,-1.1194793,-2.4448478,0.1329956,1.474812,0.0341589,0.38928837,-0.6974276,-0.2361182,-0.68242306,-0.47760633,0.90083224,0.40812007,-1.4041348,0.6479388,-1.498687,-1.2146158,2.5815048,-0.26241884,-0.51072365,-0.9309487,-1.5275056,-1.5296407,-1.7026243,0.30605423,1.5476545,0.457562,-0.98511153,1.1107372,1.1553607,-0.82767844,-0.27709624,-0.5304257,0.73339707,-0.130102,-1.3814708,-1.1786361,0.31243736,-0.5599691,-0.14778464,0.7231702,1.140952
-0.036839332,-1.8157791,-0.6746526,-3.6281843,1.6747794,-1.7068372,0.7361438,0.68789375,-0.8629323,0.6332584,0.040743396,0.43054846,-1.540442,0.3462055,1.1800393,0.41045412,0.39201897,-0.72965765,-1.5095265,-0.16196772,-0.90920115,-1.10187,0.42806116,0.8284975,1.3662231,-0.5538629,-0.92427325,-1.661248,0.31773993,1.3143923,0.17965463,-0.19933729,0.8266369,0.10523119,-0.7066052,-0.15061893,0.30817884,0.3424272,1.4604617,0.28507337,0.19816834,-0.16935107,-1.0963902,1.2434473,-1.2855867,2.1843421,-1.6024885,1.0663272,0.38411197,-1.4475846
-1.005389,-1.2576207,-0.07856863,0.3268331,-1.9695317,-1.0716727,-0.65110713,-0.40253705,0.7051697,0.32436994,-1.0335838,-1.6374944,-1.6951289,-0.33040503,-0.50450116,0.12174153,0.26548517,-0.66208965,2.3508856,-0.8371081,1.3586644,-0.7925519,-0.5528901,-0.18883811,-1.4934275,-2.8056128,-0.99291384,0.023184981,-0.63610524,0.3857287,0.48819244,-0.9172107,-1.4862351,-0.8971961,-1.6059625,3.1067586,1.6233056,-1.4393387,0.015652768,0.585186,0.8047177,0.28531232,0.8906063,0.7191891,0.10981935,-0.61639595,1.5321056,1.1061347,0.44499463,0.3720761
0.13933994,0.18429035,2.4069724,0.7436248,-0.6333836,0.31067893,-0.07873026,0.48880967,1.3863308,-3.5597882,0.637134,-0.045979265,0.16218184,-0.79219365,0.39291874,-0.49121773,0.10055693,0.23241659,-0.9222285,0.8449992,0.5301619,0.06204974,-0.37918767,0.6871159,-0.5255419,0.72575456,-0.31462744,1.0290124,0.057435438,-1.3336958,1.1327364,-0.47375268,-1.0829737,0.19741392,-0.33546042,0.07140215,0.8994492,0.73625386,-1.7162323,-0.5380397,-0.051887047,0.74757373,-1.0063453,-0.031768076,-2.0275006,0.28234145,0.8630384,-0.075455524,-0.06562826,-0.32454982
-0.864666,0.18037723,-0.83343697,-1.5051086,-0.030251097,1.4651529,0.9173112,1.6401623,0.23917401,-1.212742,-0.24472164,-0.46848008,0.052856795,0.09534657,-0.9254502,-0.102693,-0.9360304,1.4390073,2.3578331,-0.9842597,0.88667035,0.66668284,0.12968574,1.0451623,-0.5930895,0.73379993,-1.8739886,0.41917056,1.2912564,0.24431062,1.8086989,0.8433799,-1.7388303,-1.2344996,-0.09024794,-0.5959122,-1.7156471,0.19795613,0.6725359,0.21309437,-1.512351,1.1649367,-2.404504,-0.11821679,0.75271904,0.28120577,-0.6136506,0.31915006,-1.9895691,1.731585
-0.63039875,-0.06268432,-0.18166453,1.4146338,0.82426834,0.297407,-0.96255577,-0.6808078,-0.82677436,-0.5903124,1.0609894,-2.2909446,-0.46074364,0.6239622,0.58427703,0.27987355,-1.1887919,0.9052949,0.76706195,-1.2187923,0.834114,0.97530466,1.482348,-0.75142086,0.59287256,-0.25707996,0.2509581,-0.0036406885,1.3229886,-0.119716644,0.958194,0.57083833,-0.48081398,1.1186609,-0.6754192,1.1434745,-1.0953124,-0.17376749,-1.3032585,0.8403099,-1.3379267,0.7828084,-0.6178878,-0.18641025,1.0459926,-1.3536825,-1.4973726,0.9413499,0.2844316,0.13773365
0.24512579,-0.13243516,-1.0559934,-0.5638747,-0.15945442,1.4368393,-0.16996741,0.22270021,1.1088812,-1.9997932,-0.67300457,0.24825378,-0.12153941,-0.15642147,1.2993302,0.032303788,-0.3363838,0.6901059,1.232551,0.13464896,-1.3662248,-0.3256098,0.6542492,1.6256778,0.0012221187,0.44829807,-0.7012217,-1.2919338,-0.23155475,0.7017294,-1.9636873,-1.8028935,1.1797959,-0.7319263,-0.31445146,-0.0632063,-0.6012253,-0.3327171,-0.2668474,0.2391113,1.4637967,-0.24985205,-0.16292772,0.30590367,-0.56509024,0.36609268,0.0127629675,-0.15993425,-2.1762905,0.46375883
0.678291,0.46647346,1.0137584,-2.0740876,-0.8931193,1.0785882,0.4892865,0.3842009,0.9434974,0.05518053,-0.7495082,0.29064727,0.50735474,-1.214459,0.21276417,1.8188196,0.59744763,0.38889033,0.9677376,1.8198565,-0.53391266,-0.8765755,0.22355387,-0.81448823,0.27742863,-0.7866266,0.4050485,-1.180483,-0.7228034,0.20603499,0.5339781,-0.87731254,-0.5664992,-1.9096683,0.14766411,-1.2634505,0.22458738,0.59727854,-2.733998,0.67598087,0.75017846,1.3904978,1.8485862,0.017229125,-0.05357987,0.28951916,-0.8992001,0.03043013,0.42383075,-0.14977966
-0.019463832,0.06552013,0.48618594,-0.7125695,1.2381924,-0.10467694,-0.20697469,-0.5157129,-0.5567757,0.90802735,0.55225694,0.88814616,-0.61544085,0.4613753,0.24865231,-0.05849269,-0.45430753,-2.1411595,-0.5296207,-0.9638968,1.0097492,-0.1719974,-1.1377629,-1.5263369,1.1734648,-0.4644814,1.0895481,-2.1002073,-0.95412076,1.1355767,-0.71104836,0.48295584,-0.5552022,1.0590007,-1.2316233,1.1458998,-1.2872233,-0.3771745,0.2390006,-0.78544396,0.9670545,-1.4724404,1.700138,1.2413723,1.8463962,1.3020719,1.5758027,-1.8916397,-0.94089097,-0.9159088
1.944463,0.43157944,0.41281423,0.8401153,0.04149155,-0.6817898,-0.92143285,-0.489469,-0.770257,1.1817799,-1.0403167,-0.01802901,0.26554796,-2.21876,-0.27478337,-1.0371606,-0.38300818,0.12809157,-0.31360036,1.2039112,0.54857105,0.5089698,-0.21354142,-1.6049522,-1.6248285,-0.21683104,-1.8553174,-0.33209443,0.39366233,-1.3320154,1.1614364,-0.40559056,1.062094,-1.6158866,0.39164135,-0.23745102,0.4766889,-0.1729937,0.37983346,1.2731966,1.0354916,-1.224044,-0.3975822,0.322571,-1.585904,-1.3790365,-1.4803038,-0.80242574,-0.79977936,-0.3645084
-0.7619721,-0.7283067,0.45649543,1.0141169,-0.55079687,-1.247614,0.23754638,0.7372814,-0.5723974,0.2598615,0.12557504,-2.7969475,1.0163451,-1.993231,-1.8385139,-0.13104537,0.4230187,1.0369328,-0.5330266,0.12626594,-0.9240084,0.5160929,1.4259106,1.852173,0.9504201,-1.7742189,1.3479567,1.8787533,-1.2921392,0.46807617,-1.2662567,1.3835545,-0.5053483,-0.4119671,-0.84110105,0.18617499,0.43074545,-1.55734,-2.0473797,-1.0280707,-1.2345748,-0.08688121,1.6420456,0.8724659,-0.12937167,0.42007446,0.4815062,-0.49055284,0.65869343,0.0043788757
-0.7005419,1.1211601,-0.6168761,3.7108316,-2.33139,-0.70530325,0.031984508,-1.1725291,0.45190373,-0.65258706,-0.14648396,-0.1950043,1.0489748,1.413827,0.3001566,1.6116714,-1.4764471,-0.81316733,0.5285862,0.40861237,-1.8693782,1.9030148,2.1203773,1.2805613,0.25628033,-0.4127232,2.0523365,1.2109808,-0.6008691,-0.79512537,1.8907001,-1.3433661,0.88983834,0.76641256,-0.24401361,-1.1125501,0.69964355,-0.26359865,0.04446935,-0.855421,-1.3569204,0.2679042,-0.87222344,0.73765504,0.28162912,-0.15219453,-0.02788835,-1.0937158,-1.2742676,0.5482382
-0.9840414,1.4825042,-0.14901134,-0.6859682,0.5490652,-0.20771788,-1.5828944,-0.8761733,-2.1505675,0.06927842,-0.7015399,0.5992831,0.47503912,0.79472667,0.8715629,1.5787002,0.009766866,-1.2982156,-0.75904894,1.0409877,-1.550667,-0.9723304,-0.17205995,0.90819293,0.26225305,-1.5089844,1.7323447,0.24005593,-0.8149058,-0.7222763,-1.1858833,1.2789755,2.481557,0.057298947,0.98665327,-0.47828972,-1.2117102,0.7884399,-1.155775,1.6869698,-0.61968505,-0.25878063,-1.577584,0.1592806,-0.1090755,-0.06396002,-0.5920861,1.0747894,1.2913003,0.15047775
0.5141686,0.31587863,1.9084992,-1.8763127,-0.15612784,0.92422646,-0.5632195,-1.3287956,-0.5872852,-0.119178474,1.1538348,0.31569454,0.79386437,1.8054363,0.20675442,0.4537323,-0.28807634,0.32596806,0.86882144,1.4302613,-2.6500149,0.036971543,1.6631371,-0.20317176,0.8567206,-1.4971454,-0.6382147,-0.038056247,1.3472534,0.13659528,-1.0243994,-1.7275534,-0.95442283,-1.6580261,-1.73693,2.5802526,-0.41764963,0.38042393,1.4308649,1.7950227,1.1061571,1.3627346,-2.4620693,-0.6191165,-0.11844055,-0.04884569,2.2827885,0.31674737,-0.4192039,-0.6452734
-0.27922097,0.5672921,0.4540163,0.56925464,1.1562374,0.24896277,0.14104925,0.095545046,-0.44087353,-1.1629807,0.68937814,-1.7367351,-1.0475422,0.65958965,-0.5972646,0.019939538,-0.118463464,0.3282716,-0.42503253,0.9497442,1.5193284,0.8564075,-0.7756723,1.6970137,1.2589079,-0.46263248,-1.5893136,-0.6660535,-1.1787832,1.56736,0.5857021,0.19382404,0.35597745,-0.3176752,-0.70970154,0.8748317,1.3764079,0.16298604,-0.0062926007,-0.48879543,1.2702621,-1.5097771,-1.1314855,0.86557215,0.90521336,1.1089838,0.019705888,0.003151464,-0.16062212,-1.4619488
-0.1078359,0.25890642,0.30101916,-0.73183286,-0.6952975,0.49706483,-1.6075356,1.5491185,0.45955572,1.2045882,-0.3632483,0.8496819,0.26054573,0.6692725,1.3114549,2.0383418,-0.4928009,-1.3041497,-0.9578039,-0.40070975,-0.4522017,-1.0982414,-0.72098756,-1.5553094,-0.66827613,0.87449515,1.345026,0.10847156,0.45553216,-0.84974307,0.4159343,0.4870337,-0.028765377,1.0632377,-0.7371718,0.63982815,0.67432487,-0.6428229,0.8342155,-0.20474395,0.35537416,-0.009112911,-0.009635021,0.6223836,-0.87236017,-0.81899023,-0.2446267,0.22083144,0.49648273,-0.8236355
-0.80866426,-0.46977806,0.34744036,0.9310269,-1.5847101,0.5242287,-0.29592493,1.4606801,-0.2714208,-1.7970896,0.69340837,-0.8691962,-2.2294545,-0.9817008,-0.3076849,-0.57801384,1.0372918,-0.5419817,-0.39146602,1.4278711,1.8193015,-0.70318204,-0.7253905,0.5108148,0.106475696,-0.38652456,-1.2440381,-0.2499865,1.1424446,0.20291983,0.6052973,0.55884963,-1.1751251,-0.6685303,-0.35551473,0.39752135,0.6348133,0.10058513,-1.002327,0.78082985,-0.47707042,0.9700084,-0.7917183,-0.68393236,-0.85895073,0.18133807,-1.6312995,-0.26351598,-0.87934065,0.116821095
0.51466954,-0.6046943,1.5860522,0.34408072,-0.18034941,0.03866646,0.026710173,-0.61874056,0.50722414,-0.79698414,1.748387,1.5343525,1.7141081,1.0639621,0.6103389,0.419796,-0.33906016,0.749357,0.92875403,0.6569188,0.8002241,0.03404959,-0.83408564,-0.37924445,-1.5083365,0.5773828,1.8047034,0.46428448,-1.9226389,-1.4753021,0.033401906,0.04998543,-0.44041586,-0.35365924,0.8273812,-0.063332066,0.4371781,-0.0913437,0.33240867,0.7897392,-0.16753176,0.8974009,-0.80207306,-0.87077063,-1.5970454,0.49053696,-0.47530237,-1.0208393,0.42904902,0.0918557
1.1861436,-0.6892345,-0.7105504,1.1762024,-0.48341224,-1.4216504,0.3129237,-0.46496662,0.6429694,1.1868318,-0.55253905,0.7210325,-0.3711713,0.5601623,0.7988244,0.67264843,0.30168366,0.40494215,0.041336674,0.48379213,0.023550827,-2.3978493,0.8673681,0.08362313,-1.0014818,-0.41214648,0.7428287,-0.6416611,-0.40185252,-1.7415106,0.56962615,0.49366707,-1.0316842,-1.5212947,0.27939352,-1.3275198,-1.9292029,-0.95616776,1.3093683,0.30478537,-0.82944036,0.031357445,-1.608372,-1.4423504,1.4607978,0.5226987,1.0249538,0.77395946,0.36043537,-0.18979359
0.28084946,-0.14724568,1.0887009,0.6658927,0.48653027,0.06166542,0.07238724,0.5233306,0.483919,-0.108700566,-0.467407,0.0644477,-0.6303872,0.5413345,0.44687733,0.99762154,-1.26366,1.0426297,-0.737653,1.1994874,-0.00035618665,-0.54327756,-0.23764125,0.054481324,-0.69034106,-1.3960023,0.36104912,0.5358667,1.1256276,0.0025939317,-0.86817306,0.8959398,-0.8737388,0.066633135,0.04452223,1.0469464,-0.7309339,0.597226,-0.34464607,-0.32533827,0.80231535,0.79668576,-0.344897,-0.61155564,0.3238816,0.2663806,-0.06915988,-0.25075686,-0.14649859,0.7732375
0.6508627,-0.44340578,0.82417446,0.015381907,-0.053148016,-0.22789869,1.0613483,0.4471189,0.39746392,0.00086519244,0.9521313,-0.3576672,-0.71582955,-1.4003218,-0.1400513,-1.3344594,-0.5143179,-0.27878812,0.37733918,-1.2857344,0.40920243,-0.7210171,0.3467481,0.94387907,-0.6375896,0.2245755,0.15496708,0.6131564,-2.0905159,1.0824171,-1.6226329,-1.0480157,-0.49664104,-1.4021453,-0.8285788,2.086899,-0.03692613,0.6157884,-0.70944524,-0.37310228,-0.94736165,-0.65370435,-0.06640185,-0.3772723,-0.7624941,2.6803956,-0.22965458,-0.65792894,0.73390126,1.3639625
0.97468436,-0.73023736,-0.07699117,0.10917544,-1.4421976,-0.712167,0.54547113,0.11668782,-1.2302115,0.12731534,-0.9593261,-0.8673312,1.155854,-0.30286348,-3.127933,-0.023111684,0.33081284,-0.99251306,0.55409366,0.5485551,1.1615556,1.043797,-2.1547167,-1.6833069,1.011059,-0.9596317,1.0003182,-1.0847408,-0.033579044,-1.0350113,-0.5491602,0.37243053,-1.2532878,-0.30065316,-1.0679375,0.1103279,0.9122604,0.2427669,0.9283599,-1.3089724,0.40164587,0.66763,0.017067714,0.9233855,0.83377945,0.63987833,0.65749186,0.004091037,0.5741945,0.38257053
0.8488331,-0.27382508,2.1410804,-0.76257247,0.26665646,-1.3592756,2.6957135,-1.5422087,-0.62953526,0.6769513,-0.23540083,0.61649615,2.0270853,0.6811289,-1.4348184,-0.8315688,-2.4346147,1.2586387,-0.47297052,-1.4800249,1.0043031,-1.572201,-0.19449548,1.6022152,-1.5510733,-1.8594091,-0.2465551,0.51593107,-0.67603964,-1.1172264,0.34180492,-2.195292,-1.447287,-0.21446647,0.8082363,1.2833354,-1.5197285,-0.55972093,0.29713976,1.5240651,-1.1253022,-0.58148,0.69745046,1.4478521,-1.0123873,1.3938401,-0.5640924,-0.57435673,0.07734522,-1.3999505
0.16610461,0.17722824,0.8526512,-0.17180379,-0.56295323,-0.98137856,2.471674,0.3657499,0.5959481,-0.8183304,2.0680356,-0.8564725,0.11803127,1.3491565,0.39583692,0.09257702,0.053089026,-1.7725403,-0.48237842,-0.35665527,0.48255765,-1.0631716,-1.1457384,-0.315971,1.0417455,1.1147512,0.1460111,-1.0702765,-0.4113546,-0.33485425,0.5820596,0.059010603,0.2128038,-0.7370485,-0.38149625,0.4041857,0.8309178,0.03329613,0.02647899,-0.8613373,-0.15892276,2.0395746,-1.9846914,-0.95173603,-1.6114725,-1.2966563,-1.3592135,-0.44422737,-0.38109642,-0.0153242415
1.2334877,-0.024932155,0.16786727,0.0018250799,-1.8016309,0.65621865,-0.3045641,-0.3535972,-0.090010054,1.1984891,-0.00444145,-1.3323306,0.5579099,0.07102038,-0.084978245,-0.34130168,-1.9774537,-1.070232,1.0644326,0.26701447,-0.03809941,0.87036026,-1.8000839,-0.66880524,1.2591387,-1.18831,-0.7800896,0.23102021,-0.043263037,-0.033711005,0.8225333,0.333147,-0.31338286,2.0662084,-0.3930081,-1.1775938,1.0834146,-1.6002383,0.7875622,1.5162615,1.4936466,-1.5147148,0.49431074,-1.3022643,0.1338954,-0.46056387,0.33927515,-1.0265486,-0.2322757,-0.5203252
0.19858776,-0.15652357,-0.68285626,0.8420987,1.7252684,0.8259138,2.1120536,-1.9244466,0.028094862,-0.20371512,0.7748936,-0.363511,0.53542554,-0.42733037,-0.04092021,-1.1732283,-1.2170078,0.09857673,-1.5932727,0.05310469,0.88036555,0.003123192,0.3220161,0.35810962,-1.621576,0.78603256,-0.044338718,0.1422318,1.5161867,0.52842826,-0.17795743,1.2165842,-1.8200787,-0.77202225,-0.9885001,-0.9027074,-0.25232384,-1.0627884,-0.12667261,0.90446055,-1.0289558,0.075729236,-0.40644836,-0.3071875,1.3603297,-1.139089,-0.0070017455,0.5593898,1.762752,-1.182387
-1.5285497,-1.1721207,0.030481946,0.001619785,1.0099704,0.98642004,-0.9087207,-0.5603255,-0.14279203,-0.4563494,-0.4734944,-0.46995673,1.2381756,0.16740046,0.42365122,0.885187,1.2440119,-0.4269846,-0.6258373,-1.4667981,0.95548004,0.90799,-0.7099458,0.8837774,-2.489465,0.10733533,1.7669542,1.3407365,0.676436,-0.66274977,-0.49430993,-1.2146971,1.114037,0.53356826,-0.18689625,-0.8254636,1.8012761,0.26212174,-0.45540637,0.76988906,1.0618907,-0.4226178,0.21038017,-0.2840277,1.2597759,-0.66757196,-0.86656797,-0.49306944,0.18537237,0.14984179
0.49220085,-0.34381533,-0.85708475,1.6846714,-1.5741628,0.08570733,-0.7766175,-0.007849848,-1.3938255,-0.7707856,1.8871062,1.4111384,0.808835,0.33519408,0.34455755,1.354075,1.4744598,-1.3886842,2.1242683,0.72387964,0.34299195,-0.015571426,-0.4364477,1.0089018,-0.5138081,-0.91507405,0.10549091,-0.26243308,1.5167345,1.0151284,1.7241583,-1.2254201,-0.421736,-0.23754105,1.4225366,0.9095788,1.6816381,-0.5542045,-0.64050347,-0.417655,-1.1934512,-1.66651,1.0072595,0.8615862,-0.8057954,0.6158653,-0.81661034,-0.040723365,0.59046257,0.10605759
-1.3250407,-1.8140599,0.8668554,1.7012739,-0.16809934,1.2913582,0.35407302,-0.9122564,0.34697706,-0.49738845,0.8932732,0.5652095,-0.28122061,-2.2314959,0.75735795,0.8517056,0.8303743,0.21223503,0.51784194,-1.1620252,0.42810014,-1.0536011,-0.40749332,-0.3188111,2.2904527,-0.7150095,0.4153362,0.64303446,0.052602053,0.9798478,0.91395295,-0.14779505,0.12574163,1.3276653,-0.005872182,-0.037313063,0.62949556,1.7152113,-0.87132275,-0.3098996,0.5108689,0.64718735,0.88350594,-0.36273643,-0.41820407,0.9201499,-0.062268123,1.2985927,0.7057869,-0.49939764
-2.6034393,-0.6535896,0.5975716,1.1389103,-1.4458297,-0.47327682,2.0938122,0.6708203,1.0744907,1.1911812,0.33542156,-0.6156371,-0.77944344,1.7802753,-0.052683488,-0.61916715,-1.0603528,-0.828374,1.0445956,0.12289252,-0.18834719,-0.28806078,0.10620736,0.048735995,-0.00487421,-0.27779275,-0.69415176,-0.109140165,1.2135746,0.84368384,0.011173059,0.96174765,2.1328282,-1.1000012,-0.28935176,1.2777046,-3.453397,0.47420943,0.36374098,0.59122515,-1.2801254,1.0842103,0.63077015,-0.30499414,0.06049816,0.16489084,-0.021942304,1.1752015,-0.73819196,1.5665306
1.9393468,-0.9040713,0.46698642,-0.2862139,0.89174294,-0.39544985,1.1980435,-1.3626387,0.15557256,1.4718786,1.5474452,-0.45924994,0.74801093,0.14058056,-0.9364776,-1.1018347,0.09259504,1.5277666,-0.67068833,0.8885978,0.46629646,-1.2758408,-2.195712,-0.6957309,-0.2138913,0.2852164,-0.017329719,-0.25830936,-0.7299292,0.35657898,0.55421686,-0.9389909,0.17256927,1.6955556,0.91962755,0.71721184,0.72362584,-1.4867749,-0.5493052,0.21100768,1.1177684,-0.011937978,1.2547728,1.0547316,-1.9625958,1.5037521,0.4378966,2.156824,-0.9297149,-0.09681709
1.2085758,1.2183247,-1.2239916,-0.372811,-0.18627553,-1.1205448,0.5447627,-0.20802248,-1.583928,-0.5066134,0.48776358,1.136531,-0.5081856,0.14565958,1.3359834,-0.49307683,-2.755404,-1.8718029,0.7365567,0.4360596,1.2967225,-0.104753554,0.6124044,0.89116246,-0.8603808,-0.11005604,0.5992198,1.8690376,0.9880488,0.06001489,1.3191594,-0.4103799,0.13967419,0.36354697,-0.73326516,-1.9087384,-0.12665683,0.6653593,-0.65105397,-0.8133838,1.1435916,-0.6321853,1.3449095,-0.6157054,-0.7728614,-0.83399963,-0.21356922,-0.3632223,1.138869,0.7799559
-1.1210406,1.8005539,-0.8563745,0.44537425,-0.67762095,0.41270956,0.6121749,-0.12764938,1.039001,0.68941814,-1.3664271,-1.2603317,-0.5887778,-0.7684179,0.17803472,0.5859379,2.2509239,0.11073498,0.21330737,0.4335022,-1.1541193,1.0616636,0.2058376,1.4744847,0.3364981,-0.33458102,0.11648416,0.63849044,1.322352,0.79993975,-0.415467,-0.77166265,0.38262185,-0.95858544,-1.0237291,0.10239971,-0.256691,-0.66359526,0.31738785,-1.3192649,-0.26563993,0.5675026,1.2146405,0.17310043,1.1613352,1.4134384,-1.5769202,-1.1389984,1.0110376,0.26853934
0.5147235,-1.4700178,-0.5536128,0.7482878,1.9131907,-0.4843941,0.8946795,-0.04063304,0.30140522,-0.8144918,0.58348674,0.5006397,-0.49689043,1.9016215,-0.5653244,1.0229459,0.71129364,0.9632191,-0.6156732,1.2335061,-0.5989835,-1.1356767,0.502239,0.20348418,-0.22290383,0.36653388,0.25976297,1.9764919,0.6716778,-1.4905133,1.7045953,-1.1445545,0.84414524,0.5902333,0.5257355,1.4950496,-0.0057925456,0.19813973,-0.50861704,-0.1625788,1.0787835,0.369761,0.09967901,-1.8023982,0.95275414,-0.07202814,-0.3745981,-0.77659714,-1.0990114,0.9220455
-1.6025451,0.47917518,0.0455266,0.55917466,0.33894238,-2.0465746,0.27929705,-0.72032595,0.3404721,-0.07277517,-1.1112629,-0.40593994,1.7543135,-1.0925114,-0.6917061,-1.2662908,1.4954437,0.062540896,-0.19441023,-2.3107545,0.3889351,0.95081276,0.78517246,-0.85916495,-1.1431636,0.86169213,-0.85729927,-2.8380601,0.18693046,1.033966,-0.27398637,0.44261312,0.58581716,0.1577258,0.2125599,-1.7952837,1.0926833,-0.58113945,-0.30923045,-0.31066677,-1.1912764,-0.49044496,-1.5113163,-0.33473283,0.0024688903,1.0754324,0.5970124,-0.5953199,-0.29791763,-1.4187521
0.46805748,-1.5593919,1.1910006,0.29403707,0.8348559,-0.9340145,-0.24130058,0.08367522,-1.4181815,-2.1575317,-1.4311898,1.090855,-1.4528824,-1.732178,1.3184208,-0.119434066,0.31155455,0.24904738,0.55047226,-0.5916899,-1.0836024,0.108952746,-1.507693,0.98791206,-0.034488782,1.7738309,0.44101757,-1.3514919,-1.5675164,-1.9776534,0.4105165,1.7654263,0.09489784,0.98126125,-1.07464,-1.3258846,2.3624067,-1.1107048,1.1549786,1.4994367,-1.085787,-0.1028083,-0.32776475,0.7220282,0.70186543,-1.6817138,0.9674004,-0.0250593,1.891219,0.50378114
0.86231184,0.9148008,-0.4853617,0.06522042,0.30240187,1.4014598,1.2970196,0.46096107,-1.1873559,-0.040771283,-0.042738505,1.1668522,0.40539107,-0.32212543,-0.54082805,1.6708298,0.10461204,0.4962664,-1.8586656,-0.12144732,0.049973127,1.7109375,-1.9505472,0.01646304,-0.11526274,-0.4592993,0.47587514,0.13052848,-0.43551672,0.14209099,-1.0457064,0.73995996,0.40014446,-0.19792017,-1.6264828,-0.5642174,0.18088901,-0.6462386,1.1990098,-0.99295676,-1.4621325,1.0085481,-1.4547286,1.3169142,-0.298097,0.7375287,-1.1014075,-1.1704415,-0.75094634,-0.92132044
-0.8566497,-0.10052022,-1.2774577,-0.32764637,0.5303995,-1.6794696,-1.7037796,-0.3315243,-1.7821985,0.6253535,-0.1660336,-1.165811,0.3690192,-1.0716019,-1.9264241,-0.04147156,2.1146452,-0.85239613,-0.33622065,0.62307453,0.3680014,-0.81884545,-0.008104193,-0.67317396,-0.029806443,-1.0655628,1.4307108,0.8025752,-0.97698945,1.4317895,-0.2713057,0.167283,0.74851966,-0.22746806,1.583968,1.8292259,0.5146178,-0.78130877,-1.2598213,-0.044688914,-0.4507514,-1.8554299,-1.5770508,-0.72013766,0.4410578,-1.0540949,-1.9263164,-0.027150353,0.085297726,-0.1453642
-0.28842193,0.8665663,1.0967839,-0.6976253,-0.3677758,-0.104979515,0.07179366,-0.24800284,0.024812646,0.09954399,0.13022384,1.0412706,-0.62945557,0.4176028,0.043988705,-0.5803585,0.704375,0.7679288,-0.43510258,0.11687114,0.24781142,-0.51042277,-0.06426776,0.0052765626,0.15462616,0.0670495,0.21859527,0.8524454,-2.10647,0.36943704,-1.0985446,-0.5513366,-1.7021713,0.6991185,-0.3331385,-0.14670257,1.2132075,-1.274701,-1.551374,-1.1109933,1.6902709,-1.7268105,-0.9049966,0.0046171825,0.9368529,-0.67942613,0.13546842,-1.3126062,1.4774569,-1.6190218
-0.70043564,0.08406479,1.924232,-0.8626204,0.92120093,-0.25334114,-0.61971664,-0.17068826,-0.32884973,1.367095,-1.1821959,0.5493132,-0.13225818,-1.3011792,0.698505,-0.7174966,-0.35824347,0.30509797,-0.32982308,0.3272157,-1.9414425,-0.49318078,-0.38035184,0.48703948,-0.17343852,-1.7816662,0.8152753,-1.6600622,1.2174953,-0.20406061,0.22682159,-0.23672204,0.7702872,-1.091794,-0.5514025,0.36453086,1.7224853,0.2346464,-1.725696,1.1191459,0.9684774,1.4231715,1.3067927,1.6149021,-0.59658855,1.2686975,0.46066633,0.52602303,1.4665467,1.9467589
-2.2880073,-1.0695313,1.2617761,-0.06454471,1.1644702,-0.54109657,-1.8034343,-1.0864068,0.10760741,-1.5782026,-0.30293882,0.8821454,0.24969715,1.0181217,-0.65997386,1.2765478,-0.3478286,0.8870153,2.494977,-0.17523035,-0.16396508,0.049341917,0.43135387,-0.21411662,0.7738394,-1.1356114,-1.3273787,-0.5322817,0.42762306,0.434148,0.5791652,0.674868,1.022575,0.7923141,-0.3097061,-1.1216755,-0.9778987,0.9029997,-0.5633944,-0.64380294,1.589605,-0.6535907,0.68927884,0.67317986,-1.1014304,-1.7772342,0.38389322,-1.4196992,-0.9234765,1.9934986
-0.7240987,-0.039243788,-0.24242197,0.5430257,-0.538832,1.8173481,-1.0771426,-0.4508389,0.43759298,-0.22470924,1.351153,0.037779015,-0.8359112,0.9053418,-0.39363146,-0.5436132,-0.5085951,1.2694703,0.38729241,-0.81575155,0.4237548,-0.027198052,-1.0086616,-1.9105514,1.0363457,-0.09768424,0.56158704,0.69395864,-0.17972702,-0.88367707,-0.044847082,-0.16103421,-0.16924074,1.0831461,-0.11978367,-1.1419466,1.0741475,0.024948714,0.8339273,0.6717539,-0.18520147,-0.8562919,1.7684796,1.5246121,1.4597588,-0.51756686,-0.85977113,-1.3907655,0.98234123,-0.20106289
1.8291194,0.40425444,-1.4649541,0.92098165,-1.7302791,1.3176457,1.3885546,2.0386314,0.51268035,-0.14228827,0.7483823,-0.0019443255,1.1121272,-0.5175883,2.1553428,-0.7751711,-0.005623105,1.1352162,0.53416556,-1.2201543,2.010956,-0.9747258,-0.6610903,-1.4352915,0.10212552,-0.15169558,-0.70511264,1.0937606,-1.0650061,-1.7240323,-1.7129302,-1.008899,0.15330757,0.3241519,0.8800805,-0.43713593,-0.52781725,1.473236,0.105344236,0.6430694,0.5535593,0.21885566,1.086793,0.92792976,0.8214012,-0.44234177,0.29580766,-0.48242447,-0.112701535,0.49298435
0.3421502,1.2909278,-1.411172,-0.16207787,-0.6759612,1.1793939,-0.20766863,1.8276739,-1.9792584,0.10400445,-1.401307,-0.85573584,-0.11544122,2.6200197,2.0573094,1.8926105,-1.0513073,1.6197377,-0.19476292,-0.37215367,0.91761446,1.0759935,0.6334419,-0.8849845,-0.750569,-0.018062735,0.09837941,1.3833098,-0.8479232,0.404509,-0.8494338,-0.3208966,0.557291,0.084979676,-0.049069673,1.5136658,-0.92636913,-1.9621514,0.24255344,-1.1149017,1.3051652,-1.5995548,-1.8225048,1.3763889,-0.33769807,-1.7951773,-0.2688484,-0.29835215,0.49155238,-1.3400453
0.6055742,0.847161,-0.46292824,0.57570523,0.8509159,0.08916483,-1.2162929,1.0636656,0.37241733,-0.8476673,1.0704257,-0.098125026,0.14678776,0.5738899,0.05296384,-1.0275377,-1.5002201,-0.937523,-0.17816119,-0.66170454,0.90370154,-0.40986684,-0.13248076,0.13517596,-0.35132733,2.829332,1.9431783,-1.2984447,1.5231286,-1.0709505,-0.7460919,-1.0010768,-0.921672,1.4333205,-0.14698815,-0.16019382,-0.25160718,0.3225263,-0.84046996,-0.52535284,-0.8981696,-1.2596315,-1.4179159,-2.1667645,-0.817466,0.43163168,0.10005654,-0.8648292,0.08548978,0.63849694
0.69222766,-1.4452285,-0.7834825,1.7877722,-0.3377447,1.3537374,-0.00457996,-0.1868236,-1.289761,-0.9064606,-0.46121553,1.1962147,0.7677777,-0.9731402,-1.5110786,1.2004752,0.112917766,-0.7460159,0.9907224,-0.2789825,-0.91045696,2.029999,0.23974155,-0.35190797,0.14475182,0.34152094,-0.5786479,-0.5637628,-1.9130358,0.7690352,-0.8473536,0.042057738,-0.209882,-0.9024654,-0.49221674,-1.6963862,1.1731316,0.45957208,0.52579993,-0.56870276,0.07953759,1.5390335,-0.34484673,-1.1147845,0.49469814,-2.4617026,-1.9508816,0.25588152,1.2536935,1.8168608
0.0660089,0.9131516,-1.569539,-0.4997246,-0.21472868,-0.755275,-1.465473,-0.19896974,2.332658,-0.8587342,-0.877865,-1.7841156,1.094263,0.346912,0.40027732,1.2714645,-1.2135566,-1.1822956,-2.9092073,-0.31326717,0.6704568,-0.77481645,0.8921757,0.27672455,-0.18326345,1.0638945,1.213731,1.0074135,-0.07220452,-0.09686005,0.018774454,-0.48439035,-0.20370434,0.53225946,-0.30348843,-0.039174005,-1.5348293,-1.2760434,-0.23250298,-0.53211975,-1.1797794,0.13670707,-0.7259759,-0.16124882,0.6244034,-1.4618669,-0.56808823,1.3526666,0.18120483,0.92008203
-0.5135309,-2.2468936,0.6102227,-1.0340426,-0.5468511,-0.74566764,0.7871542,0.531173,-0.6688,-0.33949825,1.4841875,-1.2580403,-0.081428386,1.3003616,-0.7856821,1.0166752,0.050596558,0.86754805,-0.048950285,0.40038997,-0.03574812,-0.8121902,-1.6732407,-0.2457107,-0.3755745,-0.38959727,2.3926818,-0.3946253,-0.114518754,-2.3899953,-0.87413746,-1.4533395,-1.0681518,-1.1065989,-0.108304545,0.86089176,0.32206562,-0.69614637,1.2120719,-1.1604898,1.4356543,0.38577953,0.2932805,-0.07492324,-0.6510457,-0.16625789,0.7805168,0.99945205,0.9246828,0.39969072
-1.9046603,0.17260814,0.7522079,-0.22525458,-1.0594627,0.11943484,-0.3838824,-1.0832827,-2.102476,0.56149626,-0.6712731,1.0061065,-0.09623421,1.3339546,1.8507279,-1.9254584,0.60178834,0.2815113,-0.8160986,-0.93245494,0.12158269,0.31208828,0.89347005,1.7865908,-1.1555635,-1.1163325,-0.34491366,-0.8001457,0.28739697,0.12315559,-1.2140254,-1.6846243,2.124785,-0.63518214,0.19954085,2.125437,0.12902455,-0.282248,-0.38879508,0.9894505,0.9161533,-0.31345105,-1.1587062,0.031249452,-0.46928605,0.1514398,1.1644089,0.111487426,1.0598584,1.0602069
-0.8918805,0.30086124,-0.15619662,0.8600289,-0.053979408,-1.0505139,0.7752175,-1.0308555,-1.631253,-1.8155026,0.06717109,-0.028236628,-0.27908117,-0.87211406,0.18002237,-1.0125264,1.0092705,-1.110423,0.5764109,0.1385886,-0.7425146,0.37614143,0.74048334,0.37272546,-0.57230526,0.030836975,0.9196206,-0.37578267,-0.9832344,-0.40520385,-1.0886297,-1.6492219,0.26072094,0.044836465,0.5498515,-0.43529695,0.30258882,0.52834064,-0.89927393,1.672924,-0.34963095,-0.34027705,0.035107125,-0.990477,-0.19691287,-0.67460537,-1.7713455,0.71836245,-0.660114,-0.21184781
0.2979292,-2.2369273,-0.91888505,-0.979115,0.6440948,0.9199702,0.88379866,0.48446825,-0.17853859,-1.493812,1.7523918,0.20136447,-0.38258654,0.42558822,0.21655485,0.8685056,-0.45548084,-0.403705,0.8603429,0.2203936,0.854819,1.8305769,-0.9608224,0.92402536,-0.57447493,-0.9804912,0.27809232,0.19644977,-1.9221921,0.35089365,0.18118422,1.026631,-1.4092634,1.7387098,1.0267932,-1.1788969,0.16532795,-0.74629927,-0.89604616,0.68358344,-0.88005036,1.1700001,0.023925032,-0.8429262,-2.1583788,-1.0247477,1.3624884,1.8026546,0.015427512,1.1502911
0.110833235,-2.2176123,0.6489143,-0.65033495,1.9245331,-1.6101929,0.5459214,0.15555455,-0.053914297,0.7666891,1.5139868,-0.027686696,-1.3545879,-2.3222017,2.1120832,-2.5075545,1.1420887,-0.15077929,-0.6657421,-1.4608483,-1.3115357,-0.94352955,-0.16312274,0.08552415,-0.03324732,0.43425304,0.1668598,1.0071279,1.587516,-0.3385388,-1.2291989,-0.20384787,1.5329647,-0.19592327,0.5282693,1.6653607,0.9501409,-1.2169483,-0.1007774,0.98401606,-1.4645095,-0.15099862,-0.7433527,1.5611875,-0.45033407,-0.4572909,0.57466894,0.055929385,1.144352,0.92178416
0.9646444,-1.2458844,-0.6318806,1.0860834,-0.42515457,-1.157777,-0.92121685,1.0952973,-1.942765,-1.0718038,1.0805075,1.5484545,-0.99517566,1.2188967,-2.3641691,0.96982634,-0.96545,-0.24477258,0.06874705,0.22705811,-0.9433976,0.267466,-0.29692847,-0.047756977,-0.8171116,0.025917975,-0.9372795,0.5890985,-0.8064089,-0.49018013,2.1055691,-1.2629465,0.041425955,0.78715706,-1.4044565,-1.6509632,-0.4400122,1.2018541,-1.3416421,-0.17588295,-1.089252,-0.43084925,-0.3676236,-1.0274043,-0.5193807,-1.5108813,-0.67673254,-0.8574912,-0.37201002,-0.93315756
0.35001302,-1.3673608,-0.2903124,0.62279344,0.79003775,0.8429199,1.7355824,0.21821734,0.34616223,0.72036946,0.17520282,-0.5659037,-1.8486047,-0.90251577,0.327119,-0.021438561,0.4874448,0.14973506,-1.389534,1.5933461,-0.4808319,0.7485371,-0.5737354,-0.8199819,0.4500815,0.78045815,-1.4216589,1.1586968,0.0037321546,0.03900893,1.0962996,-0.0625435,-1.4089423,0.39673737,-0.8217738,-0.38638353,2.3669758,-0.5197581,-1.9422394,1.4289224,0.9348814,1.2360125,-0.8092854,0.7864926,0.7362958,1.448067,0.04566102,0.61562985,-0.5014075,0.09827987
-0.58319896,1.2062064,1.0735992,0.030215936,-2.8141608,0.5508722,0.062368587,-1.0066321,0.65464085,0.05974894,-0.05310331,-0.5951717,-2.1439664,0.6480454,2.9374475,0.7212018,-0.0033788518,-0.7752529,0.08378325,-0.12051486,-0.6018166,-0.8309182,1.3533291,1.1738356,0.8496182,1.1154333,0.51510435,0.10597755,-1.1584723,0.10833908,-0.86523324,0.037059024,0.6540544,-0.81530976,-1.8412882,-0.8540092,-0.72707635,0.12770915,0.7715734,-1.6049303,-0.025646806,0.6571582,1.4185454,0.73053294,-0.47921285,-0.31623274,1.015042,-0.49820837,-1.923176,1.3504971
-0.6849965,-1.0108178,1.0870553,-1.9853303,1.3260069,0.17712782,-0.32705006,0.11151988,-1.8634094,-0.098471075,-0.47718033,0.68861455,0.5065762,-1.8210006,-0.5281141,-1.5378337,-0.84328026,0.7148901,-1.3281977,-0.53426355,-1.1846633,-1.3786728,-0.63871795,-1.8789341,0.6829602,-1.7311647,0.5076932,0.39903787,0.1002868,2.6244235,2.5589705,-0.09555871,-1.9476519,1.2487302,-1.8712182,-0.303025,0.20328197,-1.5297844,0.5185748,0.63725215,-0.7526443,-1.6741874,-0.14884096,0.2126709,0.14435787,-0.4763412,-0.5891308,-0.030697063,0.7269941,-1.1028806
0.5134423,-1.1552904,-0.18503793,0.6396001,1.0592272,-0.34935078,-1.1227951,-0.29374796,-0.1542509,1.1058632,0.0047777346,-1.0423744,0.53801167,-0.65126145,-0.40104297,-0.5365474,0.8430525,0.26323724,0.031016113,1.1322753,-0.76761204,1.6931732,-0.7464772,-0.6889846,-0.40439808,-0.8858687,0.10806879,0.8191403,-0.998446,1.132322,0.68054867,-1.4750693,0.70830584,-0.6966638,-0.25810757,-1.5151196,-0.058690663,0.07263311,0.9247065,0.7145586,0.5772135,-0.44899255,0.7016093,-0.3776324,-0.8632854,0.52760696,-1.6766794,-1.2297341,1.7096549,-0.16431272
-2.2533877,-0.7915867,0.106126435,0.124557376,-0.1498597,0.9870572,0.083914086,-0.5690214,-0.03577837,-0.4485774,0.4118034,1.8502734,1.7230529,-0.2991414,1.4284382,0.86105585,-1.1870468,0.75801414,0.9096039,0.17976476,-1.1325696,0.24039511,1.476374,-1.5880483,0.015857538,0.22689384,-0.35248154,0.08894168,0.50544137,0.5924419,-1.2812873,0.8317019,-1.513671,-1.405017,-0.93143606,1.762094,0.7823901,-1.7054431,0.80114436,-0.45379734,0.2844485,0.5366522,1.9224583,-0.9479282,-1.1144547,-0.79649436,-0.25858018,-0.41835794,0.19846551,2.4223335
-1.7249886,2.5405705,0.7020384,0.52726024,0.42407358,-0.53363854,-0.6124859,0.4016246,-0.48853445,1.128864,1.3413109,0.5696772,0.5378785,-2.106225,0.5978277,-0.77393615,0.53434795,-0.80598795,1.2220792,-1.1187342,0.5126817,0.62022644,-0.54785746,0.72244674,-1.7437216,-0.25717664,0.34161738,-0.25319174,0.5177775,2.0941627,0.42257717,0.6190908,1.2922224,1.1922401,0.4624836,-0.5016491,0.113510564,-0.27373043,1.2989901,0.765564,2.3216994,-1.0668226,0.4087266,0.08645868,0.43513787,-2.376987,0.30925283,0.06953181,0.8308049,-0.14035621
-0.72831124,-0.0008879607,-0.46160954,1.4493742,-0.52715594,0.8803487,1.4615278,-0.7079044,-0.696827,1.4901805,1.4577487,-0.31278923,1.0127184,0.030075071,0.025504833,0.98647755,-2.398902,0.06641099,2.1195102,-0.019918805,-0.9245317,-2.106605,0.017499575,0.46889228,0.24510653,-0.25880384,-0.71268487,-0.77052295,0.050728638,0.77662766,-0.23267043,0.43542367,-0.8042998,0.49835673,2.243149,-0.50941944,-0.7518366,0.38567975,-0.2862672,-1.6241581,-1.1810199,-1.1089998,-0.08746502,0.47858226,1.7408222,-0.70319307,-1.9015064,0.55336905,-0.46875784,0.10920671
0.6732914,0.19506983,-0.36448935,-1.0948923,-1.0301918,-0.46102715,0.27133593,1.813854,-0.44923604,0.64035624,1.0911328,0.24683173,1.4861553,0.7361697,0.5103822,-1.5628376,-1.1086066,-0.030439397,1.3299913,-1.0920045,-1.888449,1.073051,0.500553,-0.041381866,-0.58811074,-1.2312629,0.20865504,-0.7079003,1.2384628,-2.3831155,-0.08168858,0.71612144,-0.009044156,1.1228726,0.49163488,0.22071378,-1.6138844,-0.1799318,0.3745718,-1.1031795,-0.27067614,-0.59149927,1.6105081,-0.34727502,-0.44401672,-0.61330676,1.5487934,0.46392035,0.6021787,0.8418111
1.1162156,-0.0940361,-0.84638083,-0.010102572,-0.26543134,-1.0521352,-1.2489996,-0.89790916,-0.30743837,-0.39699933,1.1940261,-0.46707964,-1.0458571,0.07915769,-2.1127222,0.37957302,0.39403224,-0.5766852,-0.094103,0.15354875,-1.5047826,0.23948367,-0.91170967,0.057063073,-1.3618106,0.18050086,-0.20377378,-0.8866864,0.9685326,-1.0406691,1.0483687,0.9525855,0.54559106,-0.27676603,-0.31093088,-0.22695377,0.33461207,-0.31055593,0.6291171,0.7721741,-0.05001419,1.03749,0.2805371,-0.5154337,1.0965677,0.83648175,-0.25994402,0.8876756,1.4622004,-0.48996025
0.058834564,0.08330714,0.14418864,-1.158866,0.6596277,-0.46273243,0.88661194,-0.7597519,1.1364691,-0.7413517,1.1166124,-0.6647997,-0.09527393,0.7982532,-1.6588166,-0.7982662,1.4426645,-1.8060911,-0.6054845,0.9942137,-0.70050097,-0.470165,1.0629964,0.41346356,0.43847254,0.13993217,-1.6776847,-1.2348716,-0.49814343,-0.9473936,2.089552,0.94138014,1.9486344,-0.028410837,-0.32425144,-1.7432883,1.3534328,-1.5617127,-0.021619761,0.89930063,0.04160178,0.38640136,0.19109505,-0.79903555,0.8738025,-0.37754118,-0.29230595,-0.56636596,-0.029207794,-0.3840396
0.2358316,-1.382367,-1.357995,-0.8623795,-0.09567242,-1.2993739,0.268061,-1.0358685,0.8095264,-1.2755725,0.7675851,-0.8274241,-0.83306587,0.8359793,-0.4089584,-0.12620825,0.6160954,0.4558221,-0.11365871,-0.8203692,1.1629002,-0.733983,0.76039106,-1.0957915,-0.5533404,-0.954496,0.7548875,-1.4126071,0.0139926495,0.70912737,-1.7136775,0.6855338,1.5241759,0.6299472,-0.45531267,-1.5398666,0.63111246,1.4640315,-0.935217,0.25864348,-1.3409445,0.1238604,-0.40071383,1.4990349,-1.5929147,-1.2803954,-1.2683502,0.82157665,0.19436812,0.22715454
1.1878439,0.45597315,-1.1198289,0.8296179,0.9623285,-0.1860817,0.8699228,-0.003771421,0.021698682,-0.82024115,-0.08474892,-2.7203383,1.8266283,-0.3300503,-0.856363,-0.85053265,0.558534,0.9093843,1.2026489,-0.8373717,1.2334397,-0.25157306,-0.09458901,-0.90153927,0.84521806,0.5859608,1.0736098,-1.4745764,-0.7869566,-1.161753,-1.041596,-0.7603923,0.3953194,-0.45027772,0.49381125,-0.30040547,0.2038755,0.14017788,-0.2781799,-0.50563824,0.8960398,1.7589942,0.42897746,-1.393745,0.031711575,0.61407304,-0.39103916,-0.95955235,0.71424884,0.61846125
-0.40462238,-0.39168668,0.88957995,0.5452886,0.32009676,1.282844,0.5183302,0.80336696,-0.7784406,-0.49161133,-2.2793925,1.9408792,-0.8989686,0.6574287,2.0554664,-0.01851568,0.5324901,-0.7487458,-0.13423637,0.824387,-1.8031049,-1.3970524,-0.13817202,0.13988474,-0.9180464,-0.026253294,-0.4710672,-1.1814708,0.6659155,1.3284081,-0.21205853,0.0025108203,-1.1805214,-0.14506896,2.3075092,0.7158803,0.84280384,0.7414115,-0.5610807,-0.7977223,-0.011063092,-0.7679194,-0.29810292,-0.66172636,-1.0288129,0.31172252,1.4597967,0.46599326,-1.0276533,-0.4575615
-0.8299511,-0.82701087,0.37781045,-1.1339853,1.0817255,0.6954038,0.8452987,0.59634125,-0.4703472,-1.5452152,-0.774013,-0.9677914,0.0008254514,-0.9734096,-1.2157029,-0.41906384,0.7422213,-0.24541964,0.54875267,0.18233731,-0.7508954,1.6190846,-0.7881341,-0.4899249,0.42042267,-1.2630906,-0.27190787,-0.4892806,1.1797272,-1.2299867,-0.15260251,0.4449806,1.2615426,-3.4410615,-0.061515365,-0.55821615,0.5678109,0.80271345,0.74590605,-0.5771065,0.23521812,-0.49251667,1.1166881,0.075377606,-0.8650494,0.33239293,0.0367773,-0.4959825,-0.31670302,0.013364907
0.6637687,0.9247148,0.80189,0.588831,0.20474398,-0.69659305,0.70759135,-1.1927502,-1.0853041,-1.0311154,-0.6880473,0.2677546,1.1536855,0.16115853,-0.07868641,0.55619067,-1.634844,0.90233815,0.41062403,1.3122249,-0.5255952,-0.43895504,-1.5963854,-0.5719613,-0.73421323,0.59758013,-2.1481276,2.6604726,-0.05396994,-0.6537344,-0.15162107,2.262116,-0.35313827,1.6679327,0.02447707,-0.39316228,1.7940327,-0.5044078,-0.69577956,-1.9575456,-0.5330855,2.0518293,-0.0944282,0.35058033,0.8341842,0.8412953,-0.7746787,0.5966157,1.1934226,0.40525395
0.3727292,0.36909005,-1.2104788,-0.046672087,0.38817203,0.28993306,-0.94169587,0.18999502,1.5039842,-1.1760836,-0.4378128,0.44158724,0.3841872,0.041070495,-1.5448898,0.481834,-0.05110392,1.2509123,1.0728799,1.1146063,0.40783167,0.453835,1.134857,0.14092033,-0.79745674,-0.69301397,-0.9924686,-1.0519204,0.05945156,1.2663918,0.6820697,-0.5360374,-1.9833856,-0.09719981,0.50472677,0.7972413,0.70191616,-0.33338556,1.5595989,-1.0052658,-0.17845237,0.93695897,-0.28438193,-0.29741064,-1.2472557,0.52145267,0.072481245,-0.45949224,0.5686201,0.9899139
1.2048548,-0.1561767,0.2573658,-1.0524433,1.6570048,0.8669139,0.86864704,-1.0189937,-0.37209487,-0.83168644,0.20522413,-1.4460366,0.40610397,0.1778721,1.8163399,-0.07895496,-0.38268477,2.430784,-0.372887,0.9881089,-0.7282573,0.35862675,-0.04241757,0.52273965,0.70264304,0.10827972,-1.2461581,-0.89992076,1.6781902,0.08618245,-0.61762244,-0.84562767,1.2780912,-0.93204695,-0.8558732,0.4962564,-0.8333555,-0.18564457,0.27283362,0.50713485,-0.97113204,-1.5924245,-0.52817035,0.78724575,-0.199882,0.5706285,0.3991778,3.502165,-0.2593382,2.301647
-0.67138916,0.20245412,1.0269114,0.09521903,0.20864417,-0.024747929,0.13796005,0.41258588,-1.2613766,0.21703187,2.6686249,-0.65651006,-0.5146703,-0.020634195,-0.9308746,0.6138868,-0.078340165,-0.8656628,-0.5441687,-0.6209193,-0.7947227,-0.6403216,-0.43922368,-1.0280937,-1.9614053,-0.31899074,-0.8177151,-0.19200593,-1.3502157,-0.01852992,-0.69083536,1.7984939,-0.7036391,0.49881652,1.0430007,1.0868167,0.2975375,0.830355,-0.6727927,-0.6672377,0.03509729,-0.039461404,0.97550476,0.16063654,-1.0387127,-1.420519,0.91859114,-0.4314339,0.5889159,0.79415745
1.5246537,0.39947382,0.6027327,0.56436765,-0.597086,0.60906744,-0.008456602,-1.329078,0.047434274,-0.055476133,-0.09856933,0.5517018,-0.64475036,-0.6650726,0.35723028,-1.0131922,-0.9776744,-0.4836141,1.9273814,-0.6367601,0.21625397,0.3054243,0.05483884,-1.4089758,0.07214699,0.89252853,1.2870728,-1.3824518,0.052749567,0.5997675,1.4328393,0.566119,2.1884522,2.1804626,-1.6619593,0.3178156,2.1051712,-1.815448,-0.1364177,0.2756645,0.19337483,-0.18165927,0.8141298,0.38597888,0.57720196,-0.53771603,0.40874016,-0.3905829,3.6425982,1.5570168
0.40053225,-0.09470553,-0.3133306,-0.275845,-0.5976268,0.6033372,-0.8837777,0.79770875,-0.9961456,-1.7955796,-0.31393564,-0.40504903,-0.27438122,-0.95846665,2.3790987,-0.5446929,-0.29806444,-1.4706286,0.7013118,-0.041559357,0.7206134,-0.25486282,-0.19438557,0.9756851,1.4371008,0.8782951,0.78471893,-0.7090446,-0.67748904,-1.2843933,-0.74706155,1.2123659,-0.14556074,0.53235745,0.6250248,0.85224897,0.99676853,-0.41053292,-0.49488235,0.9011901,0.16620661,0.50706977,-0.4645973,1.6227397,0.20252524,-0.708352,-1.6522263,-0.40739658,-0.92264247,1.141571
0.88893956,-0.06410273,-0.8023857,0.9449964,0.12105881,-1.7151614,-1.9361794,0.61363256,0.013405931,-0.7846812,0.23024638,1.7636398,0.00083150354,-0.874765,-0.11033552,-0.8871479,-0.6027632,-1.2418803,0.0031587784,-0.1618712,1.6624516,1.7823381,-0.22446075,0.084444165,0.05631021,0.81491417,1.1737258,1.2362037,-0.31473315,-0.73288393,0.3719928,-0.28940675,0.40547997,-1.773734,-0.6925422,0.04141802,0.07770785,-0.06236346,-1.5561118,0.8186602,1.777379,-1.6408813,-0.48936614,-0.28159297,1.9777644,-0.3220766,0.19661917,-0.32974797,0.97024447,1.042475
-0.890938,0.67544335,-0.17919627,0.09680759,1.8250641,-0.7188403,-0.6778125,1.9634355,0.20819773,-0.47959375,-0.635363,0.44547182,0.415424,0.853384,1.7306234,-1.2171713,1.0226002,-0.20689039,-0.5178312,0.15901877,0.67018217,-1.7541803,-1.052868,1.2869434,-0.67037034,0.09320523,0.17367607,1.3932332,-0.23494464,0.83335507,1.7256827,-2.3104136,0.17945237,1.2931483,0.22701827,-0.68758523,-2.1909225,0.80542225,-1.8974607,-0.9449738,1.5338315,-0.29428738,-0.1166472,-0.0723285,-0.3323181,0.09573537,0.035066273,1.4912716,-0.39212918,-1.3932832
-0.78462887,-0.43408045,-2.7094655,1.8937017,-1.4573691,1.5971131,-0.4334026,1.2222651,1.1040885,-0.6172966,-1.2509943,1.3453879,-1.0510155,0.607173,-2.3364916,1.0014644,-1.2338632,-2.499726,1.0883064,-0.49057913,-0.07391287,-0.492973,-0.10707365,-1.998507,1.0169836,1.4992356,-1.0018107,1.1138933,1.021898,1.0780443,0.17769751,1.316513,-1.2158642,1.0952324,0.034383543,-0.8150793,0.8205329,-1.2324014,0.48583865,2.6293857,0.88514835,-2.179453,0.75175446,-0.69758874,0.49006647,0.238837,-2.4835937,-1.3958937,-0.0047504622,-1.1117424
1.081907,-0.32388967,0.21761376,-0.2575618,-0.042445626,-0.10996164,-1.0545098,-0.5584353,-0.20027065,-0.022499098,-0.25401554,-0.7438747,-0.35179454,0.95064926,-0.1437061,0.97341806,2.4662488,0.19077832,0.6678813,2.971465,-0.72183454,-0.43555397,1.268816,0.58725154,-1.0547649,2.0479412,0.46668687,-0.64990497,-0.7373168,1.5831552,2.3395274,1.5925919,-2.5289874,0.13886704,-0.61999387,0.73262244,1.3238902,-0.803836,1.3659419,-1.0898565,-0.20566864,1.2948986,-0.11336767,-0.5746829,1.508342,1.1564273,-1.463792,-1.1363425,0.72679836,0.24132596
0.019561565,-0.2905856,-1.0420948,-1.4203125,-1.6378117,-0.46838465,-0.2000295,0.25135392,-0.34345013,-0.55366343,2.047698,-0.8541967,0.3293447,-2.0236986,1.1238747,0.8473163,1.2487563,0.7219148,1.5501833,-0.41407958,-0.8550716,-0.0099830255,-0.66960555,0.7217162,0.49707747,1.4652025,0.15867092,-0.20879556,2.6575618,-0.6194959,-0.6451508,-0.37578678,-1.0135247,1.2335424,0.81493723,1.6383111,-1.2545267,-0.46345,-0.7618413,0.07462483,-0.41651008,2.181925,0.043258216,-0.23973948,-0.8434999,0.098602355,-0.466646,-0.897348,0.47927225,0.8867655
-0.4016882,-0.07857117,0.35943446,-0.37413442,-0.01578984,1.8552216,-0.33902305,-0.5566588,-0.12018114,0.83530897,-1.7769941,1.1657906,1.6858438,0.3092784,0.4650943,1.3984988,0.06903014,0.31147525,-0.59527355,1.5037445,-0.0072282683,-0.93906814,-0.26231197,0.80117226,-0.43913925,-1.5499848,-0.11104946,-0.73347515,0.6839595,0.48025665,2.0238657,1.6420155,-1.6535652,1.3923602,1.4171549,0.039819516,1.1697903,0.35969964,0.15440786,-0.501283,0.47989282,-0.4393514,0.98328584,0.117702015,-1.3130965,-0.8415611,0.563426,-0.61745167,-0.78328127,0.46612576
1.2294873,-1.1452065,-0.9200569,-0.70101196,-1.6396359,0.77210474,0.33738357,-0.26466292,-0.45244056,0.514654,-2.0707574,0.2330637,1.3739285,0.9361759,0.90951747,2.2828767,-1.2075216,1.4177341,-0.22743696,0.26715887,-0.16657028,-1.5179168,-0.93911266,1.0500443,-0.94338006,1.5596654,-0.44871622,0.45543534,-0.67815167,0.65963674,0.014706208,0.15405512,0.08103269,-0.23808137,-0.96889263,0.603374,0.78714633,2.3791537,-0.03853162,0.6698656,-1.5120827,-1.0129718,1.0859375,1.5275097,1.2766135,-0.08927454,-0.0025096582,-0.38420555,0.51973623,0.4376627
-1.2255324,-0.2364959,-0.111137934,0.15916999,0.20289592,-1.3002267,-0.54623795,0.66490525,-1.5280895,-0.43037975,-0.6280713,1.6909248,-0.27034998,0.783848,0.946564,-1.370542,-0.13845825,0.06853638,-0.7557544,-0.2667036,-0.46701416,-0.5926852,1.6531869,0.09449479,-0.14430961,1.1439639,0.15708418,0.6021086,1.5598924,0.017160973,0.07565917,1.6378477,-0.655048,0.5152372,-0.6336023,-2.1941211,-0.23718321,1.0637696,0.06617577,1.6829025,1.1656697,0.20511934,1.452382,-0.5099816,0.38489303,0.5866736,1.1958364,-0.46471584,-0.78186905,-0.4904937
-0.5426824,-0.5038001,-0.33107468,-0.33700302,-0.5011376,-0.88573205,2.9279597,0.37834626,0.3779101,0.9607412,1.4056972,-0.036756374,-0.10734745,0.53731644,0.19040266,0.074277736,0.008283344,-0.16946657,0.7158872,0.25861034,-1.3285555,-0.54248965,0.06447923,-0.81282926,0.1086991,-1.5793673,1.5547438,0.17551571,-2.055769,1.6179448,-0.34486508,0.031208921,2.1233654,-0.80101997,-0.5831544,1.3418459,0.981782,-0.7973562,0.061169673,1.4683566,-0.15943655,0.17441878,0.6927926,-0.6980978,1.70649,1.221428,-0.7353894,-1.8093939,-0.19335498,-0.18082762
-0.8158618,0.067295715,-0.2970894,0.79546434,-1.307755,-1.5241243,0.75947106,0.5250809,-0.4333443,-1.219792,-0.086977,2.134253,-0.33533463,-0.18781699,-0.6123438,-0.34560516,0.41930962,1.2689005,0.48917484,-0.6229157,-1.2641479,-1.1463791,1.4400269,0.52710193,0.73509675,-0.50187147,-1.0026267,-1.1210383,-0.338218,-1.092235,-0.7222887,-1.3171536,-1.4850842,1.2692907,0.9899312,-0.6742739,1.0624803,0.5426277,-0.47250554,0.19411603,-1.510458,0.12537411,0.5606151,2.2632625,-0.6378931,0.9593026,0.3817224,1.131926,0.097918645,-3.089259
-1.1016341,0.6659058,-0.53132623,2.630179,-0.38024747,-1.7914604,0.21671331,-1.4024892,1.6013665,0.6724475,-1.6866727,-0.6294464,0.17563537,-0.077454045,-0.69675916,0.4020398,-0.11295337,-0.8152305,-1.1272973,-0.12187996,-0.31064302,0.8936006,-0.2906815,-0.21954907,1.033624,0.6456291,0.101509854,-0.7462822,-0.8710879,-0.684349,-0.80511415,-0.25060245,-0.47154048,-1.2630059,-0.42626837,0.43187478,-0.12405777,-0.35122982,0.2646314,-0.84047633,-0.7614627,-1.240581,0.7456561,1.4215463,-0.4345256,1.1691968,-0.217613,0.8268029,1.2622784,1.2482382
0.21517804,-0.23515923,1.1011661,1.7572684,-2.0698478,0.1495862,0.17631537,-0.29083404,0.20457552,-0.6321749,-1.0600182,-0.7586439,-0.15770814,-1.184188,0.9440495,1.2504721,-0.088151574,0.9331748,-1.4149572,-0.42185143,-0.0894936,-0.42048213,-0.38646472,-1.0549012,0.72821474,0.13843997,-0.09189911,0.030686801,1.3084599,0.53331023,-0.041380815,-0.25673616,-0.5258434,-0.74595696,0.095434815,-1.0882492,-0.7297352,0.33886868,-0.7563159,0.74800795,-0.99023813,1.1923921,0.09454044,-0.5204813,1.2092422,0.0412227,-1.9497652,0.34593725,-0.17903996,0.26332927
0.5640654,-0.5075729,0.1923921,2.383666,0.0073913294,1.2626096,-0.8449043,-1.5993443,0.71648073,-1.0462879,-1.0675151,-1.627544,-0.48990974,-1.114114,0.6225576,-0.67181677,-1.4713936,-0.8570482,1.884514,1.2256366,-1.8459183,1.423206,-1.0930756,-1.4106703,-0.36526704,0.3405903,-0.33850834,0.0021534287,1.781478,0.09444613,-0.61475784,0.6777871,0.07507852,-1.9428241,-0.9353368,-0.36261564,0.19718456,-1.0297433,-0.6156253,-0.8096496,1.520913,-0.883173,-0.96925783,-2.1826005,-1.4271011,-0.58892995,-0.48307365,0.7323796,-0.46625835,0.026749423
1.7293754,0.36454123,-0.089101054,0.28606626,-0.5330428,0.48805338,0.953217,0.87581944,0.92555684,0.2137543,0.34891012,-1.8139257,-0.9874357,1.233374,-0.42369488,1.259178,1.4860295,-1.0876989,-0.008487208,1.1828498,-0.1334995,1.2502344,-1.5681319,0.085768595,1.3460851,-0.7637213,-1.9997333,0.24356355,0.74458754,-0.6087818,-0.77554643,1.6857163,0.54634666,-1.3588874,0.5083559,-0.50409544,1.0563099,-0.29403815,0.94504637,-1.1010015,-0.50406164,-0.90678984,2.281951,-0.1485533,1.0379518,0.050034285,0.23905696,-1.2956549,-1.3421915,1.4154193
-0.67903924,-0.9984085,0.329638,0.16320899,0.32101005,-1.5650815,-0.5471359,0.8437772,0.032571774,0.4089569,0.7774774,-1.3631223,0.78982675,0.5528528,-0.4008465,0.8143935,-1.1170459,0.57832927,0.08363031,1.3280699,1.0381118,1.6397486,0.8273804,-1.1036066,1.2327943,-0.15321773,0.593202,-1.1829555,-1.9580839,-0.22131626,0.54777175,0.021882528,1.0137551,0.07611161,-0.36904335,-0.5823598,-1.1909109,-0.9531798,-1.006295,1.1245519,-1.6416384,-0.8707427,-1.9220418,0.49667102,1.617171,1.2765361,-0.5155526,-0.66652936,-0.16086334,-0.36958188
0.17241776,0.97749716,-1.2204746,0.8295696,2.140687,0.19489083,0.8049452,0.2991968,1.4408035,-1.6777352,0.88228005,-0.91983455,-0.7717531,-1.2541658,0.53777194,0.09658909,2.7544584,-0.43424213,-0.70887154,1.1558007,-0.8553838,-0.10225701,0.35960895,-0.6067243,0.8598797,1.2366856,-0.36282042,-0.40508574,0.35767916,-0.14116836,-1.2486694,1.2579399,-0.044229046,-1.3879875,-1.7391301,-1.871081,0.6927409,0.77035326,-0.66078496,-0.36785418,0.6146808,-0.41013682,-0.8035617,-0.19659874,0.745261,1.876748,0.41072237,-0.74039406,-0.75327384,0.9720304
0.8970751,-1.7386345,0.7832552,-0.069797784,-0.18165411,-1.477042,-1.1434003,1.4333205,-0.66587913,-1.1164005,0.07617812,-0.40759405,-0.015230022,0.06560931,0.56274515,0.86459726,0.3319346,0.45364693,-1.1564919,0.7709008,0.2583274,0.46090797,1.8981434,-0.6348885,2.1439762,-1.3482761,-0.55881673,-2.2397962,-1.2685167,-1.3504497,0.9049722,-0.8766677,-0.12719747,1.6179413,0.3031958,-0.7191165,0.47895795,1.1825527,1.9866747,-0.5155823,-1.2028143,0.48919097,1.1846422,-1.0374736,1.3659365,1.1724012,-2.0802467,0.38563254,0.08466856,-0.096133634
-0.16123246,-2.228208,0.25534472,-0.7598195,0.26410338,0.5770348,1.5544804,1.5976788,1.8490818,-0.9007539,0.68490547,-0.01707272,0.89084363,1.0752661,1.3592297,-0.28724676,0.4002455,0.06254171,-0.9065914,-0.9045559,-0.32359117,-0.6351277,-0.8314175,0.2790931,-1.0761081,2.1978204,0.91457695,-0.66020304,-0.7406254,0.6874627,1.0799603,-0.06828221,0.95004064,-0.27060995,0.25746524,-1.513285,0.16905068,1.0767862,-1.1603682,-1.9940861,0.29413027,0.6223124,-0.7413123,-0.1466581,-0.16510014,-2.8690808,-0.38284257,-1.2516642,1.0083317,-0.6571077
0.09303677,0.035780746,-0.4077094,1.5251637,-0.68109125,-0.09346852,-0.16220461,-1.5362922,0.24515854,-0.8475625,-1.3506316,-0.04985781,0.28923178,2.5847526,-0.94009954,1.6955448,-0.9004272,-0.23893295,-0.41495195,1.741713,0.19053248,-0.2727141,0.4706622,1.4520155,0.4829601,-0.49349266,-0.40613586,0.34848896,-0.9451643,0.023689304,2.1928968,-1.1867567,2.100792,-0.1364878,-0.36424622,0.30881515,0.0880458,0.10254601,-0.652789,0.10210843,-0.20982382,1.1817592,0.44772878,-0.6638639,0.46785218,1.1559721,0.42755166,-1.3327969,1.0199045,0.23908672
-0.55010533,-0.14486794,-0.067539565,-0.5320901,0.113932855,1.3381195,0.34002417,1.2370945,1.0775578,0.95616645,0.44395158,0.05895718,0.20120703,-1.3335131,-0.12176037,-0.6173801,-0.619795,1.057718,-0.18131812,-0.17358714,1.9359787,0.49058467,0.5190766,0.19091356,0.05542608,0.17309345,1.15127,-0.20333591,-0.025296897,-1.2558445,0.8312357,-0.9972033,-0.88963294,-0.17705455,2.583729,1.681171,-0.551474,1.6242104,-1.7646757,0.9486753,-0.81507266,0.7199032,-0.6137185,-0.33739513,0.5451615,0.35676783,1.1772262,-1.4238173,-1.0542359,-1.0133591
-0.69228214,-1.9661742,1.7517434,0.23516768,1.3663863,-0.5753643,1.4446373,-0.66409945,-1.1569397,0.32887933,-0.15203343,-0.23251244,1.1490953,-2.3951495,0.19638248,0.1083397,-0.7675021,1.5919701,-1.6423724,0.021087917,-1.012374,0.197651,0.7733509,1.161879,-2.132432,-0.43360734,1.7603452,0.74357855,-0.015065456,-0.72178406,0.3280406,-0.9724637,0.28271365,-1.6587602,0.64399135,1.595059,0.45271143,-0.11353954,-2.4305055,1.4281118,0.15952012,1.2323176,0.8917161,0.34587038,-2.1035175,1.5398196,-0.6305039,0.9095409,-0.9985043,0.8195156
-0.08615029,-0.2506817,-0.11642575,0.3631443,1.6897976,-1.2822409,-1.0173149,0.22565714,-1.5754077,0.043197192,0.33062604,-0.8417695,0.7287023,1.3910584,0.20822544,2.271203,-1.2784007,-2.1562533,-2.4654515,-0.4702228,-1.3265823,-2.5296445,1.6280595,-2.085248,0.25801548,-1.4585963,-0.37852642,0.44756424,0.111566566,0.19843867,0.92334396,-0.18063599,0.075108685,-1.6401569,-1.6862671,-0.94617194,1.2417967,0.9656882,1.1404669,-0.18233007,-0.87710315,-1.2858237,1.0973724,1.144285,1.4955592,-0.14136314,-0.8378935,0.16779846,-1.038179,0.42261672
-1.5168443,-0.06413158,0.2853882,-0.120766945,0.860279,-0.22375062,-1.4651079,-0.43412483,0.12800057,-0.0594607,-0.7236477,0.27506202,2.5382097,-1.8697025,0.48171338,1.042521,-0.8779744,0.96095055,-1.654805,1.157966,-0.4328213,-0.19404846,-1.4804044,0.30296975,1.3683472,-2.7113042,-1.2024941,2.1917102,-0.07174834,0.9873729,1.5762649,-0.66353464,0.38729665,0.75776374,-0.00093879004,0.09462014,-0.2992703,-1.9358338,2.118469,0.88119763,0.20314765,-0.06230942,-1.182917,0.031683907,-1.1959581,0.11134853,0.21970037,-1.2855704,1.6455201,-1.2256244
-0.053044382,1.0488553,0.3383685,-1.348754,-0.088987425,-0.69634867,-0.15756054,0.49299425,-1.4867562,-1.0825131,-1.1777785,-0.4746766,-0.61838686,-0.4188787,-0.8165552,-0.31848353,-0.737065,-0.49778113,-1.4922873,-0.819509,0.78274816,-1.3817258,-0.53137225,-0.4412023,1.186378,-0.0075088167,-1.0821351,0.8598759,-0.48087728,0.76883453,0.4022882,2.8046567,-0.75235635,-0.15684816,-0.64649254,0.21887572,-0.634011,0.1713735,0.9108381,-1.4047146,0.5906864,-0.35975146,0.4291933,1.1138678,-0.18216772,0.09811283,-0.5732983,-0.47399604,-0.426076,0.8719553
1.0059344,0.50408405,0.039207645,0.03904172,-0.4212393,-0.7671846,-0.6053843,-2.1495523,-0.53133005,-0.47315344,0.33536187,0.7262482,-0.92120206,0.49440816,-0.13439591,-0.29721284,-0.17932944,-0.048585963,-2.8277369,0.94718075,-1.3893713,1.0988955,-0.81356186,1.8944253,-0.9206687,-0.8165508,0.51842034,-0.98606277,2.7830374,-0.3937396,-0.79411304,-0.40897322,-0.059954554,0.830826,-0.37017515,-1.2480408,0.98046666,-1.1164247,0.67476565,0.8178553,1.4361972,-0.21330376,0.13051209,-1.1260848,0.2692241,-1.1106012,-0.09834771,0.56512594,-1.684456,1.3282022
1.2867225,-1.0909578,-0.52255124,-1.7034171,0.54476553,1.0239332,-1.4815023,-0.2161064,-0.26397967,0.8972202,1.5214095,0.12802547,0.67273784,0.3492999,0.76451147,-0.06485767,0.50239146,0.3697791,-0.29220885,0.66291034,1.392432,-1.2803631,1.270623,0.8973062,-0.57304704,-1.5703909,0.8497465,1.7180884,0.083377756,-0.5807276,-2.649781,0.51400423,0.3631138,-0.58717704,-1.3765383,1.5375988,0.6066554,-0.68304694,-0.7809203,1.3528957,1.8529193,-1.1370788,-0.66352254,0.29315305,1.3310447,0.060642585,-0.37561372,-0.56875277,-3.0334585,-1.4528155
