0,1,2,3,4,5,6,7,8,9,10,11,12,13,14,15,16,17,18,19,20,21,22,23,24,25,26,27,28,29,30,31,32,33,34,35,36,37,38,39,40,41,42,43,44,45,46,47,48,49
42.04342222993741,-1.6649741319374016,-1.5046033076865126,-13.23206622130419,-1.3733984430457984,-2.4551403457777057,10.683289367056794,2.0480446552813367,-6.288519235152409,1.783210459789735,0.3171192294733418,0.8945083146809746,-3.365447407745993,-3.3914311101397763,-0.20361630998578029,0.2143428329212631,-5.851890542348711,0.5710105231549896,-2.7806778069358455,2.719053805696038,4.5385391673836075,1.050747230942018,-4.588068882885431,-4.165012151886955,-1.0114696560374825,-2.1961821779926245,-3.465374526831459,7.0068178118307305,2.495703034048862,-6.066910176350062,-1.0961054189539903,-4.259997801871975,1.960365201193701,-6.150226877442666,4.229616608106646,4.437531976023168,1.5394899488754064,-2.3785119988672667,-3.8211121170588482,2.7651461813864238,-0.9278908187099171,-3.030461196708672,-7.503306170630199,-1.1772489137517537,2.8902219346727733,-0.2537422648239467,-2.720005988730654,-6.574518517086012,-4.5825020128352865,-9.23792372547692
8.94961409947664,11.332478717317997,11.39963419763791,2.6933232075758893,2.2495864409540847,-0.8050165469980421,2.2214486108542055,0.6682811484585401,-3.767594010522379,-0.4419658391268271,6.92478941147787,-0.8910976717082988,0.03975500907520908,2.1547343923742375,3.245259136208583,-1.4334454191880912,-1.0781035832471715,0.8293657748242487,1.200134607713937,-1.232012128825649,-0.24593799321206988,0.5181762116892765,-0.3309542190310163,-2.5530897554184704,-1.3493300542788986,1.9666630290646534,-0.6835697397914169,2.2845727628224504,0.7913500698428982,1.9980574735631986,-2.547358378925025,-0.05794214707857592,2.0844711184151135,-1.3542515635105943,-0.19375298061287577,-0.35562958306908476,-0.7914398041469344,-1.8635545832696296,-1.7789528261162075,1.961587923819128,1.0542804527492766,-1.2552867415278064,2.42638584920615,-1.5367849140257948,1.9118990792247648,0.08874684635069285,-0.5184643830952614,2.2827581436205238,-0.8957379243047046,-0.9663005644745402
3.6189210753885592,6.239958673651499,5.156245104057193,3.9881384246967535,-7.171477590416711,-0.5383390230169639,0.5988420882599516,0.32490742490051333,2.4058693577448977,-0.6768926633587575,-1.1819205084101598,-0.5560052707319364,-0.362442316874683,-0.5643142700326184,-1.188341284996957,0.499124750023363,-0.5433730091076202,-1.5922338439846524,-1.767582900135375,0.04925750596417933,-0.23235712320807217,-0.5959931627259967,0.6488621581357369,-1.1261276026418867,2.929676422256448,0.18127403904324813,0.6143004420658554,-1.2814762398024466,0.9779726050403958,-1.9197084978681185,2.0893459833181938,-1.1150992679106915,-0.43806602504416425,0.22644726137230722,0.9867973119098491,-0.6292149101748732,1.0418109780940301,2.1214088923563534,-0.9201440441597917,-0.9061117592085207,-0.03477608610745139,-0.8558128843328319,-1.0905885831504178,0.8092537328853925,0.3276874976510837,-0.05603465561629907,1.2430820108307727,-0.4370904820274747,1.3682360736523091,-1.3459378488106246
3.847189597672835,5.089566484744309,2.793741969185176,2.8457382512490685,-4.194924309555678,1.74397046192925,1.4029052433560152,0.965033625536176,2.2393589340838282,0.7709702239738132,-0.3013876733858395,1.285191098924856,0.6549931268343888,1.0801447600319256,-3.4533972607823444,1.1036579413196634,0.24212665705757272,-1.454454810035555,-0.6057578281154404,1.3228127338358655,-0.0567209215742277,0.7867284640641538,1.2784767917023256,-0.8010836340491295,-0.5404699268709592,-0.8026725693433653,0.24583464484350281,-0.5932447479903586,0.6862538078209245,-0.8418521460198537,0.03465520329272587,0.116359787700471,0.6705342568981305,-0.4460579432585823,1.4028929206739666,0.5477443604185354,0.20934736711024338,0.5996800553139143,-1.6667580924881744,-1.194842695612543,0.8559914748284766,0.726215294467858,-0.1709921744122193,1.1853122290575953,0.3786495032809981,0.01984019854244265,-0.530024290485629,2.5919054174465272,1.2746955012371042,0.8384899744184762
20.988305122483204,-2.175144808521316,-10.056874584895576,-2.3700126689023904,-1.5174139507736455,1.9755971054459318,12.08678254999155,-9.001514130955636,1.3653698567373749,2.134960058095095,4.446180511150528,5.121954547956387,-1.0864642224387642,-0.478213907179639,2.8381847174305337,-1.852303625726726,-0.9894751276648256,-0.48890648839274087,1.6303977580745155,-0.9393346685594514,-0.88944959219645,-3.6501883784826172,0.7231667524257881,-2.3009767105503935,2.3635200389949564,-1.8329040666560905,1.2820886423759301,-0.663246975654552,1.5709365650173879,3.6245229133523327,0.22461031806595932,3.568087778940207,3.827258723506353,2.5347570338825833,-3.8347625437695396,1.4652977323931524,-0.3955873391032196,0.8184796710040595,-0.1536582673807343,1.6951456308173647,-1.5259990202318536,-1.9064625707154028,-2.662788768126686,-0.38349616831861666,-2.2703070402852683,1.8986018625232581,-1.9004441793880154,-1.4355555716778272,-1.2415437547272075,-0.6201533307090435
34.24321939826686,-14.249652451894498,18.54384087500317,-0.8215424220314185,4.366080438249586,5.340935015692762,-1.058414554642169,-1.2008441261651588,1.5079802156612474,-7.021824484804433,1.2638669647638023,-2.2130113970196077,-2.650757370413949,-3.0176295121900325,-0.8280815897099298,-2.174958337838202,-1.6177383697804766,6.43304265542044,0.9815007112644905,-0.04682589161620765,1.5524690134739556,3.3149812249831823,0.01927653741420088,1.3786342358570807,-1.9764106926016598,1.629975058112473,4.160546555218601,5.089605252940979,-0.9309602135151018,-3.1080313979437126,-1.1463368830191953,1.2672243715219702,-0.7644835052817797,0.3268311543943534,-1.0677939730042425,0.5763422010444501,-0.5611492637338377,1.596730009138566,-1.8369335576871946,-2.618861398067083,3.54272414129762,-1.55261079992451,-2.094328882716149,0.41021328824199177,-1.850311566965993,5.266018306135459,-2.4214690446158955,-0.929956786812536,2.7703774710177553,-0.4402686309956598
58.95466653621849,-21.878483548073863,-2.1905159930509233,5.020546194008082,-7.415880235683306,0.20982751426938662,-12.48839420587381,-14.722742176805431,3.034947931943952,13.083759767883397,3.6277883573848078,-2.506995517886555,-7.35312652455763,4.760908874693675,-6.084167190440317,-6.711527415614069,2.323372761781305,5.262154485159016,3.658736455515683,4.654950935113054,-8.998857336087212,-4.3342910990293015,0.06354232555358985,-7.257364415169707,-7.64484110482954,-3.5365020424069984,-0.3182578354983243,-0.545065071231281,-2.9448173286199895,-0.20506855075451524,1.4821363307535729,5.053250637858291,3.337009144161318,0.6970656798970936,2.1631128754927174,-5.528195243085697,-3.542081642441369,4.965422180189394,-1.1897073252817425,-3.499514883619313,-0.4411553066084264,-1.8675795984643127,-1.0404882819974166,5.22847794856726,11.304458217388826,-4.3951281435354135,1.215135421397306,3.978901298022359,2.102766990637365,-6.288076224326861
13.67700563359292,1.1593646549907288,-4.729108249466643,-1.6638330136670525,-7.01111806451542,9.064450315670092,1.097965794771445,3.2540821984111377,-8.878478697053861,0.3678383339338767,1.5365672066003135,-2.208409873382877,1.7194881173888104,2.4430187498829334,-2.2168919930712407,1.155605451948984,3.289483636757799,-2.84434094210971,-1.6380714000971566,0.3913043375401328,-1.4785141320518969,4.699204269610867,1.9201888335094317,-3.8430440233226655,1.2557306282783465,0.2973692819345557,-3.460233425847256,-3.23753625298764,-1.2760595074877685,-0.729019367810567,-0.22226689885299145,-0.04915900002426446,0.25553103587386683,-1.6557662897619199,0.9394543876127814,2.156894048688377,-1.129316436409233,1.1275079880256318,0.4070502029404283,-0.3986109457892752,0.14238144310789508,-0.00716448206339787,1.9502436899193676,-0.09254894832852853,-0.7093432000660632,0.4498081435014343,-1.1776686891031987,2.309508151195217,2.1044705964540555,-0.057292646033299116
4.156199903751946,1.0829857312937343,2.821617374681275,0.5473161323080254,0.17563348544254126,1.4507825548762425,0.07162035682289866,-0.5952796483322129,0.3517763171340117,0.35305750392562113,1.709501941732736,-1.1704973629533848,0.08072579096402499,1.1609792279177469,-0.9608792984566865,0.7665115594966407,-0.5959858598545398,0.7514643973370706,0.575595172769528,1.5037810966636278,1.8262916886077054,0.8466565726602904,0.5811953669369129,1.3945787549945174,-1.100388400906555,0.7759395996965338,-0.9670324017408802,0.34501026421850534,0.7314219603609872,1.2708889866121182,0.018636467803260448,-0.39043044858149206,-0.768975289114063,-0.2937362760277342,-1.189601857015531,-1.6543030683238726,1.4437753265617865,-0.9676837829864242,0.5098557204742666,1.137928724430967,-0.927522953650415,1.5760062555841066,0.4469334025893973,-1.7885336677023187,-1.1390590511327363,2.6652481794413996,1.279542100698109,0.4789153680323077,0.2519368592097548,-0.47686750606580275
33.916361625130065,-14.846427278701476,15.254882932182355,-3.68203774096276,-0.9911231564022587,2.1478074825584272,-6.894250409513419,0.04678154070736651,2.9015579323424503,-0.9074618535506601,5.939880890620375,-0.9078366837523208,3.0831234530198155,-3.5205479591718896,-3.117408397533211,-4.027391159383862,-3.288411459873715,3.80869705307739,1.5995793351003886,3.5143592368343226,0.1982699431109105,6.021070367146354,2.1719206849582466,1.8078950090221477,2.219167128895502,5.8096213200766424,-7.8992596781665485,-0.5909167756928698,-10.076551771668353,-3.6552016937251817,-1.253381731841992,-2.30533946660417,-0.2768311470382066,-0.7893995318868887,-0.4790798118990043,1.9368799285211016,0.5894605105768989,-1.5996929053590567,-4.75102048582538,-2.1123671556454733,-2.5450533208189223,0.9375817160862253,-2.2274244519805713,0.6819856803913644,0.1536418235376755,1.3858490064372533,0.8311177079792125,-2.276552692279326,2.0368005177215327,1.003923356009355
24.74003561511305,-0.7149866897294652,0.7762907933510328,4.094794435424781,2.277690990816329,-8.41946557066171,2.3586354117942685,3.384091590302862,-1.5143137428769653,3.569534922676731,-1.6196394020379357,8.368557836534734,-2.4242691319475282,-0.42483683322556687,-3.4222586715071373,-5.225337500221553,-0.06318994588218088,0.41960269838370423,-3.955478211547705,-8.686167780671136,-0.3999794540467496,-9.259490069089221,1.5043378784055585,2.2208717510785383,-1.6258393674069436,-1.6763199672041733,2.1610142328873287,-4.562391036825095,-0.04327358643713308,-2.3612524488225137,5.562078129109649,3.4400457756450677,4.776988060985704,3.2522086841256845,0.7921785028205177,2.5557463513447023,-5.084084766992892,1.4947780514601121,9.020652900461396,6.573310775746596,1.4041307791924005,-1.8369198192058769,-1.0394738386177942,0.35991946671386776,2.716441808495251,-0.26451720098884834,-1.7435912509291702,5.266643918380329,-0.9698388650011622,2.5313290291799317
14.049346307772993,-0.9359153387861787,-2.650999021784142,3.9736143271995474,2.7284207708751027,1.3871562611109687,0.33690334161287827,9.321356376411513,0.7921876242737618,0.1465650686674845,-0.22055650214212955,-0.3883591261678963,-0.215270291752036,-0.9774906135568314,1.3177162025847,-0.586628878879575,-2.1195192972060295,-2.1837384954611614,-3.348815253486902,3.646828393561637,0.7229500182693882,0.2874352306457844,-2.6023539670403526,0.4497721020574703,0.21236174542078304,-0.9107944413869057,-0.6535598067818871,1.3845575579776466,1.2348613271286002,2.1390854661132837,-1.1680320137883609,1.7896014972615646,-2.1117287623021253,-1.4879903288704437,-0.9931890238218257,0.7800430518455068,0.7691633201823331,-0.8328081347044289,-2.031713746168876,1.8331015355018057,1.2297179804966547,1.9042600991759344,-1.3243396772060931,0.24928821383522626,-0.596461246533643,0.012545215766843976,1.2389164239941406,2.347101786308941,-2.6597265755410673,-2.950426772885743
60.67949774080153,-5.8120599359376115,9.012701985768885,8.888184015630706,-12.131584319619343,-10.485334986322055,-5.677247084354415,-15.580355058289324,-9.564587303750299,-9.432647277295501,7.115201017360845,0.31402649035804503,0.10266728757730903,-10.41918595860516,2.9836706404675324,2.869013424744149,5.761731001098726,0.4420495292330765,-0.8320194852252332,-4.102865415593334,-1.5385128237085914,-9.634730649794289,-8.369512660430845,-13.343505789919913,10.837464971514546,-2.371812449536017,-4.016296890374157,-2.9563054843977117,-9.695687783254114,-6.300039623227544,4.5252819938261535,-11.432072476229452,-14.907456114676865,3.705659596327049,-12.920811965960088,0.08169369783029223,-8.959596036915492,8.936158155169215,-4.444666138683182,-3.408690402106447,4.996292480357195,10.65589102835606,-4.3878651386438605,2.5501617406181465,0.17697323108209617,2.212510172644146,3.9663798019700733,-3.073129322135592,-1.995184239112734,0.5094902171507238
20.581557590688945,-1.4966694204630993,8.757229488116083,-7.0013760532741385,4.035911724326647,2.7889294851331248,7.382601251675568,-0.7758067189118746,0.4121952420971843,-2.240891310374684,5.553875235514313,2.3340341370010522,3.970724805903523,0.42919731981074594,-0.25427380411072553,-1.2745950041143488,9.204701718578788,1.1106584705462952,0.6755720150503262,-3.042755747269061,-3.7523942077231736,0.011311717692081835,-0.3596218719164685,-0.8138409456829332,-0.3563831415577515,-4.604577896671459,1.7272301417074511,-3.218527958829721,-1.2055440292604538,-0.754536362379059,-2.2117670066033175,0.578319976539404,-1.957537741886399,-1.2115595489610578,-0.07574090698755442,0.6004938645357085,-3.531302232997308,0.8337537504082363,-0.5488679183481939,-5.477361797191553,-1.226123051074956,-1.1924923384448667,0.2038490853843709,-3.110057732521793,2.2044562190717967,-0.23343839501970887,2.191799674476517,4.128554508289022,-2.607095190823398,1.5882016976105722
9.936401185808114,13.53324068552334,7.27345775182636,3.7813918165355536,7.040600542611406,0.8454756916684402,-0.5521002769743583,-1.9861584507348555,-4.3311138385444785,1.271019083086307,1.7261333330105562,2.2620194915393808,-1.6208880916376704,-0.914417713872433,-0.04569756231481725,1.0408555258315582,-1.5665004650529695,-0.8620962727072818,-0.0841675614803713,-4.1567575110681565,1.1428283967809512,2.0023973684141887,1.993208947820139,-4.138537606775561,-0.030772453271813605,-1.5019255300069756,1.3809228469716242,-0.9828989591124955,-2.973868253332339,2.6442193465001336,-1.5834849568248763,1.4176484267604768,1.441742963440897,-0.2765544810372165,0.6693981356097987,1.163955066245963,-2.82315176813007,0.2915983950391618,-4.1632734185282265,1.7254187277535245,2.304750017196665,-0.9015462695432904,2.046901580555317,-0.9534560106155848,0.4817817704934908,-3.0378447317894754,0.1314829133845944,2.136012439768158,-0.6889394840734736,-1.5990781601075719
32.59159464986418,-4.920968044518617,-2.1998011585535564,-1.4807365711526854,-1.0809908627169207,4.17755054134574,-6.718172584955062,9.06716229495314,5.321017109356765,-4.777580669242145,2.1241119410220715,-0.28576554634958606,6.645049100352392,-6.970714684882094,-0.2870558716426538,-7.782522236872825,-2.051665811875211,-0.6991239707198988,3.467120480576232,3.2620057673860083,2.418859922410014,-0.5028585990170525,0.2854564322299766,-2.545116094089512,4.170695896078627,2.5706432571743005,2.074350920190085,-2.9956230379747057,-4.962914429914881,-1.7302309489248042,-4.623102995995397,5.5114588242568106,1.7912549748664508,-6.047984913575923,-2.110507483438213,1.1051498259134338,2.4400106445299463,-0.23727692179598847,-1.679298181418782,2.3220913545115187,-1.0897258355217496,3.2439130589842753,0.39917978555946554,3.8326884280355227,1.9233002101969368,-0.5526287078678174,-5.739971153939176,-5.276034891686061,1.6180736908041304,0.966335707775626
4.63255706433027,5.069958218583382,3.834233284779326,-3.0712906122649044,3.772138699133051,0.8712615105553486,0.8286401288451364,-0.06619158434414207,0.27267461719851727,1.305117405894436,2.5368237606652335,0.23166389524430386,-1.3098262002474006,0.48833445911409,-0.7794339908228537,-3.453378852304424,2.13564786868468,1.98424578665409,-0.31378731562354756,1.6243536045787266,1.7551426847805316,-0.3311375272795746,-1.6444703681696704,1.5160858894703453,0.7229199760039179,-1.1027283903731893,1.4189433978342312,0.3583857373495724,-0.5747762864332138,-1.9805270724066444,-0.3841987249352907,0.9679419438119305,-0.764535077650558,-0.31828302014427273,-0.8780533802048681,-0.3588492909245863,-0.15362555410988687,0.11532788651746284,0.9998981159336378,-1.1523275788545893,-0.6504268774495965,0.75143952229645,1.4342742964105448,-0.3830528220593078,-1.28289333615014,0.17207580344112205,0.23173804050382873,-1.8142484813233062,-0.30579631386899087,0.14561408532287
43.41457753552799,-21.804266892500507,16.326903904965526,4.369280873011466,13.093277929344866,-9.411283144112929,4.321915250348691,1.6411079254213252,-2.7201590607645265,1.1218114387469575,0.6855688697740665,-0.6665563832169379,-2.01046996173831,-2.4530207632089094,-4.245827198017868,4.0349751954815485,4.195517048298459,3.17736196599874,0.6461860517680951,0.7475327962591514,-4.89807404112389,1.5545326284004184,1.7911339967299393,0.7166765425929107,1.0614645112335344,0.664135106597913,0.39915568071085294,6.698678590539112,4.188878562970315,0.3819739685888669,0.4054345662875005,-1.7053611018261077,-0.5432453310347782,-2.615078879155879,-2.837175046447031,2.1596448012318503,0.3083328079103226,5.820552120764498,-1.1543904356895942,-1.0752456022838857,1.4587575995042767,-0.9056787750733042,-3.3603627065092256,1.0970591014200908,-2.9780220956530816,3.022477020530137,3.74949651486279,-6.335827176726694,-3.8789996432284184,0.839426808247369
3.6424704720230627,1.0420066159775971,1.237851521264774,1.3802870273897923,-1.660444735113089,-0.4711164077907955,1.6909881658859292,0.38417720604608174,0.7233227866394947,-0.5766373085981579,1.275005699334764,2.683224749331733,0.5721171388774644,-1.0843388607096576,-0.7372407499294101,-0.1968443874878582,0.5226784799222459,-1.232868025313933,-1.417082395397131,1.0369290990793099,-1.9664907458162482,-0.5439092041876127,0.1630988037281705,0.18397580667777552,-1.2784299558215755,1.286724286943788,-1.0254692679003805,-0.5452751303147616,0.2948125558360087,0.48154510191719474,-0.06686079586548382,0.24641085386730355,0.1958047603030399,-1.0645725109462607,1.5120924389489891,-0.9948775586976674,-0.1915240207666632,-0.8937513621124672,0.1786658444648862,-1.2174814416544126,1.6793892661389824,0.5219482360429819,-1.3869183007949801,0.6536652538271766,0.4550258997121566,0.9113934653223325,-0.6236600677762432,-0.5773458824601103,1.5626331474806305,2.4829734696063532
9.134945043586322,2.6223116935955995,-3.937350865888291,2.9493513629978776,3.7856490845843296,4.9183332099732375,1.5779669536622385,0.6172855474130401,1.3951787498793917,-0.798811408053425,-0.6680074155560486,-1.6139350886131292,1.7090300165107064,-1.512190473669803,0.24265053140001508,2.2643698528977927,2.285654329352803,-0.7570327883313723,-1.1145241080350807,0.6503254224502738,-2.181776829152901,1.054745377238838,0.7737861130888072,-0.6824566854238188,2.6385410088702876e-05,0.49737163457189204,0.4200474574718845,-1.2053164402864178,-0.2722315334429468,0.7953036958561223,0.7670900951649939,-0.6485412312437333,0.2077531810530887,-0.6318204019438658,0.14135187672064814,-0.17646075844570225,1.4245816281278192,0.796899609324756,-1.6206735198446167,-0.2831691568035055,-1.4362347611770916,-2.341970375575755,-0.7667460208504707,-2.0092645089250993,-0.3944036001235393,-0.6442855919456543,0.7158316858175009,0.05437159522322266,-1.2892619279017914,1.3120828767488226
12.90345544903245,10.516976038936305,3.7985652413295887,-4.903504667995834,-5.092292393491452,1.5704627708574326,-4.8654964694815686,-5.8759583031179075,8.647576774945021,12.74239230997201,6.251140017202481,1.569289435503333,9.025370916028848,-4.740659964788765,-4.506476727785002,0.12349681521673161,-4.56709191090455,-0.0742373970407621,2.014547320892259,-1.8676367369058564,-2.641210918237363,-1.8473797157063856,-2.8561032716898365,-6.171243039755608,-1.085262364056867,-0.2291972901775164,0.2522518033421367,1.0412731264681874,4.564754262635279,3.0460061133774197,0.476464170123589,0.3660533086619885,-2.076251104524218,1.4847259341440133,-2.2712734424857786,-1.8627363800670271,5.970693395668396,-0.14684383999081974,-2.944547870262774,2.562536619480816,0.5549219425195765,1.2783422671812108,0.4636267944302399,-1.8584145800112057,-0.06784057935006171,3.7069898809790693,-1.46080925349399,1.4862612295077953,-2.1194653111114956,-1.1346077771204408
21.269700318388292,-0.958790745866957,-10.528460663430383,-2.034490275501468,-6.017634173771841,6.358749217367906,6.772244008353587,-4.152747957906352,-10.781979370890735,-4.878653125016656,6.4122028313287815,7.24782333777959,-1.307732302658494,1.4209659029929518,-1.006207349247218,1.066606509254961,-0.2556752725043953,-3.120780675113628,-3.0136294723688124,0.6231848884782655,-4.719619327186048,-0.20417627734837618,1.0184291526167955,-0.9444906208142075,-0.09279875855487613,0.6814152182128164,-2.304151361217778,-1.9541196743087539,1.3513389294286988,1.5664884085202613,0.7136048944260645,2.858898680072082,-0.444069814774522,-0.7470743250420746,-0.0629373117786198,-1.55839940722299,-0.14273826625007288,-0.04581447466675059,-0.45574218224055085,1.8604967971537172,3.346852139188848,0.6813476958950202,-2.0836339747811587,-0.5614434288509382,-1.5086049095589011,2.7753293852129497,0.5448224272746487,-0.2887611244826813,2.612970738773121,2.26029576485377
27.40917488848848,-5.77961958291565,0.21796556421751867,-2.2190095972371373,1.3407011858631974,2.4614349467882235,13.379199532320166,-1.6974480125574267,-1.7563903459369081,4.212334080914025,-1.856636064142323,-1.5316221701876838,3.10074798520927,-1.2503976824662713,2.3683488746502954,-3.4155274926515045,-0.8738636614524581,1.8776342907066736,-0.05462636498344753,-1.999126145222171,1.5388002161519752,4.066912073533969,0.6347775235527832,3.5724407506138407,0.5762664859461449,1.5347252231121369,-0.40820667744778993,-0.48226474855523355,-5.04854326686647,-1.2558942097387735,-1.2918234385047938,1.38957293252167,-0.7180543158945247,0.6099633556327826,-1.8362895481488883,-0.7227085346139352,-2.911052211826259,4.208559454281892,0.012778277733336618,-1.0536357292588043,6.556874875760172,0.6129708469639732,1.3778885866992647,-3.8911183071417916,0.9295311445907289,1.830572268962996,-0.7410165298137389,-1.881151119873444,-1.7280822927591095,-2.881759323071604
16.937874928547615,3.5130888029314895,3.8533070573907544,-4.460864755018875,2.6374248522854176,0.4204834091308827,-0.47988694168453017,9.78191812505635,6.047463080674223,2.657199480400033,1.3799740521628472,0.09635764651795198,0.5879908785748096,-0.37936237554243246,-4.514020883461008,-3.5689025938489234,-0.2783173109479421,4.891454454543239,1.2885237340901183,1.478064056777979,-1.5127565696299978,-1.0771126148981047,0.4214092635654782,2.3821748047375824,-3.710112575775624,0.41501587487445,-0.49007404855186665,0.9513514867911328,0.8763841176614351,-2.618497844404773,0.887656377608395,3.086474164703751,-1.3376649167614765,-1.8176119251993867,-1.2890990831326492,0.015667660985050236,-3.2034246168582645,6.389188626497475,2.810607272521123,-0.4681975486894874,3.412343772545052,4.231738882126725,0.04416864910563495,1.107091792254785,4.125123025565113,1.5364033696589918,-2.3232044240444303,-0.28298025041173047,0.4006948431546946,1.235324257135452
17.59747625121018,-2.6099340345898883,0.989252877450512,1.3506681976595447,4.027274869228541,8.28805940054669,6.6000553328668925,-2.484355342881985,1.3830799295047813,0.520854638690278,0.9429931399425333,-0.6798806692017201,1.6833631500575617,0.7437923122469282,1.8288430453376239,-1.608175575363338,-0.2715389029705806,-1.9784452171581561,0.090980282448762,-3.8783124734912486,0.8501435091271874,2.248419116565419,3.6990106006199066,-0.029002488298380008,-0.10925625658736693,-2.983766647223534,1.0811745232945644,2.620573827172011,1.5420036154275918,-0.14730985197933277,0.7926436403967032,3.280313555385508,-0.009576513806378917,0.7534885257010581,3.0865553547127167,3.229883391486627,0.09765882090135292,-0.13286747341136557,-1.0161370332655548,-4.085969554269486,3.128598930267428,2.5782963480156975,0.44671435269259874,-1.474139799907627,1.9682121780352673,0.07775752284402254,1.3573693817230448,0.6607279057357497,-0.1838349632887007,-1.2530546101984175
13.398266508907575,18.002501365482548,7.874838126405528,-1.8853081861989258,4.898390244068684,3.3484804320083206,-0.8372273946438534,-3.437032823162769,-0.3293554921022035,-0.5262908950235767,1.7275221165008985,-0.28421930563985043,-3.3002261855962955,2.7116739984268436,1.9137565530189853,-0.0990218154060793,0.40997472906776733,-1.4771677176341802,1.8113439851725126,0.018123413038840325,0.8428300438316498,-0.987767673737606,-1.701658880008799,2.172274504651729,-0.1872124503617768,1.548421266815165,1.2728534876861093,1.359775274903095,1.2810639272470417,0.02652003745932574,-0.8674055675147094,0.3688652591849828,0.3372675264590588,-1.008050194598303,-0.8049784162133793,0.6650540724518964,-0.6924984678422077,-2.1007594718505618,-0.5436267965267368,0.5309621886704229,0.9395218267684873,-0.6385888916634661,-1.115092712637757,1.0870457336546169,-1.446898728263395,-0.9423344366760729,-1.4770688819803233,-0.524202440604525,-0.27376285120985483,2.2767801491233532
3.6272278366990474,4.31965562482472,2.0909411413394547,-2.0442397990790506,1.8215363314385309,1.3739448224626911,-0.8450471603988104,-0.8656221294750941,0.39466100917198577,1.7546510455987594,1.9562386376918388,-0.8180453729208085,-0.6194752979909712,1.2819698963987787,-0.7768104495819219,0.34503247984264773,0.03713687975142349,1.130931469617155,0.027485073022636947,0.8120922014906332,-0.33232878024688794,-1.0574373576302423,0.038934000232343946,0.7369833462064614,-0.2540773975525632,0.3340631578536974,1.9444836827791248,-0.3382931561214297,-0.42595200912080045,0.9029036713604219,1.7412098235540854,-0.6408612088873851,0.5508691625315313,1.0652955082544293,0.4669915423870283,-0.8358075421462607,0.33316255973225384,-0.29861403677019155,0.7247247794306174,1.1015080855099706,-0.8257424709213631,-0.5675956549324026,-1.5124348925466904,-0.5244395021204075,0.07143308853396342,1.2844086808373172,0.35795951693298317,-0.7256948917314437,1.2968948775632563,0.3114870860054559
15.71584788002992,1.7957677876948681,-2.6823220969942163,-2.5946507277824686,-5.8565707855015,6.023845179846903,0.705388656573994,0.24976291745804508,2.937205544235904,9.694572749751636,-0.2503970387076063,0.9509990879405108,9.616679785476832,-1.6659829230825742,0.5507287398547199,-3.009400138281668,-0.8329290396295412,2.3470964585719534,0.8393941674491043,-0.7108822946913802,2.79396728487657,-1.914863275009382,-2.331365344836753,-0.5504192976240749,-2.3246558778645303,-1.4292537456862302,0.8308122306775408,-0.9041287645201742,0.9621079159698047,-1.9680064149029826,-3.6141424796550448,1.2027921859843844,1.8125045249667329,0.15118658839480517,-2.024158228022893,-2.875070131276378,-0.07834521234924713,-2.1592661986015624,-3.2541176422766167,2.502786554518784,1.6692114560162548,-1.1776263771348452,-0.48496912896008104,1.312203657851517,-3.4909698943396723,0.7027275926287724,-0.47099911506494796,0.07107252153889587,1.540670172558241,2.2324857108195757
4.7097192081070425,3.238679586078265,5.263589199216261,2.4534819221607123,-5.31198667278907,0.32420933445860434,0.13897643330709067,1.3973356763546816,0.5633125926579747,-0.8853642555800026,0.20339330981473808,0.9005868237043142,1.0434194520348798,-1.2959551649392829,-2.8163473004453805,-1.0071923437981558,-0.7014068307426866,2.2085019961796055,0.4692030854707179,-0.031074708593268302,2.366634506443481,1.2669855178417635,2.5932458940331133,0.36633077776729905,0.35311311787539557,-1.1017396429861495,1.8471962003214522,2.0716404719552357,-1.8380817550533668,-0.4867544988273929,0.8325689648807851,0.4825222004451519,-0.024869761421154712,0.15479497602404724,-0.43405701960864446,-0.48538639867777167,1.1572125478596924,-0.17547055940164746,0.1281993668179423,0.3768098986480976,-1.7507173511117244,-1.147972068451593,-0.010595548166668647,-0.15167111542084485,0.9579683033645963,-2.1963440654992334,-0.15713048050835082,-0.4975566659752595,-1.583138491943709,-0.012629407274924287
7.730218779248036,4.734477809660936,2.0443608150197043,4.085992007520113,-2.5433003269392427,2.559722767199188,4.3257258731716535,1.3128128764480818,-0.34980221627944863,0.740593294119239,2.4158108525816924,-0.953514528242406,-0.5907873791237525,-1.2455923717914859,0.1443951243779691,2.0561090334676604,0.03928092627361668,-2.4249573606418457,2.669809799912392,1.0777423070350025,2.4240691180635285,-1.2094852394684132,1.162512444655902,-1.8967436642692275,-4.7012721131485975,0.880251151536358,-1.0799757241809327,-1.527901376827814,-1.5966671366024552,3.4663778859317755,-0.9203358405886105,0.13170640780844445,-2.15824699411403,-1.6404491422576002,-1.5938786920187653,0.6421540961563938,0.8219787277744892,-1.8434442098610246,1.012295950373983,0.8265387833620119,-1.8112217609746222,-0.634739916594643,-0.015088043008001595,2.305063145344241,-1.2893035000042752,0.5675568587420379,-1.2861074012682314,-0.30047061324402546,1.6136708683431862,-0.01072626190485404
4.20737577683529,-1.7969663676426642,5.472538575533999,0.6338271563942901,-2.7363982545963603,0.20881561781862523,-0.4687977934960785,-2.7493554627605254,0.9651503164444748,-2.684294325349606,0.6266616317397937,-0.5502061714785124,0.6232602811201093,-1.7163388839525244,-0.5786257455049416,-1.389518001013985,-0.6618682740530097,-1.3854649400655215,-1.017999154634755,1.4615339459408174,3.1997201515097142,1.2502294497925093,1.1064779047376414,-0.49616143937297585,0.9475402882264096,0.07364849113113259,0.5590174263096088,-0.072972967515462,-1.2885607816482723,-1.9861580134476364,1.7066396122577343,-1.227360027155553,0.47737504235593453,0.30097084702865007,0.09375914970563945,-3.084664236717984,0.15212757639324012,-0.9643956618354209,0.7786897878444231,-0.493181452555111,1.0143684031210027,0.12482839805857954,-1.9133404408719308,-0.5577556343125079,-0.8341085048014412,-1.869036697610353,-1.9268239130107583,0.770774398389901,-0.015831600031230054,-0.5622466580597497
6.900866255967168,8.985886599184795,2.2892749549798004,-3.9344830268905486,2.6810878720713904,2.9343234224658,1.6015293746032864,-2.67674393548648,1.8388774206127148,-0.4055501480460726,-0.39630351865835156,-0.9236167483333384,-0.9560294903053739,3.8937893371192303,0.48989656803258885,0.062412535400607705,0.25796416149405577,-1.422374746975747,2.016793831170478,2.5608624538472533,0.5614706494694696,-0.9414215200839172,-1.1817011737305796,2.3366954625404888,-0.7070368116487389,0.2737434870942402,0.5676025446925537,-0.375644939358463,1.8891778085341582,-1.8672933213834675,2.455972831072917,-0.32568004476636925,0.48296018012128306,0.4390310515676681,0.11138644687750276,-0.3373484127066222,-0.17122074482722932,-0.9367142983325414,0.5924618076236543,-0.24409598468038535,-1.5547884234479414,-0.9993890436748203,-0.554358136904652,0.867043027459862,-0.21540978921078313,1.1521693495844625,-0.05465646371725197,-0.32285817026072017,0.7010869628782544,1.168840982731707
2.63597901473038,6.429805119767245,3.184489805503758,4.754441126635429,-5.541237113625998,1.1046103201171653,0.218993689929072,-0.5058378394430169,2.055022628354371,1.6691853954352427,-2.9267016999114697,1.678846947980124,0.381164108675649,-0.6393231215434955,-2.4707644339530948,0.1614197070189614,0.8638858259698858,-1.7439714800623247,0.3505875188114466,1.4011195988808574,-1.7308805988604936,0.38863005116867,-1.6075924663245176,2.1055310937813614,0.1342179357261915,1.044883524656051,-1.0607993116333279,-0.9601893214004924,2.5579363771554675,-0.04635415178766955,-1.06986502492552,-1.2840260356598467,-0.9731382729439553,-0.16907051610849178,0.10933709341123149,0.8704768447885534,-1.671500695730207,-0.5205312130710842,0.37710781931291515,-0.9636284722905997,0.11068765070526931,0.08095028485172362,-1.2258397625781758,1.3477168646447497,0.7044609318526612,-0.6137872503869737,-0.662620751275582,-0.9387361944933547,0.24155081521508603,0.8394495201656929
1.3775342826104247,3.047456500557428,3.273597856400576,2.618313370652985,-2.8814344737626785,-0.911505112930286,0.06940022909598922,0.3237582883662939,0.3703486529023712,0.9888583096598574,1.1542415782278947,0.6835282640584869,-0.520504861704373,-1.117879779067777,-1.4136888006492931,0.22389444731717234,-0.8910483926459003,1.5420519929493748,-1.8975315628993392,0.25849727662213595,-0.07778111762760581,0.3184939237896063,0.2899354933477866,-1.1895011202775323,0.06555178231352815,-0.5784887592224062,0.006168143534183828,0.4336140312144084,-0.2875648257048784,1.9819403945558685,-0.20438301459861088,2.0645771423800325,-0.34406825054201484,-1.3264860305115234,-1.6845930016588389,-0.3735554139831655,-0.0024445056430964472,-1.1240021847795971,0.9626888256400485,1.4299902776669708,-0.5838921141704135,-1.1023574797566218,1.1013908670201378,-0.8264462495471586,0.057198754645505535,-0.5658259505689417,-0.1752218585105814,-0.07464505736104776,-0.008010430933098403,-0.36323615966597367
1.6024036081564528,4.18660881004177,2.45288471577511,3.7010328207366996,-3.5074525704541624,0.7981679595145753,-0.24908378570801376,-0.2931287724866599,0.7174002362673408,0.46494373948840506,-1.7956252982691652,2.024327017633401,0.10432231645307918,-1.4790754792577099,-4.286798209888474,-0.09565126158798054,-1.3485849492751643,-1.221323664718762,-0.01644305319478585,0.9230579907481355,-1.1321133907546301,1.5644867394691029,-0.4708802422630046,0.2832945706861187,0.5609426150513309,-0.99448350095403,0.8305929457952675,-0.6356524122267303,-0.07166869623830863,0.33166910280608053,0.08226544309448781,0.1099807009785983,-0.8706096411736046,0.6296313772866433,-0.01656269926938242,1.1840514707411007,0.3862149118770291,0.9294371863628063,-0.5949463755908531,-0.34988875703298844,-0.03918429696422274,0.012434205108221963,-0.1838033280662277,-0.4411674017376107,-0.3783812977336599,-0.0074836779993251445,-0.658783000702025,-0.09675418589262694,-0.875118064687372,-1.0034243164771581
1.335982057054247,3.054576061181789,2.2766479302741187,1.8591437038500898,-2.9195604449749366,-0.40308537360093855,0.3425394139301947,-0.5084414178646705,1.1642233302085228,0.029332557368554397,-0.009490571241938953,0.6274980088120601,0.3334404888285677,-0.41324388872798845,-1.6396205644628261,0.2564895720275362,0.22235381457026532,0.011994327971571628,-2.033527293655214,0.4964632084018628,-0.29198587994664527,0.940297528477168,0.005980715417272749,-0.5204183363697341,0.16295846593154367,-0.3468147503100782,0.7132210857701584,0.835328862544772,0.3881107176673498,-0.38056093743864006,0.3471839728620536,-1.0415675193380134,-0.35777020277987037,0.49236404077192575,0.2606139200217883,0.04266473680854556,-0.0021963527961652955,0.15991936926348554,-0.20603332849482542,-0.1484910966884488,0.0289450407511836,-0.4397875127173879,-0.40214108801376686,1.148453683912629,0.20842402858625275,0.6963763402540515,0.7416923875871654,-1.0159428837376516,-0.8059061979975027,0.40767193293923987
11.874913789840361,4.3573870183408365,-8.07321293775398,-4.026908542357271,-4.205212470029092,6.521597107236045,-1.10061767720786,0.084167445777932,-7.897705863811299,-0.3566688686026196,0.3588127361829939,-3.078082051836444,3.3515326821302285,0.49282534400229866,0.8211287153859543,2.4024491648399824,4.870946075687054,0.9949837691604716,-1.5325434045970356,3.690398501894789,-0.8499346921787923,3.0666959826477607,3.524604643014265,-2.829026960187693,-1.4263942629858561,-1.6619832064083961,-1.2445310174642896,0.5235379504150219,-0.9900062635233247,-0.8442084279350381,-0.7745054392834494,-0.5013454321200932,-1.4802942027640809,1.5612932254674075,-1.0760552815243667,-0.13985511431599051,-1.2131273641159934,0.8574521250726739,0.48223438848377365,0.5595029616230602,-0.06657118033065851,-1.1638729053599994,0.8863866479224185,0.4024469228202677,-2.716575575213827,0.8553791941468494,0.17942146975150086,0.6624291880172604,1.2090935790978965,0.23540652339871182
16.37395926762628,4.18140383463395,-9.939208299910604,8.684831594061606,1.0944786141386302,-4.0506902651400285,-0.06841873926259873,-1.7344468022466155,9.067029650929033,2.6016117269304733,3.7777504292964217,-2.958906710064512,0.11320923803021557,-6.948676784281725,-0.06305222778513175,3.5739489044536565,-1.035492775348349,0.8972481884446657,1.9488620994082795,6.108596227609221,-3.2894133421991256,0.6978642954502948,-1.5686718512732898,2.0854884625591614,0.9521267833888158,6.1510868619183725,-2.6851008569910855,3.8303948426438446,-0.6255287220406068,-2.8023812548748315,-0.6397709689145162,3.5924265217414653,-0.09817914219107393,1.8054989043737066,-0.7829542529591005,-2.455651048801759,0.27517771915177425,-2.632143647785669,1.5749821531941288,-3.1024311176478623,-1.3369779736245013,1.6601475594962434,-1.881422434943765,0.6257859286742226,-1.5734807407542468,-3.282339961813736,-3.679984999680862,-4.020845879289513,0.12356585330356237,-1.0088553880085254
2.863286386866104,5.740134135181485,4.989590728124836,4.445570370491813,-5.335079481522768,-0.6784866758725688,1.6184713342555237,0.1615511954431254,0.9026794113483356,-0.12558102062250034,0.17098748762377963,1.0294380178933016,0.5899804821066996,0.6903012530485734,1.0239653028139886,-0.6832552595521401,2.1460746685521475,0.08608236472953061,0.35318738765558605,0.007994314689021731,0.6496089759263227,0.13116013710799934,1.5175262953983233,1.0409047512282879,-0.42420179527539403,-0.39145384348511025,-0.2769041477178805,1.6354745889132154,0.1763911167451988,-0.8934567864186166,-0.9473872488056447,0.20507671860053736,-0.14136486989573754,-0.6050872159999157,1.8047464845331662,-0.8933018668366437,0.007768267217023617,-0.9762501343196066,-0.6472074459260329,-1.2322136921820133,0.47836901304608004,0.9738805358115645,-0.34917185976929116,1.6234592023533767,0.09425521664457845,1.1183236833042822,-0.05260290312558408,0.12771862907965764,-0.14023178711638062,1.7724355820574422
2.65756331984675,5.339526439808655,5.300538713915597,4.159508346802208,-5.580269722126377,-1.0417339509251307,1.1947508000126221,0.12431864322569286,0.48127316359643874,-0.723024014621513,0.37793739215471267,0.28064098873431925,-0.8365929564561894,-0.9614448071820613,-0.41794354443172,-0.5575773264547033,-0.6842384555975372,0.14835442355982534,-0.9922568445535892,0.5889269476189662,1.6374982995478882,-0.06469800455736008,1.0828770601494675,-0.6580726687939356,0.7632345405554436,-0.7623462425837377,0.6714115603956292,0.4002531081425772,-0.9194506052291481,-1.2232537352690498,0.38822615985549125,0.05522700400346589,0.10778014627278487,-0.7266242798468746,0.6727112028273591,-0.5194726707833026,0.8473779321797472,-0.65386713932725,0.4035925106921215,-0.5552077231591941,0.4205947496895532,0.13603368052089826,-0.3908170062443738,-1.2507675684518589,0.3928647681554556,0.4790299605144438,0.36578307743944233,0.13325131872920254,0.21198275202280875,0.08852454018153183
12.930638919825423,-3.6660629422807642,1.594970328058061,-1.0231893792529103,-0.5982470027645292,5.467358166219327,4.483908620158443,4.9452519474832775,1.993793538629983,-1.9609071331164936,-0.03176122252865898,3.933451564798423,-1.1741942154693867,-1.4845710991918404,0.02307338578502205,-0.10293023399193807,0.9684919839134055,1.8016072362735505,0.7322477948654806,-0.3973505657358608,0.014337505761943203,-2.598840308969704,-2.202806877229838,-0.0553660388500809,-1.1177325138748806,-0.03746992810160621,-1.262176147010031,1.7254048046999841,-0.20924119836204802,0.08444833889205872,0.5949567014989161,0.20362372540541668,-0.5299325723282767,-0.5064355536295219,-3.2378701636145704,0.42382934459507987,0.5142359912439666,-1.229288797162132,3.8382801817219705,3.2291980358902643,-0.6177223501476621,-0.018518966669725467,0.2619684628383304,1.3445304649080536,-0.4641520686014919,0.6806230610160002,1.5899989948077198,1.6853786713482697,1.0779445021769476,-1.5701920829107645
33.15395122302241,-0.15820077947354094,-14.44306338042462,9.295729272387424,10.294666613914966,-0.762884374017132,-1.1737799363021124,5.170110564774101,2.09222747450856,-1.5203127736684559,-1.5875710941540504,-1.4466916028624897,4.557428107888123,-5.859714097263479,3.294371221346485,-1.4348898034598478,2.2427329567899035,-4.846003100935255,-4.708208080254102,-3.916922182075772,4.676377416039983,-3.0667498251073972,0.09502064674361566,2.2757500607598424,8.50977891051817,-3.5237748439709184,2.8755103150625123,2.554771349918205,-0.5373761662402495,3.336127462598732,-2.3378362780919035,0.8276689104559176,2.513291767390084,-2.339084877027577,4.212328310365724,-1.0490242262772456,-2.0432965657870468,1.1529001351095438,-1.9153129245056384,2.9260702469349846,-1.468594935795761,0.36984724234195554,2.238905582764836,-1.8792520191380544,-3.4758107812117713,-0.6887088898552894,-2.953385989592437,1.1080215615789797,0.005132865155353938,1.8983066570606004
37.30165117828891,10.328401155763546,-1.3814308531922994,9.666793142549,10.277123717353966,-6.079899119433037,6.8803762269903395,5.128688753242855,-0.9126803339866252,-4.353481290482083,0.6439842817354986,1.0623810683810073,4.875988381309606,-3.370308886752728,5.877686657558938,-7.981071350827458,3.296842813730035,-0.0036669997163157886,8.794201591493925,2.082608428781275,-1.7860069475831424,3.3424010122408863,2.570341698771564,1.4647411484293071,-3.1044856873595514,2.934988999930713,1.1294882642789417,5.446130528226385,4.763352087597367,0.9891669425823317,2.9594565706563687,-1.5791124503417568,-1.3584000976956918,-1.2787840267412705,1.8708508904864898,3.0625057021000215,4.328879133101514,3.186505142335637,-1.0549031656131245,1.7558451481089867,1.5754986737149728,1.827453571461848,0.6968670836782036,2.332045692293236,1.6650220916315441,-1.8600435317013722,1.4116813214903248,1.5475097501090191,-0.34060432309210065,-0.4546534182799802
30.031178221915635,-0.497681227051437,-6.138218476022431,1.1646381474716256,0.878829716451138,8.716852823607718,5.593029385639091,0.6206356159985257,5.139787397313767,5.18760053717741,-4.188281765007323,1.6510600675892053,-2.5816974770363874,-3.0871271501512187,3.0145579130490106,-4.555741315512627,-3.3685669475141755,1.0570538016740514,1.4963160317512987,-0.5695444597101358,0.5058579467288502,-1.1598519087311003,-4.837915394826387,-2.0505373210492475,-0.02785299538368577,-0.43088828659469924,-0.316823358942783,-5.367517539800666,-0.8018171929584099,-2.820698185452121,-5.064970447373419,0.49536831439345097,2.8053054304866363,-6.955504296999791,-0.1770055801239891,-2.2783419340343234,-0.5893866731632932,-0.04311260380759152,1.211967759025417,-0.16053986247714735,-3.335781669643265,-0.3656536227292051,-3.7704717110963744,-0.38781782847511004,-1.0574953337114399,0.8200127253877982,-1.2719121076758648,0.15257423599119768,1.2104658196750242,-0.33540741298734433
7.995834993734851,8.655596584440888,0.5082291995729351,-3.0509591173532113,9.049514060573639,3.4331654579961093,0.0018375184936388067,-3.287842320402795,1.4433901450607292,-0.5023670337660431,2.4419528544190645,0.4350500745296081,-1.4194011068163461,1.961342588282693,0.7815763839726866,1.5944154462831333,2.2808672823248726,0.18475489551009683,0.513324880799005,-1.3291662068761296,0.38308620053985887,-0.4472118213636543,-0.4880481953201107,-2.925865438786732,3.291960285479615,2.4557954096598906,0.6330692249723558,1.6863888361556625,1.4307775008501211,-0.4702653208650355,-1.0466069663856434,-2.734690943825376,-1.1537716135661702,-1.2047906282879686,-1.277058555097434,-0.6216851223473345,-0.19217786616308888,-2.3022103015507303,-1.9804863525776655,-1.0262175205097237,1.3184394557977512,-0.5092470053654181,0.5933233872113242,0.5575763510128997,1.4568535876055941,-0.3780287034275376,-0.6869389711242084,0.49221750125625297,0.009678524149759976,-0.9352443471208265
5.067679623414643,7.074408390437116,4.898449737874323,2.493676685848275,-2.5239636959669554,2.5462714248344436,1.1368370797394212,0.2077601401001078,1.4789635299050123,1.258684349865834,1.8760071185898561,0.3580085210909314,-0.7787054823257791,1.9016052893009432,-2.007383798233046,0.6894645967687003,0.6766265144944084,-0.2452408724054516,0.46986526851353866,1.3503299457175637,-1.2091681779852395,0.23401614794475145,-0.8500599308249778,0.31440022542249224,2.950203818248512,-0.18135407228642667,-1.012621640592046,-0.25640946196225806,1.0937718030503392,0.7671272535108906,-0.20983126481534206,0.9527338014131888,-1.753628685982651,-1.3278037748165041,0.027991809618869823,-1.4175756544359044,-1.1732840190507066,-0.373032443476392,1.5156823132866535,1.8258325357082368,-3.146188560281119,-0.07122200119223401,1.731689577189674,-1.5352822356099276,0.44085190016928244,-0.3282022989314207,0.23430136515718614,-0.6037210301976791,0.8695449213507931,-0.23352913245431547
2.5164830572046646,4.604391040715393,6.105564038386262,2.851734322604068,-4.945643528612135,-1.6669772763356312,2.0114694299585176,0.3106981705986471,0.8890995870779115,0.44349712714534895,3.078348237561753,-0.22904240392589992,-0.7314210084238142,-1.2742516056844457,-1.0899843800547768,-0.7530991823922948,-0.07300316760248027,-0.023091094848162623,-2.639226011253672,0.7282333843921578,2.8769244791733075,1.4107192735635772,4.419791044842347,-3.0261823647466923,0.36779466493576307,-1.9786897179284462,1.311117979525783,1.6945372240651184,-1.6814062176111166,-0.37223756945274805,0.7993653423513475,-0.27573683306888264,2.222072126272292,-0.3462955463702373,1.0809961407622173,-2.392500148664712,0.6142404520954156,-0.8421681568748514,-1.2122842135118204,0.6860188436874975,0.42384790958526686,0.5324935642626641,-0.44803207968913117,-1.447656256021158,0.2812660935833297,0.24847712871285987,0.20504683955413086,1.2509318084803378,0.5598164926195013,0.6687371208782614
13.32418818159705,-5.949214723552542,3.991183510107947,3.606560781337542,-2.183297843810053,7.213597669332338,1.2792782405728913,1.8219686777483775,2.760067040414012,-0.5424027495684564,-0.06402016430951385,-0.321872390317229,1.0474748304334376,-1.029212196580107,-0.5910616268697249,4.335948764569203,-0.13258898661408225,1.4831380830199647,-0.3279958814513329,-3.0665521449930675,2.449461787049658,0.6248159948937166,1.7909329123382043,-1.8058157239337482,-1.5191778975037618,-2.030544721545382,1.895980792244653,-2.4140342841054783,-0.6213686197992919,3.1267177062444396,-0.3290436893509374,-0.44231299463612517,-0.5340945992476871,-2.276636541471249,-1.1619612418644698,-1.0032352079663767,-0.2953236698334316,0.9407719655543669,1.9711139205369377,-0.6648564044727006,0.2597257887004084,0.11165716902956763,2.3361128036348666,-4.159736635362274,-3.8034600490074566,0.41822660492892094,1.040255365607678,2.5539727859979937,-0.5959066414329799,0.836815879542726
19.480883662928097,1.900770937187488,1.488341342716625,-8.848314965534275,-3.8354423514774982,-9.234119260483281,7.933761181769968,-5.8464333795713435,9.15784049449059,2.2509220695578223,1.159953539729173,-1.3949581373140234,1.0757666916570727,-2.196257078579391,0.3957224742397272,-2.66696036750761,6.116165617643522,0.23379463468609216,-0.13483995642691476,-0.13254720596555483,-3.429836951228711,-0.12632449181821442,0.5868271368379142,1.94749143955642,0.9927705010515505,1.3899130359649432,0.6531760504731082,-1.6512806369143371,-4.707294529990643,0.25758165598458604,3.324841706532572,1.837527613662468,1.3986242124306556,1.3745921652909026,0.9838661793085959,2.5750932243511273,1.8290287590239407,2.0016783804242064,1.2298321203458473,6.2982573668745285,-0.4312539238580553,0.6101824589396828,5.316043034097961,1.5059339169889125,7.773981098307556,-2.8516654917241153,-0.6905534691783564,1.193400047101684,3.7816161444915775,-0.8765614962369476
2.542102391006317,3.3361353244861305,3.338924496255119,-2.847144687622688,0.22882925851178818,-1.0120787184092719,-0.5018566883779304,0.12897595669353962,2.0380242171148635,1.0871901059009281,2.7186074788883805,-1.421968770330126,-1.1678795614349307,0.17462380213726292,-2.014856421935179,-0.819708587258669,0.8901857289508668,0.30241449351302324,-2.733693669832219,1.499494246024246,1.6898388640246977,-0.4201223605302594,-0.4818528977733569,0.6926025114660175,-0.24754813774609977,-0.8655415901564567,0.14410149199892924,-1.2594249614379809,0.08029204806390672,0.6140730142852298,1.368470408375478,0.684888216837458,-0.02276717001922629,1.1070377210441378,0.2646606238273019,0.1859518753145012,-0.1659947982200284,0.12497436208950424,0.6670103145531635,-0.11352371946599299,-0.16989907323129463,-0.33146123876346656,-1.6730995419666497,0.04710231813174448,-0.3596152630083902,0.6058768411660206,-1.7371843517949737,-0.9343618144852048,1.1094547889005297,1.0898198157214463
5.854827685809421,-1.3060442857690537,-1.0012387345069234,0.45683782541504286,0.29868380047285326,3.0654942183476064,2.5093128067360144,1.5074832939329061,0.2419362755901004,-1.5988889000390654,-0.8452745192553406,-1.6066078086428768,2.429878665225768,3.171419293791877,-1.150495106425673,0.9993513950152797,-1.2893558878946285,-0.8711761486114331,0.06056616764278705,-1.1061266180642537,-0.11912237484370813,0.14212142246677734,1.1405829583270435,-0.3982620461933283,1.480598181792756,-0.7132546652608698,-0.36331776443112024,-1.8038142437156797,0.524736542654713,2.9325513528788725,-0.5102948766521451,-1.1622547049426102,0.967593443678352,-1.3973837822886215,1.0400334421318629,-2.1743365321953347,0.7697363195017006,0.09152769944465546,0.08308766515516383,-0.8978635375139589,-0.6573320300522248,-1.0092451746218156,-0.5345162918444213,-0.7244515194553557,-0.551322794516323,-1.17991389435137,0.5466385939964663,-0.5427605528911593,1.488564636558606,-0.27009662631142467
11.142928380747433,7.725015922670446,5.132046215326014,-2.0070988031596064,8.37135966361896,0.09361776498576044,0.4893689557607982,-0.1924823741688652,0.10578808199648382,1.2632345997300913,0.17118392330630205,-1.6292157076072717,-0.6511598137487039,-0.45093587495236176,0.5485490119951132,-3.458287094484965,2.5162045561863216,0.44780825945958874,-1.674226853014048,-2.4696480160889562,-1.0857976681894639,-0.3510235895333246,0.295465161276386,0.36275303782142476,-3.4085675333616763,-0.7342823736341447,-0.28224351518892965,-2.5491232412920226,-3.3367624288150624,-2.9801074190681756,-0.44336209944309457,-0.06744508964768059,-3.1372456528819948,-0.5055697532327388,2.345615855898364,-2.646375094079378,1.8570980264430617,2.718992762408667,-1.0920880526828327,-2.4878919504590997,-0.573164868384719,3.8336259665178467,1.4244176189889615,0.6961052505335767,5.618663414090204,0.8963440334985303,-2.3074207319248177,0.4215251809682654,-0.0014706766450705011,0.9082595542187635
7.066461197753297,4.654025920486264,-0.5903467460683939,-1.6264193452134346,3.4762015728640407,4.939741157946449,0.872066116501619,-0.3273852840066408,-1.036712434660145,0.6121080445521999,-0.49744576376262334,0.38970582557918004,-0.29758088130481786,2.3660969964758674,0.33665164961107313,0.8368272478966357,0.762553786302876,-0.7163509347812947,2.5544618794972465,0.1667470648662937,0.1790226988938085,-1.5275442834426578,0.32957778834706747,-2.1499207299061407,0.23884592286078243,-1.9454108835925075,-0.13581944554622927,0.031392650106103426,-1.780535110657858,-0.7202841207779072,-1.5540369464163857,-0.28233188222540245,-1.587768445110438e-05,-0.6540363799647942,1.132043603874136,-1.9851709905968322,-0.7297249810831267,-0.7073466414474469,-1.0538014292816575,-0.3154289658058059,-0.4664672861345411,0.3473756087290636,-0.12654005910099192,0.03829232932348267,1.2465302770938531,-0.06573927936315799,-1.4620774136257164,-0.30890706079474095,1.673228651055529,-1.0727578977742616
10.98507334563332,16.069632521586094,4.571539939913015,-2.2378400811087342,1.677551433247202,4.644143083577213,-1.2055179931420146,-3.3889086368596066,1.7130507450352166,-0.7622188980960554,-1.1049768670324098,-0.6597946570597353,-1.9620392589822413,4.52517508729706,1.6228094229749754,2.125735292205318,0.9959593425202017,-1.3954098253811156,1.8175566365393252,2.4703388803314588,-1.7480376125772286,-1.2273010629299113,1.4181078553669288,1.8851446164362478,3.2468914192270164,-0.016844643282913796,0.8323491558082362,1.9088762755233875,0.2666749944966255,-1.901499852058188,2.974736464696885,-1.3401272247294929,-0.10745514211273233,1.0420526643213623,3.48876685370609,-3.1723422972748088,1.1008881743957772,-0.4510288563404498,0.7003944158340121,-0.11652882496276895,-2.5348062284579234,1.7642604741859929,-3.1935581569783382,-1.4655796940165688,0.31538243937880994,2.120995084564562,3.312682020155372,1.005299001832951,1.0269627792132991,-0.9789824259094844
5.306219140324378,2.779484032329917,-1.7484884914686698,-1.7488655921336624,0.6068039891366455,4.877639854365322,0.8652281648791139,0.6495356733604807,-1.9293344067324723,-0.33073608191752857,-0.9815022115187492,-1.0987848002346938,2.081344161833028,1.4004131666495117,0.3330061010585611,2.077379253907243,0.8225788915997574,-0.5772374864713246,1.7137289212801732,1.3983132493396224,-1.221593850092942,0.10548187170662686,1.868676707033289,-1.633043116444558,0.4731518618477185,-0.3258629495780475,-0.4700739004570826,-0.8155327785808246,-1.9186678979283125,-1.0351618377427894,1.7447702278544834,0.1152988128234719,-0.26150676722182653,0.01932856671637461,-1.8245941187315944,-1.0055770271443998,1.2772432315332882,-0.42236977294767253,0.36432964674289114,0.2305818998641645,0.4188629859650256,-0.8517345497166571,0.5822208483482791,-0.03171018217155053,-0.3429467200848214,0.8697734457145212,0.5251720051448882,-0.28813814778515356,0.08599152860912113,0.20482745889570186
32.64086079192389,4.299088642762286,-18.648301468065803,2.6838282167030454,-0.8395860837966016,1.6909712771850243,7.6648636412691395,1.1965262250663067,-0.9265209961632748,2.9799061150715187,2.12327090282758,4.164379332017936,4.013756657240961,-3.908234282390293,0.6648561473801279,-0.6150438486725318,1.3109281743839647,-2.139545148830161,2.5113828541081906,0.16932096232289878,1.0261480342433777,0.9091787811357713,-1.0225083685815344,-3.1107058395668923,-2.567821116014586,-0.5875166755084742,1.1898429023012749,0.9800514625292838,-0.8124165979212348,1.1507655154538092,2.4239359105920055,-0.2310234630219723,-2.4154683939625126,4.467674190889085,-3.3540381205064667,-0.4891495613017133,-0.1287574809872566,-1.6113458257268494,-1.9571088518828446,-3.4259594994220164,-1.6656822690226574,6.576215612063261,0.0069968086090294035,-1.5126348500414728,-0.2701849707873698,2.369909848153679,3.668912190951668,0.2187633949382386,0.7868750902704477,1.1500174625106476
16.914244825658415,14.47846273667357,-1.362172508646622,-1.6798095198862175,8.430245991113688,6.415757841656228,0.8725459142942307,-2.66977813295745,3.463419947456461,-4.049194960869676,-5.022071646024339,1.2067208256885906,-0.042070443831579915,-1.9766828732262636,-3.253273138891454,1.4741890204809753,-0.16764529172945064,0.22703157898263576,0.7022080398271552,-2.808417366639263,0.08819490922946818,-3.795392268617005,2.7021508939605474,-0.7488393983990154,-1.486082308083911,0.5959326547432766,2.0644745034601293,-1.4523909052274362,-0.4801309817474207,-3.1192138934656395,0.7363829862529095,-0.6279373915640492,1.328220578966837,-2.687608436746039,-0.8812510255121223,-4.284284676599562,-0.9354283016061152,-1.7934746866013935,-1.5099884809087687,-1.4442154534512792,2.7843628636804283,-2.707586159660309,1.6393235334847183,2.461735354203325,-0.8051402404608713,0.023652963335268562,-0.7272350065126518,-3.7354542232372245,3.6904648027547085,1.3614310410417327
27.701041466893447,-0.9771353671295104,9.565306732100483,-10.493067172293939,0.8678405632045687,1.0798197428660892,10.390293784276057,3.3697441390043408,-0.19567868483808615,-4.706665164824916,-4.521915067121211,1.8093572227292007,4.185187871827646,1.7519782767730887,2.8244136392887036,-1.3044220535644766,0.7830017052371665,1.2305439633019797,3.3757902655981846,-2.1429315116685608,-0.08274308938245267,1.0895858243614842,-2.03757129526567,-2.3690855901358754,-0.441747808278548,4.3111381712419465,2.1906541191258135,-5.152969684643725,0.4261740258533475,-0.8747554195104366,-4.867204236547843,2.8256368837722676,5.476883097104166,3.210985847113153,-1.092961536531689,-0.6358021790237826,-1.785138824782819,-1.2422651434964906,-0.3881081740902842,-4.958656124008854,-2.8356109652301247,-2.860765902903808,-4.4650800980688965,-1.360630541017893,3.982181972758479,-4.435969204498646,2.445825175273673,-3.3268108772023446,2.644117662803688,-1.6796058088246666
60.111143848388025,-16.33220838060524,2.83158620650853,-5.5208589141162285,1.7419205729995266,-7.109651032972448,-8.830034651329012,-6.258207500593695,-1.056493087591198,10.62934418668411,-3.4309765082702195,1.6931721355997569,-0.07959511130976415,1.2705281374689983,-1.33020028317075,2.1961282088375134,16.70690817846514,-6.348931190592454,-8.982302024861067,-8.995272165476116,-4.789387847438372,1.954551448649461,-2.804085581046874,4.740281666173574,-6.651548850600455,0.0047522232583578905,1.3538843673646002,1.5821306486521776,5.088393951844777,5.96034841185894,-2.8327624243784206,-5.518397149237352,-0.03422263478838339,-6.782992679443225,-1.0995443983192994,-0.6430057799451729,-1.0820894964331882,-4.833144992494005,1.4565184992020652,0.7775204669735227,-4.633180048692006,8.173108073823167,-2.087617006668903,-5.736490711782175,-4.8944735206953,-2.7551162321449607,-5.037488048275967,1.684339175611752,1.8599743913037057,-4.753905010958935
36.527746541868815,-19.140355341411627,4.290291346808361,6.950700918914375,2.1223424404791955,8.744206137305389,-2.9733283271098245,-9.517769837166755,3.184317570127847,1.4910259588299335,0.4377038810539884,0.5351039981792607,5.400082338396662,0.9227139575367435,1.2755057820666147,-2.154481250888829,1.6807717171401713,0.3726317820083036,-4.203398349794456,4.77068311414177,7.309028085952994,-5.391034155615975,-0.3197628983862778,0.24257137038088494,-0.6521798122007745,-1.8244408092134714,-3.9834131363088936,-1.5814746030425049,-3.4785100296454505,0.5089851310159199,2.3939818568110565,6.526256527094258,-0.1672377880502819,0.21984183068897556,-1.0716753325101975,-1.435178521398381,-3.8345667690806877,-0.22485002416585165,-5.92507221930033,1.303304776645758,-3.194446366923662,0.7569284504211429,-3.0905854877348746,1.8851486068293453,-4.076410667657183,-1.3246817728798814,-0.8983386955084591,-1.8709887484964098,-5.199756234553394,-3.1886213179812053
1.9965135019646976,4.561672165097718,3.085585395295766,4.224715633083697,-3.8953377239520584,0.7351849096493172,0.6444149769448853,-0.23464059370897816,0.3473001220453184,0.28465869097487334,-1.428502981751849,1.90774107959874,-0.1941378204823797,-0.5586246163632528,-1.7269662635985887,-0.4048365642063109,-0.08413071707049047,-0.8193464036459002,0.9419347505254219,-0.06945036056144238,-0.4899618120994782,-0.03438212972089216,-0.08630093328537453,0.5045060383322832,0.3880404286772352,0.24620761263574414,0.7534638386788522,-0.20669471753596716,-0.002307108636454308,-0.2758260873838441,-0.6092544178705206,0.7518563505509849,-0.5956941455072599,0.1221506063602279,-0.004130371872564653,1.1384589533145326,-0.26003715679240513,-0.2895020250261609,0.04331093112354685,-0.5585550376855821,1.6879039739427273,0.3217440034956562,-0.03812076124930924,-0.46260135393872304,0.024227209880718664,-0.17661300018806128,-0.6855969147120787,-0.0535341981372289,0.0744892875352101,0.07392374882061045
35.55513853778764,1.2835824775887816,1.0619319713864115,-8.23806973557954,4.033842474384107,-0.8466621497297426,6.622609282722609,4.512814797959702,-3.8423870342728317,7.51539919337601,-5.420462781074243,-0.17255998198636202,-5.655150071303024,0.8843246824333979,-1.2098966225675079,4.007383564659728,0.5154277378250267,2.369408256588023,0.3175357422826961,1.5730527525087346,0.5974810380226038,4.141963504686858,2.346338679976269,2.4799234654370834,-3.694869522129989,1.2214965663497095,-5.795315257454055,-4.768444123320003,-3.4451435960245202,-4.061492996670956,6.222624104767153,1.40887466812422,-4.2424374717315985,-0.9473463821393671,0.33485263397848775,-3.258283468791773,-2.408242861242813,0.10383554987813903,-0.5416953802848967,-1.6808533521474192,2.7849039139244045,-1.2541385302494212,2.17195261207444,-4.049789239331527,-0.1982286028683684,-1.0766275894435733,0.7439979429553714,5.338935572442065,-0.5411262062580713,1.085971538935505
10.320750163544414,12.002623968509774,9.430974671544755,-2.5704195349893615,4.867510589824304,-0.2801880486723748,4.148028344306611,-2.4015251395923705,-1.4394891232690878,1.1029234280796976,4.605742732495009,-0.7711066058245034,-0.4106074554943535,0.37175773244389027,-2.721633144022659,-2.675317815512514,-0.1316476679734215,-2.6818873864667663,-2.4717644041386295,-0.1252821010196437,2.759936724172501,0.2407453994436142,1.5275951244396175,-0.751600051235226,-2.2645350456874893,-0.912699026474516,0.9686404707096286,-0.8156014278224554,0.028105773072532314,0.6089231371729737,-1.2565668764325453,-0.9361100461401676,-0.8741498068279417,0.6666013225636374,0.5266234586060815,2.6522283363857704,1.8205242808616493,-1.9385825683461209,0.00957611143463083,-1.7427413729995804,-1.5414183532088723,-0.44933917211943397,1.7752390172214279,-0.16475519517218487,-0.05723862774737781,-1.1318607634643045,-1.7251516033469736,0.46638843871222757,0.27356804919465927,-0.5693338673020925
37.468206459094944,-3.827983464868904,-3.9881390554042824,-0.9202247691357875,-5.011970345125795,3.542222972412707,4.902195810963427,6.28946656527965,-3.369502931943493,3.1081183012457316,-1.0875740786874573,0.8926541779574542,-0.476742866398716,0.027136605368655586,0.6591479463964351,-5.6894683227193905,0.4251190675739063,-0.07865492844412425,-2.807537857670028,-1.2949845878268063,-3.7671954450296763,-1.123812353075921,-3.9513887379092645,-0.7820659859779824,5.37077429308847,3.149226309135049,1.9003386827965107,-1.4152197071283592,3.3063935054063305,-2.3257028747697714,-2.9837767356530422,-1.8058569281327417,1.9826511422811781,-1.6622836774722207,4.6693050992681515,-4.641479515928961,-1.8968432874917989,-0.4307012741712711,-3.077302335632944,2.2046348422900657,0.7802694353532122,0.1948127472023416,-0.5773841975136685,3.8514013946937835,2.8530335714325763,-2.1039590874702356,2.6664717147562813,-2.0516953802106688,2.70742374911787,0.8532214569277181
17.486659780668493,-1.6080780986281675,0.05930364036511966,4.56137797836239,7.133681953125435,-0.8485702564086619,-0.9008656378001056,9.036397358572563,3.269663093162549,0.5649194349149642,0.8391253838740721,5.403916057230735,-2.3342296240613005,-1.0131012654551843,-1.9007223585574438,0.2673026120550782,-0.8690635560126501,-4.55711365473326,-0.5228874773137459,-1.5637446552859633,0.7970511407248355,-6.517049374651644,-4.467926900852416,-0.3309128199252843,-1.8994702865858937,-3.459019024928514,0.5882480251644953,1.591192764195144,1.9038884758918093,-2.150740717416998,0.21701539521849253,-2.227084507178733,-2.7299408618050225,-0.16046762662390635,2.7203812520040245,-3.8331756422845604,-3.4915465262139938,1.805975502540758,-1.2802602732459745,3.244899984336717,-2.3292008106551894,0.48138253357079486,-2.2675063516949465,0.11034066906983198,-0.2981677159099748,-1.9015763014394413,-1.0849837134742604,3.9270742513598647,-0.5436737537720816,0.7263298230057813
7.324727768025713,9.918174945267134,1.590689957820474,-1.415264136045976,4.64657080966607,4.505108738002141,-0.9761393734305173,-0.8202319988212927,0.5604040737453012,-0.21688547441038347,-0.4624478528082918,0.22790088667286867,-0.5607275880866415,3.999712190416411,-1.8925015055197065,1.7237406873832812,-0.9762663457550331,-2.888416549112609,2.441775915084357,1.5292838330906358,-0.21336949495120827,-1.3921948768381953,-0.40608617418039333,0.25330904072433325,-0.6933809487120337,0.6016406771534595,1.2919276877078287,1.1535156227677246,-0.18783548002612582,1.0025763743671874,0.7086439446696426,2.082824086820257,0.6399389181610369,0.1753572445077484,-0.0021961871538739852,-0.6964774824662846,-1.6353289283309373,-0.015144291342972849,-0.6561954221022968,-0.852309084350954,1.5194709552251386,0.5701151795282919,0.07751685598458924,-0.0930612173476573,0.7712951815507962,1.2982010925462015,-0.399019086104698,0.9065494834161393,0.3345269412630158,1.0367206781979235
4.7430001439757,5.427003427288367,-1.4854811335415945,-3.4382733703410655,4.24210808712127,1.4560327461039737,-1.3445100166391186,-2.968513846356866,0.5361476918161417,-0.9071020551917672,-2.168818422732883,-0.05085375287987423,-1.2663252315640035,-0.892362634651826,1.037400025815701,-0.27455178141487946,1.662187571528788,2.67329148732868,-1.0423614236700498,1.3559757074836274,-1.2311009357413751,-1.2928101935649143,1.6049742082455045,-0.5932202650405554,1.262684939503264,-0.8594908097288818,1.5168435191775096,0.46263122665706385,0.2739272198807347,-2.562565884588678,-0.05057178241613036,-0.16374632358349173,-1.0842272046372194,-0.7579723000866458,0.4231630962657432,-1.4680066269172776,0.7416556199179776,-0.6370741604309507,1.9330019098256637,-0.41454185551018363,-0.9766459626903377,1.8479574142634787,-0.15248400306400378,-0.7552852294231197,-1.2442065046773993,-0.4310007180759604,0.4963772538774239,-0.7319160286652092,-0.6618910938166935,-1.2433392871584101
6.433018156720714,6.916560884522392,3.2409673405497337,-1.0987572235764893,4.8647333325115,3.2262142201871864,-0.06782489073937747,0.39184810932995107,-0.1654542045570372,2.1661591713292054,2.9621895073374263,0.6003134431742908,-0.8463644751496614,3.628999615033525,-2.5592638288545886,0.06664116431309747,1.5620149146249274,0.4007145025932828,1.0220052763608105,0.1870627742058403,1.0577462934476587,-1.2342567430654512,0.5979544658209454,-0.645634138464065,1.1398406999811357,0.4919403327012964,-1.2275121120290666,0.8385344772369292,0.1266212864869789,0.8777935405144012,-0.1392620512335001,0.2839869770548227,-0.547924401005588,1.1733595752363426,1.0774085542059102,-0.16355673821951117,-0.9064325319164651,0.7295957244238991,-0.8541098351750545,0.5677297302364805,0.9019476311509138,1.7392756275145025,0.1931186505281524,-0.8999621476615556,-0.42907795005423016,0.9308648895538583,1.2170843628225354,-0.2882367265837747,1.289303388972572,0.4006896977570532
13.12208417817264,9.038263412214112,4.405413748040093,-6.505201305883276,-0.6045984824137137,4.799526652566739,0.585311264399218,2.7977388919878137,3.49080536180411,-0.7473068838842424,1.4975710395276978,-1.6264799796098277,3.8398323028005708,3.262131257288751,-2.30540367053606,-1.2946813606098777,2.7180756512581046,-1.4613442815479438,-0.04038863880763319,2.0575617136256845,1.2900917724638359,-1.8972043481985585,-0.07254189312471526,1.2382836886225137,2.2816301085161452,-5.416200457280114,2.5437984380103917,-2.341307146790826,-1.0855258798764083,-1.1352774861827415,2.1808078085131255,-0.1263199951522671,-0.27233059771824764,0.7786826993007592,-1.3143804415790563,0.9031388689709128,3.0321579871535285,0.06314868408308438,-0.4438738819874912,-0.39661144060773745,-1.3610719101022526,0.20360333874253028,-1.7944753702587173,0.7145506671384562,1.5269721038058839,2.7572630243961056,-0.4769663852063173,1.3739368180941218,-1.9160101013691937,0.5664375424263777
22.962573484163585,-1.219573270639005,-9.574603406345151,5.758939055508923,0.19282068880112158,5.240775250321476,12.08623427630938,-4.089743518004013,3.054750775223927,0.6284523042766412,-1.3021374423795578,-5.053978199788342,-2.969160146286692,-3.412645530897476,3.4341078075907427,-1.4293159116911385,1.1175464163801228,-4.769386516898877,-0.19513692238444857,-0.24138344939003936,1.973335695428675,1.4346787105728855,-0.989056461073011,1.5429920539214752,2.6148508373604944,0.6301556235802896,0.9363282274770905,-0.5911178970167978,-0.04512642840697634,1.6069066335918383,-1.6569500944569115,0.06935587776771956,-0.5319327879953037,3.15214314332135,-2.279319129689219,3.0254015827577656,-1.9131703605255945,-2.350205860386227,1.461843639504956,0.10941280564859168,-1.9870023020066703,-0.6540970983450057,0.6353865629104178,-0.9585578414428788,1.4451733626367438,0.5932176184732967,0.8438349021479326,-1.4563705593470286,-2.342247632132517,0.22686344499441669
8.734275867570611,-0.17006710741773023,5.0836156951619795,-3.6909280397461006,1.0574944436049638,2.652960803847538,3.3395423821905297,1.93638056530535,0.28394657288597924,0.7123014985836821,1.4856355799768535,1.382984733487691,-1.9611338265927436,0.8854942099595511,1.0416228220408856,2.256877426784771,-0.21013176453903526,3.2412717540735665,2.403043588398982,1.0364883661258393,1.5246887179797366,-1.2897595698873991,-0.8930395419417674,1.8088287563392182,0.0011001802305208308,-1.234827902910702,1.8430246957055019,-0.9440546106092194,-1.2141839597678334,-0.1793955051581028,-0.3891981053054978,-0.03011943760180197,0.6754193278714857,-0.5583847201727894,-2.999092209846661,1.2513096715278529,-0.18539912735427438,0.5036638459869559,-0.5873123749641256,2.1972966743459375,-2.605312723356315,-1.2422369370772537,-0.16902482140393157,0.024505820485051732,-0.8772086246654638,0.5346033314885705,0.665524390654767,0.3348800139909007,1.1348986856334606,0.08602223442944568
27.064935321284935,-5.337539300369705,-0.15161814219838196,-2.5025352669528385,2.4793485210669064,4.474052008006947,-11.574026448949125,9.032284432686378,-6.3978326450067895,0.25703718074673654,0.38221748979314346,-0.1251803787075879,-1.0092486657545288,-3.110817526543578,1.3049589124314565,2.8793690577334163,3.8815089331230572,-2.076664264439862,2.4424238338671422,-1.9259073150387918,0.8302271695162589,0.4966647675027993,-1.3584875019951128,0.12324718943506291,2.08457442678656,-3.934738100635561,4.994268212196547,3.0628983770510794,0.510068374109302,1.8518990522899395,-1.926338009317776,-1.0831977186894197,-2.0071740858985057,2.7709766246261807,4.732621302303867,-2.33421082596388,0.32050362506373625,2.3189183013984875,3.157663827638804,1.2508781369802024,-0.1210961711100316,1.4821904912110173,-5.301339077048867,3.560665917832736,-0.3526726692104025,-0.11873445024195473,-6.085161414048663,3.1719207842295503,-3.5532093624743553,-6.1021433770776685
13.265526219479646,-3.372865682129041,6.5417656812871074,-5.825988980478069,-3.508339788314543,2.006257598997424,2.132874557796644,3.758461361806712,2.14204399541609,-0.7829533087030945,-1.1422460030212567,1.6683978268309336,-3.3627460784930068,-0.1956422391159691,-0.6995783512874197,2.161117477000298,1.8311984623813329,5.082671120658959,2.228137678612495,0.1810012365025494,2.723465480845396,2.4029625049584666,-1.8927107765300777,-1.2923420505120562,0.4582564373714415,-1.4732626019675759,1.0057282944750447,2.1637525255812573,-1.4349397769828118,-1.646108956849606,-3.053991854053546,1.0969273880523143,-1.540748743982325,1.7406330604167868,2.294943126046818,-2.497769614349173,-0.15367673100909351,1.791216268686814,2.406079777330346,4.290186386771328,-2.0598779243989145,-0.2155080211403586,-0.7371549467069922,0.63664196163366,2.4035574172657883,-3.1470771035503367,-1.126001536299854,-1.5011641834680323,1.3434098194273971,0.12626920500760586
6.096563921550552,9.51071599828063,7.9359701564889455,1.8429567603908437,-2.517754969183661,-0.35310806093419295,-0.24714882584678788,1.1654971724410652,1.6405400585204748,0.7385918503187923,1.8549603808749957,0.2750255386250012,-1.2516018661483919,1.011177624619846,1.2252634563670817,-3.8920167756824497,3.614775472158046,1.1949798913135012,0.9015742576798296,3.0064064616960238,0.3949164110003237,-0.4384918763104223,-3.0658051154383212,1.8327804799275593,0.21367380068953568,-0.7484352571720851,-0.9924866493808742,-2.1309844651618244,0.6132424698016095,-0.15264020203108708,-0.7429887996444635,0.15230061582179882,-0.8157979507122608,0.8081647835913317,2.7160528183952275,-0.2067758488805482,0.6394505334263303,-0.9687204771404099,0.5541239745396465,-3.269146456403494,0.6340905323270758,1.2371720246956288,-1.112666169519909,0.7004224004250033,-0.5263850487723423,0.8071391052657044,0.21383791502575167,0.34517755135394623,-0.5469054320322099,-0.4266188588462799
10.449987769001941,9.594490809553943,0.5285730548562738,-4.709536136901157,7.683784731573768,1.7751816323351632,-1.2317220534413418,-4.831343172194062,0.9740823340470557,-1.705171857254055,-2.060184496207565,1.7410704628236127,-0.029923809447216898,-2.8642223650441054,1.5740876178638297,-1.510026828213046,3.053109529154902,3.100939244614245,-3.5131709077649136,-0.4020362780880863,-0.38115376319755556,-0.142937012033725,4.964003057008869,0.4251104834806062,2.946582835102158,0.40640830941386263,1.1718095309844139,-0.2524580664279321,1.9841142894254058,-2.7854514393594525,1.1414885749597694,-0.11082960747537962,-2.322814794493194,-1.1424430402621655,-0.39837539051661264,0.07144214976469276,1.5322858771317986,2.2197604749077104,2.978027387047991,-1.6333431776723217,1.2776427897020926,-0.2539399480622775,3.43161720723125,0.9898475772424372,-1.2944852358082855,-0.1664672151858212,-3.280594056772573,0.42328810148851054,0.7654739783052926,0.746365997929554
12.281218942511131,-0.1637965903922325,6.88623574377913,-8.34353754285265,-3.6573105381214637,0.25258138575034694,-0.6978335710876187,4.251616531310135,2.1658067194315542,1.2222418898865748,-0.2683024634532858,-0.33018770271956666,2.133786967213396,-2.852861535941263,-1.5120913624241177,2.0192421186588807,1.7306337958632025,1.1087871699470269,-0.20026648134752556,1.1034400616533433,3.2183822267964657,0.5286844596581188,-2.1875583245737995,2.6210956457734644,-0.7227219672898574,-1.096166903421759,-1.0081423524476691,-0.09740472008236423,-2.1422365412867475,-3.412385813679886,-2.8372907478926352,2.6092885974908224,-1.905265068046,0.7373523386613474,-1.789918353568859,0.10240820117484156,1.3582012609235221,-0.07830980449730918,0.989596481682022,4.415955717166346,-3.3176501005152335,2.1374631542752374,-3.110412614445117,0.320547186682528,0.8083990373552817,0.5627503827620748,2.58792348822909,-2.925746529029994,2.577417298459257,-0.7629489479100282
16.520448891415363,-4.1305070755508915,-0.705149585003996,-4.4246101609934065,-1.061164536386126,8.710663784276344,4.881892250031236,1.2358096143628354,1.2775906808094337,-0.11766713495810366,-2.1148483078196043,2.494337278098602,-1.6151171031678444,1.1860570002186948,0.2273131542119508,0.3781554147106305,-0.8346089358132925,2.6116348875478277,-1.3866887163517583,0.23700031683028466,1.9921649461554316,1.6184170599488636,-1.3684120767115369,-3.1763163950863165,-0.7541172050033441,-0.05619268495700114,-0.9092650498065725,-0.05938001935316772,-2.273403828548118,0.2099160664299624,3.5658887733160256,-0.9786651604965955,1.1090024678341424,-0.20742991214277584,-2.235132020692766,0.03360378260146479,0.7986457899500533,-1.8050469496908785,2.4381544342116497,-0.5353243431566197,-0.14756882544021355,-1.806084810346548,0.24761221723681442,-0.35361157979992014,-0.4184166463386513,-0.42067209799067895,1.5282899185533154,1.8269665005843723,-2.5479119864243787,-0.5504506023837541
2.4731228581920486,4.237455330578506,1.9650353018426907,0.5541747888701056,1.1856242569340552,-0.566983834029916,0.36152590635793297,-0.7993548277385008,1.3675392121916548,-0.610570630923148,1.069986406952009,1.4558723190175453,0.2897877345693031,0.3244752427926729,-0.3267637933645141,0.6228980692714856,-0.18862514332659147,-1.5076061013844173,0.019345304598031243,1.733302257718621,0.5314305635323333,0.8893369656435071,1.6139583948054406,-2.077855086207249,-2.6533760151440102,0.39950576867745957,1.506542895792023,0.4794787264306258,0.2462772566075111,-0.32690621933914205,-1.560121813191414,-0.8313188314910215,1.939377580138063,0.07647814705895076,0.142445767401068,0.33790063787816454,0.03540616285959211,-0.4154179848212273,-0.8522698478216134,-0.4034848941329732,-0.6241244433312304,-0.49144635521777846,1.0863576126823273,1.1544242819842476,1.1861997326951017,0.17554756596906793,0.23785397522151602,0.032698609952773655,-0.5926654984628139,0.516643502056819
7.608374884508068,7.391362881652105,10.858199432490917,-2.305832388504874,1.3341817405913048,-1.4612573017000752,5.897379130299781,-0.7640496020194856,-2.8941107117729814,3.096844443173928,7.79893125567202,-3.1812744753162154,-0.7385423498773952,0.23408045775491468,-0.6375498631394017,-2.582121575131087,-0.21395908320990586,0.8507466701677782,-3.245339728913357,0.5341921704962951,2.531144756567674,-1.4790250880596965,2.208161387066197,-0.904354027542825,-1.4744011112676243,-0.2616997388081267,0.20645968830655867,-1.5356667223251241,-0.2103076070921974,-1.3395217326507518,-0.761294005469602,-0.5408103686365613,1.1826354673789568,0.15680431536228023,2.8462886392485647,-2.7771557372040725,-0.43960435837681927,-1.1960144206183556,0.39337253851077386,-1.8278123178151962,-0.04563586426121091,0.4369953329928626,-0.9948803487983341,-0.3844310023246116,-0.7683687500321212,-1.9062952723975952,0.5615624799630253,0.3391447900171854,0.2087949728520347,-1.556915402506275
5.883369362925035,-1.4621445176489334,2.7796274042403315,0.45405623852932875,1.3169080962424016,0.31686873123753356,0.0730298040240569,2.53041613560315,-0.45380802607770654,-0.16955131900305065,0.965814061874022,0.3821145363705343,-0.33538485348530567,-1.024781482930767,0.23473234350590824,-0.011560824247105222,-1.2829721423303848,0.8276708815005646,0.17456395146217968,0.2961199792429737,-0.4556574768427806,-2.6365875679027146,0.8155183337174468,0.28223480125183076,1.7348776326644462,-0.6585292518806574,1.2193789661406187,0.3789084501255893,0.07718104386164319,-0.7531369825875877,1.7216586574003676,-3.6489716286226193,1.2972521192440896,1.9858357710415453,0.224083311604666,-1.3931897585874546,-0.8845276789542663,-0.2801331157587567,-0.3042776314736267,0.48053408067132053,-1.0787691812062508,0.4261301323526129,0.10377625006301304,1.1035349711958347,-0.23493234455125156,-0.38464825896993715,-0.8015798018976191,0.40955828267899563,0.6369663963321206,0.9444633241243736
9.27835008457834,7.703630638479495,1.5439465065630502,-4.633663702512555,7.4546440023427225,0.587363866788065,-1.2240118194251361,0.14067446030530972,0.8023417079721453,-0.6160225499716644,0.6430414040490158,0.7600158672966532,2.1207329778315365,0.28215207272398973,0.6210038734234617,-3.496183681456909,3.042708091467896,2.9562045806827872,-2.867056935921631,-0.4129644824072125,-0.4228438293104443,-2.4922595438559187,1.9638728870929132,-0.4699012449093193,1.2775243047364322,0.4095792467669588,0.4008894138249581,1.0676272216952625,1.1686755314917157,0.9350285873540505,0.3153320028368257,0.6259258990337895,-0.6225656693143508,2.736330246179942,0.3230972024522729,2.7380064028935043,1.5249169678116903,-0.5402063252777946,-0.9530974343351797,-2.160964270319686,0.713417795044446,0.25504550079896515,-0.17230918525067396,-0.6119608542607278,0.8356178317081572,-1.219828246111644,-0.3445037813912043,-0.5565403805741764,-2.433825650401163,1.1464647764900997
25.486200927431902,-2.9016491975478482,5.104771888858634,2.2813912406266335,8.878188274165442,6.5202419373409475,-0.24700506240450293,-1.4486270632314697,2.9614335001213146,-1.79621101275509,0.3445216648901521,1.3488476026914649,-0.5362929971185233,-6.978064999311142,-2.1216885028142465,-0.2041436385488829,2.851944710976574,3.798839903965294,-1.5442947862799743,-2.140695303916041,1.6766755057692917,-2.2301845669426177,0.4304921515922463,2.1390154139343784,0.8011422569212998,6.259291845114036,2.6315044600188333,-0.6828159211077778,-2.282667052707566,-0.662072828992499,0.8596910912793094,-1.7491645513552867,-2.3740357135669914,-2.2444784202888894,-3.7013528139788647,-2.8476854419447006,0.5817176591667657,-0.025755838550005072,-1.1684380026135117,2.439030828571074,0.21987250199879516,0.6476150230751299,2.0209382436653356,2.718661572772747,-0.6813831075321313,1.318234269935517,-0.3974838660803377,4.103099676563785,5.719588959564495,0.41943595998523353
21.806355018210116,8.444749249094428,-10.904977215095212,8.892411678609545,8.468599571283368,-1.1907906105426482,-3.7025004676183,1.9300180234175286,-3.0613658670965433,-5.128641249479212,0.6500339083696282,2.2580336108929258,0.5165987072440777,-6.393418710381268,0.5845770038347038,8.668464736405172,0.7727887497137654,-3.666411135034965,1.69959967556703,0.9358900522505097,3.2966128947777467,-0.9528444025173486,1.0451329643540421,0.40690067388069484,0.1095493593208905,-2.7643207106802326,2.5015145421469347,3.2066954170675404,0.4352984598259873,0.23047107677359824,1.2712051926308237,-0.26653821548997814,-0.6152592806697028,1.313795282103754,2.218184447229118,0.2807164791702004,3.672314722463515,-1.3893100464065393,-1.7516357327028054,1.145030912858378,0.6279839316525784,-1.0625609085616436,1.4992010615300635,0.5618724668557753,1.5737718820126023,-1.5468549361407546,-1.9398308225382799,-2.1180022025256435,1.3645586716233125,-3.211221128464815
12.905121424825374,9.39941049201039,2.0047688225033355,0.41468672865307443,6.681156053659308,3.1407672060681953,-4.401488735530081,2.2124671579898956,-2.158571149044318,0.29675218682077764,-3.3112064947712927,4.648093554931312,0.710347397361148,-4.279700833593106,-2.3054616933779175,-4.619500969597242,3.1101220761245365,3.4829137540842363,2.597796785483043,-0.7851788390198998,0.9550388875190772,-1.9710089046741692,2.1181730337522677,0.9174451009727311,2.69389374074153,-0.8427501669642168,1.1409580041519118,1.7849938828553582,-0.36257690128757036,0.5125835123831914,0.39680283343984285,2.262903706169577,-0.22371652886997512,0.02410329436406311,-0.9040133190530968,-0.4578011033228103,2.990614639393951,0.06675314491928583,-1.9973816880469561,2.1669793741421604,-2.0858528720537963,0.6041588702390011,2.018940487186449,-2.169935018276702,2.514988905713644,1.9649322294775073,0.19493114433990985,-2.3615115760695917,-0.5684148191097254,2.4545854693882254
41.5662042513431,-16.591008375511112,13.64923998502304,8.102088798128344,1.8597577200168356,-2.4681921733550487,0.38276294482993556,-2.099421940326673,0.029828846739021198,0.8278514129875316,-1.6439437742550618,0.23152012367176356,-8.221187823566959,0.3274237010349593,1.027593786420665,2.4522328835484704,-0.7382595653915659,-3.8308781346823837,-0.08576047564776837,6.270984231006773,-1.1012701779261922,-2.141499399120826,3.2491728928322767,-2.957405375997378,2.7260818966738993,2.96929349847275,3.7090874244404723,-8.57379078081912,-2.260752236303664,4.648710258152523,-5.011261615630635,-1.4079852711874308,2.353747997762133,5.959003631955557,2.093924682695244,2.42081619055646,1.983448578849726,-4.983792532667803,3.010571694577372,3.702131002454316,-1.5728459258649998,0.030046311318079166,2.067158477813976,3.911294708331741,-1.1362256046807941,2.256913757794689,3.2233416475618832,-0.5841072222171424,1.230069892439305,0.9318737392551657
2.0045613649292973,3.8983528731988186,3.919546149589309,3.096561165993825,-3.37712167853819,-0.12062757674245553,1.4536995697841635,0.12314629576935009,0.12748029213502882,1.3279510354257222,0.9290144456346857,1.047227298903101,0.06926166721965196,-0.8268110370222684,-2.6845667035206437,-0.20325437459172468,-0.8029007935007004,-0.0515565725108363,-0.5200952669463695,0.4032054700113679,1.1719799184125594,0.4620589465392504,1.711289843761004,-1.2613556529906476,-0.9653956662109746,-0.9530768464674738,0.38820143545581387,1.0052176051759962,-1.0528975811011363,0.34209943620618494,-1.276757689033939,0.4419564325173725,-0.05696432993415029,-0.41094629362904206,0.09566241790810612,0.07211527833004545,0.20923680286608862,-0.7791302917593944,-0.4394598070167366,-0.16324468205080545,0.9085942934883793,0.9643109646127725,-0.6019426746506481,-0.8751263747708758,0.19618073856761392,0.7608781118701022,-0.2083034651366346,-0.03972441226974977,-0.4588858794897015,0.6995718810780942
33.71646583981237,-1.9322969917698833,-13.204396453685042,0.5632979301545715,-0.4308198641328064,0.4599903257230351,-0.2562009107575949,-1.93282747462377,-10.894218469589745,-12.023311665967146,9.121947822502822,11.399666303317336,-3.2170210458900983,-2.574637747019102,-0.33936713096635573,4.649189913274283,1.714512495520727,0.48985550086815616,0.8986517208124329,3.4405325868680934,-0.2649344319266558,-0.9725148460096953,1.2386998915615917,-4.286630355220741,1.4877536183283628,2.323126199154653,-3.5188463963096512,-6.975067093033198,-0.1749105972506308,0.29959990295729444,3.7419503712305886,-0.8246022745237869,0.38168724066091403,-2.8374302105057065,6.68092151133159,-1.1562027409688214,0.7833423027411239,1.166294423812575,-2.6351082916844977,0.007024844447786845,-1.5842073823460376,2.9811417437818797,0.4383159130303562,2.145673477354802,-3.210872934738951,0.16985740683452866,-5.852823905289227,-8.801251003689844,4.190388363268264,2.511683177253141
1.6562784227687988,3.3463755835455635,4.081071744324531,3.6197935603027473,-3.588578024748956,-1.1144151156093278,0.9276812202764364,0.8150567588982613,-0.29826266917415967,-0.23793124919494282,0.9371268969126061,0.4303943263159465,-0.2534527924418016,-0.3723988174961847,1.3908302498408045,-0.631566652994782,0.5115913692046582,0.756014620243608,0.13146388581630183,0.009829031036028668,-0.2170249116269799,-0.4271911351748662,0.42532672230483415,-0.623509098389141,-0.2983234365052398,0.6535624325576,-0.06221464731550552,-0.15020166317787687,-0.962098155848023,1.783725946856692,-0.6549027539280692,0.6880010680760116,-0.6191239601837755,-0.6270737865929195,-1.5483577814838643,0.1755859886722746,0.31982736098818326,-0.5220702236791056,1.2132943686338187,0.22806176599712297,-0.5930116762991056,0.34271480365680107,1.0501721459489974,-0.45596241647242713,-0.2198855514306453,0.02772846734134325,-0.48314768473486186,0.2998560066466441,-0.6187171267066061,-0.7187038070105767
13.744823097032157,6.426652717310992,5.2252190600296675,-1.9732447482614424,10.494952190713693,-3.0755941714168484,6.655221287482462,-0.08512642232798169,-3.4269468137700247,1.1482043644273339,4.870889509957394,3.0152792214500748,3.422790312725925,7.344003067576009,-0.8646833531560862,1.4322715942556852,-0.5343197525113363,-2.861051453381781,-3.0333985376818844,-0.49980566897416534,2.3674675909597704,0.8273769236690613,0.2347943407723132,-2.315246242396196,4.903947138240511,2.065782121515878,4.764183939362672,2.0951945496437183,1.1105717801170025,-7.90241659670324,-2.2599183096194255,-2.463583493658766,-0.28833258357844904,3.0776026683578044,1.5374537717366394,0.34298326674860546,0.628206283884364,1.9776342073010862,4.512259416431942,-1.190443656235413,-2.9357742469529278,0.061869084923193096,-0.2058382938152643,0.31829963067767714,2.086564343024921,-2.3730934648876283,-1.9158814081507514,1.2384549152710431,-1.540513906303337,0.04259914679482191
43.87972552980049,-17.964964967969,28.75173938460923,8.744391578240903,-0.6101805280091348,-9.63491712853703,-8.053099474263822,-1.879964117454453,-7.577708119064709,-0.5629404162903822,-8.888491422837356,-4.028959865369689,3.497239506803857,5.263439675965293,-0.6819237691600202,1.9096859888150925,-0.09189208818871109,9.512855001412083,-0.705584010500707,7.870702056025133,0.4421124457481752,-2.7538170238476862,2.2954837078471027,-5.859310483132701,-3.238339736954823,-0.5005287409519006,2.106906656027645,-1.1568756568708578,4.91304695961832,-3.3320543476691014,-1.5609756926723062,1.3611295169368725,2.7875512472963537,-1.412741065352223,2.4332981796283137,2.7338754197863357,-0.2879637033574025,-4.619997967284473,5.7621530699423005,5.812415787066134,2.0644521218191514,7.6364401900470265,-1.246214355801913,-5.95984256571997,1.8188537586844877,4.668612648094921,2.3742688577689197,-4.27140423178767,0.3150790879980625,-0.7505346372039385
20.42805260936562,-4.475704890346726,2.462376577438848,8.75064725044483,-6.065338905003762,12.495974361500966,-4.27413131020062,5.303474611119085,1.4690902395365208,-0.835668052271854,0.1974823823898424,-4.9527198043150795,0.009275364145462428,0.2314184612816862,-2.0502660647978255,3.7242809607957597,-1.3854487417095809,-2.590102237891886,-2.741777062840844,-2.1092237548544497,-2.9276011667911406,-0.3056105692759845,-0.9879175898637484,0.511425679426136,0.23957681417382654,-0.4443177340651735,-0.2913154721765101,-1.1682959733742737,1.4984121609317804,2.6303890928882177,1.9570095019345657,1.014837705650892,-0.6345328505578367,0.8170628356720953,-1.8230235810270785,4.107925539186565,1.641672183708211,0.9290332610060925,0.32644374749472654,-2.832942734076776,-1.8894994817748332,1.937781744199256,1.5087445292236894,0.4913104709635975,1.4111038859285134,-4.133444261616271,0.8062027123825712,-2.152633636474982,-0.08540358020527705,-0.23930995604215066
48.040365905234744,7.622969242221976,-10.835599578622624,-12.173878421587162,-1.2871958506899386,-10.496489510293786,-1.5421422721016942,-0.059329200568797924,-0.9353977568402188,5.535007784062866,-5.288026694567187,5.104516695884372,-3.8679715578432825,-7.1350614952166636,-0.4394966343612199,0.30431618714201825,0.5360789292398034,-1.242042900349052,8.425246891926749,-0.5630520566972664,4.86981032714667,2.893011367242492,-3.3551398126609877,0.6799833500644344,-1.8138346765218647,-1.6021786030799177,-1.6449322408476448,0.9113978502890543,1.4841425616816604,9.52551331958262,7.167475558173429,-3.372306814646287,5.321470000935693,-1.296671746773371,-0.2574847588049662,0.04682993815712322,-0.005690712829856892,-2.835035307367632,1.2115567940336163,-2.25200349030736,1.5061517068140633,-1.630087878671801,-4.928481714698183,1.0761448564809941,3.7605535269325796,-2.9821913073520503,0.20880961794927222,-0.3003215836435065,-3.0729648873937805,4.0587979005178445
3.0173929595980953,3.1772028920404574,0.47741456405862354,0.13851276855889794,5.480049503318758,0.5048973814002837,0.6263019381998596,-1.4501843373975727,-0.5702676659500694,0.5935588357585837,0.5928499362449542,0.16892930536425682,0.333519622143963,-1.220684943334314,0.26351241537350567,-0.13122791946251094,0.8915629213543359,0.22836230291267728,-0.45589594391981636,-1.5901741618535743,1.376912417432264,0.3032857131037544,0.16851428786200878,-1.1911272678429867,0.9320179141680188,2.5998611262548,0.1933468505539071,-0.2750696911173074,0.2851972418240274,-0.8200268095251233,-0.9829684806055614,0.09223089169071111,-0.11830324137141915,0.48358375311577606,0.4356781010232982,0.14050295331312956,-1.2499787094658643,1.0281674321702652,-1.5651658857286659,-1.26516450132512,0.1305619114149314,0.07980668962078502,0.5608152093761098,0.19764998249751603,0.0757661808289124,0.4254800458843295,-0.5860545002442328,0.9550750112312886,-0.9861995809409922,-1.3237036620417217
55.169052519338024,-4.715491616963382,-7.763370343968824,-10.417135784494867,-8.911241174816967,-13.740207837641293,-3.6186944556686766,-1.3443918136356452,5.520194631685664,6.874778783366419,-1.4368569400786075,-0.38489681765740014,-9.922735391729486,5.749869265698335,-0.25899774114556817,0.8492222916272958,-1.924869125597545,-2.7308300291083194,5.062911245071533,-8.636550338351004,-2.2894224003612837,-3.0110373337245018,5.066811612419186,2.227492539792425,6.529836585730411,6.808724438644585,-3.857687915738645,0.7615675398055588,-9.007799443974202,-1.074436978599133,-1.4161481617770968,1.869735357512758,1.8557485367958464,-1.930170047080923,-1.312344006338449,3.378669765462474,-5.493438957258552,-5.415725212204374,8.590583778543285,-1.830733839459038,0.044324992504009675,-5.620257032617535,7.580869105224096,-2.1429057079688856,0.027657007846558113,0.6828701759943375,-3.685589720917638,-2.8184416441688267,7.6739937762954185,-0.29009960514318445
41.70590174530022,-7.722246623003153,-10.10175581544367,8.303073017928558,4.413664528704857,-0.7128792881967655,3.696238707045867,-1.9869646305835558,-3.6658131383165866,3.0909523589329577,1.157184905547072,-0.8632478765142395,-5.421297395639011,0.6045067297904005,-1.6417363409781416,1.4861168199335115,-3.1393111356767327,1.0468011980946081,-1.5978819905051653,0.520347342017623,-1.6843603979562518,0.4227749325436415,-6.9803451113490205,3.0465999153898986,-0.5663411485523887,-1.5756340914065567,-1.0508857531071492,5.005760002202359,-5.791230232768209,-1.0820071984207005,-3.578546738978249,1.1042744370696533,-1.4305340871340047,3.897024611128928,-4.3295379764472495,-4.888199168782148,5.415042797646249,-2.5836739216870757,0.8685757174738162,-2.5821040399981445,-3.403022727453048,0.9442741526319165,6.748774551906468,-2.5009648696879245,0.42712085382960097,-2.4880836470374352,2.0240774359443394,-0.36866276672133047,-0.29511296859282404,-2.4113618701697828
15.889766454117636,-4.849341581053314,1.0995057889819133,-4.705247492156552,-1.265157969288312,8.75339532155757,1.3397095901872753,5.06745029031449,1.4328893530341906,0.3019703706846167,0.8591005798031789,-0.07010067973144019,5.002643911904062,1.080273201611617,0.29251820926735506,3.683846089776031,-1.3431850791474909,2.3725396459783674,1.840873839384364,-1.7644372774745687,-1.0511552986266242,2.290628022363021,-1.4563423463808312,-2.076604359657776,3.7956007012295983,0.40617588991489906,-2.723952191739738,0.9363181635460189,0.4044790418150169,-1.8733858169185402,0.4070143612312859,-1.503475238422086,-1.7459746912940954,0.46939894759727474,-2.339846645216336,-2.002638740239005,0.13011509853043357,-2.6606396663521372,1.625654244888043,1.0624590385664794,1.1275824614374497,1.5961750166683584,1.8413670360223628,0.3377353467512684,-1.2257257289309549,-1.2679874048695225,-0.2704831158095209,-0.8355204168919216,0.25220430539455263,-2.210309155301398
16.50571644051312,-7.195506037816602,-1.484187674153886,-1.0251528271108237,-0.5178085172200719,9.043992352927514,6.54191886059207,1.1540282433742624,2.7752707773952685,-0.23012200285819628,-0.15259673547811664,2.448826886429911,0.11289795843120909,-4.561932303547676,2.1945547955509452,-3.619824943007848,1.5948492297384274,-0.8559605931079087,-1.3399716017867866,-2.3777742553447556,0.5291174068997639,0.5227252733971334,-2.1943536653419256,-1.8819820418687856,-1.0521126195194057,-2.964696215290579,1.5732507479024915,-0.5758320730842305,1.3641818082969217,-0.18981152836910603,4.062280708791148,1.0429820069976938,2.3553774728799386,1.1601736404733165,0.8027646652520102,2.089264225701523,-1.2020726534725612,-0.5520503327240649,3.408039976978701,-0.5144727297875016,-1.4294258646218174,3.138346848297728,-0.3927003712712047,0.0477907743068144,-2.6668592658296135,0.6728733935308588,0.2793288234767698,2.238272506108587,-1.0998382560732856,0.2649759808749663
4.206014400275923,-2.7244551801079746,1.6307945769194587,0.6609689042612523,0.8219682414087339,-0.41804434574699745,1.194176331036309,-1.5171723700478592,-0.2722905498038909,-1.8373793866385606,2.4487922671546776,6.566993945248117,0.05293679138881888,-1.4655504047220904,0.20001155385218278,-0.05487474321610375,0.5405435444267619,-2.1874750496982163,-1.359137418352222,0.5975684074371886,-3.429094751906117,-1.3017669788305521,0.3739374132219186,0.5096753766860425,0.1751741159700046,-0.3746911434406436,0.48101658768479616,-1.5279108381256048,-0.8904690910311228,0.8097488070286257,-0.05749286205839983,-0.6935853921501138,0.8798723251928304,1.034258496911028,0.6310400294520578,0.6482244246837852,-0.747363989237045,0.022750491528137434,0.6050317407086203,0.07575345074526237,-0.578119477640129,-2.1534274419359107,-0.04699669913998948,-0.6469656002167348,-0.8834259255456549,0.23379069414402126,-1.128365069506167,-0.1571879200282778,0.8145943633935484,0.46533251097480915
22.016359413862528,16.87217494417675,-0.7233776519759012,-3.5485668963771158,0.709475807745274,2.679585931286784,-2.3332804710759802,3.7909009935471225,2.831102163078224,-5.198666457879677,-4.9657298822657445,2.251199278250304,3.523370206233665,3.8286108229406697,-1.0703311826208417,0.8028647227408189,8.04785054845994,2.3141885322920452,-2.735073625567169,-0.03275325997666512,-5.289030489154068,-1.8532562986939876,-0.5253721954062652,1.9206820657393227,-1.2322052163627668,-2.321404949995996,-0.897754853054956,-2.6168115431720214,0.7628250350440948,2.237265309918756,3.252386373859424,0.11901282324875123,-0.7652294351264883,0.03550753851948972,-3.6676989762013203,-1.1777640368753777,0.007538682751184078,0.4966765404440045,1.1713980559637744,-4.378757661453802,-1.653922352027884,0.43260737039381936,-1.5389539913561796,1.7126034549411555,1.5633103029180446,-4.088257853711393,0.003626228542684018,2.7639682624164115,1.0536615811839853,-0.6222625548055419
4.182130579604351,8.789663997354696,7.867369255948237,8.026451257909683,-9.878219086784588,-1.3866377913070136,1.8512600638039651,0.389165974574758,0.830549438827128,-1.1663238770592195,-1.039967285846458,0.4698211817955812,-0.6847810322395536,0.3927498696636541,3.9473755101884684,-0.6740682957420709,1.7976623524235957,0.9959242418366125,0.9590733120059953,-0.39750950604244356,0.23237916776773904,-2.4242314193287107,-1.3934149008611794,0.6897871300977516,0.43498097732920565,1.8154873906931484,-0.44610007488549885,-0.08704795203817839,-0.08126857524024422,-0.44330568296528805,0.1778850753055885,-0.5273760421340614,-0.6523222988084361,-0.4257503459466473,-0.5971157450049507,1.128429726420377,0.3378542646778194,0.05292320684867502,0.521134718143462,-1.0431422590845827,1.380262219687269,-0.4869807974878441,0.08387725267960267,-0.876205485163101,-0.4385396913727726,-0.5513948401223299,-1.0396030221848518,-0.1768066040563161,-0.4707556790129388,-1.103240982881105
7.590426401820926,10.64088051350071,-2.192704586389056,-1.3897378618237686,8.570482898738515,3.279259353642574,-2.494913459363196,-4.840096892623307,0.5783153131283013,-0.5114324626703984,-3.407152772094657,1.1841016287123698,-0.18103891263295052,0.28359579656697576,2.090340729602095,2.924310559329393,1.8558134207738655,0.5278779928263833,-1.0889314638666985,-1.9275432528052847,0.6473013315180198,-0.9890709643326561,2.3485350701895267,-2.8455914056326685,0.43551527028539716,1.0808027841131413,0.9163996516401358,1.0946695738298637,-1.0416165961667008,0.4402660579590554,0.7217545977902516,-0.6342884276778775,0.38192284581175545,-0.4805074853152149,-1.03817367972534,-2.590519419503187,-1.4939219152314016,-0.8923228405442007,-0.7749792701778371,-0.35455082730872484,0.9235898852064999,-0.2911138561951842,0.14809736482355473,0.3729500702474424,-0.36461594887268056,-1.1053016679628496,2.100284748871781,0.9236015478021389,0.3767882897551579,-0.011949475234653756
23.983736494457847,4.848006368666577,-7.215762931252589,2.471632698118354,-10.236962126105476,2.518355791799714,3.84712941722355,-5.954690874715846,-3.9327665327964594,2.7024709209312108,4.444988057365631,5.0656983191047775,3.136540268940043,-1.8865954940204421,2.1676144870232488,-0.7006650615497902,1.6492422975824756,-0.34897942882551075,0.8287415749746515,0.3579577409249833,-3.387737241940448,1.5888310176075802,0.2695542601916931,-0.7773959998942215,2.6285625770657735,0.6645237602353267,-1.9596898147414374,-0.015307497384500476,-2.3581853418356107,1.08248496927106,0.050861313042036005,-0.739540972364821,-0.09244214972108222,1.4229812435490663,-0.5189066151502075,-0.1927376648700067,0.1421548011027653,-1.3584755204618562,-3.602236719157979,1.4598663341727407,0.6872554101014281,1.344408527280116,0.839545409729575,2.7656585272819663,-0.9638206561920605,4.772490883966144,0.053614177710863076,-0.5598365813708626,-0.9968041992421488,0.7096730484787699
7.033632402621882,4.323308136270217,-0.2990744500907394,-0.16776948613893852,2.057756059009758,5.30332006547101,0.7940263590770122,0.5408701773725654,-0.6015594573722053,-0.30029664607185946,0.4341594254809916,0.7639384796514322,1.1467405061047624,2.0623435046962575,0.27949588600620273,3.0319048600805973,-1.236641887080415,-2.331004313948054,2.318865711602789,1.4183461634828813,-0.7984144784725842,-0.22667491092582978,0.7654414013881172,-1.3363202951521567,-1.4895683206329136,0.49330403262284883,0.14216832921368652,0.8360955204987943,-0.9275872402856763,-1.5635739449612784,0.7812811628935863,1.1126592008869627,0.4360413582706869,0.009409335101941668,-1.850353935062183,0.3315023444094188,0.49083335805362144,-0.6968064515439099,0.032647267934057055,1.5499982324282924,0.9536168565324485,0.4102440283846279,0.9701614897858695,-0.28435584515631707,-0.5855295244559349,0.929937653553121,0.9750704379964084,1.160970106157688,-1.2946640081820837,-1.1517789983945221
11.331913805273855,15.719842951658933,9.559266416813763,-0.2774027209374509,0.21717091773881259,0.6757556717328046,0.8132384009899588,-1.8694331730642153,-0.10482948633089129,-2.670527229545299,1.954718253822842,-1.1684277279446094,-2.1391509684689183,5.02525298545648,3.632305035106569,-1.723990674235028,0.6025577235361579,-1.2366047679880836,1.1096460049162327,0.2086135563289931,1.388281395514046,-2.7984078212317556,-1.5306402574218418,0.9494912679317404,0.32507557021561173,-1.0022149759601664,-1.4263592695076952,0.36082550839025496,-0.05161634877569243,-1.0575671305791232,0.28887008981535134,0.3950240683012809,0.3317685811490825,-1.3107000491059648,0.3038627221481808,1.606713636002851,1.442059376590446,-0.9772893522225183,0.29977854776590035,-0.56510513622316,-0.38456808796290776,-0.3300792920507764,-0.7114500350587865,0.8790003240892578,-0.8007393525567065,-0.83361157503066,0.7256795965289475,1.402090452043319,-1.8250760721023278,-0.7824739328797601
2.936881429162446,5.61378380754228,5.638237198620717,3.372462600383389,-6.294954708329217,-0.888928406829756,1.9877928282278914,0.7359340206807026,1.4497568787135493,0.5637022909686232,0.7220179399841702,-0.2522221153520853,-0.5825838234431656,1.2771211906817954,1.3548623584740078,-0.9054192755812523,1.5644484968988275,0.9674126386341328,-0.40156217871062594,-0.6712232654021041,2.1949709965478523,-0.819018256119209,1.9464165222203103,0.7117985149012827,0.18902171524936806,0.243307401606352,-1.7502271116981505,1.480855408679011,-0.21450606886075185,-0.9596632146144817,-0.3136090934018116,-0.6290387081834655,0.6384516111139412,0.1359415036490282,2.2847156767691894,-1.2715752033968395,0.14146618370180847,-0.9724474574591598,0.6117729909476828,0.14621158112083738,-0.5057105409814023,0.9838981969998815,-2.2146755865951455,0.5215908596205893,-0.22298597510947288,0.5511455041162664,0.6581815572917236,-0.5912548648786512,0.9184580369133919,0.5285161472857915
11.695506812809253,-1.5782970309833866,2.6214961668414243,3.4767251712534546,5.7323251539469435,-3.2408843085694383,0.25417069764090544,7.435411405426268,-4.505851758833545,1.6152522151036792,0.8274031782657116,0.758292129916526,-0.4950392798648371,-3.7182181305597086,-1.2435232326060683,0.03567011727832087,0.8393386716693334,1.7414072383885524,-0.031037568629809054,2.681509545152214,-1.3756490369616947,-4.447705732452726,-1.7350547752899061,0.39729558064155607,-1.7924473233424139,2.5725127717599676,-1.519505537556205,0.9585697946647006,0.9974565763768936,-1.1655387267568187,-0.9100659631386858,-0.2490602482409341,-2.595627247748742,-1.3800634798342268,2.8583421400011257,-0.22879714269445944,0.09910755127466842,1.2989451371032041,0.5197922833809192,1.9887201007344624,-2.8534908805502033,-2.880434819313179,-1.8222701738017575,1.7581611310734435,0.842543227534226,0.09705212555495449,-2.4657160572495753,0.4202308477813542,1.0042352462482218,-0.8102614032483582
2.168568002981436,4.084553828147285,4.432444716559805,2.209336054333767,-4.399615062767343,-0.8890626167074938,1.546139485344938,0.25132173152489795,1.311756921915179,0.2532776989292663,1.3352290336850976,0.05793652942444516,-0.5107611358350221,0.5248853178927497,-0.1747099926857555,-0.785396216913965,0.9310411682235262,0.2910887051959235,-1.3965517114811028,0.24534463140645837,1.678519081066125,0.717022316083121,2.6191822114568173,-0.4685329995254865,0.3918475210968859,-0.47457686699573237,0.26409953002806197,1.922549265168783,-0.24071426634036303,-1.2808626389404134,0.14896613092934097,-0.8378660579328894,1.2998641662352517,0.2694613525874599,1.8598512643006455,-1.8032797405059533,0.0784345400635102,-0.5362877056656349,-0.32490756661277165,-0.19696777846595284,-0.7488608389936522,0.339176650647557,-2.02934609589888,-0.02115332460241015,-0.2957572889426661,0.5270537668641339,0.8163319759437386,-0.19477174305075445,0.6987556830281005,0.8009606697589463
6.208005713131681,5.426044233361793,3.706930627537151,-1.640582341562323,5.610465393579978,3.1139116883425135,1.213207875761865,-1.4792288944983105,-3.2501545922132196,1.6613160634927526,3.0532900548103554,-0.8181276799688362,-0.3921266577280097,0.9411173517445255,-1.6061034532580276,0.43390571676284995,-0.8734249201124317,0.5752152084373976,0.3694506386129034,-0.6840541019281806,-0.8201807686654461,-0.6244117703759929,-0.6507577299783864,-0.5783229146404096,1.2891249781744814,0.8773703431020455,0.9249898035911963,-0.952466316772741,0.3225269217283694,0.27484081677522565,-1.044142444042906,0.5348688502411322,-1.0360240840937158,-0.28029325974419106,0.35358384347474897,-1.222568536489145,1.0651678713402766,-0.6513255362597097,-0.9352899158191084,-0.8375486711386988,0.9763281043189157,0.0637489865323394,1.3248042934873951,2.6279796161806823,-0.7442693502386266,-2.09853925156386,1.5056833296077712,0.0324387549817573,-0.9956819352545745,-0.6868596572392216
37.39065298172629,10.219008382120352,-18.899281280567713,-1.7174190339687745,0.5285535311105347,1.315425694561226,-0.2318986700581127,2.064361588875425,-2.8939240112614706,3.670025251380714,0.9946269905096136,4.108862733133038,-0.5311647102154611,-1.8088314008281732,1.1144086035103777,1.5519794825063584,-0.9238757286703256,1.2916756051256555,1.0869830044428421,6.254024767162656,5.248325002094708,-0.03771139159922959,-1.1117120333803996,-0.14013144187955004,-2.906956986356814,-2.0916653211054284,2.12955014369299,1.105898655927513,-0.519918155088936,-2.2678918700560065,2.8604186840869694,-1.992757861970619,0.7472193891693993,-1.603082732948283,1.8226752037760054,-3.9363840321998507,-4.902506887236106,0.22371374329557003,-2.0094360729420218,-1.292403870088963,2.544374254342091,-1.892228346821406,0.40388991624086046,0.9368218444825467,4.529750301975248,-0.008665480619560073,-0.9573013280259712,1.7259997446614872,1.0361378456675843,2.9919298428733865
14.160810958665909,5.729689369503465,-7.5085278929735555,6.154009680483732,-10.09477506948193,-6.639644982240392,-2.583040708635643,5.159382606754948,-3.015790411317545,-4.060676817235379,1.8901184450473771,-0.15643388790083157,1.2122425066057572,0.18805161926645664,-2.7309765576461134,0.7611182567713385,2.992640875291147,-0.5112547010156446,1.6506101184225785,3.851821730748923,2.5802863729767984,-0.0656232791857419,-1.7865571940267193,3.6429896200460146,-2.8047685045210216,-0.6565416344671698,-1.9047518080677648,0.04976798850278327,3.4628298840727596,-0.3602458679703,-1.7752544578370886,-0.6077708945536846,0.3711060638531257,3.0510931559239296,3.950910895606066,-1.6484213025773746,-2.4078061306689484,1.9783351173144177,0.31384499057279236,-3.5789224415355765,-1.9106861125430243,3.256082313260752,1.487380975079565,-0.04770093118836971,-0.5272545936328881,0.2666498004185896,-1.6503103344816166,0.5280525224095698,3.284944769428632,-0.7504252371694184
2.691262417954469,5.013889504132802,6.318603304253185,4.668817261381253,-5.498008743107454,-1.6963303744705358,2.040920021227283,1.0854148056426092,-0.23997685123320478,-0.39834853191293673,1.6833973333879744,-0.22713110606866793,-1.0917722981526652,-0.009646753947203435,3.2713257430653373,-1.7767337122183424,0.9165503761174754,1.2482968518761313,0.3318345108587797,-0.6329558058982551,1.5006164425823303,0.33281432793997967,2.034305027515373,-0.7923057874346183,-0.3968986492638696,-0.3862194255730722,-0.4564406047368604,1.3908831481771453,-0.3513787797087198,1.1340327759059474,-1.2069656579829657,-0.46977209171729223,0.6265702934019282,-0.6512546968655821,1.252887081390321,-1.2630554379522763,0.24774352040701308,-1.5134154529380233,-0.494353489797694,-0.31740024643454307,0.03427410699895883,0.5035504214508398,-0.45230068920987165,-1.2351801350602374,-0.19188515120498562,1.4272682559544483,0.06016389853967552,0.7907672912424253,0.34999087558833564,0.6369846014046262
4.366440044814358,9.59483064634304,8.802486930692314,9.414826265181064,-9.690330775409297,-1.4986704601542635,1.0965034249567527,0.7364607536423343,-0.02938171995097448,-0.9192093257565046,-0.9933252596800277,1.4936100748662853,-1.192716824271122,-0.8745188015649841,2.9333568421487555,-1.2608065753646442,0.9043273318625747,1.4987295054360854,0.9985787677748472,-0.4075046472402259,-0.9041625120246244,-0.11764583815854524,-0.5474806951073259,0.6785266426878029,0.5569907185104442,0.1464631369124696,0.27450380827854837,-0.51373208731868,-1.2316976948560363,1.7240558832228177,0.8811283485667422,0.8328629632719515,-0.15781091876188458,-0.21333965117818682,-0.49870758029459045,1.4293619273956053,0.9101901861179412,0.3356507468495661,-0.3631778850931861,0.6649052988611144,0.3494879578092496,-0.6604123259845209,2.1247678980358886,-1.6411943292485844,-0.011177982008106727,-1.2034082885949409,-1.1326885720700508,-0.06305623792215914,-1.379653828127999,-1.7241683229330214
6.849999814609455,10.492092300015745,7.314043258802799,1.0770904446698697,-1.5164754347477474,2.455143202942323,0.035188006358330054,-0.04271720098687104,1.198695885129166,2.2117461328917614,3.422586220275981,1.3988360962815112,-0.6076552148312632,-0.5431852659481489,-6.039526765646964,0.09687274207069577,-1.5255736209953668,-2.162950166469952,0.5356277923284873,2.088445939515982,1.2102723950621523,1.5603558452940631,-0.07053124699615271,-0.40290946629095414,0.505972061775564,-2.120855703405158,-0.5266783743317811,-1.6667720140419968,-0.14115492629544257,1.192126509273678,0.4456099545865121,-0.5373368481317427,1.4155724032565333,-0.5169437375734494,-0.3634404702404759,-1.409360518216105,0.13291462637639392,-0.8829910093056335,-0.7565674733678649,0.9669881533180588,0.736920934214599,0.6073981441660221,-0.9819995415488378,-2.568512800181651,0.3156998565040207,-0.7337582083085455,0.024972825877522697,-0.9341656366223077,0.8886290805928269,-2.611021561940521
10.398993140035415,-5.804783533565383,1.6492072632607633,-2.829861424288536,-2.830606934261247,4.966397184815642,1.5806882860642144,2.141047714039793,1.8595070709228767,-0.009113351711159068,-0.9302752166043495,2.339393637605493,-0.35937570616625525,-0.08015603901004381,2.0238571179214673,1.2632935967579675,-0.506076391745611,5.167658003100749,-0.046903738597296664,0.5701354717129016,1.1774082036160514,2.5107897039292486,-1.4569306514981502,-1.6499043581539135,-1.1683392340281107,-2.2505267085040357,-0.09094405605218442,-1.0598075959556053,-1.2818087903590143,-0.4818844321309745,-1.5682660249777587,0.7433723739143052,-0.37488235999453007,0.20931162534981468,1.95154346125581,1.619210342712709,0.5406981490674959,0.31897216904538483,0.9838062645764458,0.5302902023267584,-0.09154802533973408,-0.2600507380938635,-1.2356874233578412,-0.6979271701482768,1.2893961000522767,-0.6354477501521989,1.0490572224729426,-1.0804373161612535,-1.4816721202648797,1.200105508015326
18.644756143708257,0.5460326639154525,4.300670095874573,-10.731118405687358,-1.886345997257713,5.1153613293321,-4.802259051233621,3.7920674536377623,-1.8084732196030906,0.3633641904571498,4.801849225073514,-5.102317012181832,3.6327148196096894,1.558680175661423,0.7687957590455237,0.6594763899748863,4.039152227545667,0.43883087300666007,1.7391556101738015,-3.4774839170465555,-0.34164376605559243,2.1189558336383767,-0.21750400824368643,-0.6825734650677221,3.9784635106655175,-5.046026411927601,1.6375145083397937,-1.5016350271790588,-0.9262822299781437,-1.4297193163535056,2.4532445596737102,1.905534407351675,-0.6194777570836256,-1.766820403577814,0.7283313321562518,3.40677517953395,0.8534346623710964,-1.4840843363726315,1.5043993055032767,-2.2675512982405435,2.2067747240349744,-3.218439665217741,3.7292664717940043,0.09352206554830507,0.3789617684743498,0.837182865805861,-2.389414703257941,0.9216877613865737,-4.0665516411538185,2.6023800855264527
13.554346964867753,8.642209470602564,13.078201736960484,4.391637859394312,-10.034282751318296,1.295493227044749,0.9805960891224665,-1.5505228897407215,-0.06081118513800468,-0.38340491942430793,0.399223497594432,-4.524018711331772,-1.7181165013958055,0.8373199373497788,0.3686558427885027,3.7875908837861987,-4.445690976295026,-2.2966619939133674,0.9272601502197065,-1.8599241360204597,-1.0014741051347058,1.6982323279230291,-0.20764529646766677,-0.6105916956891473,-2.9022830506748933,1.9774673772793965,-0.3861452269372634,0.2336187451743825,1.2559148296470728,-1.9290726193645917,1.1658754466090266,-2.9018795609059884,2.1389271469537454,-0.9713061158274554,0.3006232338101602,-0.8477905594376369,-3.241073513164184,-0.9821921792590624,-0.6073309997318316,-0.4333227896936318,2.828391014697585,-1.3979963794494168,0.37231544214432966,0.2789819801926693,0.22941362125253162,-4.711696934751031,1.2421512422011638,1.2113756383284835,1.0313898304355251,-1.5757093371630098
17.592093448321656,12.169678497634445,-3.112090858999107,-5.613020973572152,0.44713944357297575,7.271784010554409,4.5227413693735805,-0.4126637049265586,4.721491871081586,-1.3020891975848992,-6.133417260350578,-1.9529285023685545,2.85853269637389,5.6945472399051,1.8955931723019348,2.999892961936929,2.3397043111823477,-0.6637586195789247,-0.5059851245829973,3.052855770858779,0.751324791514916,-3.2868872879312923,0.68841920815838,-1.2075199423209526,-1.3744581334480008,-1.9203703168683437,-1.4950476670338317,0.2001598334634619,-0.36520346155645167,-1.9765396052563395,0.5621384052709202,-1.2739437565687015,1.822951706898884,-0.44039588850340283,-0.4258442387629306,1.2779393867688846,-3.247469241073266,-1.0997911096270707,-0.1526473110691418,-2.119512761350982,-1.7235663843508136,-1.662827910528105,-1.759215879985105,2.925401469178346,3.207788836282809,-1.2621051591448995,0.42385497021614693,1.6934248308920945,-4.416819508821647,1.7651236593910309
15.405191826836512,-3.47608280430817,1.972980567583341,-10.626620376961547,-8.019918345619503,2.9632959848150517,-1.3662199861704334,1.3477218842559606,7.6802566890598865,8.119946549659936,-0.3317460807101913,-0.385361095793442,4.840905845284016,1.1904227417695001,-1.605556151414466,1.1311040373886267,1.5564219621642237,2.5938271484791517,1.1065489410697076,-3.470024576108592,0.7525170424255819,-2.245708774938277,-0.006616471373538185,-3.000910592195479,-5.561105899528796,-1.4730202692585288,-1.8328547594240385,-0.25986277406406033,-1.739357019029026,2.5533455421873716,0.5276248995713845,0.462086115760449,-0.9499826248187813,4.360870090549502,0.8993237181159921,-1.0371034170887978,0.09820994439485187,2.883388241532921,-1.0377867195939685,-1.522521151269893,0.9871747660746321,-0.33771745445138435,-0.03992372384299894,-2.007983442583618,3.601683319395333,-2.421373028297849,-2.412073239998551,-1.9845553105685259,-1.1928224904073306,4.68572935037357
27.807071910375694,16.3812744760909,3.881819468094296,0.08991336737145172,1.8129624647469156,0.048178056330262065,-0.5253857582949489,-0.3865193302435967,-5.694944635210196,-2.674068114957315,-7.290489550072398,2.8980515939160343,-2.474864103235452,6.41555117441634,3.461361581880518,-3.421762481144487,3.771050231694633,1.6135626995104997,-1.6126501689706692,2.1351885138397737,-6.067964600792117,-0.7342700243285869,1.53618270446507,-4.65462055918364,-2.0392263318850765,-2.5644238825448706,3.6502205390689655,-9.363980541060265,0.24769943361657268,-1.7371490878639904,-1.4048357718041695,-4.696446312324683,6.553091632830025,11.985161910975588,-3.2646997156957225,-0.7585530050016748,2.3269300322479527,-2.208580978985404,-1.2667072236340726,4.515466389247425,-8.818095486376269,-1.8077949967267086,-3.154295116488262,-4.7370873084926854,-4.9532227240844975,-4.560186994843765,-2.4279863472925225,1.4130448720776096,4.741442344097913,-5.3606508195907905
5.6151851113701206,6.730097592134361,1.8597140350899564,0.06606564434881115,5.283127962372621,3.5851362749489786,-1.3928681585421818,-0.24006723010342748,-1.4076475889233926,2.315500595301517,1.536340142995058,0.8460265310134503,-2.8343316755035723,1.2730317368152668,0.07958480060851034,0.5321447674514503,-0.08448853801665618,0.2548511959393444,1.4653762047850916,-0.18336618658695708,0.21819285239175912,-0.9282839161374035,1.0350375128587812,0.31407849616243916,1.1310504696898804,0.09062760954454752,0.15780154871821161,0.9837231767612645,-0.6442646565006213,1.9416564187764829,-0.6788079139280294,1.5087467824481353,0.8364699385614938,0.17040402477568622,0.7907869917814501,-0.9840490558774632,-1.0332424240762577,-0.6359161537915374,-0.18384773614967087,0.8050655667121381,1.245277084493214,1.4767463595129473,-0.06861395855908442,-0.25505749927856436,-0.2952053211374012,-0.50376381051557,0.2303402858297935,0.16678888312622003,-0.11070699011480725,0.5517406558409595
14.077967951836946,4.706371528586209,7.429842659759242,-2.1890863777960714,6.253885654612928,3.6539399344868437,0.07116499579967492,3.073253506596843,-1.2678033166167135,1.7888380496046083,1.091451327680979,-1.4328297983506408,-1.560957627356692,1.8703386861805191,1.1913809688161634,4.422558789682556,0.16896491477327347,1.8255668368524067,5.519175138039785,0.8901265215947907,-1.7404907042530138,-3.8287914916860792,-0.5604421714370139,0.8424737290539579,3.3808328559363376,-0.9090383671758075,2.9691157013481333,-1.5661715905451021,4.7296284983163055,2.2991526137899543,-1.0105747634511448,0.18704798302386105,3.081585220866783,2.2793942558715514,-0.7225809813654812,1.370453964090767,0.2594590807652968,1.569876318555343,1.171248162668833,-0.10532103649241953,1.9343120270151268,-1.7081575523373613,0.6159272920347598,1.8614384674296662,0.5735351604540411,-0.6456797264794736,-1.402283262235208,0.5632261478789735,-1.407682470368095,-0.28698866704072123
9.201022074053602,-6.055623709131064,3.141415667168555,1.5886338462190255,0.47694721423186653,-4.313387650418902,-0.5383175893744655,2.9521278718525714,-2.6777047878619333,3.7291328512600384,-2.070376084199031,0.16958824672256229,-5.148415477506122,1.1715110239250914,-2.5336650891767025,2.571238032984558,0.45393771454703913,-1.1979806464777203,0.7209497497826836,-2.471505566698555,0.1319720688116153,0.07874074337244913,1.4282140161185048,-0.7102902237285404,0.55285212157727,1.5751613394019364,2.545037037615764,3.230313566161819,2.6562556126943044,-4.0147656243734025,0.36821686858217195,-0.2727621315422487,0.030624645489995453,2.466892044193689,0.13438007273759076,-0.4295641203432013,-0.39207828589063964,-1.186152439613865,1.633591555051839,2.5791228183535466,-1.4367624930293914,-0.904362784949837,-1.4147376290180242,2.0413417311166873,-4.025667780399943,-2.237300491825671,-2.8564205181970515,4.18526837462908,-3.3916444048870136,1.986864616765433
10.764405581768093,-3.9814857331843108,9.677712800846644,-0.14510184814045307,2.4800975292947065,2.627002339016915,-2.427002785147048,1.8056859168246848,0.2269157499846577,0.37539348968727665,6.146553013461903,-2.801235680885252,-0.32549845071994726,-0.9720581311277473,-2.093243741184208,3.9593405816204053,-1.7050563930105627,3.4110930903656125,0.11286059260982262,-0.19204711502531654,1.0350137715776602,2.153032976471309,1.3994087336730883,1.7305768501370915,0.918136463048814,2.169750893766665,0.18679018563576516,-2.346385331606619,1.6616029594477004,1.9565596853512024,-3.9764595241906835,-0.9907263733919217,-1.6266027201975672,2.208024679056901,-2.996908204831115,1.1593345421989678,-0.7600297476029314,0.041890839552279346,-0.39501260366768176,2.161425179619316,-1.8318846233017798,-0.06685386997710879,-0.5952485720642189,-0.17560243879950788,0.7902822064453416,2.4975070924115914,-0.01301330473908402,0.2358864071371143,1.362195806467346,0.29577520819799846
6.096922921552395,-0.22965427608869216,-2.2480798472830226,-2.1407229847142633,-1.0542633423006702,3.50674445520473,2.342117577648509,1.1534561980101727,-0.45651107086255305,-0.7567271307141866,-1.0921258448837714,-0.20073368529957333,2.3710741469286107,0.6163608467593059,0.6174645243004756,-0.5305038517486802,0.6096965956762295,1.8009872877232742,0.014888869254721437,1.9840317949677524,-1.1993169363509861,0.5674126764679388,-0.4008564368407997,-2.0798920095325713,0.188707856746419,-1.5751007268429649,-0.43928529700560515,0.27396632174769026,-0.02148922920423177,-0.07716270127127367,1.0904629799111052,1.503797701927077,1.1596748405092314,0.8270002131636054,-0.7158450107815579,-1.3893764288369024,-0.13988213395632276,-0.6645668521095207,0.29454903918778697,-0.016438486043699685,-1.3348994732603374,-0.5055763813632643,0.01334143916029501,0.43960249314281985,-1.6352432501497274,0.3393192440626036,0.9465730261573452,0.5484673810631453,0.06293917305082375,-2.166983331792591
27.512261622795695,-3.489363368790144,-4.247134526021705,7.700985253929514,2.726468250059466,1.9947326890502715,11.070374026245167,-0.5657567252010013,0.8836592095794362,-11.843298351393969,2.516972051542153,6.863160067363655,5.085996532675319,-0.5661430753139056,-8.733098500266106,0.6911075021804665,-3.591621792738209,2.2453180950859837,-1.1591723159348097,-3.0790135218540167,0.13586321952809488,-5.2931314195608286,0.6525256602605475,2.1291962862011307,-2.5031989240429797,2.8863889250637724,-6.0467028246924865,-6.4430082165684395,2.964016345324965,-0.5824764065811701,3.2734577746559306,2.7390395422612386,3.59034691057949,-1.144634451565743,5.604366655838841,-1.6009570011261829,5.945672765886229,0.7678465112320105,-1.2079720854899563,-0.5536217003806698,2.2320204510535198,3.1736141141274388,1.4352016223656303,-3.107770484247747,-1.7177708209901859,-1.4029912782784153,0.6470894433383323,0.18964227640506837,-3.1911782157577284,1.218884918063417
3.7481579406299153,8.038302636708128,6.776496397579729,7.029841726924568,-8.056193189139432,-0.7364965575841196,0.7851125171613175,0.22955612854375074,1.7253851525067159,-0.11700617073183689,-1.0457828108622715,1.333321587674947,-0.12035631761743325,-1.2541089290710852,0.8036563918554133,-0.09042366034263055,1.941052782958443,-0.055804108744184594,0.07721548076710416,1.015661971910039,0.40702907401160593,-0.013225117208029102,-0.24579490119993935,0.6888280470429329,0.39050937366766125,0.4823146224003991,-1.3516447374563205,-0.41946748622040325,0.2563534807912786,0.8085159229459405,-0.28607038038489535,0.48086189647199185,-0.4261025782297688,0.0496711740276079,0.11657988094646496,-0.8879391491177621,0.852988330690316,-0.31957692039350816,-0.3081298688113998,-0.3981474234793264,0.07137228070614643,-0.6423816264647504,0.6919772273176221,-1.5099299589281627,-1.16914172845295,-0.15775143765074717,-0.7429230906013924,-0.4415203839056302,0.5259256703047386,-0.5828081026631071
4.360552905212199,4.799528653662543,-0.47830484603113677,2.8536318244457908,-3.6697158338395965,3.555415078701481,2.7588789009732,-1.7410594730376836,-1.4254395842652485,4.036548522477649,-0.6458383349781176,2.205287165476122,-0.7448197649891277,0.40687534336110776,-2.996780105595934,-1.7167619447614466,0.9053407948895266,-2.336628883858925,-0.7044421647827928,0.35078687552979004,4.959624505149957,-0.6582812966974549,0.42069638526606534,2.3105982928947353,1.2126872005209053,0.4703503488022929,-0.4313202263558005,-2.708377234187207,1.1509021482983228,-1.7159395112857183,-2.3768852330540273,0.6868454843778052,0.5673895893804659,-1.1883275140934926,-1.3542323961716698,1.0412537328665237,-2.671818187450455,0.38717500827810214,-1.0585081083823553,-0.38360933312567286,0.23887299482598262,-0.04006839037407417,-1.005637373661353,1.7303370822393407,0.7353000921668785,1.437937703406924,-0.3378112140317478,0.35593061135497617,0.579614391499157,2.284092069190554
30.991137176201345,-2.3360263935212275,-1.6858497808400772,10.439609477060484,11.824365965488422,-5.798083710715394,1.3681418885993708,5.79214834941414,3.641152387555147,-0.2970683999060062,-5.102487775047173,-2.2548791114837443,3.4975267852407743,4.979152584468399,-2.839567939950718,-3.08339375879266,0.4434674331725798,-4.5453051652222225,-4.739087905195978,3.6912519044471166,2.5683241325748467,-0.0051710268711847585,3.820071375865815,3.807523851292096,4.909966491095296,1.6506398659937207,0.22489992204948828,0.9745908730137752,-0.032162879201579314,-0.5871081337799959,-4.612949027564121,4.3612818645999285,0.279110164854811,2.814117800764792,-3.0356868554087737,-0.3732068674785658,-1.6179514295646018,1.0979514871987996,0.033165652794897915,-1.2671222865632152,1.094248344091901,1.5842137590297383,-0.7066672820844894,-0.9561533036789926,-1.8028842366824809,-1.0616591831996698,3.420815043021504,1.2645687685620277,1.1672472795974347,-1.0579350261987743
2.244663040443561,4.228385212572188,5.127332091170005,3.8312045646782105,-4.267460667295939,-0.8433965382532481,1.4455572488831103,0.6674589658092778,-0.5741510816418426,0.22889176760157523,1.2300826103280726,0.3314604230482297,-0.593201025579861,-0.35861974020915033,1.0827049998702034,-0.720123742666986,0.4489160396337666,1.5532491433426678,0.17395593915745966,-0.1020661026680693,1.0639875950351476,-0.17186897381001437,1.7096213158605527,-0.4786515906184348,-0.34210369160072973,-0.5487714180086379,-0.06020164514190923,1.36131759285525,-0.8585299252285644,1.0499893812072352,-0.7405802039045416,0.9713027931583346,0.5530383014014026,-1.002466892875299,0.2993727214464632,-1.684649821251275,0.08394069158570339,-1.687092328555365,0.3355557333324176,0.39221430211036695,-0.4726488055002551,0.5267630736269139,-0.12332408726123326,-1.1386717781073523,-0.28484120378494937,0.31926539839387175,0.02101887340995684,-0.6200786623438812,-0.6135084146920421,0.48211749861602643
48.16324045792779,24.12831487854282,-16.8895075873153,1.476594713825262,-12.337197388503803,-6.507465012062508,-4.101685207061353,-5.427405826975773,8.663575690648482,-4.638155822082801,-0.7488053610865157,-9.291466918397827,5.396698942457999,-7.057361762689664,3.3620393272349087,5.131414133352094,-7.2040011040426535,3.4871001930160577,-0.9685199579166693,4.958783017090228,6.270139272194139,-7.389064031175541,-0.42648224238759536,1.7906157267814633,-7.5308290611482125,1.3969905709295432,5.848106803777911,0.5838485787522938,-1.0153189396187738,2.761171001482238,-5.240422032712251,-8.276748318874143,7.51695669667706,0.9428174291160634,2.743020496723997,9.684817455705808,-4.003164760201651,11.152684110251975,3.7977658762809687,-0.4392337752085752,-5.064980130856189,0.19284681880683396,8.026460737716505,-4.124297229994917,-6.1874939787597745,0.8118554630895952,1.6067037899280525,-3.521034120296306,0.02049584559904516,-7.354666005620376
4.985439979763278,4.77717727841928,8.691203523236677,-0.9117264870915067,2.4011452061302365,-1.4909931530733433,1.3614770560262963,1.3984959511624642,-3.2081084542081824,0.34476325850308365,7.514116867952604,-3.0655885568341086,-2.208263643725801,-0.8710396605428982,2.2508073452090134,-2.573288327062684,0.3725053874196702,3.071335581820372,2.080479725340961,-0.6502017083207506,0.44521104990037325,0.8092899570329397,-1.934122801648325,0.905751964254982,-1.1209763679721205,-0.48738756570356023,-0.10229704335220269,1.2379444779160265,0.9640928550095081,1.9549712468555875,-2.1687846182731008,-0.7088667760880906,0.6619380598604825,-2.5377727541835746,-0.7902701593103576,-0.2756003376849531,-2.170368971684085,-1.9647250952169668,0.7847508382734462,0.3313893454924287,-0.5822386616355282,-0.6148353494019957,-0.24607313110148019,-0.8530158935322929,-2.0479292035458894,-0.9335701937978166,-0.09431355320310786,-0.48281760721586087,-1.036399079565028,-0.5223986510950087
4.260740699706798,0.021094082911463724,3.662779548204243,-2.989716906215505,1.0280648937757284,1.263332156648483,0.7642819801843228,0.5829289018286727,-0.8696604503669242,0.004108268455044917,3.634050690786145,-0.05988247292930185,-0.02423447486887431,0.253631750457173,-0.08890454236389148,0.13995300302857816,0.30139791587710807,1.7390363769705668,2.051166901600798,0.340678372581925,-1.1501119209090354,1.2522468917160423,-0.7124169366519025,1.3843400911319548,1.0269813326303459,-0.6473550834930513,0.07029137208376546,-1.0134813214540568,-0.2641853910874715,-0.6978130755236711,-1.4164817555780158,-0.4619123256364138,-1.4525766272823515,-0.46967344698215685,-0.5279769111663983,-0.5240610929784537,-1.0381657882662827,1.7889799037951533,-0.02278966456960302,1.872647193364842,0.03259854822568603,-1.6996499604634496,0.8395819281636149,0.15732706200870655,-0.18191982275485163,-1.1107675126291627,-0.2781227066239407,1.3128013150672537,-0.41959603625946745,-0.5229556684400843
2.599515995642114,5.095140901691313,4.460442416199291,5.074051798933896,-5.11885516059568,-0.17898751526326007,1.612299126508674,0.38166860809605063,-0.2075166458742547,-0.01957879143355916,-0.9445452468626857,0.9983330253185576,-0.9417482382170572,0.48693041161490824,2.353269668315512,-0.4565659841948377,1.1114220967199688,0.7913685966901349,1.441486949963798,-0.5977228707511467,0.8180360044935873,-1.2816046246030082,-0.34992864870824114,0.9411019098961712,-0.5742927416372947,0.8286912714195833,-1.1412429739986694,0.108658376494573,0.36107631015798214,-0.39385083608545696,-0.7960837951945832,-0.410073014217802,0.02294298419141566,-0.0945433511647865,0.6836991600802583,0.7799262180918178,-0.240675168754894,0.6162268440996368,0.6810701768135556,-0.5151321836608137,1.9806344010669998,-0.4390487276925146,0.2445537651162052,-0.6394770831881162,-0.2485682496582742,-0.20537994814406843,-1.2634346598244839,-0.2451811664215096,0.19822948052681327,0.0602779689116196
3.662876568249687,6.887609557233517,4.172993944413207,5.571454254201173,-3.2423714525294662,1.219407430726239,1.4430647784777144,0.10235001437432173,0.948654156030343,0.4331631277747593,-1.1667215895999437,2.0840989281969033,-0.6620905782970975,-0.4619851158307773,-0.8227587764205659,-0.9135395717520498,1.7466761489898452,-0.4483648030168826,2.6641333206440168,0.2591602570805784,0.47577321009421647,-0.4625307230827186,-1.3367184700222865,1.8545129914742033,-0.5924080786308901,1.515491675640091,-0.7414828035069515,0.17120736160436414,0.05492669401254324,1.2226391661028,-1.567307761025114,0.37146934146793936,-1.8612269130770676,-0.42731490394368093,-0.30043366674394517,0.8526624572834605,0.15938175800373933,-0.20368611529315073,0.40575106593812094,-1.2768960567513354,0.2511810749945832,0.4086386385534824,0.00022793170090074089,0.5950781640810032,-1.1089640528300047,0.21070609266516982,-3.348509717279308,-0.1890946546012181,-1.8203232990729181,-0.36378063994937065
8.430397901482271,0.8304046674153935,-1.7937374926954195,-2.5469123048867095,-6.259082849785659,1.288254115390302,-3.0641416451723487,0.9935869113955006,0.21966679130144806,4.698393396296028,1.9445149105145116,0.31143811512792297,6.294280421034112,-0.7840745041475625,-1.0335676406965364,-0.8919643490273188,-0.241970889014391,-0.6723492543637895,-1.1859908543230877,-1.5761315454428613,4.262623931386669,-0.13344173271180637,1.87635922437209,3.556552006510616,1.347285455111436,-2.4334152811556056,0.8027763074273987,1.5242785397892213,-0.5697621482994014,-0.9829452808368151,-0.640043734178095,-0.280186790924789,1.553586104151349,-2.072880307717257,1.1624244675459245,3.287847331465046,-2.0649935193694513,0.3361781912702335,0.9779633579039695,-1.4413774913571074,0.45014143472053175,-2.173654748010949,0.09589844163729316,-0.35537446591510435,2.091434717086551,1.348644436623878,-1.8478801488425511,0.20740139681762404,1.1790294943184083,1.1484231036580834
8.062502650563172,4.410811986528927,8.307690189031149,-3.0175900838481273,4.114081451721672,0.403575807668314,1.8418880037361736,2.9379638142389064,-4.0647367096817515,1.6131449968249862,6.03983670154787,-2.0913992309958007,-1.6495144339956895,0.32343678871700815,-0.951544598505046,-2.1768562188699114,-0.7608961611991942,3.1704322398617437,2.960538235806695,0.4362350054521381,-0.28332600582182504,-0.32564876569564827,-1.2210079758689485,2.715758201905833,-2.1194229418093493,-0.3383344321942895,-0.36272296060569326,-0.4731372239112322,0.5136534222199505,0.5682504633121805,-2.057771558995058,-0.8804286331347901,0.013534253848109412,1.1399519956570352,-0.4186690994171465,0.27618636181793477,-2.0088206846127346,0.8212728085404251,-1.7761297373774738,-0.045444464291082204,3.113770120220266,0.45024805503477533,-1.5904176953776032,-0.056376960977154084,-0.07897862976117878,-0.8491465184476811,1.5796428630499364,-1.0823363681669973,-0.6186669849928706,0.36538962298616995
11.284351126227474,8.515999606217683,-4.131543858117338,-0.18164994312919988,2.0477665230801083,9.316495478335867,1.8390292902738963,-2.1464928794906157,-3.9865411366007955,-0.8695365140961072,-3.3454761960921227,0.5015091246960464,1.9192826658676847,0.4360786773537206,1.4688165813772083,4.514474044949006,0.9901672855503818,-2.4022108752755456,0.9296186353252716,2.4848649047908626,0.6108790614357655,0.16659628370691265,3.871216861546272,-3.871506994452908,0.2689236743096524,-0.5263844190986303,-0.7431134537282064,-0.3778303855449976,-3.259464776081727,0.22200936133787044,0.6801946110118463,0.7886883267625098,0.9253154172159774,0.043942717822589794,0.2979239479825667,0.2758079170878646,0.9886213848627001,2.3316338379279684,1.2876064982301763,-0.4710234150291767,-0.018554668706375177,-0.42076360070653346,2.40498717936488,-1.222146319951962,-2.595178429140653,-0.5633671192421577,0.47941817074269044,-0.9080449576011068,-3.4628105491952765,0.2654723232534566
11.680179544889725,-3.46703420502512,5.839275860950375,-2.931024334588613,4.414462296765604,3.766539416229829,-2.175759110996669,0.101050887893807,0.8306533220582675,-1.8826903450008725,1.7020179961302366,3.7474197255626116,2.3910940600811297,-0.5276260874375971,0.2650266045179136,-0.9210797268780939,2.0558871709591555,3.9667747122630157,-1.2902387933851038,-1.7895453418256704,-0.5325494773131942,-0.08332717922416161,0.30691315962728793,3.6486404755313124,1.3078216706165584,2.755502039241197,-0.17870315627085054,-0.604995631347762,-1.269219665393373,-4.707023196645478,-0.1924823934161881,-0.1737958632945596,-2.951480486802128,0.5556543423579329,-1.764947792754008,-1.5179086320626405,-0.0014287580736606076,2.6014163133716757,-0.10751316910778597,-1.429064020977285,-0.36644317023187367,-1.250013835563145,-0.05771476374687445,-0.04624385049205562,-0.5442236472848161,1.9913676233777298,1.0901526185693178,1.706942774467535,0.46389635493294745,-0.5627303026618348
3.4549406024026887,4.059594069444059,4.715665241315211,-2.1113998462098884,-0.1961364078330496,0.11178932478235587,0.0076046614623840325,0.7905607526760339,0.49285025864795967,0.641340558932051,4.206359876394474,-0.6597693915828755,-1.6248056341456198,1.4477963383221233,-0.8670036671419782,-1.1782835633779714,0.2037265171766283,1.2539400480037952,-1.3899753948152958,0.9939934879069057,1.3891474415825091,-0.6699393485363145,0.48026904182327007,0.8408993500867911,1.341188592175535,-0.6311422338623193,0.3030635727605493,0.2490922783036153,0.32004786739218705,-0.21883654174460193,-0.04314642988356299,0.5290217911927031,0.14422890550195275,0.5719637258309243,-0.2543137788128556,-0.7910185252594234,-0.8841309638151869,-0.6561918834102551,0.41591758928638756,0.5006502703847076,-0.7441336564021381,-0.08912491578275127,-0.5847776622510127,-0.3751934170582445,0.8370020713186779,-0.43511563817954024,-0.900628088206185,0.3710459033236313,0.4339675698276657,0.6316556108143805
2.286333980443361,4.348978102629737,4.626589395908363,2.6962390047312477,-3.1411411688306576,-0.7857767055493408,0.9018361413638197,0.29910061002694455,1.0502153921464337,0.8136059647960324,2.106600556230059,0.868765772798672,-0.12596078386488796,-1.9067799004466268,-3.48142625630606,-0.7275356635182895,0.04147728642613102,0.18745364909855516,-1.5325895911283391,0.7448305961248061,2.4949100928169408,1.9612118274855341,2.7853354903244516,-1.2717418717659115,-0.9728724733159091,-0.9940429968864057,0.2734195784959028,0.6863574180120285,-1.4650215878783606,1.4620249125282185,-0.061111054359225536,0.3902771027348839,0.22914484894092896,-0.5201626616071087,-0.1544007169827696,-1.7339441367831419,0.8556146291117034,-1.2720879315650346,-0.21643574387009545,0.7742795389849253,-0.5221565325154826,-0.8729088339503699,0.3269363502114977,0.12044946451253065,-0.49218809175226774,0.4847128370953359,-0.46808482548310865,0.47249845501968085,1.0309419169699863,0.7702416872573404
13.218525069917495,20.79831507565318,2.5037863954934267,1.7073474395548998,9.35316242388396,5.186386010271114,-5.589416060016248,-6.311414719556961,-0.3860400184372269,0.9629661523948496,-4.799380163799113,5.0874672919890624,-1.8419857184224069,-1.1151678720392508,0.6861972770450915,2.6760629299696754,-0.6032326463262663,-0.8120918075886341,2.3174666745334886,-2.364413201342524,-0.9182015966972807,0.8477852763820215,1.3470694306318949,1.75799210798132,-1.4718751488270214,-0.42736468734468325,-0.1789535372851776,0.6296114439591153,-0.18296629768455464,2.739554284283622,0.3912240442738839,-0.9611324717023507,0.39764661263911993,-1.4433043185994587,0.17709207094421903,-2.264834269894859,0.10657820577306842,-0.552419751435939,0.40579802202760273,1.7343572483977632,-1.3932280884987345,-1.3177472923784406,-0.9951300181509111,-0.04012933350119896,1.9682590944216052,0.7764486742943466,-0.1714895573403573,-3.359295007132256,1.8870352405028121,1.1138680188954633
5.505651319709632,1.9373533718163933,1.729281843449589,-1.1675319163354043,-3.017712256734763,0.8610226851456921,3.401139870195897,-0.685837617915702,1.6948835212569373,-0.5710511881936494,-1.1695494521312653,-0.2474951115204932,0.18446378112589923,-0.758631481816312,-0.4408293518456263,-0.9049352645369537,1.7902221315357512,-1.1361624203106746,0.6141370894083873,-0.298136153501588,1.1174661934609267,1.3307928241212228,-0.04870840076589823,0.4888716720361959,-0.2688065029033305,-0.604590984840842,1.2090047149824465,1.118278415067759,1.671827654367942,1.2413231614299707,2.339206192835195,-1.4727468283396026,-2.5672345204134457,1.614618268088043,1.2160496493153305,1.1874217392959574,1.136636632211724,-0.7871938419799431,0.25268865720923595,-2.85138806802279,-1.2550520720378464,-1.379875585502104,0.013952559457875505,0.7562179512244793,-0.17919148846240826,-0.16033972265341462,1.3699136013078257,-1.894406698897512,-0.7832778644959506,-1.3977962386878224
2.6607975700171114,6.105653639884167,4.05770294345464,4.706302249572682,-5.813255704820939,-0.016758182152730117,-0.034539065857568885,0.1521840476261862,2.1528609098758063,0.991633788459465,-1.5203578000568347,1.0601878939895841,0.35299883095310286,-0.2226097605656595,0.23906969391687216,-0.3092360264539613,1.4076113148384184,-0.07379891495521332,0.19593995133037068,0.4367946566987585,-1.1329554768603036,0.18767339007068462,-2.0294056862376895,2.0989893952742182,-0.07007533025605941,0.7150777438090657,-2.169743097971349,-0.6458256517854332,2.1732363544741684,0.45974254774985074,-0.470573039077293,-1.0923224052578862,-1.1741948986087773,1.0124837201239547,1.3135526016426482,0.03883000677840678,-0.5129743495935226,0.339458044871569,0.6273922261587235,-0.8170518185851164,0.11592579584712503,-0.6653314710489115,-0.3164545500520662,0.3971946782892216,-0.3711441854226279,0.9961431944989371,-0.24580248846663444,-0.948390884849297,0.7853285825342289,0.0011233481593506678
33.11340444159735,5.40581783206888,10.416482279569703,-3.504954067764662,3.1353053474559633,0.5183025117506226,-1.677900914157301,9.0403730589262,-4.739199844791443,-3.2604373868028502,-2.2289683049090705,-0.960466920226755,-3.5715834482272992,-7.3932856096172115,-0.15676168071414787,3.7851626013437354,-2.1509561180137617,-2.081588319718478,5.472131715484851,0.22647869396264536,-3.1165951469759894,-0.29488429131896177,-5.912753458094297,-1.4258289139987765,-3.376985512310979,-2.7055502396023092,-8.086712880345841,1.3619118906969025,-2.432353169896108,0.2027313289256952,-1.6915081375144196,-3.097669273784912,-0.5308608904452433,-4.03252628910397,-4.421942315821983,-2.910529945961996,-2.706253872836276,-3.9423781361325445,7.705302894540219,0.4361854398482189,1.658913121866596,1.7234867116055261,-4.420245843169919,-3.827887500005857,-4.894982971693292,1.5176814968511176,-0.6463724736105114,4.490261737694559,-2.765665892450854,3.619386043896799
36.374402980896704,18.752212170617714,-3.525120210390609,-4.2219606607809235,-10.793457739430739,-0.8140955447324438,-7.047698116726979,-2.3627720718701,-1.9738939519832053,4.914023160524704,-1.9452134613065792,2.8540085336629506,11.111123567695742,0.7730734600129613,7.286448733433573,0.7070985358367787,-6.063362112790004,4.679145525120101,-1.035250097324096,-7.822121663065037,9.977408216810273,-9.153065033355936,-2.621939725285615,-1.3893729772585108,2.1268071158648967,1.024712631917329,5.721216754793526,-0.01403296233216185,-2.939148263478276,-1.1905257262647047,-0.6677153603088627,-3.7915913064170046,4.084827668481619,-9.197487432055995,-6.310164350280731,9.087838248904816,5.638797039301641,-2.9556438800547324,5.634288033028845,-3.1693272603493337,0.9101894559347501,-4.381585420357907,1.5557631076142935,2.061600465718955,3.0707272730598856,-3.0966170112709532,0.08430451388822302,2.4024408199847,-1.813989189074852,-2.0960334490433006
2.9017703963646646,5.676062907198508,6.1920412449587,4.849465965038817,-6.515768825186546,-1.4168560022831387,1.6195480873247723,0.695532583713099,0.2657291270925817,-0.793340425963448,0.49390997145680515,0.4046747893697432,-0.9029290819648187,0.6524835886093119,3.942482080107083,-1.2312021294994666,1.303475950839067,0.3745436950253054,0.2542715976265908,0.12195359402149342,0.7378002326680073,-0.39647568958156665,1.8946047235665908,0.1865241322882954,0.694314239064413,0.23289327366831036,-0.7306482390877355,0.6473561332083339,-0.4124741321911165,-0.41187667771035186,-0.33559050170683,0.5255520155910297,0.8969046158759919,-0.1793331783654301,1.520026341169142,-1.545932184861936,0.5200298976365318,-0.12159958161014583,0.04158098631931906,-0.49330119224053426,-0.5903205820485204,0.8843908680354758,-0.08911349438985983,-0.41366437549155605,0.29131247457016923,0.2082140357141154,0.7414788771778272,0.4669944954515967,0.5959726218125257,0.19487011823001962
2.3015303100103304,4.060903123519379,5.68001148198601,4.085614329042733,-4.503464086785662,-1.5599690415549412,2.1762183896155407,0.599866960277701,-0.5109341895909246,0.4658450727650424,2.0436515219825155,-0.30190287838915464,-1.0106341785241781,-0.2759129643176527,2.1713899219022452,-0.8838501578224814,0.36661849113559575,1.0525761393408346,-0.6876194492877341,-1.2046650433894548,1.1860330021163785,-0.33339555627666617,2.303687061795018,-1.6670091034058754,-0.4351998314556216,0.22188312200720922,-0.07234303616957982,1.162015072649828,-1.5336561317519626,0.8537224703183808,-1.1549553790584632,1.4600485777124237,0.4238993768023571,-1.2853276701555851,-0.6353389163000949,-0.6827195423797938,-0.6818555688004885,-2.1700383894927233,0.7703144356048572,0.9819477202381867,0.47099869579067877,0.7584382904541564,0.026581376099630682,-0.49181753513079285,-0.021149168117988087,0.4622026525063547,-0.16864910457921944,0.7375413650928613,0.4117987647990641,1.686864490188907
14.9522878056159,-4.293336761683591,-1.112276005742145,-1.4420679913665815,2.5113245437285148,6.292189389110486,10.270616188142842,-0.5444539105566113,4.664722780352152,2.339428983607127,-1.6209564571609585,-0.42119168814488467,0.15551294941506777,-3.6990367597429614,0.7792985929154587,-2.5597333252444088,1.3191490054111283,1.558824836540926,2.7023045849104204,-2.240931999815775,-0.353191529723224,0.681221294622842,0.19937876256610124,-2.776189968220743,2.3705362420512506,0.10707594003107551,-0.5274338046840344,1.2141348202332312,-0.20262704708463852,1.6396983733267068,2.941394967794339,2.377427387755212,-0.2453700808815304,-2.704231393692873,-1.421402610668557,3.1823770103596325,-0.5974858043346813,-1.4912135717939163,0.37747235431293436,-3.147810831401284,-1.5418882124472701,-2.817396323586687,-1.369975417297612,1.464000000540308,-1.2015287889266224,3.4866501963136045,1.9082836994827594,3.8639261542700427,4.273683891209563,-2.918971158045382
2.973453641544139,5.610269525815813,6.81391528059283,4.4783160603949685,-5.9446443901080785,-1.6931706593681342,1.9691481266110842,0.7678097517019782,0.3937681510257785,-0.2975118078330673,1.6320238319248899,0.1188078633147831,-1.116157762311064,-0.08113506700412838,1.9476955636034565,-0.9118637568795493,1.062645122335856,0.5410689834096765,-0.8927165073693066,0.425230469684039,1.5810495921780667,0.013596264918882606,2.797665333720373,-0.8984025597866874,0.3210915304819824,-0.12000351072006421,0.41865788267928583,1.2131204752070104,-1.25239499368304,0.3314835483067879,-0.10563215700866599,0.2279933321745916,1.1249611188809792,-0.0755635393109601,1.0076742985682476,-2.449148944412089,0.04614059106930013,-1.48273174671023,0.4640990767519918,0.26486761002762493,-1.701078958204945,0.2266437638698754,-0.9934223288517803,-1.2090160405840702,0.1439206043180537,0.4159654679347929,0.1831217704951167,-0.22926517038202782,0.7697183686183862,0.3912539376899978
6.03495454053668,5.902541072522859,3.854749679509365,-5.821137317828556,3.0373123145998564,1.6376014063555628,0.6601001769812416,-1.5505123942258914,1.5380384119998376,0.0936869974256827,4.576751948646415,-2.8192856158291106,-0.9794403967589689,3.1280712646925544,-1.7008466052919298,0.5888446254353077,0.6887764343777192,-2.0287165860514467,-2.173603434870425,2.1407210552007454,0.3751020673641512,0.9880516051933717,-1.5743063462614901,0.7931226041684744,3.362468761856604,-1.1153846558992218,0.3958039953625327,0.7440645541292591,1.2837451166791556,-0.3132183514247865,1.3737491095773584,-0.9575083208534423,-2.1528319322202774,-0.14352332618707167,0.9559360331492707,0.47011591007031117,1.5115741581756093,-0.046029540580587724,1.025598340295716,-0.07917541162171693,-0.6031951795178252,-0.31232801495100204,-1.5426955923648356,1.0317359624010964,-1.361458463811829,1.1504230754075782,0.3264483480284164,1.0700017171217573,1.0924975062915587,-0.48408871897223826
48.89367765505239,-18.950443443711467,11.288194226069141,6.648728314780949,11.252150105630038,-7.322113233800287,4.6158243494490225,-5.571254204831898,-1.0443028001583194,5.329032921108144,-9.633105357700074,7.304893839401592,6.182143577716552,1.644112436295354,0.44227461934363244,-10.69041660707727,1.8609031475739923,-6.63969424836568,3.940883898639292,1.3893071251859268,0.1769376858883902,-1.1720526027982574,8.852172180970358,-0.894102802583104,4.687111893860001,-10.329983491838796,2.212191811054253,-2.036559949233782,2.4796085262076417,-1.0273783118621374,-1.6951185011824714,-2.5698689257908254,-6.4337592929151155,-7.3541762254250065,-1.9217421181873642,8.368475377320202,0.31398012034055595,6.283970916658604,-2.8706416287736394,-2.2205272715765014,-5.127492564845356,2.7484253365303815,2.1595073491435492,-1.0281945142060755,-6.0188667548615875,2.37783956085246,-0.042814664596633106,0.01879592767857008,3.5402826975221857,3.7889030189719115
18.105195392427948,4.783530515279457,-5.103302844616246,10.512518067516996,11.06876526607022,-10.154490909038508,-2.1658185339995124,4.126579800277243,1.6664188776957203,-2.004598053834049,1.8924545571179445,3.0512773971021914,1.0593072456611201,1.9729482979434139,2.9316285960464716,2.27200942171722,-2.541051518595607,4.808065569943144,-0.2617690034910182,0.27987494725180356,4.72481747088921,3.4428385498747964,1.1393358594181353,-3.2907103896168177,-4.223826020516793,8.104425276872906,-7.026040178662178,-0.15982089491886478,-0.12955581935116212,-0.49185657908091557,0.7240048954742127,0.49891547368543315,-5.205433711884385,-2.3080017503652392,0.49008690442884534,-0.405785537076948,-2.651746214263365,3.268426855935849,6.27322479601544,-3.5934052527153,0.009240064653176505,0.014600260660666768,-2.7853642379529244,-0.3954016213518169,-0.738646059261582,2.3779822464066354,2.7584286598132097,2.138886244807645,-3.0560939089823647,1.3753075405509427
4.832064274183473,0.9418627983924833,0.25117233325374555,0.2308719131056094,-2.0088598680846053,2.9017160090117096,-0.8228889240229723,3.4953982645128514,-0.25584721878656275,-0.3800231554833126,0.7822109931189449,0.327148674118851,0.6600114247892092,-0.19930150231000204,-2.3091813162331176,2.0278651220085666,1.1608992840870074,-0.120223526358868,0.5249911259189135,-0.8701448061393529,-0.5762137025156525,1.7371981426853615,1.5214216611077227,0.048753392923174266,0.12257801266220433,-0.7638862817251568,-0.11593547617197061,-0.6409114565422502,0.898375166354454,-1.2203680524686453,-0.5628143495411725,0.18648839801677375,0.06867396932863673,-0.3233393339283115,-0.7419226458660599,0.500039102746242,0.4316428144710275,0.7998106885992465,-0.937774149973462,-0.06815606293831461,1.6563682316120765,0.9502816314883527,0.5967554529440858,0.1948132486203862,0.7436797530585115,0.5733584462676866,-2.1194111933122897,0.0991190947906897,2.6433526057406067,-0.20888043137573992
10.926762330842436,-4.16699725772522,5.975043926495473,-1.2722409067473917,-3.0024944712975103,4.673318858870217,0.9297042399572835,0.5648055305147068,2.126711385697317,0.856525857269251,1.3535783996507167,1.101932409558068,-1.7802021499559344,-0.2855957859685738,0.23195216398773677,3.371851460084449,0.15704776833290673,-0.4708440857521412,-0.5936403594276163,-2.59186804673409,2.9946632064017025,2.656260944752288,0.5895334791451478,1.61826745480675,-0.12317308487937056,-1.047923334517995,-0.4856134478388146,-0.43859723441774623,-1.3373590379057334,1.2655747127462047,-3.534727460312305,1.9919629493496156,-1.3983421527725808,-1.072292098533668,-0.10894735937523503,-0.3308426311164336,4.066035450162593,1.401641095178269,0.01588495576051685,0.763299781620445,-0.6744163470725237,2.202726007464429,-0.6292852039248205,1.6094734643076967,-1.9649005363751089,-0.14069181952255272,2.3424033687892747,1.455813795412015,3.1658764622935114,1.500386781814356
1.6234346087441702,3.5682291836795406,2.988486887295124,2.620621401281091,-2.5258404654946567,0.043778136350219404,-0.031214596082794886,0.0067499456740635205,0.8152101009248194,1.257357824512719,0.7105468071640242,1.6148645570075897,0.4838421389469718,-1.7559196536434338,-3.657978561674291,0.22937457504557784,-0.3790812665876475,-0.15171449959631825,-1.2929962116617915,1.3500842044584913,0.413356301548799,1.15430058963792,1.2144962793886196,0.16884023508087148,0.11050826483766507,-0.5879412035794626,-0.2350248505369637,0.3508243806747605,0.061954821005596405,0.9375788120189501,-0.471629956806508,0.551935708150326,-0.6428439927575159,-0.06537387308777454,-0.7330425778611418,-1.0019442953029705,-0.10202401448136558,0.02312102064847346,0.5799951532944243,-0.12327409392055633,-0.6189992861835693,-0.7697646361675385,0.5797666585679411,-0.2928756965892901,-0.4551599796178948,-0.024933649601321856,-0.3333718156667798,-0.9228521795929019,0.36945044521841675,-0.2815708819399634
6.942200272926721,-3.3267962296934206,3.8671435339923397,-1.66845305406224,0.06732192219897179,0.8694584175665435,-4.301378846231382,4.800699595800869,-1.1445935349502727,-0.6760801823944564,0.4134556074545639,-1.0960945831456868,-4.4175260829551375,0.14437879535334322,-2.5572641065529984,-1.094187358050735,-0.3790122444840971,1.4503997663219685,1.9382953210660347,-2.0433831531965065,-1.1429636425991556,-1.1190296231618828,-1.6197403454032673,-0.6867477572129972,0.6286966346948121,0.10692209508764666,2.119767576997018,-0.5245079832034636,1.0623098608177421,-3.344255924008972,-0.7524527867146896,-0.5946088980839256,-0.006296988438919543,1.1613150452988847,0.8434510830336251,-0.14201989840650925,1.008503079588373,0.7251496708735458,-0.9050737260265505,-1.392495081245008,-0.10826386454336978,-1.6402267290461419,-0.581566494372977,-0.1152633601572636,-0.836617055267949,-0.27010326899301584,-0.5896927147152149,-1.9025597439665018,0.968865410503666,1.6153556116274634
8.32630591273175,10.091981204410313,5.9910112349254705,-3.777795319257513,3.6525320309661153,1.5938840539807348,0.6501061875841319,-1.4765651673427254,-1.054339711565794,-1.5972179358667762,4.066865221871606,-1.6253549154949023,-2.9083437681856887,3.23530190771089,1.5289934553388487,-0.3747366370977693,-0.38126438991119205,0.6453442068700794,-0.2230514132547432,0.8113467792354535,0.5200298749580257,0.044563208087050776,0.7264175710350563,2.2153377882069973,0.37654341237865036,2.520913553309019,0.24432517853710822,2.8300046671795664,0.41494072311093444,-0.3327763083583566,0.10331089266427695,-1.233055906760679,0.18207379681181912,1.59367483001858,0.9917605221501995,1.1308671049936794,0.26530347991360625,0.03650235201407942,2.0588432785288857,1.7240063934233194,-2.15806520115026,0.57275307567147,-0.15961121802726685,-1.288778183502434,-3.3702318406646072,0.3544095975697742,0.10105304460952858,-0.916018175613558,0.14780015687300868,0.07264978997043087
29.56243571853575,1.9474919931796757,-3.9002230424596536,-9.536147358834322,-2.2162412459633427,3.71737941138528,4.875976192556835,-3.722750405269015,-16.56154184555205,-5.0600444619230505,4.738253866163853,2.057837011640989,3.1108643681065957,-1.541617364935869,-2.3965020984076193,-6.154345168625021,2.4940536005758296,-0.3948415291902885,-3.4077471289164945,-3.3778597156445804,-9.174846985370161,3.89171239201232,2.793660149479391,2.0313592247485914,-1.8154201212691552,3.908842725887668,-5.237001141223902,-4.64290212859567,-2.641899533763315,0.9986038377377581,4.153714615183752,-0.33327644267158696,0.23227292324774898,0.5613510673892583,-0.7280271586356117,-5.420684965564078,-4.4860404386418855,-1.4271466781209625,4.505298610735365,3.20465564187549,2.9644388052993333,-3.1949856031786568,0.3017370384148786,0.3640325886870662,-0.8336873196689593,1.954513714558578,1.5227402367124885,1.6440079210893743,0.3710107693137895,-4.24915837198228
11.646364620056964,17.515417032797902,1.831516874109199,1.6759347497531998,5.876200550295008,1.4378103550741572,-6.816800746436318,-4.784751499753547,0.6045321906862645,-1.466665184980338,-3.799662810495615,4.569845767108862,-1.8880300428807086,-2.3569760107548117,-1.0573195784908196,2.9160925360928656,0.4805500809602604,0.9086762638361683,0.9759093877535229,0.09824142725940418,-0.9971093626863349,5.543717934332229,-0.6806274350146234,-1.5011327132089693,-0.9403514199161589,-1.7601416857952086,-2.1614390862393944,0.12133265148824218,0.5390683325183672,-0.5009424700680338,-0.7269471974964086,0.33354592676801653,-0.2032556937121368,0.20907209753004224,1.1310316968379266,-0.718774481313371,0.33624588236530717,-0.5981353988642067,-0.17065072120793162,3.491726652352299,0.7570257639169277,-0.12235908359571007,0.03545949585612226,-1.3799282031900773,-1.861845398164215,1.870986547573723,0.9392606026631737,-3.1264322259708712,-0.07914785221316273,-0.04578735701762726
20.28880843888241,3.439123991724378,7.665778669245911,-16.182106742592907,0.5966070316830927,2.462918598901373,-2.9728550286093536,-3.221292967576664,3.4778723188511576,-4.070821033898088,3.683051109271728,-2.5657917911816095,1.0062946544626798,-1.24444304223375,1.5594509479379166,-0.776433076445595,0.011583623929638076,-2.0922419079142047,-0.19359374305667698,0.8149008058195013,-1.4288451733039742,2.6797544317341417,-1.878075057993937,4.621776200009814,3.9022912922142137,2.4938151585868082,-2.1380657287969926,0.587012856508476,0.0065921789117977525,-2.852525824195525,0.5533013351851633,4.307031108607369,-2.7336572752897546,1.0386295136617474,-3.00890890256185,1.7943231367871555,-0.7183964519005799,-2.9486944405469235,-1.771581621554037,-0.5216846443094423,0.05443003258251089,-2.0204712970010807,-2.390777060487176,1.2188547443914297,-7.014111965491064,1.6095080781945306,-2.9181960196010603,4.068440644304073,2.9857888081940294,3.0676580574012373
8.711004377212761,-0.42666926332952365,3.014856280584412,1.1689273951427044,1.5964699376449651,2.270531425873223,0.5577493816252681,3.9223762217097566,0.127404858490697,-1.3551166662808953,3.1853568435285644,0.6025363281378316,-1.295253012484644,1.119517842418843,3.494288098804474,1.6930409023744133,1.220352860211565,2.900514057889652,0.20265611845350412,0.7094609238298925,-0.3812149712280052,-1.3934912319373578,-1.6497916806355146,1.6495052147870084,-0.4875703089318899,1.8262686421515129,0.3766263897124897,-0.32990199154952293,1.4077327611454404,1.007673978147013,-0.16732207040363972,-2.142950114192601,-0.880799888788815,0.6640254218005887,-1.2936552542326811,1.7767618988642613,2.238274153811479,0.353308147020025,-1.5926147590133803,1.5522410954968233,1.3754318547996172,-1.4018328227066463,-0.8227381892968675,-2.043268562281114,-0.23318983226488893,1.5506098966983872,0.31057428891533584,1.524664121332032,0.41051748180951014,0.5089172456061407
8.274411909467545,6.054764853050019,-1.9461460050416521,-3.617735158386507,3.298016823887373,4.071488348850255,0.6906449445817805,-1.327022264976133,0.41592646517234355,-1.2053250105398656,-1.8374665798758412,0.5530462312516407,0.3842448629700344,1.9349399062032637,0.5570965446197548,0.09184604087976977,1.4869860634148733,-1.6794919737621694,0.19174956761069134,1.4340879046128985,0.21772028188120524,-1.6359136252468403,1.3784381238208634,-0.39694076334865247,0.24599163336087138,-0.6657504001622382,-0.18112937872480445,-0.05039766766051687,-0.7035464720132739,-0.5993345812047266,1.5686948059098147,1.5833792385566712,1.4392602517295876,2.1885938203894635,-0.5654215934546012,-0.09308759009747125,0.9998215821517193,0.29916358750651817,0.9223394341172018,-1.4085180299379885,-1.297791251277634,0.4303713266655558,2.4780235796676684,2.340024658315357,-0.11807835812179078,0.7334295076559689,0.7641544360483177,2.722021878615887,-0.6104722150784875,0.1948290951288385
4.776233362512805,1.996185208292729,2.642437887446264,2.6166585857159648,-2.7893485341252844,0.2250484243052282,0.558234066173936,4.588341893025362,1.9128560882694878,0.5082140426853847,0.34024052323823173,1.5680328527297136,1.2334653955687835,-0.20275009327615764,1.4157836075066612,-0.34917506988788516,0.3406356415701793,2.492207963755933,0.4195752356391803,-0.002927741559800384,-0.01164093375090744,-1.7675614997455615,0.7948407424104359,-0.30222925748979834,-1.4385573041865334,-0.1917175795971638,0.26478748407134095,0.9467508892221377,0.387622602585569,-1.1589984399319588,-0.1853418893868436,0.12427429054406369,-0.17999617816790106,0.3301517514498453,-0.04017044510523521,0.3640949209789981,1.1518158670858563,0.50309446360702,-0.9715153462303976,0.3970215872772036,1.0186997759181782,2.0530854140672203,-0.2271651923705831,-0.9159530378683438,0.7350935823987625,1.4910673842737843,-0.7660576515550643,0.060804879264124395,1.1747676548397763,0.34059202578109465
9.671466458077933,16.466705769892236,2.788246823407563,3.990121115091517,2.2299360190733504,4.811723863302736,-5.831191642861999,-4.489557858019596,-2.231432020672873,1.7878207106827628,-6.6746893544124095,3.041896546602625,-3.1550008284778936,-0.7140254794796521,0.47715990842254463,1.1979615838093227,-1.1118502271292576,-0.23762567413136906,2.8229103446891486,-0.33713841003562006,-4.306026847523021,-0.8925417252077164,-0.8467221826856188,4.082111594327454,1.940359481605021,-1.766933968389453,0.7001020730967938,-1.5778431052877917,-0.5540481678163426,2.251183253637582,2.099432565783978,-0.2939128848908759,0.6489387242994499,1.8287405992335413,-0.25757382253174477,0.018020490533512346,-2.111138710679827,0.549569871419324,-0.327225210749918,2.8059059342647483,0.07068595518245407,1.3108591988016214,-1.8588935349762625,-1.7889291943409096,-0.2532631356475164,0.6067233791296335,2.4911083431645515,-1.3210622701293073,0.567953514283495,1.4749524834479142
6.5458853042911205,2.2590863812451345,0.5266812950808036,1.6048870830353108,-0.9606191781366004,2.695759393127388,2.4982733590104633,2.5104616254479417,1.4244999412475168,1.7944733832187794,-0.1921629714084977,-0.1606098070879609,-0.7581034850066285,-0.26330381218719845,-2.4343178070186746,-0.031181272983792363,-0.53103035383267,-1.919585319625898,0.6751206741894089,-0.9841965960626035,0.03689873113669018,1.4094572281089683,0.11072572521568722,-1.3250354125621755,0.719414578863121,-0.4736517626995257,-2.403757854963505,1.0900772672344492,2.178171742240112,-0.6294598922128943,-0.7321616980131315,-0.2357913300697806,-1.7314251815933908,-0.4584693790880202,0.46954193192086424,2.0007295123557505,-1.2780897782609022,0.22603812491742037,-2.213493946233547,0.2984773762006926,1.7164003458509045,1.2258552077883011,-0.9061290097526284,-0.9809338545620176,1.2530954290229896,-0.11502214236096168,-0.22383154533444866,1.1760152384199714,2.3339562875776583,1.6351844757143577
2.409427746349429,5.4265105961144515,3.0131793144939487,4.794695099510514,-4.2174930492361575,0.9679526131073892,0.27208492029574305,-0.32257987907698304,1.0690083719042107,0.8113192451856766,-2.3467852439894727,2.1809467393812603,0.09576291449984797,-0.3283247589832403,-1.110862503779987,0.27700419934331505,2.0514019088607087,-0.9240909694556053,1.827474958354517,0.7522417883171976,-0.5370762178358206,-0.5249457662107737,-1.0917210902381265,2.458697166215394,-0.3122791171104342,0.9254138079121015,-1.3810315725984168,-0.9340445603038723,1.5024418094041416,0.4538656109531949,-1.0471940609679005,0.2520352892402456,-0.9701409250411324,-0.12024400731066033,-0.1843096409705468,1.0076280421627768,-0.22724832831429453,0.4332241402364166,0.23848096029998678,-0.2258576426631425,-0.13038695857986876,-0.39373435625970793,0.16837935956242073,-0.009835869724143298,-0.02989861790601922,-0.41799721902302034,-1.7047941697604498,-1.2710768078796697,0.11442035824655944,0.2061506282000901
8.000776189312196,-3.471847043219237,1.3144248440924455,1.790723670045624,2.2893455562373437,-1.1841224006968942,-0.43053464354352555,-0.794417541000488,0.08253752106566123,-0.6266286515443076,-1.010482368970784,-0.25566234449143077,1.880550727473553,0.0960735176439814,-1.864691056083045,-1.9749616571093238,1.3920858196774688,-0.08780886648607067,-1.8130542513486803,0.198892372116031,-1.8196620086697992,-0.6102641764392702,1.8315884607812958,1.4854665413639714,1.0718238620635032,0.654767704887512,-0.26642533999609785,-1.110343670065768,2.0314511061049476,-1.8975091920747091,-0.051140664283056,-0.6057453266412169,1.1180612836033461,0.8400784392173272,1.559275178668859,-2.170000970240579,-0.7655063238270614,-1.362516389761095,0.9406718167744872,-1.0638877916314038,5.080248513554112,-0.33998863138567886,0.30853063894120636,-0.7867756957126899,-1.0851871769234227,0.8225522653061573,1.2602896939624508,-1.5279050547884698,0.036908072340027645,-0.7362837619955213
9.736829749943677,14.284436914548408,0.28327924828156753,0.9499075137833796,9.6505091964251,4.2618485030445115,-2.407902480148695,-4.894009681491778,-0.322791847944617,1.1025424750495676,-3.6294666334417904,2.8705879640040566,-1.0747083094994276,-0.34285893719157623,1.378342557018439,0.4434845011971415,2.0790810099017554,-1.0410231214255918,1.9629771390264967,-0.6397682353714772,-0.11560823235948026,-1.2834693427078334,1.886506634206043,-0.1675674139439677,0.3398184655934222,2.2317729121697307,-0.18862508930508698,0.6074672598646949,0.276418092599273,-0.35978633363701606,-1.2880728891159159,0.7990410588593531,-0.27114562145024723,-0.4381257184859909,0.004261737875618371,-1.6720629811941876,-1.9086044808978668,-1.0856105122093265,0.06436814933971202,-0.6168913381181576,-0.05464213868655343,-1.9852548291387557,0.704939169975573,-1.433373862828615,1.9178750471208619,1.4131786026010138,-1.229443186432991,-0.013207122000595484,-0.10029104179501115,1.538949991716781
7.708361677446812,-1.0485283477373835,3.8948925280890196,4.222957620471868,-1.4009374421782113,5.865673450834069,0.6346263580690966,-1.3201875848271036,0.32247544130689243,-0.5292012377644539,0.9258381572579638,-0.29024966140150266,3.319007188895497,3.2204931382489805,-1.7866276116195812,1.7868661702671624,-2.4700268710632187,-3.1656012671716445,0.5745583781745741,0.17329266910401508,0.32720118873996984,0.7488858000914997,2.4933876645760797,-0.5464865597911084,1.403409571399628,-0.6009780828888118,1.4116116397117409,-2.6827433328737826,-1.1033004139424263,2.8454333050228824,-0.19081329950986958,-0.5925727988320745,-1.2633830179242307,0.23882997200305922,0.9467901097999812,2.4565135503903854,1.5876790942447496,0.08999871787004918,-2.1995528691021047,-0.30614057741279843,0.6100738655053036,0.7541720938631387,-0.669994642720656,0.2534484517405997,-0.7256706450813653,-0.5476473520090146,-1.6110473570810782,0.8180959035388505,1.129685361174198,0.47827763265335593
2.1361864847129546,5.413057926511979,2.8145349951700362,4.5327929971841865,-3.7076048520088616,1.1586949247402927,-0.8106080708109381,-0.5497330569132434,1.3948744504362054,1.4680051975830937,-2.075829111043344,3.083074008119138,0.31816111180731876,-2.253370743798711,-5.300008892952217,-0.037282785670586266,-0.5291253222487371,-1.1120491942574413,0.04443150753794181,1.5502784563363288,-1.7279969424577313,2.4154753071599657,-1.0956739212926063,0.6718234679342694,0.4847573456635996,-1.4530247995640613,-0.025660205591518104,-0.6041116630355633,0.8076060042931894,1.015573902843644,-0.09825455128284047,0.06290662480965678,-0.4596873959232658,0.1735071592222097,-0.30824894800180536,0.6020823454310769,-0.22000097671048946,-0.004074029975047588,-0.313791997934577,-0.49754131830799225,1.216718214674266,-0.7940488470294894,0.2977422670356865,-0.9500954309027493,-0.004188944073568436,0.13745787719383726,-0.7519064696800768,-0.7425867641479996,0.5483145977684717,0.4047975647084735
2.8124062382751354,5.273585874084689,6.483214055038082,4.222113871327748,-6.37944052439009,-2.039599509938665,1.9459430402471272,0.956032237946581,0.4719269511697308,-0.6107956086750759,1.539603908164926,-0.8419344352145263,-1.0442317376529517,0.3548027187672698,3.6820013437841483,-0.686303335847839,1.2309863392228366,1.4020889471801834,-0.875020402704241,-0.49253326343885384,2.4062586298915587,-1.024207521722749,1.6688811503382746,-1.6483569596496614,0.5573599725598681,-0.6991087981070541,-0.4925414290928031,1.3789370326241437,-1.0286892119079383,-0.23292085254429673,0.44131753017675024,0.0741865607955827,1.645886247244786,-0.22262867822377255,1.4163015898495543,-2.583282621439192,-0.014850113326940528,-1.6734229863994665,-0.3855900237193115,-0.4619404015964388,1.0364940513403265,-0.031584340174957815,-1.1923084341785417,-1.703485941997481,0.003215947498842117,0.20570501931375285,-0.47937529996717176,0.27416357521640966,1.0956864242512094,0.05777328994602207
3.005641101652155,-2.835750629021103,2.320381071208912,-0.45167400167135086,-0.020108391397628867,0.04456709648578233,-1.3843124323475573,-1.6604702780441638,-0.03672343590851758,-0.1284235013332431,-0.18979994486450685,-0.20166852247716263,1.0481113055588278,0.09805824296061719,0.2986562594816115,0.12245963899622347,0.6599665183198109,-0.48829960495743086,0.31079753982266567,-0.43917304123342493,1.0553629901291341,1.0194297631557308,0.4119410516274521,1.233590941548453,0.08014479304496554,-0.3708100008452719,-0.006231137871022221,-0.9311537910652946,-0.9864152871682669,0.24185617377562635,0.8748075922930026,-1.0698454171935927,-0.6650517466063592,0.6945539097572977,0.8088959294387589,0.604523078206814,-0.293469193902902,-0.12383665896647059,0.21774619262153425,0.018772840133260877,0.4270621639708071,0.07069404627912043,1.6816744951230598,0.2782012757929136,0.3024785491991796,0.3620468580681994,-0.09907751782925844,0.44782482945772173,0.3529784585365218,0.6475907960629327
4.288795665813647,9.284014232279075,9.197353826185307,7.328311425642835,-8.535781095660376,-1.27574268265437,1.5881316391567537,0.3737900548586411,1.113018201729198,1.6351683444477434,1.855080103149928,2.556442770599142,-0.7627979145550742,-4.377668299137994,-6.718966169851167,-0.542637268900747,-2.6320239567912482,-0.4083341239516253,-3.1276664843621935,1.9949142074160024,1.4241369549653191,2.8579741293611263,4.0130287458529095,-3.5101475570454577,0.8165406090729035,-3.087062766537954,2.5509723523473165,0.7368206825930809,-2.927415585027393,1.117184246166791,0.9826657251025914,0.8124912776567634,0.32248618552725183,-1.0876470310868385,-0.8904279848436027,-0.8705369565865239,0.666065229134033,-0.8915476506900051,-0.5253370080108597,0.2934787929118192,0.2725122713341767,0.20629337019089522,0.4008760889454804,-2.346722052862121,-0.34592460504425054,-1.5125598348390592,-1.4216984756107824,1.1498334465633073,-1.0091385768571515,-1.296979720746338
22.878210523733728,8.457061248520507,1.6185349354876353,4.946729439051416,10.644729151576257,-14.751887844513478,-0.8355039179447881,7.297843522057004,3.332713624530008,-1.6340419783789115,5.400455350767758,5.696897444853019,-0.6570212967589892,5.12876469801499,4.831710899872659,-0.8443346263936896,2.426395181044005,2.4219529331730527,-0.6724973016700948,0.4931197064848496,5.514784939390399,6.597606767511753,-8.327987495314327,0.5455995800123776,-1.6972181918666451,-2.49560585962536,0.40440609441314684,3.9244269647521666,-1.339621106134952,-5.0211710529343225,4.022253898596649,-2.650069834407642,1.0477312580497316,2.646848936681129,-1.380687080287707,-4.081894918773568,0.4131297828230017,3.259337543391461,-0.7619326760817257,2.398435492242225,-3.2319347047914806,-3.1093967814519745,-6.308434464030607,-3.205472649063805,-4.431889840344539,-1.1804734770683178,8.547413077237929,0.6652075270056101,-2.1283453231395786,0.033416919990760796
9.720094405690592,-1.754500946120524,-0.9195375654152067,-0.2626297582538789,0.4753693137639646,4.207267845147004,-1.7064520492367166,4.542710198083805,1.4912798718640046,0.48877310668735746,1.6451725258263945,-2.6413876794230515,1.7174332587927377,1.2223883314736164,0.7712201049429496,0.6319499042879785,-0.754275506944491,2.251067910555639,0.03262602323832575,-0.4875548106880129,0.11249766098527772,2.150905581989203,-0.33450539186461414,-0.8525501709096472,2.2414992982686974,-1.4155932072415343,-1.027857857866373,-0.8418984118013126,1.4721197639741832,0.08337429859271239,-0.17826763919349645,-3.2189536615095573,-0.07681882413258595,-1.8203466217588624,0.632258842611385,2.2299638010801175,-0.08115927228203912,0.35619980143115537,-1.6082577103697382,1.1814064223966534,0.0035384591030663826,-0.16426984073148465,0.9277217485669783,-1.5381123699495172,-1.026886798964673,-0.5686019471299006,2.1550272687952927,-0.8614983762144923,-0.36080243269799495,-0.2518845859184463
8.568384476857915,10.973195080836286,8.15656729075864,-4.3570689683351755,-0.622281865644039,0.45498052949458156,3.2640939565550156,-2.0974034288923393,2.4018344834133454,-0.012569474817702736,3.849478931527512,-2.263146356882562,-1.015033794617292,2.9279241854803555,0.467097715948862,-1.6384029870220282,0.026110324434302057,-4.127415481141554,-2.6864102823692773,3.2902628870971293,3.7378529996177767,-1.9519630720530468,0.22674055833390228,-1.2293251820482456,0.7074321111518462,-1.7601889264364847,-0.37647654630488514,-0.8744733508488713,-1.4070004290903952,-5.402839544830145,1.7564279263411189,0.2856029936050862,-0.7063939769432368,0.2743758262305483,1.6605618021876767,-2.0081619880704356,2.3189799939943465,1.6655481031622292,2.0907253819797895,0.3287385950618744,-1.8739276465272716,0.43652652604728304,0.592948099984196,-2.6928199165895452,0.9635394780107237,2.5540129568830547,-1.0510175181576005,-0.16363054077421024,2.4629176320301323,0.6741155402471735
22.794845280540446,3.1089629075690928,3.7195345800893374,-9.596690375086023,-9.556560535590018,5.249489859880421,2.4285736603703545,8.543557291201886,3.8848667926386122,-1.1104490758272207,-0.6328568211630704,0.8541499817937334,1.1449746321140617,1.8597326505323997,-5.041530834211893,2.147093415737816,3.612927198197905,0.15394079772576674,-1.3585196994707407,3.0485670303424537,-0.7483903263591163,5.926086983289383,-1.6320323286727312,-0.5569430023279913,2.807386080958173,-3.3351555325887174,-2.6655448384369596,-0.2566427008648977,-1.302095059978564,-1.218361536008775,0.01676844079871792,-0.4005747518528644,2.6495040677726136,-0.8255270111849285,-0.4462124275887427,1.273903876571519,-0.7888990720805409,0.11564780052244504,-0.1418103024609109,1.8490161538808676,0.5912857087241875,0.7616899516142104,-2.7096595083153954,1.5227486328346478,1.3427753580950057,-1.0154608760413126,1.607265097329348,-2.8290502850107466,-1.9713164161171546,-0.9861217490669592
45.166253550047465,13.731935638196372,-5.173979078318435,3.632511172394387,1.2693340246614426,2.3841232854935455,-5.084268439133383,6.954403183536484,-5.535195363785192,-3.778850962388817,-5.418017592614858,-0.6704696194679076,3.2896926835764098,1.3618768919828474,-1.2134623902120008,-6.1063467613428255,-5.585832464733645,-1.8288848811227454,-1.8576036083367113,-4.144433723112974,-1.5586829116972498,3.240822973919392,-1.2916136303344428,-4.286604957591809,-4.2367355614930755,6.365786492049242,-0.6100282447960969,2.6376618239175063,-1.9879562533577895,3.9104502736812945,-2.8781694960926174,-3.509131111879702,-2.434434419997749,3.4973096705461315,-3.742095039128165,-2.4046426972667936,-7.023595265513391,-2.105604024027405,-0.3678326372683125,-1.3926129612185005,3.3592116322063053,-2.837784279131938,-4.843781332771213,3.9500390935599907,-2.4669341521163,0.5550989118075565,-0.012998038254252942,-4.826425348394991,-1.754925252666615,-1.1326979739954384
3.22322697221518,6.762110710062959,6.025650281855679,5.739239006786217,-7.909980485327773,-1.7133828940601297,1.200771347787637,0.4458076271818146,1.5709256556133013,-1.3035639326444666,-0.6744381338990633,-0.12147078399864963,0.2040317822990372,2.0579681201681503,5.347130128074992,-1.1566117003917067,2.726046391779205,0.7925267026415362,0.2063981021647039,-0.1955478582536288,-0.5377903111331677,-0.8023482530836976,-0.29068352690712385,-0.2865484313290103,0.35006472479902456,1.4760654365162433,0.7212644209912138,0.21717586939699063,1.1540433618603947,-0.8388590260664087,-0.9947900592608085,-0.34516948127044134,0.1766603646589856,0.57102236964237,1.7645427949735328,0.03371542968148308,-0.1904590008696015,-0.19426665276612864,-1.1441706148641426,-1.4065480473058762,0.9594805440393342,0.7798044402169355,-0.9629661054614822,1.0854255962949666,-0.042871293152631995,1.280489688869948,0.2024408730915067,0.38129112559352274,1.1869728927659555,0.7913018573818258
12.114471725378742,-0.7796214733075382,-3.147929975631864,-0.5879453604520904,0.9956680541541216,-4.531350931185822,3.8544598348097807,6.305816380062886,0.02230029268863537,2.9219422729295834,-4.318761648401731,3.262789408096324,1.481445905630352,2.8727939511108382,-0.4257808229433099,-0.09059184661875605,-0.6602023533624496,-0.9920552399497183,-1.0419815726592008,-0.6645930246976637,1.750771595484267,-1.6897456669084876,1.523018413541427,0.952854221373471,-0.11719139523614913,-1.9768358268337591,1.5983397773634125,-0.3462619243948521,0.5121619917794906,-1.5157175871751716,0.47812848065236013,-1.0627989348302727,-1.7537192638133798,1.1388507195155657,-0.8532743017498502,-1.8594975795793898,-3.0204889592662347,0.4312669664484399,-0.38151303498774797,3.8916007823890166,3.600217358441054,3.074582913805939,2.386436053713117,0.47611977498930563,0.21399621226096893,0.49935470865537496,-1.7570519018132795,3.2202777943132266,-1.2670243279050224,2.227741571625487
12.520821459635172,18.831800375275115,6.727020006920044,-0.7597683529164992,8.056093673287165,-2.4731707941164354,-5.036002997527635,-6.511374730823041,0.6325253814858761,1.7116318261632806,-1.2705348504733642,2.222449893680834,0.21391203638411996,-5.980336010254458,-2.1326022954035193,-1.6261799905766106,1.9363315756892305,1.8368203641301788,-7.468526994695096,-2.5930921018885864,1.3400333786263356,2.197271140895856,0.86217223518332,-5.390917044753611,1.1482816054583855,-3.0652121804953496,-0.7364217941632424,-3.101241252764531,0.7114833045909559,0.9779289831035195,0.25315243502314194,0.7147744740541881,0.36927240949490653,1.190198451125176,0.13980377685008696,1.6145024673058526,0.9287744364347293,0.13971705440279603,0.2636272862237399,-0.6903128348823674,1.0159980417645156,0.809280798612046,0.38762485556141235,-0.273435758490701,1.30513866523245,-1.699892363676255,-1.2102277532685592,1.4555780388031023,-0.592675429229077,-0.5069217268011647
6.847572449095186,3.2190847059709276,0.30403770885769354,-0.201610155621256,5.783283927614897,3.789355174053896,1.4371833950702118,0.9331221214684741,1.0674694695900406,-0.7295961058291047,0.8766311995348607,-1.3921441175739464,-0.2706136816208534,1.7677787216824974,-0.7406472103512245,0.6355725174242757,-0.21833374146101533,-3.2695845921377464,1.1475406820708447,-1.91695570591112,2.876749914676431,-1.9687124392799609,-0.9563256085526821,-2.4605644262449675,-0.06685324877061216,0.7164071343549376,-0.05542842146545357,1.043920098949279,-0.5138000008590238,0.6073248204396238,-0.21903142593663144,-1.571191796493686,-0.11954790595914472,-1.2234698436971418,-0.012987332563647591,-1.329113715106679,0.04071821288021261,1.0376794085916259,-0.2664681253821663,-0.20359129964687064,-0.9027860047286488,-0.3588629562417613,0.1088038563962545,0.2796792488559912,-0.5641069817197948,0.30797610264568415,-0.09796078346560222,1.3505037637860757,-1.4724260724642457,-1.6401482358231583
7.995152489670782,1.7993515619780507,-4.293430951150165,1.111167596410903,-1.2505486324653394,2.2061960792587305,0.7306135497851718,-1.219283367431904,-5.185126110349673,2.03723495561723,-0.25217682182746665,0.9171495360320573,0.6173970305657006,0.9626579431399693,1.0197662769750344,-0.9305112597728042,-1.7426042986584533,-1.7812842073754338,-1.9181575660287042,1.4001301120819307,5.431648517196575,0.5004921492870115,0.40087141094159884,2.992589146193103,1.1215524758427609,1.7079401199898883,-0.4202878550889699,-0.5103050474399058,-0.2996118926528495,-1.3507891897765105,-0.8288249767502233,0.3634503918319113,-0.7564908830256708,-1.7782524985297377,-0.2993354767920436,1.1969240461410489,-0.8722896954867846,-1.0456441910431984,0.29478227031409804,-0.20638614500804287,1.2069055452856574,0.2794605943364791,-0.08156610619804852,-2.4540345480910926,1.5689191080618465,0.942426648718003,-0.49554249724818156,2.206781133995494,-1.3730930781539707,1.0861282661248088
35.927677893135986,-7.140054017214926,12.412612800334607,1.4603668933727891,11.217143114059043,-10.923714193792208,-1.2309808009444922,3.3336862005483296,-2.6734692725598133,8.407459359896457,3.1583357782222414,-3.604089188416356,-1.4060218599818166,0.17019119581188236,3.7254150949239544,7.066365807932429,2.3332404130728044,-2.144006144474649,6.56686397574298,7.507124380376437,0.22754531041256293,7.223399579274268,2.942557115606564,-2.1043613813557975,-3.7259483076098525,6.127659841703673,1.6444839457871157,-10.002472244663258,4.521411967677695,-0.7144819216448784,-0.857113775830413,-6.569375623581704,-1.352738867772758,2.414205749620824,2.0343844887194997,3.948206749456309,5.584525120688759,1.313984826398945,6.07425311829325,-1.139641324969991,1.2633958223183335,3.202895019879927,-0.6983563152284928,-1.789055588869165,-3.1107442215978356,-1.6581546239303855,1.478917438344569,3.962319265807187,3.652188889554461,3.664045742396942
9.643765307752288,1.151887256099744,7.583473104863491,1.4317750279948425,3.8691827630389506,0.8026239044454053,0.9131395547304801,3.256102897502103,-1.622363196191845,1.6658903248561026,5.6685463703311605,0.5523446414376714,-2.883340899903551,0.5518045515806672,-1.4707413277496277,-0.3540345245634615,-0.743149797465895,-1.671879151381659,1.429578670222119,-1.8071150524101571,2.0857623635299682,-1.4318515985442155,0.7800958583890724,-2.6688966795107985,-0.9758735295491797,-0.3773595022556133,0.6391273347460193,2.055588908032283,1.8326501160879682,-0.9982825784654703,-2.1159493352088083,-0.8053117425435469,1.3694235342269967,2.190968236888331,0.5944235098306883,0.7086592017716329,-1.0541270966784753,-0.03525459677041337,-1.5488522502256628,1.315377864671652,0.5457939242093973,1.769013637083741,0.5579241564854451,1.0379824071828916,-2.277455141244201,-2.287285486843777,-0.0606580380361534,0.07720043606787108,0.8778190239160149,-0.0012753337553908506
10.757805487393469,9.415689021226036,-2.6577683040913778,1.930506691881459,-1.8861918850520896,0.41110237977731945,-7.130119080937198,0.10097696725788172,-3.194802139491682,0.07747488112291084,-2.032662759758654,-1.4269431119678104,4.609567959238228,-5.312151035714078,0.2295867847090096,-1.5068724323275815,-1.9415177055578543,0.08839858830090536,0.9155191800556227,2.5861903329714293,-1.255209802232894,0.3089716726075656,2.9881595271842203,3.682727308066431,1.1857935393670058,-1.72832184994826,5.655670676820355,3.968987922348147,-1.696684968287116,0.8339206232414931,2.8702598416160097,-0.7707717710902348,2.3522025113220026,0.9939863841807822,1.6032218645798686,-0.007091889293363386,0.4984976369600679,1.6185248513747976,-0.30438586828871705,0.5563525263868012,-0.5757640387540796,-1.0793892638656952,-0.4134118178354268,-2.617918115187151,4.419082861141045,1.432871207505396,1.4742088863803633,1.5364502324756577,0.9314395486623792,-5.332618844951164
11.992895927586197,-6.569747132265341,2.55409713187053,1.8000392072910885,2.8139520570283456,-4.277914707617519,5.520264623905482,5.929419456178765,-1.0916220740476636,0.5970673705647715,-3.673359498336681,4.510925912089874,-1.4811033848824733,-1.0584125956532302,-2.002778882973208,2.395863450213228,-1.0984239344562248,-1.7913391467198343,-1.9871361106050316,-1.4833114669649254,-3.7618274879444886,-3.580936933567185,1.1210075048361587,2.263894050501191,-0.8318637441896699,-1.7583269797191963,2.042206991174588,-1.460238145847887,2.194842711252286,0.5356588664592774,-0.23035370956620502,-0.6298462728827993,-0.7413590759763039,2.864677683693553,0.12388842188666044,-2.3698251300372544,-2.142350048113073,0.5058055763221252,2.33726526911146,-0.0006091334148968786,-0.6557047253567024,-1.2304639536473663,0.03652435601792259,2.525012575798969,-0.9399671396637861,-1.8266490990172985,0.2887496949448104,0.986664869774976,-0.6921423668889717,-1.4891130387702072
23.150589772392983,-0.8770023562037719,-4.596993185633401,1.9717400589053649,0.03567346966226981,5.988406157092006,-6.2975103439704165,6.782128532127677,-0.5399949385207401,1.6034450189320366,1.4803431463294883,2.259644361875699,6.389416865543466,0.4846563742428658,1.0680220853748335,2.6415803383515475,-2.2663317720612994,3.7134290705831634,-1.2943961368090793,3.212322761040756,-3.444541722392468,0.19439894960980608,-0.6313485710847082,-0.305729720026816,-0.30848782619240694,-0.9160649864368448,-1.9545208564947636,0.9483781641518092,0.44370676235056705,-3.131303981096022,0.947971146629321,2.2983775687665124,-2.4456190781582974,0.010061226399158851,-0.6561572069271655,1.8374617441123289,3.4980367726076684,-4.382644879435093,-1.6260871556513414,-3.9624998392293556,-1.859313803768055,-0.4286805385312247,1.9495131459170922,-0.6558005887282202,2.581671376350807,-0.8861416618918643,-2.8647502139018868,2.1383401319232873,2.2346962063328615,0.31675679205231877
31.22154063293013,-12.131202533594825,12.213505495110514,1.2558273978988337,7.7537745557342745,3.71490531165901,4.00302034658378,-4.055867820293102,-0.6058542379802655,-1.5411320706953493,-5.975328637921118,-8.130873880224685,4.377138801689526,-2.9576557992917527,-2.431158744009154,3.3487918166260333,-2.5346355400807195,4.57880600794995,-2.0954640128940474,2.3359541297163853,2.4804271400022477,3.0266092647942138,-6.54563444369294,1.648349334930963,-0.7423679636210228,0.7063196617417494,-0.520714630911497,-0.8725588516657622,-0.7205794492265066,-0.31788549104141217,-1.1990015661405125,2.2574966395081826,-8.688801826858494,1.0267070398120173,1.617173349158283,-1.7637717035650091,1.2268819045540384,-7.148291740729307,-1.5910478108770645,-3.2711859589982444,2.802669942423164,-5.843687595836588,2.2465660047324967,3.2248570841094075,3.555740341605296,-1.9618001686315105,-0.9595242060894924,3.5285953275831456,-0.279486390814524,-6.624213145810913
8.411922957192017,14.072468546646881,4.475580714114904,1.7879956451378516,0.33719843257910587,2.267464798125255,-4.737927977774253,-1.0840830112855042,-0.0901569733728646,0.29530297026330865,-3.4803928363569687,2.251149824756493,-0.3679316973928529,0.8859471332046794,2.63003562092101,-3.375823229932112,3.7359816088602127,2.291746351775444,1.303430297496571,1.414200325583612,-0.7570208054255858,-2.078993963981542,-0.5075551167047154,2.5676970983327863,1.7171875392927882,-1.1578330088037785,-1.748307849165001,0.9914148337497388,-0.2668240215363762,0.9777237835843122,-0.7975607882125807,1.9790447888703475,-0.19445029183247398,2.8854445575406067,1.3926618543588285,-2.01493027271666,0.42665781083519816,-1.8181280185888788,0.23296799948083058,-0.7116248503391538,0.1292155988597664,1.823908410888794,-3.088077056330647,0.4693275807461764,-0.2924170669871997,1.287943771658064,1.1775082042580842,1.350339555185168,-1.2635774319795865,2.2357620445935655
2.9172787074170423,5.152571243230425,6.019237888380024,5.361843967817881,-6.230707049001469,-2.002385619445762,1.3959473780342362,0.8946400113373729,-0.04301818899744461,-0.5306800387179222,-0.11221590104068824,-0.019239197423299048,-0.32955754709018403,1.3702103251396898,4.9043025073851645,-1.3222472599232067,1.8363062343678376,1.5458119325010735,0.5172479746545391,0.4326428600736043,0.03575610467207732,-1.7979116647709545,0.38436548123247816,0.6702040849839269,0.8175268426673731,1.5536778199018815,-0.649779112674846,0.5754814685413518,0.65381580218073,-0.3219738041846071,-0.39742521265768094,0.02481942860229877,0.7068252201304939,0.6450791090353196,0.029687219453275876,0.27838094208247716,0.4818918250036109,-0.1257695573647326,1.1625950336954671,-0.2724735979227513,-0.6880102854315452,-0.17465170735355606,0.8901970997120341,-0.1825031250287008,-0.8696309413177292,-0.35133781070161785,0.0669344074501882,-0.12721680027072718,-0.21147603799481826,-0.06377340868496484
5.405759122332636,5.801999518932154,4.793194387753605,-1.1599404536795408,2.268159034021085,1.5318202590863201,0.9942270340854722,-0.39054890792528696,-0.9432203544558755,1.3680664433008125,4.26613015739038,0.22063591500762741,-2.2910130594443405,2.7331571500687164,0.9397230600614784,-1.1801944761422565,0.32764959949461536,0.1688884172283071,1.8685364612800646,-0.4666164473687818,0.28460137796253787,1.8600382457973579,1.662325132887362,-2.600551452495561,-0.003002856821721186,0.10399587428920493,2.473332690520478,-0.6911103188396489,-0.41361405952077795,-0.6604903678156737,-1.30991817376232,-1.2865343001674419,2.4783876556048465,-0.6820507507150397,2.1778721324433348,0.6257214456382454,0.8902803141242385,-1.8611910632345507,-1.9621321357889978,2.095382996593278,1.1071030129793737,2.488657849492023,-0.2940971091928809,0.4001717951806242,-0.12278602009255032,-1.2642440563748596,0.8042553106782828,0.4010651482119646,1.0180345080729993,0.3581346666748695
15.154815136118156,8.336722822968913,0.5660140952301566,4.4332272621633155,-1.2209463586077458,-1.3673227395416898,-4.221299912294401,1.0449270749414206,-0.6077589426525877,-3.5294200912506737,5.722166049804121,2.1049541768275133,-0.5766826380893919,2.788945377684549,0.8669993516961592,2.0481223181236645,1.8782124537478015,3.761213025544824,0.1283834426469923,2.26956047086211,-1.123744527937108,-0.010247254595199595,0.0633926847005819,0.4434527149644502,2.2836624377056354,3.8389736500420133,1.9221968492038863,1.1704478585721132,1.9762299189540666,0.4848845852769983,1.727877522890155,1.935392093013078,-1.017759740101131,3.584262725216507,-0.9988977628683376,2.1021724653441667,-2.9014194471741885,-3.998763952263621,3.4745184225893215,0.22507905298791384,-1.2850346330991225,0.7000029401028312,0.5297504359844096,-0.4634273502966034,-0.09006457797656775,-0.7760154112920755,-3.3558988542625565,2.6750801628150773,-1.6710404186300296,-1.5489906589604285
40.66850271241271,-13.404017839309503,-2.757259079609495,3.497967504446765,3.223268519744697,-0.6493446215029347,-7.841786856801952,3.4053954275162446,-0.8817912420551433,-2.6065633638298498,3.752880869885129,3.5702650910417955,-6.15914381409452,-1.6246892349771695,-2.7493883353171897,-2.8251462789076385,0.08699548491272852,0.053803977532346337,1.317261887493315,0.7150661256112717,-1.7280701399633642,-0.9591839607116683,-2.0972657138647803,0.9322859628407455,4.2668617775631175,1.778061673184568,2.779319460214546,0.7493867240002607,0.020724033761738425,-0.4487586689062169,1.9570531756933773,-0.8819726204128007,-2.331046891386933,-0.801574054047365,-1.2595612412951713,-2.42960149133502,1.2271788801686776,-3.5538017545141583,0.8548035583080873,-2.435701933713195,2.853227933927486,-0.8985841664540404,1.5529303322671622,2.957732103098711,2.830066924569563,-0.3252781636628844,1.6530004826041025,-2.916258803363485,0.6281960952378537,0.6957879169886356
10.801756676566127,3.324686048477076,3.936639798614064,-0.10236000127123934,-2.4783671496982063,-0.5122009636419813,1.1385171253505675,-2.74553525860964,0.22118053525489462,2.2120396577725234,-0.5618989707267976,-2.486860691831426,-2.242133322616531,1.803065907950983,-1.501319447094462,2.9423666732477534,-1.1117658246676367,-0.9102509775144579,0.9668318489412805,0.45444027890208755,-1.2976678804497206,-0.3549079377488843,-1.5366958085316587,4.555573728583827,2.0083289487034817,1.2973849161976176,-2.936437326539986,-1.7964243073333677,3.1003993931692837,2.3117916834661854,-2.018365197537582,-0.947387567843782,0.06877883162438234,-0.3419987947493073,-1.4519941473522535,2.302479950141491,-0.7681570811129903,0.3575476191856983,-2.880288519994268,-1.0260005837426458,-1.0814060416952957,1.1614022174049463,-3.98399250280709,-2.124255372145247,1.9610120372936326,0.15190794601146496,-2.2708373835558326,-0.27193590360851383,-1.6136531321529397,1.3913754519361157
5.4689155784155385,0.6836625038892292,2.496156086605336,0.20909588518844927,2.251536027213339,-4.814634145443043,3.488115238678729,-0.0010749058835482356,-0.2781322438451911,-1.4290184011608758,4.304472509054663,4.203322107659331,-0.3619732891265695,-1.8450537275326993,1.1870937611592818,-0.399848246291899,-0.9112990476630696,-0.31817028828916444,-0.5691469014131376,0.5596862398991557,-0.13534395459852044,0.2323977023516245,1.3782319456718977,-0.746131216067506,-2.339173517484134,0.9721814924503664,-0.31706769421401865,1.073344524888727,-0.7068100962265677,0.9479393765723279,-0.6952630269364728,-0.48157556011533287,0.7709186802824953,-1.498424836820255,0.5300215334906032,-1.1370879074234814,-0.8277974984051716,-1.0152819577763046,1.326354759584852,-1.9440175320571946,1.2856975297153195,-0.43332033826819977,0.17177974265217238,-2.177718141730196,0.4822660896204911,-1.5465006731061417,0.3528153186503072,-1.1425784058633996,2.0527018278719957,0.5827595927730356
17.914201097728345,6.000015550157886,-3.3776040908436213,6.6226919065896706,-16.198149784271738,7.701478965022581,-0.44548487431533734,1.230486797425093,-13.95407993246289,-0.44612047500363516,4.189762140332386,-3.7583499570611956,-0.01288075183031806,2.2563881117878455,-1.4138345896211497,2.407055169749638,6.476103479733104,-2.197878236665042,-0.7637229097810802,0.560459613343355,-1.8118042084789487,4.048676248474314,-0.8287217317452453,-0.9750237286702429,0.7106184501776385,1.1307362030091317,-0.7831378306930348,-1.9650047729179394,1.524301529218595,2.266939856628668,-1.8110194001580973,0.2414685810448523,-0.7102399846485146,-0.6826258940273573,0.28359472388739526,2.4131302715182286,-2.185257890165264,1.7328998924509016,0.6359361782773121,-2.002757343061873,0.15554547681035158,-1.361207577198059,2.920583146407243,0.7870879870428122,-0.789885035882873,1.251818885224568,-1.375960963316461,-1.0702445894613526,2.629059203093652,-0.38111670236276074
31.022660696277274,-4.372938681773233,-4.173862281238013,-6.12902376875272,-3.3629630515432787,3.786003631449789,1.740991867687379,6.2098444788426495,2.226440174300439,4.860708506652077,-3.2184791358990146,1.002737210026705,-4.622950906444739,1.7645518133128046,1.6145455636861628,2.250748533671126,-0.5794161873023596,-2.0022529321225178,-1.6186127177714367,-0.45695831321137126,-1.8339125907218872,0.8248247562948771,-0.8966766811229008,-3.0738097296130604,-0.6000846318553321,-1.136598032132572,1.4439020112045204,-0.3387776438437043,0.42472028473670775,1.4697931219181937,-3.8369161238433693,2.377999551631588,-1.3884691125003423,-2.1444794081828418,0.6568979372473067,3.387303424620147,-0.8305479629928152,1.1292089622741348,0.44139866087098945,-0.3243062612096249,1.1754651037022144,2.893974668762717,-3.027720323294879,-0.793130897249761,1.433043112921096,-1.6906227243962,0.2267771137300637,1.6088502958887732,1.3209173740277393,-0.04895853288498442
5.0462650228452155,5.850485492996103,6.958565425835799,-1.9681888599684476,1.0865038286139905,-0.7248968476476907,2.7034518897386386,-0.11655839703137649,-0.511963539505573,2.0534879572480293,4.016757877571837,-1.2555035340224072,-1.7279519158664167,-0.8344196577632146,-0.9038137467553827,-2.8798357407722177,2.558494006817705,2.445492117511214,0.2148518548005312,1.2474493216428755,1.6855905904719204,-0.47764540190490046,-0.7498837285272719,1.202246930219198,-2.275772925826068,-0.7776120942439426,0.5534348656739535,-0.24408877970303022,0.30312584334574594,0.6620623792142637,0.2306409891692256,-0.45951277571677895,-1.4080119653970617,1.3271070817777102,0.764011348764763,0.9008977690171581,-1.4712001135281711,-0.8234318796027411,1.3467068639714985,-0.38711834698888187,-1.0060429392937413,0.7571913262467328,-0.6269480775831324,-2.3012131948874677,-1.081066691032206,-0.699323325088144,-0.9434871921637662,-2.2417977824109934,0.6731325442009435,0.3126730302863048
37.62553304752955,5.334417180905165,-17.442755776105507,8.516468428840184,1.1298120949154467,4.190393867651102,0.16491519468355992,-4.59589224870445,-0.17118040623554262,9.40717377218716,0.8498990829893668,-8.423868216235078,-6.344591349616783,-11.24302457180339,1.4592889611306274,1.6072105856788346,9.175675571466721,7.57069044578671,-3.4679370037573314,-0.012720139705757767,5.911971127652032,1.9423696939111796,1.5666401434471402,3.9791268726244824,-3.228264037313707,-1.6176535384089357,2.1630626390194663,-2.0177975374193453,3.066212867206678,-2.9608367244862617,-2.7255957831791853,-1.449434037675596,-1.9891468786906925,2.3296690867892957,1.299704781701275,2.3959402065670297,-1.115125556065153,-3.61977557349167,1.7573964085596379,2.180437955125851,1.5058533852395766,-4.616252549347153,0.38473978404432596,0.5286570468249356,-4.83196229079432,4.87453553830347,4.431203865262535,4.723035569515153,-0.9726311996165713,8.212179812747973
41.949949727156806,-0.8515791821252612,7.9303528316852185,-13.197607447135443,-10.19691506797459,-8.131754032816872,-6.290318771570466,6.173927407852739,-0.28666782125179435,8.94430440848843,-0.6705615498590538,-7.492490056927536,0.4137242004755537,-3.2472278047741523,1.2899162283376424,0.6045451466437687,1.895200508283203,-7.551512014076728,-2.0450324055812334,-0.01160488936120091,0.24544209811100137,-2.617664429915896,0.6702177557035192,-3.531630058341655,3.455887679730966,7.261184430174777,-2.007460182035542,0.18657154084046124,1.7099956357446462,2.565166159492552,-7.43265980364243,0.2659183365661697,2.508392939073887,4.988329726745636,2.4048107825176297,-2.9035316728457015,2.6505534378217868,-0.8029494481247712,1.1860039089457142,-1.336669321616156,3.9995493338416415,0.5056329802249563,-0.6045593556220876,3.7123641698680534,-4.776108595921613,-2.1084539125913135,2.3647072505120557,3.2852170488097165,-3.2820790096797507,5.326146439144007
3.512338138396812,-0.0020425830476434315,1.0173118195847,1.0617128248485814,-0.3907322146478246,1.655948488250736,2.130027897110907,0.6552409615265292,-0.6596097596997895,-0.41897795123698767,0.7182739448382155,-0.587888385823364,0.7366322112787521,-0.14092881240293842,-0.1862541433377944,-0.3880847917847942,0.3867195634325413,0.3409679845508674,-0.22542863554468673,-0.3785865777833033,1.093664935056509,0.7129368737448175,0.8208727295694096,-1.2181781406858636,-1.4203351721106234,-0.9427812429106143,0.010272655678027293,1.192341265574701,-0.7133210059215177,0.4400195792869017,-0.7570455465467824,0.195748156845987,0.6576603104414487,-0.20052281136249925,1.2714144433550507,-0.6195083814907046,-0.8830301992078422,-0.7187091666245609,0.8305300020168329,-0.3785357531660548,1.481852910579936,1.3303128784203264,-0.8164870598524675,-0.1276540637048989,-1.1140480441024585,0.02753552131952741,0.21267467328175255,0.6174827841912355,-0.6357178277967455,0.08935594009628856
6.913051250839077,9.365693781045392,2.469632021032116,-1.4756170296022866,2.77763483231221,3.2983174686292487,1.6788652707208143,-2.185051721029337,1.0645492256423599,1.0717689523177973,-0.5069538878774678,-0.8559601155687899,0.7999093858268022,3.010751899010792,-2.54649805324244,-0.6958510845544287,-0.6916804157427608,-3.093828187536767,1.1971323747374092,0.09575449989574597,0.3941215298976225,0.4193080355012175,-1.8159052230825055,1.0187547013860685,0.4380155678797951,-0.7395744382309667,0.5012657777047791,-0.46954011979152876,0.03229050629433572,-1.884449972744905,0.15549948074154474,0.4516310641709431,-0.6242857690299911,0.7341129921266678,-0.38748630464925415,-0.5985746971007055,-0.16964452164522711,0.33312920016495284,-0.646917455410224,-1.8022702513256046,0.5094690405012217,-0.420483915368689,-0.30614033272901675,0.9833079096571661,-1.5441910955233393,1.7132228163692313,-0.014880775872892271,1.1312440538802762,0.24605352973509861,-0.26361830784700874
5.290461815193449,3.8916974115752327,7.109311301719743,3.228345039185983,-3.7573315725973675,-1.8067009058492514,1.6338232703335847,2.9402419943476485,-0.048773373047290645,-0.8344564471137077,1.6216192777433054,-0.15541977815097585,-0.7648405656577297,-1.9161164688964996,-0.46898484509829075,-0.7447999871430252,0.4837253545359522,2.3967603468593994,-0.542355127690817,1.3373234712601598,2.8783343482136567,0.3723384060876573,2.2891189249996793,-2.3515788894685663,0.2773497700214763,-1.9934720873630833,1.9369938814898404,1.0220784950104047,-0.00700270534707409,0.334738926935108,-0.4267975011851762,0.530235094436208,1.4662714174419729,-1.8495528132394927,0.48469902173503776,-2.1454061199522956,1.0667061482095312,-0.6792728062095326,-1.9265518106381807,1.4769695423255893,1.186542234943777,0.49877293820611185,-1.2561298168724555,-0.9859368114295173,-0.17435037539013565,1.505812151485895,-0.09767639366553521,0.21330786998035828,-0.4881653777412159,0.8507781334985939
2.2903487231795765,4.824986939035565,3.8405064795141794,4.335277275995763,-3.6139486050518084,0.1430726873845025,0.8214761138417669,0.3160652106569722,0.3071674104709817,0.42426363832171876,-0.34260367598648644,1.5232223110480294,-0.4589520117805566,-0.5990046994820015,-1.2689584838680488,-0.40142445917888714,0.34060223919625443,0.19875006272205695,0.7456391055155007,0.4448155699039035,0.7687453945669265,0.45481741513503693,-0.4504396760579028,0.8372800770775197,-1.0231853479582904,-0.17727437926362333,-0.3432091653097844,0.5405316841739787,-0.2619458597811224,1.658362598509409,-0.6184372991473124,0.07997319463032146,-0.87152680213885,-0.06004373183948593,0.33058945327099964,1.0162118244653429,0.33402940987289603,-0.19426337961444534,-0.06578262335989443,-0.252175429595243,0.2115823623866806,0.05497172575215284,0.8659820744678561,-0.9243242462836883,0.06813827766240968,1.0030085367636328,-0.773620751739871,-0.8642886562155943,-0.9736266213835493,0.17122958280249595
3.1528160076744425,6.647727100741342,5.788842404762864,5.1791855072130355,-7.3933021153966045,-1.2329533009474227,1.1000385362895007,0.47122637572966986,1.497062575021523,-0.51313891866139,-0.5802905811247479,0.2346265502446349,0.06616192528523898,0.9152964415526477,3.262733488376602,-0.12734482160480512,3.297230517715682,0.6763863755289744,-0.16493286684159914,-0.6203461248958819,0.12856031048966254,-0.4538063828357161,-0.16498652871713004,0.3981431881091921,0.0536370027298857,0.6769773368766818,-0.56427392867871,1.4930811213501864,1.098250271482485,-0.5659282587018565,-1.2330576591211564,0.17310675163050177,-0.12177656965397327,-0.7735322106852833,1.4115629098314944,-1.2842918698674348,-0.6524942667980516,-0.9866746917875072,-0.4897288461546815,-1.9229808366487948,0.9453986853974886,0.06970294579806324,-0.3200365789595401,1.085511497494871,-0.6597599428755296,1.102754572630374,-0.05770351528882589,-0.234936738427293,0.35051687085567595,1.1449069219845276
32.12427713131381,1.9756202915797336,2.782956084947731,-2.274778323075906,2.7057205082949505,-2.1487055400518056,-7.736267750827416,8.07113175427122,-3.9380697133895213,-7.332778077246431,1.1743275283014505,6.377251389993389,-5.2214902911223335,-4.321956270944238,2.433976864833292,4.666821904799529,-0.47734269877040103,0.5821048208384179,-2.399187899662981,1.5659662564130838,-2.558310122791945,-0.2912945115399816,1.480247265055375,1.3766387540404716,-3.699083624673188,-2.3669232378842455,-0.5774250550125654,2.6037734333478806,0.37698151807503455,0.408688400157541,-2.6157329799037745,1.8735048937419734,-1.71944881938806,0.3161546733405787,2.509615073495098,2.81109514112301,-2.112084009804563,-2.754493173544973,-3.847616689884067,4.103494660171819,4.494951928223369,0.8605534732218606,2.7039496487418573,5.708916118680138,-1.5208457706577103,5.7253002343333685,1.242665466249779,-2.3973184385010256,-0.8997272101149927,0.8899577958914016
6.112707547167085,-3.984253114013184,0.125460939206696,3.197310594879389,1.2557632096597704,-2.1704496957726858,0.7473417097881219,0.5964569283164204,-0.3177032775849458,-2.6140568673529345,3.6306819722604713,7.899876980423922,1.1089524521112952,-1.3626120482755069,1.5586806198325087,1.6859409002892518,0.23367406836125695,-1.9839866251396527,-2.412693635323503,0.2453731480653541,-1.4199081463542171,-1.5891072707428258,-2.135628419000175,2.6680322826662284,-0.3081732031090716,1.3987003766574866,1.6688311003179868,0.537292600486226,-0.6118515418380426,-0.6417227419123501,2.1186405332561007,-0.7963669694155826,0.07232908323617773,0.1917140700654295,0.9912450063230613,0.968438475334909,0.2617738026452954,0.14126159872341154,2.219389402420868,0.41039940962074045,-0.5355983741598132,1.3589191318592115,-0.3295467075772609,-0.13563049705561986,-0.36822274655465514,1.6734005678051764,0.8274933904276807,1.282196287841583,0.9502904144359609,1.5645110192830676
4.124266051295353,3.6532771713385173,4.444962333802046,-0.8483295223131837,1.39380346694972,1.7993369404764357,2.9601561630374644,0.09553161309343809,-1.23318103783822,0.5926993478095953,4.989859003161664,-2.2140422601195033,-1.181601495534292,0.7532698450137176,-1.2026984905145253,0.5452371514562846,-1.2275934591485396,-1.664154483348224,1.3985700065467281,-0.22559205766380738,0.4217040083361297,2.03599116447719,-1.0177991478429225,-2.2656854370873862,0.9066579987113497,0.10925731495951652,0.905316708607402,0.5511277231949596,1.6246785671976176,1.7489388152987897,-0.8159664337655044,-0.7874839236658346,-0.017330674452398442,-0.8918369842788066,0.5388737188769056,1.6549475120029062,-0.09349889732268704,0.029969395723081715,0.4474234177303392,0.9861617601764544,0.23087729924258626,1.0112319781862442,-0.09065203904363286,-0.3503411331707138,-1.339064352712775,0.7724540212977762,0.3648477536339818,1.3428187472030466,0.5968630108591082,-0.8483941766307433
28.91762032762438,-5.711571239110491,-3.0749339283296457,3.6211463436900653,0.19530817170660375,3.6744887869080496,2.3972508269198665,3.0222232860164007,6.0212884100651705,-3.9254563072990534,8.518991844796554,8.19631589651897,-1.346211622968281,-0.2531079801142507,6.929940113534881,5.820450820778657,-2.4240861044479267,-6.034587236659293,-0.7291376409340515,1.5848000888747074,-1.0077862875026444,1.2473287589121056,3.0257182669415092,-0.6327247231926386,3.9580486854625017,0.7971719904483172,-0.8869687363725178,1.010588623914297,-1.078694252720588,1.0590139690994222,-0.5656720598412774,0.2626542193174084,0.4239876138723272,2.346946176475762,0.04258013415896761,5.850607298671272,0.7571239076230862,-4.030372230443634,0.07628377977272432,-0.9714067846144028,-1.2546497315793492,3.453710073354844,-0.7738014140582831,1.1681732069948667,-3.3314336570047316,-1.2757597737578021,0.017018757300840126,1.6334199102709617,-3.533362708792186,-0.17907238213590904
5.379630987742349,0.4349698717552226,1.832619464287651,2.661437219260411,0.6596050697430549,2.844180419741054,-0.9765109748925975,0.5091724904613076,-0.98778883950825,0.4095445624445361,1.0952476758317247,-0.8405817815262197,-3.4069354055488685,-0.9228550583563259,-1.2478900638035786,-0.06956030227943431,-2.81665511915225,-0.2832830969625757,0.36395303669252727,0.17028460269318121,-0.07014725267153353,-1.8116729163875884,-0.8349431078369368,-0.2174655327164936,-1.7857039238282129,-0.5083979153861989,0.6326189321851498,1.0208389157289754,1.4260718786407012,-0.23726713221843723,-0.0425124654864287,-0.04658881262756975,0.3562822442827614,0.5786333690223884,-1.5286766949863124,-0.7248542363308261,-1.0691650058858626,0.07972095570013064,-0.18072279246231948,0.9272181518534682,0.19851273538146202,0.6418419539219746,2.0836590280080305,-1.3028814281856929,-0.5360208014113411,-1.7539356112561797,-0.48563181886276097,-0.21400562147438532,-0.04427685854266285,-0.06457818899095008
4.806094149573785,-2.2717030411977586,3.7373556546131024,1.4163374377108684,0.23954355597434263,-0.3476983853334351,-0.14355509577152847,2.973962083060024,-0.5028562258713072,1.1491520421672667,-0.030634410532451646,-0.5240507707969341,-4.189433067448654,0.31292559027917133,-1.4923137492363259,0.3001373080267538,-1.8342995505817836,0.9484176716740983,0.2929539717032731,-0.2806280152614443,0.3109312251348721,-2.16489520392767,1.9717596805158313,-2.7617458229095044,-0.17437043514695347,-0.9299434021461226,2.7486600988198897,0.7123691348031094,1.277167280043851,-0.7896983819855823,0.2528469235305164,-1.5458901377545362,0.36040160071400973,1.6418770398566278,-0.23557594359274284,-1.5919155075655613,0.5799454337133148,0.022387329508371634,2.3904907127866335,1.8117256344387955,-0.287006083548752,0.7818821774279037,0.2397076406931855,-0.03686490976053179,-0.5058314322175282,-1.0365201300434121,-0.5338492808573227,-2.3115205914516466,-1.076525651690294,1.0106456105521915
29.674247940307104,0.7983740370122422,1.4530463564644807,-6.926270466922637,2.8627538550877416,7.846146220161665,-4.4481041121857094,5.2071244890457455,2.2937056646093223,2.985524946013112,-2.431391325995495,2.598913652437993,1.4323413778803478,-0.4921122829859773,2.289749288288538,3.492256965237321,-2.4241802619234947,1.9090595975360924,2.6602586998783058,-0.5283732175037564,-2.2952840196288355,-2.573305756809641,4.633071722189377,-0.5342422956786113,3.698942773832231,1.1046379187457422,-0.5710447821236386,2.135626322158743,-4.661558597649515,-3.419175662075022,-3.2906716212385407,3.6525106316945464,-3.013699890783104,3.230051139762752,-2.124220589458008,-0.9411223396467685,-1.614848772505761,-4.343165588460421,-0.13805792646698167,2.915124464158074,4.807201751190201,-2.878716676776565,-3.5655915840403094,-1.1338244448024348,-0.11779251346038766,-1.3201110095723743,-3.1822794823360843,0.38309211144473854,5.038705473899385,2.476922619278224
24.33996475220602,-2.3540893161020517,10.67945512827994,-11.576429730782989,-3.274832809074694,2.2856006571663587,4.756754172743014,5.094135422554654,4.631562423431321,-3.568655555074158,-3.391140115433844,-4.149587549441796,0.39144077012768,0.36505332813738756,0.7789953985180699,4.58794041641867,1.2957490613170926,4.695809262371043,0.1945222498763616,1.8713772202846113,1.448860933847926,3.1167819314793492,4.341223024148405,2.4790920767254487,-1.4160331699154376,-1.503152038207959,0.6895822378322554,0.1775400177779778,1.6844638859015406,-2.7423545618919087,2.547071862451897,2.076306554039391,0.07144940064174132,-1.6993733699855529,1.866986562363378,-2.1703155663835103,-2.9364965298233034,5.243883177068847,0.7042502117484845,-0.3002044516149345,2.7269052550129627,-3.9926137174651593,1.8407497397984938,4.551912010783902,2.839740080726977,4.421869733526219,-0.02459436707200502,-0.014679198005603133,2.1497223045044755,-0.5217225471993182
22.0086254931704,-4.518368045717324,-3.1277110051454344,2.313660307623993,-3.54948765509351,7.858610789785159,3.5744586745453786,4.880345572666851,2.6942354912763227,2.6066291386229796,0.3516044229692985,2.9658319936562125,1.1656833740952122,0.24513614947319162,4.794909676705556,1.4246937425161483,-1.9483520184619716,-0.7005175787515783,-3.4377892445305958,-0.37995865271016743,4.038122106037288,0.4555210131723337,-2.6569047420326,1.1196718561635635,0.7609216643094852,0.26639676936659873,-2.5313169363356596,-4.227391345531567,2.4594979425711783,-0.9173253217877979,-2.6919605827713355,-0.9219712138705038,3.1252042002100384,-1.4643321461056802,1.9099186438694913,2.7890838026994764,-2.401619867066328,-0.6110509123031214,-1.9126448803006368,-0.7754100476083587,-4.716464159392303,0.20499037113065371,-1.769801096445771,0.7352508458576875,0.6587646075518367,1.5844291315016292,1.7295270932754745,4.3112458372462426,-0.7279636645165456,1.0806083090527507
25.77306863094745,4.046846072575761,-2.0600171645323373,-9.438041460210066,0.6624646358364917,-2.641321500732185,1.456944807821365,11.873622262092185,6.9865529049094555,-3.706005052782965,0.17277088627658088,-1.9403065238943378,0.2831604349266187,1.7657223166648672,2.9790876638750214,-4.162273476319645,4.0366060116867395,0.631364988036138,1.5510016708012753,3.3408196143141407,-0.9876238218155479,-3.4326168681063183,-0.4978572635111247,1.4578549886092036,-4.888593663583614,-0.19254846623663668,-0.5163209321308475,-1.571693958028378,3.1637553786909747,3.282687047792796,3.256554679003412,-1.5234250377564087,-1.0032665630888589,-1.235602057574226,-5.348792378088872,1.5773396203059866,1.1509226863230688,0.7678244551441575,-3.3980982772690864,-3.178713065312504,-2.450248458751845,3.70534353698719,2.8003226850022753,-2.548978631238013,-0.7160786699500955,-5.359397083691991,-2.8682688945315062,-1.0181810852330266,-1.625752957280954,-0.30539074026061414
10.798241925017022,4.135489013384885,-8.669087614295005,-2.042063526646418,-4.733546132578451,4.222899569268095,-1.8244945672173143,-1.0633071234175988,-8.43684828835885,-0.5539478365564493,-0.18746355164250877,-2.707458907192244,4.072679251562441,-1.2580036444312368,1.0857089380431293,0.94117727408696,3.148969816422605,1.584901325283439,0.6266650980169058,3.2863286277285475,-0.7262919247231605,1.3454062636387565,4.888078423866233,-1.6634493145564218,-1.4335452811712845,-1.4351735945830697,-0.04613368661801992,-1.5834088027461113,-1.6741355592430636,-1.558861862383318,-1.0354050916875042,0.4322227600267101,-1.2686057182601918,4.42382753190135,1.2229446364677408,-0.19253753354899672,-2.555902044712285,1.5934975463739371,0.13467001064635847,-1.0473451135100922,-0.551008645158854,1.4424984393882059,2.3191839100038387,0.1912106988393411,-2.2180802974611167,1.303242995470319,-1.167389591200379,-0.17527466741469977,0.19187973253211169,0.5445454824635276
9.832832272391606,-3.1700871364921834,1.743172694180847,-5.271759204690332,-3.3024593510751887,0.8356651615107571,0.2289150887309832,-0.13597948950512784,1.4065114391219897,-2.7092018381194563,1.1426217384526123,6.013728907531971,5.174445694112133,-0.4654408224402422,0.16250349625367871,-2.9083607044547217,1.41176191169348,1.6133099836524685,0.9039547656580603,-1.2581668003621478,-1.4605524624451784,0.2159873736948626,0.5213536774509668,2.723024482732299,0.668040357369591,-1.3578325176115267,0.48558891799116555,0.6612255753785721,-2.102302934825109,-0.21617359562937072,1.023249665917464,-1.3482902794992038,1.289403331856238,-1.4274166374649868,0.023788094395173376,3.138001960584083,-2.1289378953338085,-2.333685227195757,2.7536271390162734,0.8012772251665645,1.5295223375730156,-3.436013863079898,-1.086744065773904,-0.3243557336308004,3.1809126395450176,0.7349255681577797,1.3017700979629934,-1.6262547923108657,-3.5965606460101607,2.2962201956167028
3.77515015826926,0.23008243406315287,1.9856975375226953,0.388417278684172,-1.3598833608378533,-1.7883817248892522,1.534121531505331,-0.15891536920145832,0.08884810136821658,1.1687267065694167,-1.0547447758511892,0.816516828093434,-2.0062610700151233,-0.26981915485065555,0.9375587817667921,-0.24145706823497487,-0.4650668872812382,0.15521373187465826,0.617042728620482,0.8132017598411624,0.49832105317214176,1.6746816273207608,2.5460752404399507,-1.5696625356921465,-1.5405876008764257,-1.8690923496019218,0.6864138464719851,1.6989630067351795,-0.3487296698062014,1.1390426952529233,1.0828302785510486,-0.8771658803954375,0.9219878271372925,0.4510082276731675,1.6256633245727368,-1.069817456571402,-2.9049672839168283,0.4821732323646284,-2.4017117484255004,0.1036266209009884,1.533782261345548,1.6611166951393865,-0.8876618420310665,-0.09357085842573015,0.043564649703116465,-1.036595952857685,-0.287530029533696,0.10066534717423714,0.41059736793357393,1.130896205601508
2.9723434368839197,5.7749295090914154,5.6424132653571535,3.324115183764847,-4.2555994123549805,-0.7229216608867535,1.9252103091679063,0.383211898541925,1.7460644561224175,0.7294419430149275,1.759401686820567,1.0452627083233277,0.0011339642680424367,-0.19270653692166695,-3.0460759571942115,-0.5685827351610682,-0.21210180436249237,-0.08621560083263263,-2.4000642367811817,2.387309691478828,1.9550190362386681,1.0494706632902144,3.639567449191868,-0.9612338785518502,-1.304587314675973,0.08761644560210163,1.9080050184798474,2.26181655690812,-0.7382277354384219,-0.058917338849552164,-0.5600203349299585,0.05269457681957969,0.9112634931700383,1.0167869882575937,0.7226893008167035,-1.5264383561015396,-0.8340504594189009,-0.8842376203922351,-0.2577831066104245,0.06037108305247543,-1.62825251087844,-0.03736111976576663,0.2246714970870474,-0.27918291252332095,0.9200680367234051,1.096302027545168,0.7020931131920656,-0.3410995445785916,0.5039846410421549,0.8380524657623293
21.494853296625898,7.689581668493493,-5.5080237519068955,-10.064375537371168,-6.095631488842717,-1.0226156419564059,0.18547459482490158,3.691733037603508,-1.6779926155462286,-8.930398691717103,1.3281895021619339,-5.799190267844612,1.2507505163515031,5.492246461104328,-2.775891143154011,0.040310914871493075,2.7471201678605492,-1.5419711404562686,-0.9035993653582628,4.437397782864525,2.676732449494785,-8.731942733542033,2.3078313881593053,-0.3172553858456031,-1.360964436972055,-1.251508390873275,0.16953968538411632,-0.2403678164967339,-1.8496931862127732,0.465282134773073,1.3283973639434883,1.3420665009405008,-2.441158170231945,2.3211854869444326,-2.7697518260170684,-2.3054884857231657,3.930557963337267,-2.118801429667557,-0.2526257671632468,1.2101177845206772,-2.2102472579968024,-2.91663619756905,1.4276635187307316,-2.0570793098956908,0.34833128489809684,2.6268955349680994,-4.425874624321396,-2.9944834045536517,-0.2544756833946229,1.5237825497507091
47.58222996977134,12.70139365708399,-18.273903805372036,-1.3816975278097305,-3.7828234449716884,-7.168173402651257,-3.7748150649628824,5.01419110695655,1.0698535835462684,1.6636558247593685,0.9267590138308283,3.045739803402525,-4.165168193741926,0.973419536363212,-1.2114480719019376,-2.1929114092316913,-1.4402249857397043,-0.23698862487778305,5.316497804751395,0.8827252600207603,3.2703655790773674,0.894589751236834,-9.279947164271897,1.3298702537569502,0.705673820667428,-2.2897874231820774,-0.040511296734013325,-1.2550569744009865,-0.33346117579054624,-1.4433893091585097,0.7833479232428916,-1.5894105936261989,3.8554137973601863,0.8405721667893699,-1.1565796795042238,-1.3543259117613553,-5.60255246147111,-4.526785684715765,0.04766537259532627,-2.044839032712843,3.0877116852277506,2.51757121642694,-2.624807338764638,0.24664502963798451,2.2662920952890784,1.383165492823148,0.7452305734687826,1.6908629520210123,3.5902339207636214,-0.5227024831434566
12.012746180364015,12.610774307208017,-1.1544181398860243,5.2091069322972565,6.51653526794085,0.6072842562662915,-2.740145156831783,0.444495479226656,4.3427860148512565,-2.7791466452238462,-5.790247753859843,0.45369741111646217,0.8492192664474316,-4.783853434882677,-0.3498698921772623,0.714716454401743,0.6045530886823144,0.021139134757999944,-0.9881803549281649,-0.7656552109525081,-0.5897046529693335,2.037189687235416,-1.2871437529535747,-0.7905067497574403,-3.5913037076232546,5.088212643348973,1.2269643794512863,2.431352430106779,1.6583013145222352,0.4785589220740225,1.5066532955413188,-1.1021524139921952,2.1636547811270828,0.14461597354864736,-2.619214900785018,-0.5605499127559923,-2.4734506149940265,-0.864418640629177,-0.9366730225523576,-0.33146300433289944,1.1891382343959747,-1.0652092416347783,2.918335961838413,2.694690400225759,1.0062817346659674,-0.034601764593918186,1.7191117157782885,-2.6125500215770017,1.0116758928228953,0.014418598539074238
13.7258248590235,6.074378355548651,0.4944912928786495,10.12382837424721,1.0511154471704254,-6.8587961031408735,-5.352510416262397,6.800321903533966,-0.6126581188907936,6.247796743239396,-5.537675466996663,-0.006380635538115631,-5.418306471772273,1.2828916479147972,-5.198304411955753,-3.5236591282076892,-0.9872421401747427,-2.306977769505638,0.08915885751456831,-1.457463309986133,0.7758715687012012,0.5578608627045452,-2.378018703197334,1.0599150344026673,-3.0875539656733344,-2.5433121962310548,-2.676554375881163,-1.1799793027230263,3.627916656112304,-0.9718123826446659,1.6475150303348514,0.4004046731888786,-3.0107064227421336,0.1432043263471195,-1.4376778859733546,-0.40356689497926546,-1.4909183822698937,-0.10199419616684013,2.23198234187216,1.525633260634232,-3.8542056349196754,-1.2917717580288346,-2.4083966995954915,2.128744991952202,-1.1508841410826212,-1.5488041978043365,-2.252164443563822,5.399496801777469,-1.0118530113255102,2.2667165593761442
6.28804535940826,-3.3573179128242012,2.2148288716527555,3.2094709514889788,0.8363121461442045,2.619083688305596,-2.413018094346548,1.2132440367005943,1.2812072426433798,-2.290250856035756,-0.14254436412877125,-2.098408179088181,2.7679944393752582,0.6093083845981786,-1.5495199657569783,-2.0319157698948285,-1.072826930586792,1.223026860319313,-0.041856324870003264,-1.0072803731672888,1.819677239735992,-2.135912444240243,1.8620904567458132,0.057563949808590004,-0.4804008534193098,-0.24933828810474706,0.17983184378988426,-1.6208703885078066,0.29023102176734045,2.6417924713020215,-1.1346049564227656,-1.1800620641670725,0.560082681829231,-0.7276532206010957,-1.7829301252384984,-1.9021473147343804,-1.046615678598203,2.589311467312826,0.8500495519013573,0.14146514148469028,-1.5291670353087499,1.7987157258874138,-0.13116606165819483,-0.6727428709021559,0.8593024687786865,0.044963893272319644,0.21997753955075994,-1.4470279154389225,1.496251256789061,1.3338596760482284
10.033748908932033,0.7323151040982526,4.080187729644251,-4.6801758455005995,0.33303034336524373,1.8812612040120613,2.9428935350043752,2.2167545458468894,-0.5599021829074768,2.359168263381499,-1.6498905499221055,-0.41427721935097744,-0.40800838152163177,-3.1546804552060133,-0.7382139337747652,-1.9756453797901148,-0.46500092701653917,3.631121348361649,1.1758500782233854,-2.5161902911977396,3.651737737686853,-0.5801683469747249,0.9184157395612982,-0.7659735283082425,-4.5492442261038235,-2.1599787847724947,-1.158017370623197,1.2801486776454807,-0.14140851852224356,-0.6501306527487531,-1.2216843669351516,1.735877155659902,-1.5835975206754025,1.1515478975050728,0.7226090069941806,5.018924140169487,-0.06066255816770655,-1.26029003061706,1.7924187469372366,0.904905623612984,-0.6353569878798155,2.3139043572887017,-0.3815299238817765,-0.4493406036054238,0.8757345807912329,1.5970294743458096,1.918124594832866,1.8618186943204749,-0.8028293327530356,-2.3817598340485104
7.424218854723432,7.668977013710845,7.279508940721463,-6.8632784545510495,5.97955003928716,-0.4962914673081868,-0.44863716668319675,-1.854482521556399,-1.0789391454883313,0.7183681228183597,7.111392156052278,-2.311371323927381,-0.743127898029631,-1.1005643907748572,-1.3165240602649664,-1.3043749076331883,0.2121043647151015,-1.1587254382766838,-1.7401348791100542,2.4294765941675784,0.34140566653105,1.4164607202852832,-2.502931529232208,2.238376437663598,-1.4580754432038767,-3.6397128703455555,-1.4130618382114832,-1.2756315430158485,0.8514705832491023,-0.5625976481759215,-1.1967012141661386,-0.8795738806232043,-2.4050230162086903,-1.982925816812219,-0.6146350873852003,0.30201171140561883,2.0048991936316134,0.14235811135389306,1.961741778853358,0.015569291042340228,-0.6305018201163756,-2.188247848088488,0.4415802652658557,-0.3344090723734049,-0.8192614690927554,-0.3113138389085104,-1.184902733840417,-2.66435081597502,0.68596988054263,0.3233683065672682
3.327881197359037,1.9291515741199623,2.93267691580137,1.7342282156491875,-1.9573805105322535,-0.5268415341309991,0.6060381483059323,2.6137501909650664,1.3045330806689224,0.48953861776978086,1.0878663272104074,-0.17084861009213836,0.6329155210256795,1.6485460865186687,1.4790145319062016,-0.20945392779115388,1.7715754216934685,1.9357050085293326,-0.25373209659659834,-0.7788292748698047,-0.7907247334425888,-1.94991476121037,-0.3161476813394187,0.6703869212694408,-1.1098216359878144,0.5193751138087164,-1.6859284022242669,-0.7946961656934461,0.43997653586062935,1.2955565092883388,-1.217652493134116,0.9517384023082486,-0.7976269354068747,0.6803688973256761,-0.8211568236847893,-0.6003607542489857,-1.5872098618022514,-0.6609413988188471,1.2019756728245887,-1.1533867210127968,-1.4994425423051965,-0.1793219086758487,0.017099442874973114,-1.837220329125731,0.12182183959182319,0.44383329764898805,-0.47008881057241236,-0.9996977468741837,0.2623640815571525,0.3801880435349139
2.331498490028185,4.420626679720954,4.94653209713675,3.672476982790118,-4.878551292748485,-1.0366314754941606,1.4272334602493988,0.5740872449136468,-0.18648308439340594,-0.31849997853328593,0.818707108537317,0.3375225441111547,-0.4500674539854726,0.6869908734466865,2.7020883662363966,-0.9007220042602967,1.9628936803696928,1.6293029555728076,0.2953378396965639,-0.2192131490901679,0.9026179883041836,-0.4488039630861521,1.8399207017574624,0.4765609914332742,0.12862254100830586,0.20803963260093822,-1.1699646648741058,1.766892838526667,-0.461849720792854,-0.009423996755160369,-0.6419672150096887,0.6981133659827035,0.845424251077491,-0.5618500962582409,0.5969226025622101,-2.3615449096237113,0.18962717938018472,-0.9000227043910227,-0.36059743498427427,0.26100823196462664,-0.39349748099439497,0.12746236775728814,0.1381473494918575,-0.6856719181252761,-0.5890270555725559,0.30593714925905835,0.7495217027745031,-0.3229471036828851,-0.09725738532987666,1.1563371193743412
27.884061706764363,-3.8652709982303373,-7.2159064917417215,7.357728189747261,6.435501597127178,5.987025469595687,0.8908796608678524,4.087328235559671,5.683045287997329,2.4400910154182323,1.9024682034829097,-5.561298191153664,0.5205255715620691,-1.0039942459087001,2.58530781285187,-0.25794793722212184,0.8924795535677151,2.884350079169055,-4.563938757961308,5.742457322612127,-5.173998381040752,1.0230791439617275,-1.4948841682046425,1.6890029694716648,0.2049325532758589,-0.7612575749911161,-0.144709090722413,3.5347085357805668,-2.0190498135871358,1.749886614650963,3.650940738313479,2.396959184262613,3.669017743786139,0.13004541906455425,-1.172117010116684,0.3473748208643863,0.8485875094002465,1.1315768379252304,0.09158969919809568,-2.6589367445043837,0.4176006711518633,-0.651119743098935,-0.3780859753650735,2.058822206627003,-1.28163550596428,-2.0178461787199167,1.9970849961317594,-0.5601012352553334,-1.583212624961361,1.1443908165436494
4.105735878500391,5.38246450644881,0.8078145596245903,1.7806634567696458,3.482065622513059,3.285376288864719,-0.14458768505325498,-0.7388925331823061,-0.5791194097033638,0.29484253637650304,-0.35024431728890937,0.5833891945343508,-1.0312923165717924,1.7753363144546679,-0.0011421614172431038,2.588925914876786,1.590046174008756,-2.3659063880004547,1.9622792806905567,-0.713684001833493,0.42787140150683195,0.06562169318045802,0.11861415536328745,-1.4953563480148748,0.614381133437611,0.92330625375111,-0.0315257251769899,0.6560513977183572,-0.6890349554372578,1.802034933428713,-0.3701175120506618,0.8900716071626896,-0.8983529304029356,-0.5223169095572966,0.5286734547889992,-0.23698070778238367,-0.7935060013032362,0.47292636300011004,-0.9245294872704033,1.1656711641268758,-1.1018987884142557,0.15914508983143127,0.5978396561230355,0.5370986661263796,-0.00957979425463562,-1.416773925938904,0.2840051948125246,-0.28455329274540087,-1.4165479422092193,-0.4368369523982598
19.177599688036963,-2.9634456912184883,8.63002688802002,-0.05977144405454596,-0.005630221987210082,1.9207526659841063,4.398740820036233,6.617711755474233,1.7631824338070539,-2.0325179288587796,1.213468945896838,-2.0642275820080616,-3.2062834728954472,0.5820689477193061,0.8214603545901721,1.3303467339996087,1.8835776925506984,2.8119986801184726,1.0345364257932508,0.44421953319046675,0.3244546746727241,-4.072710042527273,-2.3021308306079833,2.2159288491982494,0.7115876449730141,0.06566853033442266,2.382497635851485,1.1183173545839402,-2.5641773104832,-0.12987751702192502,1.8251984874241254,-4.260003797683979,-3.5427714964263948,-0.946714955007282,-3.3541714101755913,-2.7642291424443344,1.8054309950910723,-1.205147782750701,-1.8322396141195627,-1.9036933462417633,-2.377821975429677,1.6014279348555023,2.125058697913179,-4.46266971686466,-0.12329786125695541,3.4771577341849165,-0.41501059707151866,2.6533296785780376,-0.40870428716308344,1.3497471137119963
24.847710389866364,-8.953211487829615,6.551215348455754,3.756082771766914,4.724687669937467,3.1097160916154074,-2.369793154764204,8.065753131101468,3.179029682827107,0.403824152224583,2.4572477018807755,-4.176924531717548,-6.954656301282666,-4.722384523509306,1.4479258422707617,3.9884139289503526,0.9235204261825904,1.4153085618632706,1.6927054965794157,0.9722702932249856,-3.329984895965287,-1.0125034574408005,-1.4709677069885316,2.8457057934675385,-2.8440240163537727,4.63934126884282,2.8135040499239805,3.6195434082740725,0.17308501427525735,-2.069380704435058,-1.5323724246675283,-3.274431887485248,3.2057424987826204,2.744874111565355,-2.76194740694241,4.296988388496992,0.08552419593895655,-1.659860184584522,1.4981726585154216,4.845829366895293,3.8647402180191106,1.0199086314958534,-4.3712168593146945,1.5108448289918246,-1.2138672914239417,3.3829775324125273,2.500189384846686,1.1055503773358344,-0.06343722900873061,1.7305740379777002
49.06526403679073,-19.696727168192716,13.564541878018572,9.926632616562706,4.494674131508501,-3.5624929582615774,-9.71316748404794,-13.49459591204095,0.5861239876906824,0.34488228108646424,-1.5875363120396309,-3.8452459054211476,3.132074986087858,-0.9523998365806616,-5.309935482838892,-6.727864457403835,1.9291075183107518,-2.4932419197712203,2.457888278587543,5.524602686065165,-2.380081771408221,-6.6639607006036e-05,-4.941995045532758,-7.138874438637619,-0.514097179859459,0.2867537826962221,-5.140042264031079,0.1265398156537822,0.8635314857101506,1.2216126327993553,-0.6495019938950909,-2.0391324445995114,-0.2771187912739894,-8.000535950147457,-2.7302691872034597,2.007229110888822,2.474640023905871,-1.437623210138928,-2.197355699416905,0.5694417623139796,-2.2967248322688816,-0.6222464155698774,-1.5022311403247777,-1.2235366075009078,2.3206597312810144,-1.3130787759403115,0.6870037611823048,2.5847816787976563,-1.1527970412468118,0.4708414672491352
17.20486802012261,-7.151560932738122,6.8157051683515375,1.3165742166447516,0.8569768591120678,3.2296905964370892,3.981941165588772,1.7484284299061137,-4.828324584018941,-0.5434368791930398,-1.5611033755971289,-0.024184184946618115,-0.3216668237561966,-0.19743271359946257,-1.6502771618676335,2.559403057051669,-1.6117914824367507,2.3212353618954507,-2.077938728225516,-1.107018348342515,-1.2792745752960832,-3.8420267744866483,-3.2106454184214663,-3.371880793548128,2.6687194179648417,2.8870881467641976,3.3979744593412518,-1.5949302026073569,-1.4792133712944444,-1.9944038338511396,-1.188615463504794,-0.0786746730742311,1.3534048838154438,2.001408624593941,2.910469913002605,-5.224807415032397,2.2660824706322105,0.037260396445523924,-1.4206597873660045,1.2560519736482563,-1.7659169796298775,2.378697683784364,2.5168904884941936,1.7840720360093891,-3.8710591425258554,-2.446663092171191,-1.251558074901138,0.7052100864156895,2.6764702061002232,4.723839729087846
22.234528168330904,-0.7882165262238892,3.8082541078185423,7.165679728212922,6.253909136504817,4.460232555689247,-4.890653929517403,6.506262049095727,4.0904607201239385,2.4144374323867295,-0.02975149991110182,-1.7913662787014455,0.3534545495078733,-1.0808704080869216,1.1529299529410941,0.5328995665639136,-4.419868097761137,2.0036618138440025,-0.5823072472572799,-1.172158144843041,-0.7806394410954612,-3.289850062734844,0.9963911290381124,-0.1596061034728633,-0.21758408352676292,1.0957151068632387,-2.887686863367878,-0.9602660035856441,0.9907595832931525,3.6603279364612193,-0.10446994744064941,0.010394844238771517,-1.971282043674569,-0.5118570137756586,-1.6532617077304441,3.621169623077861,-4.549714962475532,1.1291423297052825,-1.4755173909635115,3.9483339994534776,-3.2829368001617185,1.3562593260582814,5.40209645335221,2.2483639649108538,-0.9802862196180898,1.6898306749057088,1.3987748621188922,-2.634527356907559,-1.6237941587108826,0.6423208532795537
11.390509550927161,-7.803366266889222,6.2808211309796285,-1.4480743044811737,0.2058151265447797,5.281810524235346,-0.9045143193467674,1.2477372536761169,2.2243364828966072,-1.0021763227331284,0.44681129770116423,1.5287679322124017,0.1624660893512831,-1.2066068820612523,-0.36472353346916486,0.5929649148348177,-3.9422956680789096,3.4818271442907283,2.6248991825008128,-3.4988850002914353,1.7089948725373214,2.591308861278789,0.7872043883087545,1.181668166624455,-0.8555041926421316,-1.2492511467547105,-1.0603122571427483,2.2670233826932,3.315538048560527,-0.523833649061469,1.2837219527908024,0.5877169849013582,-1.631327719807052,3.453033470785177,-0.5114196924645202,0.825145197121536,-1.4626222159858038,-1.4864686424038662,1.5160609126346232,0.4992707643263825,-2.0182300748536095,1.0952712799199862,2.5620625047850663,-1.8679292346663239,-0.9321233517275962,-1.4906203770271624,-0.5986039158707279,-1.9171303120319372,1.5681157003008068,-0.5410411674016564
4.3877320543546885,6.785330731554374,1.341835576075425,1.7113249992806998,3.8653937473830946,1.8922794601921484,-0.230796662273935,-1.4634167788920758,-0.3425864054927781,0.13785161739390284,-1.2485106959818686,2.281413690871838,-0.8269594228974296,0.6292249136526316,0.27756781557611643,1.4142970354250468,-0.2183615508469211,-1.8787204264637287,1.4872119381914874,-0.009605534248003922,1.1465542290415045,0.06896939696404392,2.54090800108749,-0.922323435022318,-2.111176042687215,1.501142808235604,0.6024582815851154,0.8404901896532189,-2.2800083171969274,0.8699001577553427,-0.27503911097928074,0.9734790475871853,0.3731459724676077,-0.15973066994049567,-0.2268206196138707,-1.1458023366225132,-1.1941921074315824,-0.1300994249484302,-0.7891607354154664,1.082708111758919,-0.639782039063904,1.5005742841264982,1.8087187175570658,-0.2361911215643983,1.117264252745523,0.19783515546575448,0.2365737145408055,-1.0023620745639745,0.783184781511999,-0.46736676619769424
26.614908881630974,-15.164430058499654,16.392547295640686,-5.574917377086477,-1.8960009085601652,1.495253920560573,2.331558058859694,-5.752241441584809,1.8081545989977097,-0.5962022004327616,-3.5826833860300544,-3.954214855396965,2.7736312261763967,0.6722101754079154,0.1619945984182538,2.2371452171680906,5.092835866276075,5.30857904153724,0.6420092852410947,2.548446880111655,2.1567227883446365,-0.4321591700853318,-1.53821625205194,-0.5304617803415039,-0.9555176126257735,-5.959416892996845,-3.055014901025524,-3.458961649994703,-3.9641091109748423,6.0094201695084,1.6886737750763232,-0.37161143789728956,2.9527498962963423,2.726498592335881,2.2594862321055897,4.5942707434350805,-8.513764969766788,0.10682502118436732,-2.081071603160135,-4.295832135217732,3.8007193408463267,-6.981525397760321,-2.6444444072082955,-4.921552512437112,-0.8376303553883095,4.445783165871526,6.023420472197819,-1.3992428721082995,-1.0683277835732512,-1.1955964027333683
2.9872932847259968,6.035595456562898,5.959986303798357,4.787785850547604,-5.860572152965777,-0.9691554517750386,1.5323571818309016,0.5894535363505049,0.7393350765631885,-0.0308027968773094,0.9678864655964614,0.6835284809912417,-0.33007623750100334,0.824284856000008,1.730982245895896,-1.0845010248255007,2.0668374665757483,2.073148650710519,-0.06985678915450777,1.0047860480999622,0.2741622009656285,0.48103541916808057,2.0717274695244705,0.33167450634382045,-1.0006293433754578,1.1369606440826856,-0.4137225045534827,1.8811178720786126,0.2615546223270735,1.500437188611056,-2.0283260283658,0.07772855472193585,0.6459113023633876,-0.2844844758858483,0.33070925343738333,-0.7722319594413645,0.5950194681672882,-1.4120878572043796,0.07147339758037519,0.8085142187153228,-2.5181577512123576,-0.26214755069230455,0.23565774058251754,0.7702625243590523,-0.07321935221502382,0.7004103960811886,0.7205570031719637,0.2521036045784568,-1.3022869830898223,1.355038634188579
2.4151752016365418,5.1774369108732,4.5621734197161405,3.8550577058036013,-5.1806425520116575,-0.6730847226528239,0.45270274293961305,0.4523709990363611,1.527850534472622,0.23554196687504875,0.31793310578779227,0.2168591677293047,0.023453194953172295,-0.06484918643856755,-0.2268228040514233,-0.20504126458358232,1.3568450682598825,0.6219845095003487,-1.0660608871842168,1.1191758086853545,-0.08708957073894635,-1.2645512750112193,-0.13251510407651568,0.3098090620202193,0.3009087233819551,1.0557502048940923,-0.15133107058356532,0.5233479132780848,0.5969201739717428,0.4790536471947044,-0.16887623125316797,1.026225132527748,0.029279441850890944,-0.8000441440719036,-1.4434304650733172,-0.5537150393888415,-1.2852978628654586,-1.5037856876976317,1.4941101269330406,-0.4027615273220466,-1.3291917640336268,-0.9981445094223369,0.3862459783964924,0.8253467727725305,1.1305084043997482,-0.8393691846291285,-0.0005811216135926389,-0.24245238205707909,0.1161516060922092,0.13868099334119105
2.4687700332619187,3.339757961806187,2.4979690847429454,0.4669200431140065,2.203601535066451,-0.889317906936627,1.0635789916127343,-0.022589622435057813,-0.23622231473015842,0.23294768883743025,0.9914917924281506,0.026374992819226492,1.0897236657558205,-0.12176775989047728,-1.95360607043283,-0.7751333609490261,-0.6591163485490382,0.6364777844942052,-2.6485691433792153,-0.6109195615377798,1.5218175001564462,-0.39597346252941046,0.3022050919133006,-1.4997566608562531,0.7598045490115191,1.797335061430069,0.4173652932338071,0.0946799162098163,-0.0879457359603757,-1.1571979053780352,0.8197434967185676,0.9226914824180175,1.2179514326510994,2.019261027610319,0.9671129474273773,-0.37619301794088955,-0.7935926253515961,1.3705171886790353,0.7398172692798239,-1.6711783247861929,-0.024898525959230255,0.0576444383153637,0.9561287360135869,0.42161722302769633,0.9945195482873754,-1.104135949302186,-0.2949769495961129,0.8597514595201501,-0.8520251936757166,-1.6244153350874566
12.061660063504302,-1.3498934021383824,5.878097561532517,0.6885190893237182,7.729144066313324,-5.838752707856851,2.640777224525197,4.63116049059952,-2.982559494549651,3.6742076516781075,1.5206612141453368,-0.34868982037988516,-2.5424762586815906,-2.637466004271369,-2.806371756269045,-2.216568064006152,-2.310504487459914,-0.6815654257864784,-2.2242825579986847,-0.5917708998189856,-1.97471945486522,-1.2711786903391582,1.7284007494241318,-2.178605384610083,0.7511683234464308,1.3541054093233251,-2.578642471920106,-1.7053428032671403,2.4710274039952935,-3.9489198559635894,1.5815690594027938,-2.22249166074645,-2.950620639071707,1.32798228364893,2.1706239273807206,-4.189270012420736,-2.775405578297254,-0.5347184804894005,3.282382068398731,-0.2954136849048782,-0.7780199359879434,-2.706704195707506,2.1123050191904125,3.6454154037864894,0.872844671060468,-0.5360863818645473,-2.1940986645266496,2.9201338846228206,-0.214392903356378,-3.4364824064047106
32.87107305523311,2.2902305901898163,-5.433114009030075,-6.817041838638729,4.577807234477853,-12.849814642290728,3.881865483461193,6.354204296405767,6.544913223054525,3.7354108134577233,-3.498778090673344,9.251971882003453,-11.088096683606512,7.966215673024978,-2.74808899917951,3.2597072194255063,2.1641106732730924,2.3786015713327107,-0.7230193501116261,0.6319083709994824,6.039951665095267,-1.185203017818208,-2.162177058794939,-8.154045007813757,-2.092161794756213,-2.5158800590403705,1.8716882897412639,-4.599014445511612,0.550724753130178,-0.5861283138414166,7.87956814405541,1.462073308360842,-5.356260580385776,-4.250515014310189,-0.4326723402469232,3.958851907424674,2.2882775548582517,-0.5009561935240943,5.787710934094928,-3.396750387127017,7.920346194155916,0.42366108812723124,-0.3840134363196593,5.636295719179946,-1.492771472758801,-0.1360313626621783,5.387893285534477,-2.190365124113206,9.60482183276714,-5.766889320558546
3.373470026513365,3.4456820502012007,-0.6248152288992418,1.1480123678874998,1.7226014935867946,2.6463491999034288,1.709543095714301,-1.7688752105733587,0.45437775796825186,1.012454221936243,-0.3913271771010296,0.8290685888667487,-0.19199051776507647,0.861943775824859,-0.7709752606470937,1.3651650587220088,1.1410249751827948,-1.1540016646362163,0.9485210524788672,-0.4144981190236413,0.9572430412005202,-1.0282793809929949,2.197255869061949,-0.8026570698158296,1.0631565459826438,-0.18017571668472843,-0.47649340983340444,-1.0380396085430534,0.013263496399557935,0.21208914941843954,-0.5615877904928276,0.22865172351146207,0.050810565375635636,-0.9919694538129493,0.625382302376599,0.8968496379327351,-0.011194258345235367,0.18686872239897628,-1.0196309761412163,-0.2499101117801,0.7206813062346187,0.19637673383016918,0.4314128027542523,-1.45372782901954,0.5041246829119422,0.1310477033849272,0.6561999885357079,0.6149807129308686,0.9075372936293308,0.5668129188574325
23.57620432165674,3.1543379180999214,-10.830418742925865,-4.924949066985363,-2.7893965278100525,-2.1147890424763727,5.638671005214625,-3.437793703323293,4.9562189506135494,2.6562825275756956,1.3241820822006447,-2.0944915439651584,2.5367292348992714,3.453979268061577,-1.7082922530592695,-0.23224409060574835,0.19018553544895045,-0.7811112869954128,-3.7080455563847696,-0.6235513909931969,-2.8951351288189766,-2.053964317965824,-0.9056740331308317,-0.9624412536661823,-2.726653060643042,2.090690781903057,0.5892940349619417,5.29621978106135,0.6443798573494954,1.394423924135277,-3.8385133726045746,-3.2668610983042523,-0.16939922802648172,-1.418079428516783,-0.6558196577991957,-3.624621445150334,-3.5947491292633162,3.236923380344492,-2.4513054710598796,-0.5262679426268224,-0.2983527509879512,0.211835245979626,2.776880484798315,-2.9783716550339188,0.19723246811792805,1.1175161036520214,0.44529445855894967,1.6924920833413704,0.8614883446349251,1.9237215383138513
6.3348067757964825,4.844472112977763,2.3969015078237623,1.0008586741604582,1.5048372169265134,2.7159342054279283,4.214949716333986,1.013925648910646,-0.23841530282375478,0.8381374501233727,-0.0806751231434295,0.3767567873545046,-0.5670501826129521,2.5992924655867617,1.15423498071482,-0.31925329520834145,0.9182121855045657,-1.5100449369167925,2.801015875925192,-1.107802357555152,1.532299648453058,-3.1344703553301847,0.6054854958602236,-2.0008379630455027,1.271655195504994,1.1369604978688466,1.6459502493537184,1.0454126309786451,-0.8622117448350324,-3.485792213017061,-0.18490537938497137,-0.26036968435346414,1.0876131070937654,0.20593158037758885,0.9433462991830024,-1.3798220082785775,-0.3912271505699372,0.10347077285368611,-1.4430268859563404,-0.2835088290311212,-0.20791096577838686,1.509859304518968,0.1125368582197801,-0.16994046910052496,-0.3458681008093726,-0.6382901525985534,-0.39192536225255986,-0.3975984775355983,1.8320465895303437,-1.3390467275696594
13.040020598208352,1.9621514273676215,-0.510126554153129,-6.060805836881367,-1.4639195943387522,8.881184721468497,2.0347019860944946,1.956284378434015,0.33905365096261364,0.6109394172060023,0.6111732441762447,-0.2172905942009467,0.9072939978897512,3.0511927136859094,0.016589553484390285,4.251829806017458,-1.463990472840258,1.9159082379530763,1.484534827313416,0.053734338853794555,-1.5145802087915625,0.6487148055142845,-1.788625207025336,-0.9821173836769321,1.7038118887935711,-0.4397833822359925,-0.8139012634992406,2.7670628348651296,-0.2172289954144033,-0.6518633921519927,1.5967229600061774,-0.9435015177897534,0.772619433745025,-0.8815770407781588,0.9525717319815987,2.3354858718523714,-0.033423136450707935,1.211708460468405,1.3987980339585964,-0.1301149377014571,-0.9560490420108145,-0.836067065720162,1.9283166945181318,0.1913379311726641,-0.4216128860801987,-1.660986939968703,0.48140005740463454,-2.1445256259323444,-1.1948965500282758,0.4497812402570701
32.834960641102526,6.298207019930371,0.3660799186965209,-13.623033148894507,-1.2680504506220045,3.8025655568730805,3.255268332305813,6.372579041133304,-2.7962624474834987,-3.5736595215841467,-10.449105758409402,-2.068196921403031,3.9170902036028794,-2.0508503694060507,-2.0325137613591084,-4.870639934923428,-2.997274932588207,-0.1347273341297638,1.957175752088305,-3.5046366829904096,1.0360621032260326,3.535997992768085,2.892615184450837,2.139758062430947,-2.3522112659492067,-2.136800886331198,0.0686355933770797,-0.7765045502803732,-0.40991674678424217,-0.48191001680929557,0.6016774952112993,3.7247865493443877,3.7489063729829675,-0.053064044478894234,3.177065919315761,-0.27974785564388543,0.7244589716169856,0.6473283349945322,3.524147359922453,2.173424134474445,1.813906007619332,5.772702143342492,2.3587908384268506,4.096693753716963,-0.9051012861381076,2.1837024734597335,-0.1863113593463961,1.320410808522494,-4.346146360724664,-0.47106687488104715
21.660432442365586,5.64331433796158,3.131140590573366,-4.2347217501464165,-1.5534586946462292,3.9645515640081586,3.6713669920745957,2.154653046066049,10.040578488687832,3.79773471750848,-0.7936557397958239,-3.6909891156455212,-0.592360843429744,-4.195835060220226,-1.4783322198929276,-1.995691589932815,1.031427339399612,-0.8827088148220881,2.4687521803324097,1.1458757741559138,-0.11649353246847471,4.350261161824072,-5.542720762764837,0.9692360319100091,1.9473866586508952,0.4660065210250326,-2.642074064544433,0.6636943958120085,0.0624581505433377,-3.4528416071324726,-1.6967642774510385,-2.305345757374144,1.4223653020679303,0.02990889565444177,2.201930786282538,1.0920581176116333,3.4993470107632585,4.671765109419,1.1922955710590206,1.9913174198933432,-2.172295426690218,1.486606301675308,-0.7381778653510273,4.48981953276787,0.4125686174280375,1.6973013454291601,0.013451704039638912,1.0048048577446898,3.6020569134995,-2.241333043992982
15.968259784838013,11.118118084112162,-0.5785911573615145,-1.0402066736014723,6.772758489798873,7.621916923302084,0.06897012522033524,-1.2803272174107903,0.10172253650146867,-0.862995872231479,-4.3130302690397935,-1.2598011234056283,2.6523787615919305,3.479251521721197,1.4565596149067916,2.285719282101571,0.03059636098962515,-1.3708210215125,1.3809276363674963,-0.051322762230710306,-0.5400692754515335,-3.447994601123261,0.8310137618027956,-1.264926506875726,-1.307895605631284,1.6128755631595235,-0.35867363910511746,0.9676182536427691,-0.5806415196300301,-0.8047774027901253,-1.1167962195655705,-0.010494933315024935,1.5594726026652201,-1.5798946292238116,2.0343052306722544,-3.343938950980553,-2.751897492481253,2.81327372410597,-1.5292668320460476,-2.5396340034030365,-3.168700630561088,-0.01936039955753266,0.5167799914989236,0.9026069546581261,2.708144604819332,1.7051653469710883,-2.261144756642456,-1.8783198889598673,0.28414855477165313,1.4309146508661161
4.46984648140373,4.410357018659755,5.276005034667365,-3.27641861409594,3.4063128719250133,-0.07293466163153794,0.8616396323333424,0.16895271379331844,-0.6740174194532975,1.3294151461443025,4.025212893598489,-1.4864599651565458,-0.7055925149194986,-0.11688523212250318,-2.7842544662649638,-3.8383563819691027,0.8056739649847974,2.7188510481077737,-0.35738073798513503,2.227284639982906,0.4340920325839009,-1.3146872399608558,-2.037416088669503,1.1015253603355228,0.8743141411275301,0.9950257631501589,1.022491004368153,-1.641225596727073,-0.15649020841571004,0.8090141761833739,0.5429081366736574,0.6635786749503696,-0.5903032097674751,1.6273301392486013,-0.2706882444632518,0.808097415641024,0.4413233764487246,-0.19312401961896553,2.044310582510806,-0.4958602556772643,-1.1737891014587434,0.8518097174294849,-0.014330224310432738,-1.014780585561398,-0.7958690076697053,-0.40687232789417005,0.3225319983032796,-0.686420808863114,-0.6110700164594755,-2.026014235170134
21.268670104164663,0.7476229679469759,-1.000378567488483,2.0283000750127775,1.2392099863889292,5.8549934793283285,-0.8599257597883754,5.527880263988414,0.5849609832116616,-3.33867168488365,-5.206169332958154,-1.1952208444348857,4.394852148730651,0.3235417561995465,-2.1706576768388066,-2.4419489057397374,-1.1132741046017174,2.584540395381918,0.05921940763602146,0.9999159689801018,-3.837414169434443,1.3834354318262991,-2.8082845427261973,2.2942318939410984,4.825877872178321,2.4647173004967535,0.4889015718525551,-0.5307929794371402,2.5935959267239115,-1.0966239298471216,-1.6632968222030988,-0.07123692361445444,0.5254785602397334,-2.929871375052085,0.2740848638751215,-3.4941814947203644,2.4085394316619455,3.160657334304106,2.563900774334991,1.8922723698461659,2.4050042745087437,4.339167863308805,1.3793286618720066,-1.1488998548000955,4.605831219590607,1.908043098024074,-1.805423202559428,-1.6958813899758582,-3.7036659839791666,0.797036141240925
21.139255429455993,-1.584068850130819,-8.877576343364133,10.402291728825965,1.6716794735706593,5.94718105504269,4.5152415721315995,-2.1544137179299225,4.400883963557824,8.497887175691329,4.005840386817029,-4.812338875128395,-4.276809562809637,-1.2502776279047225,2.5337435171889844,0.5447644116650964,2.2847607010466806,-2.4356021748084506,-0.6342796585172983,0.24785816411877026,0.017244082315194142,-2.348396542459501,0.18411531181042412,-0.8816787686482279,0.8095349338852099,-3.0690153668920077,-3.8034903993990388,-2.187103864046074,-1.9376395265039021,-0.9626250897890003,0.9626662624652919,0.920996983931166,0.925829526633593,-2.370675877579488,-1.8586989618227125,1.7915901672693637,0.01958438179935451,0.20658196774721616,-1.1614856270589782,-3.577750666597765,-1.310564440706145,-2.933401076705575,-2.2653981483129555,-0.01881651513581456,0.4601126212721092,-2.329709216565226,-1.7893529427614396,-3.73441738328218,-0.9270122921075468,1.1024720913957062
7.534737176170282,7.273160989025511,-0.4520784763973835,-1.8332594627998358,-4.185235461956052,1.9420159994738648,-3.372017259098108,-3.283460442047605,4.274556825326766,6.610109594319424,-1.075258224665497,2.7613446970068583,5.536813988850693,-1.0558846142068574,-1.144152848801615,2.122697796747312,-1.57433791548284,1.9018473496364303,-0.14944825756259641,-0.3811790894551264,-1.4467386507495623,-2.5891949340236553,1.0400577203611148,0.3587014371748114,-1.8293926995877094,0.15379169130296397,1.4564232509343604,0.11068147715269411,1.682720134822893,-2.490514907710884,-0.06802514304617607,-0.1298787859026618,-2.484554286055246,1.0847482563446875,-1.9647788909506367,-0.7750042148853171,0.665184381213135,0.17185990747333468,-1.248512055706728,-0.15186991572708777,1.2774559777577608,0.728166852291338,-1.0108336879018402,1.4478663843538635,-2.5660686842364333,0.5148240193912561,0.6117356224950127,-0.03124930719110125,-0.5425787484563968,0.9813260212493256
30.43949511879478,15.015462173044561,-13.616228613152503,1.3236825572472262,6.093160424061445,-1.4794623485457823,-14.296181266640554,-1.220009994782126,-11.443102968919712,2.6785882028051913,1.381680426925816,5.399432490342367,12.663192268075495,-3.8077528616941048,1.3801032002390556,5.097532204933273,6.247880565463208,4.357633894529983,-0.48801450779292455,-2.463157421198608,5.731554871735087,9.357174935889937,-1.1785093428426159,-1.2831363011036696,7.702204675494518,-5.496627720750973,5.579114029642719,-0.2140935104201479,5.152758044310202,0.6863482378829392,-1.8331149104823823,-1.3952409719188579,2.6672441826698954,-0.8416188157355349,0.4933762639139114,0.759406627486247,2.5078629869210025,6.890954669055287,1.5029703917213957,-1.4687328875597818,-5.561741368082082,0.08563188123953736,0.4120751809495248,-0.4163913612231376,2.4779064991947424,-1.3504848219863252,-2.855962023956009,-0.9518440061635445,5.689339383286455,-0.8598165583810311
8.24839586508219,5.199734196917854,10.165509466374099,-1.9338825443045224,2.975861901672354,-2.6007511234005394,5.19973910121016,0.18959178175780794,-3.76057710323062,4.752830793804062,3.0761772870828823,-3.1108357732043492,-0.3182149072092606,0.6765851399234394,-1.04269092775156,3.7354638983737365,2.8053347233368187,0.5257554484539372,-1.7607508319871132,4.199876678100562,-0.3401642752564914,-1.9976583098032004,-1.5518332318599297,2.322458889478532,0.5946635935418391,0.7543031300747394,-2.1486449912024073,1.4504339534940163,0.09119646863070513,1.4606661791586413,-0.41937227401712607,0.21620076987890813,0.23965666057890878,0.03819646227871354,0.5059900597182883,1.3149816672169057,0.18662059515276486,1.445217821847549,-2.775938810159327,0.3286360492024865,-3.425598035050445,0.5059587871482921,-0.3934770146840223,0.5881130632755129,1.1506113025598255,0.2957288317277996,1.8161508955014567,0.2905472914300937,2.6063373814776156,2.6079667733286893
2.883265418887012,6.518952871998524,4.748942547598793,6.659632391260663,-5.244621595811492,0.2895540399272081,0.5226614965165396,0.5176463933236131,0.69368535726982,0.3315066718640409,-1.6410314953958227,2.426996563020924,-0.19711991514955904,-0.1601752095579526,-0.59428328465545,-0.25298075581981405,1.8196245613602602,0.3579544977925819,1.4509107094923963,0.47535659686134696,-0.2011870650192032,-0.5135922632704164,-1.707790189735064,1.6758413154981433,-1.0827323905279205,1.5181081261087526,-1.7033064017736121,-0.7473737117897303,0.30709588833809454,2.2640806038870993,-1.910978463665212,1.7450009882922892,-2.0082252046024287,0.485714703349454,-0.8971980706344739,0.5919989895767099,-0.20940856132655009,-0.5604645504146007,1.5492725016437878,0.0898963405019449,-0.6084525970182643,-0.19609735489165706,1.5231994112128553,-1.1036979151590072,-0.3334662732137405,0.334397287825312,-1.2164162324276604,-1.5041425316759736,-0.4254408579967108,-0.8768722130863075
9.749563905749143,3.859158911678744,1.2991358581298835,-1.6290964487844426,-1.5182826465864971,2.13192675365835,1.2522582793866397,1.5578005273147535,3.415374526979672,0.5976692219192961,-1.4235410988229582,1.8696711979774687,0.5078544119151139,3.3825168904510345,1.791196009545624,2.5182869692386616,0.822058235679864,1.2694626681693408,-0.009125621834138675,-0.6622079421045457,-0.1444911656480025,-1.2966779009413947,0.8321344806142992,2.0825063241173742,-1.842428934771092,-1.1465152552780224,-1.948179550031909,3.404311059581629,-0.9191845569964913,1.0133228742346767,0.6786306567276508,0.7363882357179141,-1.2224001924197756,-0.23219846272803057,1.8362430549291067,0.5730490510691882,-1.777186400853363,2.5491628571973055,2.140536930926403,-0.06068399716477734,-2.5086747675386247,-2.988611870057911,-1.0011170437447285,0.3483783121418769,-0.7506681430528117,0.7579426594364933,0.8592089199327564,-2.1180123340842947,-2.3618165249907435,1.8549287534310777
2.0050306451903093,4.832966573552683,3.1888519345637705,3.9957495106190812,-4.683281541154565,0.11387170701710134,0.21178321719288967,-0.29107687615328653,1.1663931790690234,0.7492756775210525,-2.014272791961803,1.0477022829583902,0.4325089276783832,-0.43583234437034,-0.9084206082048711,0.0586171678712053,0.7116248907546947,-0.6468974549609727,-0.08122233306490817,0.651517462101954,-0.9128681335978026,0.15146432582846714,-1.1890813136595817,1.2274495949204876,0.10496021456915583,-0.23108516344872798,-1.6242600614814309,-0.5453064107824671,1.2077906934337899,0.13906756433217765,-0.55506242853823,-0.7587840408310284,-0.8751914068902509,0.8252994877846599,1.18482966646726,0.36368280562313343,-0.6699267068644453,0.7102623717831315,0.21317326798814318,-0.7101223141281396,0.27083901437566693,0.8755492599753582,-0.7161135118912691,1.0271829612791095,0.3220905424102548,0.8320072160444436,0.30272559221472256,-0.9033754533953676,-0.052737853760733394,-0.15997786867894348
2.8917596819953255,6.257892559221374,2.198493257045924,3.609395826153391,-1.9789584591280827,0.8024396391860013,-1.1432634065557061,-1.3979849702102995,1.6291237046341938,-0.316315105437894,-1.91678489455024,2.4874482027964246,0.17674269028415887,-2.178300094387877,-3.9597863054339557,0.2805234662155381,0.3939267014789571,0.010175814224238824,-1.3570567339042854,2.3844864882986383,-0.7754922875189019,2.1426718287638487,0.38824885771434275,-0.38517747577096634,0.09781444422392951,-0.2681750240554535,0.41276931184199595,0.3368847915280092,0.6507628924395052,0.12240080118602684,-1.164957890092229,0.5225975857153521,-0.5385365517922728,0.7512566976170918,-0.47328827887186403,-0.2194507417006915,1.3731913211638815,0.7270565767650565,0.7452847702731134,-0.8270368594629729,0.61010086954575,-1.4210632136770596,0.9055338958005982,-0.07181429361655832,-1.103699778141181,1.6119096141348273,0.22639002309560788,0.29475789075835346,-0.35184903892697106,1.3647097500873249
22.1838684166911,1.1685843395797069,-3.459081392985283,3.3013289151333285,5.398006102113457,-7.247520689183248,3.359992058547994,4.2276851388176535,7.847203367150733,4.737342221862845,-1.4256993468097856,-2.3354020474158306,3.0821681779015515,0.7005897123595219,-1.0070417713761548,1.7187422459048214,2.8904912055213234,2.0968893340166916,2.5393998528515036,-0.4487275446551605,-2.1291519021729712,2.6843214147421777,1.5348535677781658,-4.744370173322064,-4.708590003714342,0.8426604743626114,0.5858144031631898,0.9934201454474803,-0.43046285780452037,-1.7379359146220459,0.7985543055374532,-0.5130792358318701,0.10058844426333724,-0.2591732182871308,0.8159494915105012,-2.2876384891076835,-2.601664654981324,4.33516371239718,-2.9064521761560846,0.5496791842919696,0.29879408882592995,2.515843124948434,0.322917753999581,2.0460170029058067,-2.6371739348809697,-2.5564993475373945,1.6796014746315109,-0.8035826563545945,-0.9164884254850237,-0.9491131188687645
26.615765111534337,-6.941249299516561,1.532096845476456,12.066702733421353,-0.694870819263948,12.489086410618423,-1.3848554107168698,4.464187928174175,1.8859036622248666,-0.7519536735506653,0.9844791296819212,-2.7314312783268657,-5.364521801590334,0.30460848911954297,0.9757815839282619,-1.6475464723604119,-2.7479819235461957,2.960929916908516,-2.3910791357833623,2.6347762365960095,-1.8667281942528522,-1.2319179502918423,-3.2323901096256225,0.09755252220369198,0.04080430009063196,-1.1131998649620782,0.1688843378161486,0.366415845051079,0.16671140423138084,-4.7249827724455145,2.465382185781767,-2.0853274887201096,3.0308586501036023,3.162833091038057,2.1516890164182323,3.289936358477871,7.028017426694629,0.012098514436019475,-1.1004552635796583,-0.8493434368413195,0.4656053244627845,0.7252684615347166,2.5716129939053185,-3.9036979851869926,-2.947537024595124,-0.9717503077538623,-2.038926323019078,-1.9132834184352985,-1.4306705795561436,0.31265672469541483
21.4134948539536,-5.235573187033577,5.410340182359796,-10.81749294205614,-2.6183350309238236,-5.539725177792642,4.2201168824956286,-3.7314755112997497,6.038985985177651,1.9886625375661442,7.287772189524482,14.111168753846288,12.257284094913075,1.1196465280744812,-0.14559287311717548,-3.0576793849082167,3.431164114276381,-1.3253848937174544,-4.53758082233329,-3.8089181062674404,-4.282498034207945,-2.2983744148239964,-0.37027792036865503,2.6774949428374515,-3.0954042262024144,2.6266620349537324,1.3072066172151904,-3.4385949784841405,0.6027573347815007,-3.780618978290808,-5.814536314831325,0.8706104306747705,1.4062946735724946,3.9373475331637544,0.51896846228194,1.2047075241026857,-3.4766551519120643,-3.302049712265823,-0.9423649283046056,0.19342356953842754,1.2291637382703162,-2.362345340620705,-1.3003825213734994,-3.4045112630688155,3.495950940767305,0.3000039778018806,1.7817107644799672,-4.990356520900605,-5.174057182213684,1.3510309859345135
7.912085480136989,12.569339083755484,1.8373604645187447,0.1964361543178239,5.174054819685432,3.919344491562061,-3.446649106708842,-1.7779949970902185,1.5136872978821219,-0.4541586002722593,-2.539507879258651,2.5954965091856064,0.21967661037153904,1.4081218432455707,-2.6847272143743424,-0.9201491542144586,0.5030558573554378,-1.4686417205305955,2.566606410519113,1.8559932824886367,-0.901615262262921,-0.3545436039966755,-1.6767773609926164,1.3973011229522385,1.6816057079595208,-0.2681957478045778,0.21981923975261308,1.1109081385167263,-0.35021719034284815,-0.5334597239810863,-0.449997769331584,2.196768086207755,1.2257032372212173,-0.07134032249571615,0.6113580623553707,-2.5613961383685693,0.4673578217537605,-0.4690307219274334,-0.4103788936827405,-0.364241669909507,-0.7625123594213306,0.7426843585766634,0.4892600497352731,-0.40330047224201376,1.61707509657072,2.5678236411768336,-0.2561896275529083,0.13678334283444743,-0.5851903233168628,-0.2501931764852928
3.582619939521515,3.732045748246065,5.915266505998539,-0.45931059335774804,2.420410128043172,-1.4347212632671167,0.7454939729898992,1.2124705984393165,-1.2100041375328132,1.0661121655509158,4.464634225845648,-1.0722704142282145,-0.69538324562159,0.16048152863050164,0.06906549742312729,-2.4889631112060924,1.3798369870352436,2.4383222855353663,0.3971108589478854,1.298945720284491,0.5470952351052634,-1.356662857276103,-1.2884899681285256,0.34355171712814275,-1.7052268362361054,0.904563188302777,-0.5568334587142514,-2.31752319683697,0.04420528559121839,1.8884003178212487,-1.8851754267237641,-0.31433046304143686,0.31977229023822584,1.9703822364863035,0.7360333881715516,0.44873947619597077,-0.44795526414824244,0.3459506614307253,0.9200628720261588,0.2152460970380795,-1.0461582076375104,-0.8976484654339697,-0.5666686026319971,-0.7552215673724767,-0.17366041105201696,-0.49998375769878844,-0.4929917353508208,0.11298866515071623,0.06690948420735396,-1.2872953372126237
33.1475593863142,-2.050603780862842,-12.608941155323512,-13.842655339468747,-9.966387278659578,3.1852020725143912,1.869619703148979,-0.621388651920648,-6.206296951016833,-2.005568854699784,1.524859027966467,1.7773244974103262,-4.475650397043537,1.1298667358706895,-0.10631610928667615,-0.803001478920335,-2.0968110335089243,2.407171966697938,3.1615033137164783,2.534830911434066,8.971590468578363,5.780218709888107,0.801031438432993,2.4014945329788713,1.1267009884829375,4.595067484676519,-2.3220130852695786,0.8931630413056741,2.630460900374504,3.5340344722141777,0.41895217174779514,4.557365414239556,-4.626491182397077,-1.1633652666134329,-0.8084674865298225,3.0277162899637937,3.4202205960276677,1.8466739483942713,1.4550648283196639,-0.8240599510811729,-1.271084599145949,-0.3114075534395633,-0.6410960396591345,-3.0023949506656464,-0.20411945592702307,-6.77508157100554,2.0669340519576025,-1.9077705694365208,-1.9354567368943485,-2.6142600828219074
38.38355390767944,1.1290368407988263,-7.609577571192681,-12.078723347873952,-10.465817826869614,-1.8488328990429952,7.777845896055396,-6.329892135466241,-2.1992987868195306,-0.13084193279430978,1.01758212260573,1.02996572714126,-0.7726505593937097,1.5663413537009476,-3.6916331612052424,-2.5509446823307886,-4.232851465612117,3.6093580378963326,-1.4406855921838584,-2.984592256443639,2.366165696711902,2.6586184031732873,4.650713680997476,3.6808347548803027,-1.969569023360073,0.2475193841784053,-2.2324275275254672,7.101980437226475,-3.096456404510858,7.481748040936675,1.920993075407219,-0.5301065597529053,-0.7772003848303817,2.103109604976132,1.1008574649041318,0.8896357292746424,4.674199690425992,-2.954658501647055,0.32367893816426624,-0.35482961636562915,-2.678875666097223,1.7534450390566705,-3.859941438291152,3.376458459898397,-0.9521875556549964,1.4663396133913729,0.20592957455147098,0.052227995167831276,-0.7303225964444234,-3.491601128079348
35.46715255398708,-15.555757594830911,13.956591529765415,-10.031338708980023,-0.8732021098915725,-6.917840735466585,-5.838935798643781,-3.836232275963798,7.669593443607208,0.10432840750055788,-0.8559883094223872,3.8205522958469373,-7.987133244234272,3.7481603509738513,6.1396865809955345,5.203442460369988,3.0935623167905,0.6965412940841967,3.999831092700698,3.4096329883614986,1.0059317261051866,2.6190848731127163,0.9328345099760169,2.648154739034325,3.230904793226494,1.3868987713784413,4.04207717045689,-6.595380971082113,-2.5237045508397538,-2.1730675789400964,-0.49548435559832327,-1.1739458495629644,-2.4819855434182565,-0.5476535068467152,1.4839435068776543,-0.5586828119938549,0.36547142152587364,7.735412076139343,1.741815484297694,-2.673880960209422,0.9356128842792508,-0.9356462702181537,1.1152920880146058,-1.6816891001446512,-5.223686516636912,2.4355877225569906,0.9404892626283979,2.3605544827306346,-0.8742833430067971,-0.10748657254493399
20.39079610561457,6.4374608970483145,0.14111455327867506,-4.885550794402402,0.6618868139421409,-9.06320243208047,0.5315848601314442,-1.4073765404405187,-2.601390752107573,17.54844311483554,4.434628879497094,0.6426437915317493,17.807539495881688,5.98737320543262,-1.9382053965388124,5.084765773647497,-7.538231379717954,-1.1344206871670206,-2.084025453413402,-5.5326730079112885,3.5436609381269712,-6.282045949876137,4.857266107946739,-1.728973620399021,-0.6304543224568634,1.732699666399994,2.345490285559647,4.096787971387455,-2.7824862399753605,0.4099428402162587,7.862450597234201,-0.021733514243762242,-3.1215237595997296,1.669730716138823,2.241885417843619,0.04918425656555381,1.13645212257327,-0.31405139173577623,3.880006835090426,-1.1615045026519397,-1.0087493330600041,-0.9899529683269916,-1.3721658841997129,0.29004639388361186,4.1403877715123025,-0.20436026457153061,-4.54790957566725,2.1808488283026675,3.3667759430504782,-0.20321080131237967
44.48713392798355,-10.029363428262569,11.435055427321839,9.284859381553428,7.149861322932509,-0.9320187533149739,-7.562133929158789,6.2806114982269055,-5.106960394023096,-2.278278258311822,2.9277408645674248,2.1505872606075664,-3.9772258512932135,0.3518953931612082,3.091892942182193,-0.9247067553512915,3.095867326677633,-1.8541427596182904,1.35336012174604,-9.139654752748564,-3.7152409045866728,-5.250941672767254,1.8408317479656975,4.150699548490229,-4.797866906758457,-1.4321328291699928,3.918540480089465,4.798304024391681,1.4172800267450256,0.48521737306905505,0.739904375129014,-1.6714164349846707,0.3174319866570696,-7.167079202789705,-0.2059763691201476,2.0763298206734926,6.692264115887868,0.012597962341563601,0.33615889583663855,-2.144385136142355,-0.24360995823534604,-2.613534804795561,1.7816685686658456,2.4259234232198947,2.677718759029343,-1.2984967916988146,0.8600083848424587,-0.07889245550452495,-2.6025035134776866,-1.19394990803238
14.275633247534039,-6.4069749714758,1.3242192059745348,-3.124000819755043,-3.406261174902662,6.4883873931401865,-1.710633116178535,5.999314222717971,3.4460564466983103,-2.9642174017031904,2.5133547364948385,1.3187727141228547,2.098500515254971,-0.5533741809112653,-0.8097213571670019,3.965412890363129,2.2279025101678775,-0.8304569380250972,-0.6196522833709306,-4.12090402400045,-3.225855534928585,1.899650186471197,1.076445294346506,-0.9585268072334665,-3.0966501545485325,-0.9720636464346173,-2.1494937831755334,-0.2504322942650924,-0.10430190886731402,-0.9947780623526583,1.253821381543455,-1.6618983203595465,1.3988388663265767,2.916398917482547,-2.352295493251803,1.3934960448134208,-0.27378217399088023,-2.2993250508863246,0.17126931992365285,-2.075664708369518,-0.7380254286841849,-2.460743916054423,1.3182247285728796,-0.6566318251758732,0.5557838799151006,2.059427890329629,-0.1110877023221793,1.0273660371142626,-2.331837348622028,2.5718025396971678
1.9410268527918049,3.3711274667898325,4.897564411239403,3.4090073651380632,-4.369354446682989,-2.454292633604756,1.42502136680045,0.3849641652469665,-0.015938093087795258,-1.4496072882827078,1.1630012308088666,-1.1571087071932187,-0.9241454142092091,0.09652918332250965,3.8292980496265203,-0.3023688524265687,0.950220818646996,1.0547179956279136,-1.1911858195025502,0.1091641765310706,1.6380611355376626,-1.3063176512383117,0.3561184038175189,-1.5419566291464357,0.6008839266849011,0.4743974445832714,-0.5571975523716993,-0.3174366542297208,-0.20165847391283065,-0.10561899774923766,0.7521836036153764,-0.26333114553366643,0.3608802562011941,-0.11413390459515016,-0.09741179500469999,-1.703913021432483,0.5236437002109555,-0.7411984371809882,0.8727375625339941,-0.007842476632951179,-0.4188954817681246,-1.3429155025732693,-0.11575017911534799,-1.7839183874294138,-0.06497664741812242,0.9489456682865576,-0.4743425670372292,-0.15575009913083185,1.0814849843337093,-0.9286011948011628
14.071176493903154,11.248066697468932,2.204320424154783,1.8840742003071203,11.643347526897985,2.9807938395091043,-2.9763844239984967,0.5994674617831358,1.7996656551370798,3.1530736537986357,-0.49805301670692376,4.345523729255579,2.5574306656911543,1.4747994988274429,-1.344694283201483,-1.5755591738157901,1.9313153097186033,0.7969627942050175,-1.1123691987504962,-1.6890960353818543,1.632422401063655,-1.0336027778687398,-0.5547171466388172,-2.863180274138309,1.4386208840801789,0.5799244564446018,-2.2210661738912925,0.006666458180319412,-0.59427468753313,1.9735994617188302,-0.4914170756335726,0.21943297943036366,-0.2008068829347301,1.264013158347297,1.2420079922583513,0.9494347575163767,0.4022430490834045,0.058311560633320436,-2.5577116185777995,0.09115073967545889,1.5821889913412324,0.6214942444874625,1.3004653472549452,3.4368450170713105,-0.9778047794403752,2.1269694153067853,0.2564335445266288,-2.213067890692352,-0.6357167753899516,2.28335040324132
15.674216205271929,0.4437141339018083,-7.483073807705683,4.662185169054693,-0.009279074717078895,7.549128509675179,6.214349230057684,-2.7555084619309884,-0.3854752892953588,3.8905535950004158,-0.026431736734981545,-1.8095845524865182,-3.322231866514917,-1.8785150709272198,0.2798358762575506,-2.0868387033623104,0.03191615609097803,-1.1440241842467587,-0.739480898369781,0.5889109475829979,0.5264947925013724,0.2850359930947255,-1.1950146624190494,-0.8805888403620166,1.1081579389653164,-0.051894461459573216,1.6026524998293534,1.1968494500408773,-1.1406336536981327,-0.7973915930589985,0.017975585219217383,0.8436659296340674,1.6144225399609262,-0.9049139162234044,-2.3567791143922365,1.2101402742153806,0.5072195552757428,-0.4488950287690217,0.8583557830423092,-1.8329637022861547,-0.2436921580947377,0.025827778829025316,1.065173826118447,1.1753582494932444,1.076622608502771,1.2293985225263455,1.773968535335062,0.18717030265904402,0.3205099174447781,3.30744666651064
62.260065400004954,13.425114530589662,-10.955385812287627,-12.313176886530867,-17.359286030045872,-13.859224257017793,-1.186120195529266,-5.436924168274868,8.22339411726181,2.1671823456880164,-3.9585647254548113,-6.157883068935011,-6.992570091536556,-3.379470668985512,2.8242536509121967,-2.131760902963007,-2.5793165010770593,-0.7257072342849139,7.333526438575852,-2.012712567747003,-0.035181316641943905,-4.551111896954982,0.4911171007288402,1.5399768932968718,4.829617183695412,1.5382324082976264,3.0372904650205332,2.674762222773424,2.640164102489433,6.016311493807613,-3.0774385347747475,3.327766991135977,1.88294246909412,4.730506123739814,2.3113501015657922,1.6597927965883605,2.3641040068521337,8.195764201792478,-2.7539412242683143,0.371658324236641,4.426301127943834,-0.27076974499198037,-1.881485376147338,-1.7190248248710218,-1.74163633683396,-8.113158662328548,1.9478451494418818,2.3869214807958574,0.9292357953647237,3.58257342754251
8.683324042455464,10.547202112591041,5.131280418147576,-4.622025225120901,8.074817311380574,1.3795336941592373,-2.166314624246941,-0.8409934934295797,-1.0347120880114726,-0.1680076405758763,2.5704108685761966,-0.8585716541815652,-0.773062532675811,1.0668673354781864,1.0256454624589737,-3.9070199723835524,1.022433126964895,-1.7903975226378843,1.3454688816712743,0.5601846484779855,0.5395205039241618,-0.399041769057907,-2.0651594568240452,0.5548517118870523,-0.032923114792819286,-1.9504231545596502,-1.8915047157494962,0.7446211642957861,-1.9322983358023431,1.1921413246751191,-0.6482658631067262,1.4030935787055339,-0.259370536145182,-0.19110896237897168,-0.48964386535257515,-1.5182747157101855,0.28104897430536285,-0.7576456013341667,0.9898328341733142,0.15382443004031676,-0.22703931058201565,1.0103706178983338,-0.331859748183464,-0.41311043897439537,-1.7896495254806923,0.4602973035628833,-0.2448416861755971,1.5411666506358073,-0.05054691784297777,0.604116050650854
4.496763459317521,3.451089337554286,4.979708751409144,3.466569755760547,-4.203616645465337,0.3757933249801773,2.052583260620796,1.3126953323209862,0.17629159990111323,0.637105045298591,1.6252082665651306,0.1766368861925699,2.033318511757416,1.0727824389573581,1.1875065687034119,-0.4791311593142158,2.1782869014430224,3.134572157872091,0.4020092228739958,-1.565276273312466,0.6921484393181974,-0.8066672297471307,2.0455703779887493,1.965190943789536,-1.2930154577222759,1.0010321716005282,0.10746521374885776,2.3761513872694553,0.3567140286018403,0.6117654135136914,-1.2414959432035981,0.22801776337243437,1.583097232949855,-2.3926527148183436,-0.34360880113959197,-2.501772026823353,-1.5319743480382417,-0.9407246594107869,1.3310155062190099,-0.4407821520934677,-0.28354969473884195,-1.0975151681590345,0.4690993110006766,0.7831336912076079,-0.1398628948355361,-0.5164492900384343,0.40481256585488634,-0.9466918402674314,0.947674855638525,3.3804145622950803
37.80797272861632,1.7759858815955878,-9.459231155775552,-12.614176876322261,-3.796964637594224,-10.671558330202076,13.342544146870662,-23.632571802308604,-8.753595834461793,-12.97571017764674,-2.02252564061223,6.727575918782747,-3.3809779147533376,-4.599717246709678,-4.4079414197755185,-2.3640656319399107,-2.2096189395217456,7.18657528781659,-1.6120880471003245,-0.13288377366623869,-1.467460842236141,-7.1347237374996215,6.0939911468217876,-4.459403135684597,0.9340076324716585,-8.185729281745855,-0.5121217060145272,5.6964647071835515,8.378433040265502,4.093476118868501,-14.700983802303403,6.533403758789613,0.0010270277367457198,0.020883070890689304,-9.905202021659104,7.497125432926044,8.08759207419828,-0.4156323430616228,1.733515385392029,-8.117935747925959,-1.0102672545805624,0.229571493614376,-5.193053011705497,5.856244208000808,-2.7720053750343623,5.128190293045561,-0.053696448216810966,1.6650796340413931,-4.356997633550378,1.6708851764065793
34.795000133085665,6.331906030288672,-12.902276013651678,5.039087756702986,1.3854647492347096,-9.21694383303769,-6.171580957534343,3.5157252338395004,1.2544357723731547,3.398741025038419,6.2193064853765225,-0.2641551799335936,1.528284419418763,-0.3336278050004916,1.7903908238150559,0.21736141919563612,2.575221802954981,8.874305794957884,3.746431219664768,4.213242868705941,6.396652966369403,5.887409583076769,-0.32346664016042753,0.0535390295630921,3.8164012083225467,3.7614817000454766,-4.071641516615991,-3.2884547893031937,4.481042685118959,-0.45801540594409373,4.309439235965953,1.5355201055645271,4.376239133487559,-4.409259712016972,-4.323598570460589,3.1484755196862446,2.728430590741088,-4.415445836826559,3.147755613632626,5.8231771452615115,6.418501900411813,1.88715091337195,4.113326524433649,1.3473763531422942,-2.0381322904677184,-3.057263509185752,-1.8501066940579634,-5.892495353683687,0.3311884922635776,0.03215918233385062
2.2679158164223416,5.580780804443135,3.2177039707591346,4.744942875837458,-4.414318832700416,0.745543858932001,0.028740519770461617,-0.6129100778974219,1.2858902347174275,0.7963393147454558,-1.7259640101254423,2.221493965744305,0.7328447543137482,-1.4118838957806399,-4.1244478270476375,0.13169991050607896,0.15475475354947932,-0.49411535175076204,-0.6501075047964979,0.4071655678446575,-0.7245461853731503,1.58374400019634,-0.7696832550617762,0.15274509225804642,-0.24976083580558975,0.3233304158749527,1.3747020460055304,-0.7175316098884226,0.4587796507272115,0.15163866608683807,-0.9329899363993608,1.287804147545126,-0.9230006480446022,0.2737426109212314,-0.342015435410153,1.1545048324505338,-0.46894778800924536,-0.031820354395415196,0.013988530147687583,-0.0968248765293849,1.0873135230927047,-0.7954345234455471,1.1630294943485302,1.003326028438266,-1.135069917559644,-0.2320089190268393,-0.47616794732820483,0.026502742935465562,-0.5427331562540278,0.348842163336034
2.621999230760905,5.256013593542474,4.451187715285112,2.4840649780208843,-5.389920577669422,-0.3093953361802806,1.531413858361413,0.0005382876814989113,2.0085614522435686,0.25535403789271904,0.5019042216372727,0.4945124361800959,0.15360366314519136,-0.051409937610246925,-2.050110873528219,-0.6160771310014257,0.5145417115454575,-0.6234306497313685,-1.766716233126224,1.315745697549728,1.7249886277766922,0.569774395984616,2.9244473710500025,0.08913512687117014,0.5396252669185592,-0.957045376530496,1.1977312143004566,1.4975992309549064,-0.4486823742116981,-2.2417247854733913,0.2592807307848568,-0.5468331030455537,0.6597093226523394,-0.047713500231673034,1.9360181075589102,-1.3687879413837618,-0.0720764935282327,-0.8724240964309266,-0.6748433975636603,-1.1644079915268544,0.24839739516538134,1.0214801356315675,-1.63945618127793,0.9074906334857223,0.3818922276907454,0.5215342605355694,0.7459188469180666,0.27916441915278223,-0.05161238875942978,1.2090094827518179
11.582971762569944,-0.6920950582535614,-2.7224623672463313,-0.7694866691858733,2.6141740593250717,-0.5730370650851049,7.823972943015946,-1.3763020486588737,3.6861226681738466,-4.08309209911163,1.2325994603517259,6.423869341083694,0.9404835291892244,-1.3878693335323526,-1.9134484082215393,-0.1757559003347162,3.48736173859129,0.6564872810810709,-3.623598003062015,-0.7285552713511365,-4.695251237992816,-1.9699656831794359,-2.4859752471525574,2.7113930773282604,0.1996277626549683,1.0443653102445132,0.6766646785004022,0.4962748567850774,-3.222729333468048,0.7300340070941924,-0.2519430788412743,-0.5338903051220754,0.7875455728837468,-2.013890433006937,-1.0880395341423386,-1.3787434606462687,-0.891820495525525,-2.409906604960547,0.30515742856575817,2.5672554739313656,2.3856058754994116,-3.1600660744150666,-1.2328148493325617,-0.8598618086731125,1.0501291096300647,1.2789897897162614,1.9653878907695193,0.5193119344228411,3.7896990417162444,-0.44503783839236033
4.1582572956673065,8.216811497762853,9.534104753423229,7.387784071574332,-9.525464414688205,-2.9551916158804126,2.571077932443499,0.5798648494631601,0.48190908183399617,-1.4632921259611158,1.0144236509656217,-0.4323779563881638,-1.7140344472019176,-0.5164635006618774,3.3577518463954954,-1.0576621613425463,0.386049317840619,0.919495093568866,-1.989755827397097,-0.706637809819787,2.1459025079095175,-1.187399856125816,1.7995045176775173,-2.5097078069261682,0.9120126865871736,-0.14253111991886502,0.5327943844423393,0.8574705109325338,-1.6246987300629971,-0.4699378882442587,1.7037010001461421,0.7416336628034013,0.8693761958239152,0.22200470985584317,0.5121490618200472,-1.2413069251829802,0.45358488861558727,-0.3053994747605994,-0.24999398651153168,0.17556537286760834,0.6243650983973913,0.23475012986326368,0.3398618934538404,-1.4176281011602643,0.6984036643581426,-0.2508299427690761,-0.2005270923785059,1.3835948941718874,0.1244684645001754,-0.8783515376068696
6.94943062069755,3.695968121619636,5.279989564819309,0.5594410939472225,-2.2034640164783186,1.7384367162298506,1.4709478154315678,1.2097787832585547,2.192028330053756,0.2918056031184224,1.4032873379033155,2.6501860260205405,-0.5808831220361901,0.2833731950892011,1.4030991992569342,-1.5864618792852991,1.8463829444041742,1.7284820499026203,-0.4602302335104193,0.07045576635060746,1.1314472533417237,-1.744015456780888,-0.7945517891243382,2.089681312577346,0.1559382769508818,0.2326344471148225,0.42989352035465844,1.238759472327152,0.5856862382148309,-2.8686335040233972,-2.713700439328269,0.882661712390197,1.1958711868696366,-1.1503494296660304,0.32590107763554843,-0.8687348473445866,-1.5843476528837224,-0.12839242405246143,0.5600545588737325,-1.1266070944735607,-2.06352096448487,1.4676715353114054,-0.17562026769797928,1.6493549476458549,-0.7050295221106533,1.162850313420662,0.8251590707544012,1.1951706479948836,0.08867272875358864,0.9984874119756506
36.19294603756889,5.461960714121622,-4.262037790710407,-1.7077965782466007,1.464214938030823,-15.603935504422292,17.36917542426402,-5.542477043606175,2.8601453655680866,0.6741677931701997,-1.6532322657643221,3.4341836156377745,-1.3237934936279345,6.2837603655129985,7.0101924361648065,1.8450478821017007,-0.8141587524725624,5.826597280786353,-4.719292626654074,-2.6789297940909287,-8.696293263699022,15.234929893606383,-4.859036042174666,-5.672284375076668,0.27805553958086704,1.598135302758306,5.022028998180881,-0.47305221667208497,-5.220760442144474,4.486564614425166,1.879039312742821,-9.76628843549689,5.681000797377635,4.686068991222448,4.427997086736397,4.957726326088374,6.909898527662439,4.581982043378481,-4.458169019208224,-2.443635422131503,3.1319713030763934,5.1225399873844015,7.688556227556302,-2.849737769537265,4.571932305739355,0.22591260930355578,-3.3576299437428823,5.093332971017242,-3.936880249468863,2.2563654080183766
12.650915787518924,10.172072351959152,1.6812127320896473,-5.112254495777314,1.503868509412652,2.4686782157890836,0.5428955349323634,0.6139363158341997,3.6124864654082725,-2.722020818547477,-1.662320432771756,0.6914743540211745,1.000616991957746,2.93755272185467,1.0216445824004756,-0.3490473952443977,0.3970729571488745,-0.15104972574501507,2.360946637485411,0.7119346343617804,0.5513266772719762,-3.0353120142996275,-0.46974046466374597,0.5877273527729264,-0.4767782255797609,3.3738353973600677,1.656997281957087,0.17532537316323082,1.212278620769164,-2.9229730358419355,3.651649979070537,-0.3807821340888621,5.152477962884368,-1.0817322137248166,-3.1182814925621796,-0.6114632536298498,1.1891415378041243,-0.24272443376423547,-2.8042294322041217,1.042083883293811,-2.71951598819281,-0.760706010260585,0.7475787770250059,4.021081291053393,-0.6499878962794848,2.174965493873037,1.8726859793935353,0.25993381805467375,0.5920275163424609,-1.5819179564427928
16.366663289101435,-0.2954003078266014,6.862696139202532,2.6886249707509986,-1.7102196426328078,5.474024832488196,-1.770685241856869,8.888237339878758,1.0024424697662828,0.13063407162880603,3.855910807199594,1.5146251864105267,-5.028997833412616,1.9539723982787212,0.1412689968666211,0.7213669819368899,-1.5372644373626791,3.569472369746672,-3.2583672615820634,0.0722758363197532,-0.059969686923038584,-3.698202870796075,-0.9240496467393994,-2.45358519576729,-1.060194607447231,-0.022163936796044337,0.2133323031655449,3.9183134820797325,0.7412740697994618,-3.8225109655340637,-0.3922741615131527,-1.2669042673049677,0.9551661304106217,-0.7510040562523435,0.7827878424834539,-2.2988291093732967,1.6547361961552416,2.6960565672649315,0.3373099745719402,-2.7365794692542127,-0.20429925247041977,1.1914329280174862,-0.783361061709164,-2.383376991690565,4.767684723832638,0.1519859185425242,-0.03419874827449654,-1.1204279763315756,0.8931203307257163,0.8127352590617989
3.5960749670683603,4.90464766659005,-1.4493080893610595,-1.7963540371038005,3.7045481795027113,1.7067840613121952,-1.2321202228873156,-2.3415551631507294,-0.3929248052006766,-0.8435433476827112,-2.326355817677574,-0.009743279482622075,-0.5325965323175686,-0.17632460891144855,1.0587648395871287,-0.8368357055986999,0.18302021791313744,0.30748704376123376,-0.5538448631682544,0.031054658908497332,-0.22447924897658025,-1.273431580582311,0.46149623632989056,-0.45506942148255153,0.41816627861488964,0.3171037263531861,0.3516194346615199,0.7543040372533872,-0.7065742700689573,-1.3933232322509914,0.2670416481559964,1.909916321512961,-1.4913391514489116,0.7533212940859062,0.01412370155615855,-1.8639261071880533,-0.10867947634739997,0.11551166573646715,0.8313645970834089,-0.22449618373334584,-0.31668191967803383,0.4743316189948742,-0.7345007266143653,-0.721955519459711,-0.7255274231979056,0.11439032080678996,-0.468253103297395,1.0513144167092454,-0.9210807613962182,0.08831899997126269
25.748706511577304,-1.7444631794898862,-12.542066451831705,9.473562027041988,5.688259575860865,7.572753052735762,4.289195877915163,-0.7150927822628864,1.7030808078521449,2.0773533029455566,0.780889578182326,-2.6557262036967395,-3.6061421984305517,-4.643703534688932,4.086459076441415,0.9119551741448517,-1.793399196849138,-1.2057898326707215,-3.8997557818276154,0.5301284868769784,3.6698631805882225,-0.6265556184483717,-1.5224775378721451,-1.186386593639916,0.620170121304713,2.04743363305967,-2.2007683234456437,-1.0228714002922865,-1.8576845107013022,-1.734404128953037,0.16290668055105617,-2.7033807301305908,0.5712789068255282,-0.7596619734398891,-1.2303264420857682,1.8486193305657577,5.495166467814512,0.6150906561078912,-1.1113084340703947,-0.9417382397767007,-2.5612998470590385,-0.5750951357379321,-0.6227323292913127,-2.5740299013497614,0.4453694242652623,-2.0849659713419104,2.636320500764283,-2.297828833918318,0.1793802141587617,1.670476941880308
38.251223351444445,11.457924541486971,-16.123441949132985,-13.649036825076045,-0.1041800888039146,-11.050873739551594,-4.720756757937597,-0.8647070364429862,8.96555791324749,-3.278876369113523,4.71133894422243,-5.87906942823153,4.966119737705458,-3.3894370672474237,-5.480044245103231,-0.5635141504663954,-2.152417820241129,3.8426873076516124,4.173459586546747,9.041509359445403,-0.3142635569582001,-8.83320671848213,-0.9567889063722146,-1.3628407829011437,-2.3188855455109314,-3.726641501982298,1.3002035676943358,3.213565470810859,-1.9128296813124859,7.550301073826178,3.935118606639375,3.8318249150080606,2.3976947220782394,-2.040441425364584,-0.31666635256804343,-7.340826901316699,0.8172901361086415,9.071430358696364,9.12879796747549,-0.6859811178459603,2.163900326209112,-1.3861254368855027,-0.9491586091729051,-0.41675608517278795,-4.101758360931729,-7.937000754010656,-3.2408154184467146,6.928136114036548,2.953612682309185,1.6997398440068363
26.025285580893318,-2.7323855172208487,6.524111826465353,-6.764981200719573,0.7336939396905855,10.571318305166372,0.683272174892525,-2.3888257558716113,-1.2333654981612368,-0.4346259743776416,-5.533015317602916,-4.233930545447356,2.877268642762844,1.3360848802646876,-1.5513912043702893,-4.500042809299148,-6.316891259866413,1.5492854795769824,3.562909373567637,1.8099174861928005,1.001163506021143,1.879712601856514,-3.6015470849330478,1.3820851763894093,3.5849902815415766,-3.7348408222552507,1.787927633628728,1.0774382677606331,2.4175952645036127,-2.399566564992813,4.641685196911694,-1.4609069463958186,2.5256571426497954,5.149176274770232,-2.4917875068087567,2.6472010853378216,-5.65250797909766,-3.2276231274658436,1.53526069668116,-0.22979600452985305,-2.6598011672221853,0.6237804732616417,2.6546064392209394,2.73331850468247,-4.476956694957308,-3.643725125127568,-2.881652606450724,-4.583499413595938,0.023898984109537835,4.174382818780433
47.981265444146466,-6.100640353240971,1.6468142116607085,-3.703902664603883,-4.489568355163141,-3.645977618443057,-8.35703524667538,-0.8520246123192583,1.7732722369307683,-3.580825563416539,-1.1940679596286075,0.7717074666957804,-0.22761261765427238,0.5580648560072503,5.62989858563879,-0.6645016769656829,-5.1471408561036105,-3.3914556577909374,5.5292745113277695,0.47897481477709736,-0.34233753660655974,1.8250966193168336,-0.7520894919660055,1.9559731261635125,3.1226491582107054,3.5286716158128737,-9.105643048054462,0.4912348925035013,-7.525908672539818,4.887177423734565,-5.919009454323415,0.01902536591274706,-2.241469731006722,-3.9507323508400747,2.408870205096177,-4.88855367214648,0.11476975198684602,2.7197900779128625,-1.3843482576717432,-2.0630525153071004,-5.138656043549365,-3.3359077925421485,0.5835756064216502,2.5689860221456122,0.6687201890707739,-1.3014014931959248,-0.7024433300644288,5.154437203316461,0.3013987966209475,-2.4250922873445457
17.63627895412551,23.845816093086114,7.727611033713041,-1.8685484396606542,-0.8937908282724679,5.495266299281996,-0.9020595590479237,-8.777562701810437,3.2259759533394434,-1.9978200136414985,-3.141833987750969,-1.3387090919801512,-2.6081798364527695,3.54095268259916,0.8369205776988342,3.6866125681607067,-4.880470780135045,-1.4644692642025399,-2.821889012552204,0.12034243375183118,-2.079288078349877,-1.8510711541154983,2.0217088526313463,4.235193875140716,1.1451128201401457,3.6727671510484763,3.8396446353071134,0.4833451613306722,2.2444838578791746,-3.411916617003156,4.2929789360053014,-1.2199528818759997,-0.7810819683794541,-0.08997183341497444,-4.54503009709728e-05,-0.7421131462761575,0.16730378295277798,1.7956797488257763,2.7754101818280947,1.0082969581070418,-2.049300615814504,0.41725851912316764,-2.642534632438367,2.7163876756733494,-1.2364823350507201,-1.8540089617677937,0.9879431655779083,-2.1595238190500456,2.9248562765718473,1.5155352389743362
35.80474989485741,-8.646901199385983,-11.42870331299831,5.535716998959699,6.305619662760538,-6.7804974370679565,8.49976853083033,1.383632483117295,0.6148018408380477,7.1344714260222295,-0.7526527195804302,1.8731421906534986,-4.163575944182168,7.276530281483128,0.7353608883560625,-3.1168365575377575,-0.7051024676724837,4.913669753224399,-4.68402714571962,7.712363136281073,-2.3247683612376657,0.37773782651987275,6.325233216786913,4.527278132760413,6.2245770765798865,2.2650373059655076,-2.771624502723699,-4.449877824254112,-0.8082089356795708,0.07144778862169288,9.056948209587652,-4.315459580462951,2.9578317885998224,-4.757475104727884,-9.175157348642273,-3.973640745359888,3.1701938219915884,1.3832703921077416,0.6384245530172682,3.039696577369891,4.376292207514521,-0.9999297450936897,-0.7669558355091899,0.7869105098978764,-1.2125274188102753,-0.07362804776158538,-3.3919236849175065,1.9949987456259022,-5.894477716434313,-0.7413636006994051
28.236937822672147,3.2109543306046637,16.939615604905747,-4.877615853163528,5.376752826742746,6.964849886017185,2.081795471200094,1.2688046574901006,-5.269122456463799,-3.3912928843820245,5.167634329214325,-1.6731480342692002,-3.4808872859674693,3.915135876577347,3.736850904128479,1.5020781783841557,-2.0029413284800093,2.9513104065574787,0.36287903208320543,-3.6138028231316626,0.6279681899680035,1.9393631576937045,-5.088777416387259,-1.9338245219394465,-4.558168562722991,-0.5385763062480111,-3.519213788394562,-2.0344802400072437,-3.4019749319797983,5.331371381914247,0.7884700898270237,0.3823359162829214,4.859529985271936,0.3668046333530307,-0.4341103981886141,1.1989075402395437,-2.2174584604507572,-0.8987624775114742,1.707482446681011,-3.09877324684017,0.5060957552242775,-4.83064703385379,2.5112240291502075,-0.33995047147098745,-1.612941346228447,5.767161560039972,-6.000551282606399,2.5981615421817073,-3.68447409077601,4.635532096346352
33.101540939919516,4.919382217427609,6.595611327445752,-4.511002603332221,0.049720628205813466,2.2171104439284814,8.572962530446691,2.938995052290393,2.337098315788185,1.467726590709547,-0.9191662820097822,2.5365916310440024,4.909748086914725,0.33605822324196755,2.3756878367903984,-4.079213092000139,-6.057596675102711,2.4115759435245754,0.28002328843937885,-0.5738250767402961,-4.981432764677796,-3.141719488756624,1.5727717805480614,3.760471658731384,-2.086408295024414,2.125718147340308,-1.186997202421462,0.6942348814611815,-4.9769063341281905,-4.636437697529943,0.28758766232276756,4.513238901866548,4.2025527930019795,2.1991256251843234,0.31174517741455426,2.4025725266026803,4.064001570778406,-1.4291082266664752,2.662872209060613,1.4659014331116063,4.119858742964951,-2.0247031977115055,0.849634036611821,2.285847254951252,-0.9391873828364586,0.6326811396743477,-1.3641444022132034,1.8952426349748581,3.4151164707358825,0.1840946956603009
28.139123924754788,-7.042800253202946,0.7028755857657418,8.821132815953959,8.178906552176256,10.14254291829851,-1.849481778218545,2.2742407244877416,6.0944864002696555,-4.329668727279935,3.7015844507974225,-3.2231397137194517,-2.3484212458341376,-2.761039650278715,0.8824601735668938,1.3381440137568537,-3.309298338981737,-1.634715210529404,-3.728668948433018,-4.2254212254693275,-3.9230421363787293,-2.3501070596380798,2.957099815019169,2.5655703782954027,-0.2880986035218207,2.224818983348186,-0.8369832548060332,0.5241556126246112,-0.3743832391115668,3.956928341849424,2.9280957753143637,-1.212741377306351,0.005374609092727245,3.5129893029550763,-2.9108750639892325,-0.8420528316056649,-1.469169177122159,1.120386877078664,1.9472488674654855,-2.2771425725116714,1.375112116131403,-0.10392585475503802,2.8671833205269746,-2.7587744269356227,1.8635931533326313,1.9177001530416946,4.496064298801455,-1.0490119597747298,1.4093992396289177,0.8737287777782172
35.999967306180736,-7.201906779195718,14.573911036512792,-3.816561528337731,2.900391347443851,-8.358347011362449,12.29782188533957,-5.431425507804853,-3.3908622920797526,-3.5138554744711015,-5.649180465021259,0.2956188301572274,4.634908977066097,-2.3933260368369083,-1.86993304655111,4.174203244208495,-0.13226597519173833,-0.5351618284793168,-0.8104488044734689,2.451701010617124,-0.05376716406877846,3.774998348120064,-7.569447788164342,7.675884960324678,5.293481387401512,8.425562054422542,0.21827199858296667,3.034132611241434,2.655056065957659,-1.6072828677020863,-0.35132432649277234,3.538547206587419,-2.4345549569785057,0.5750999638445164,-1.8376796363505425,2.471247340829451,0.6580730459428012,-1.6817079932187768,-0.630693358170032,3.1231812799931484,-4.210598482830461,4.193104902111734,0.2572461156474768,2.675186146820309,5.70489926903006,-1.739547945527712,3.7189060368840403,1.0032328428848964,2.2251890770538796,2.9401172903562918
1.8705156752518917,3.7060237126475433,1.3071530737088408,1.1216786885484662,-0.852702781618705,0.9641156555529286,-0.3474359737724666,-0.8350409855435036,1.5605771810023867,-0.3779588874955051,-0.587481421367747,1.8045999911257171,0.5029565503323778,-0.9105562608732592,-2.978633720474788,0.659677875282537,-0.4452081939599483,-0.4659891819566529,0.5528397346205741,1.9737640894256037,-0.47235759840671504,0.26967384295708696,-0.6326011129528988,0.2587519987222184,-0.49690456278873707,-0.4502306804681439,0.6292610569109843,0.044135968779870326,0.9640134408166723,-0.6332209101692468,-0.7742975607586602,-0.2541020652681448,0.09399473722070038,0.0541995424165778,-1.201582246011618,0.24357597101242584,0.13191512124078242,-0.09205344810199594,-0.11792742670577874,-0.9775874515482579,0.06095300302480455,-1.51455343228857,0.19759110702273092,0.016457647562283063,0.11925514690901062,-0.24710138237502988,-0.38927611485625196,-0.7114444622381342,0.21662708692597024,0.03511142628182089
43.858258110803554,3.8773964547367754,-15.810203735554703,-0.6614774256419425,-2.8318860067590874,1.1760397396315354,-2.166086945052447,1.0651633059057422,1.4665100225206016,-3.573177477000489,2.7395362051767584,0.2937247977907513,-4.261146893876572,-1.1404439512349103,-1.407651701406849,-0.09399558222506865,-2.027912873284935,2.8156288077561573,-2.5484213829845523,6.105741337528173,1.3469312044457127,-3.6932140928635646,7.396143633390854,-1.6052135832292591,0.6704792586890486,5.625967096860235,3.60348637897168,-2.090855675666825,5.590554658762551,-2.772651635043225,-5.368946462548733,-2.046466414242836,-2.11763412518929,-0.2429456546332187,0.27372434070987184,-1.334131860056243,-0.8300839323230116,-2.1287194830404323,-0.7427293508394077,-0.5498404364414754,2.1459620955070826,0.5240039818348363,-2.049074985594232,-2.924993549600271,1.3251681093718621,-1.3955130230663155,5.951210213056513,-1.8470861301021428,-1.3460081340102747,3.8468143591704798
1.3886874311960813,3.32346919685509,2.091274222029936,2.488158039409044,-2.8095566301500123,0.3492573222344326,0.3639333874012936,-0.4804284411764681,0.45222458999958615,0.7063020709343262,-1.0259410824259996,1.1108955119667152,-0.29022230331841126,-0.7209350279695989,-1.9970441492728566,-0.35454742540931355,-0.8478310669943836,-0.696524634601677,-0.16623297378039098,0.31830703279775074,-0.11672267383734392,1.2904559585964492,0.2328883632938681,0.34051375201688505,-0.06671690909736229,-0.6744805150864465,-0.24271833419751776,-0.8674428800823191,-0.011860990342928743,-0.5519825593266806,0.13595529917491317,-1.0193750388729252,0.2235460726270869,0.25424298653316063,0.8859647022868402,0.9923837541293858,0.5702454833076366,0.7088202173076309,-0.3829778051481359,0.8188650228832,0.1218020976596339,0.5591834604707017,0.1918260903984883,0.07976045542500965,0.5201673024134604,-0.03297676396178684,0.5284544918489511,0.619840716916715,-0.24420596032440045,-0.09470068888906248
59.29902934448192,6.447469862449924,-4.315287147305597,-13.89900135372667,-4.129213943626003,-14.515133195469817,0.10575816483230216,-6.427157457151291,8.300552206302276,-6.273786715142341,8.199487421039636,-3.2421911698354036,3.615425603217396,-2.9262321923423964,-5.006690054462729,-1.4710439843437055,-9.78898233188629,-4.43424949937746,-3.224578681397146,1.2147063293978828,1.208154912918377,3.618781674334682,7.989019815954945,3.249953232489095,-2.575759467323884,2.8959783084609705,-3.7298610547121016,-0.8623719188819812,1.6607861412110236,7.22594652042634,-1.181353460801183,-4.143611261548983,-0.24944799302869927,-2.4077435300346783,-2.5974185610810023,-3.8917408992239713,-6.209501613203952,-2.063966850847368,3.3936280792813194,-6.842501963263247,-5.541924452689685,10.419855012950656,-0.7468063512808094,-1.849251549676151,0.0177830014775774,0.1797358977794613,1.2979585021312101,2.7080151179807226,0.7938432352539098,1.5303066913884331
3.304187230705212,6.478508774271198,2.6338284157920313,3.7923173232798986,-0.736284798030945,0.6032556382874867,-0.7184982695299403,-0.1719543845208167,1.049560956076092,-0.10370067201299155,-2.4290435719298373,2.2613995016223836,1.5896054481090343,-0.03373428652936644,-1.8483206386357094,0.18750339414265832,0.7886912259079121,-0.5277833511784336,0.31263671899841344,1.156043597745665,-0.7540326286587954,0.01704616748737725,-1.8860051883888156,1.387511486120802,-1.07395097411563,3.1818366461259795,-0.21167911939658535,-0.6666873707026785,2.509293843452944,0.2571871587478633,-1.5268632403060947,-0.14442761680144012,0.182475781079093,0.9557296397806891,-1.0094941680173612,0.6424780521593848,-1.1331707045556114,1.0345757665266417,0.5878429429347566,-1.17920251041692,-1.228351011279576,-0.9463198261267596,1.3763517300332495,1.5864819767129912,0.9950922347688458,-0.7051519651939057,-0.65799759520684,-0.28605385834109553,-1.0674158055810419,0.2932757213310253
32.617632545451066,-5.560820633305459,11.544113154354584,-4.096720618740781,-0.895011972168605,-1.2012064443240238,8.133275430540673,5.014156831511981,-4.874732883665091,-0.5067406259028198,-8.994211766740682,2.036470515976821,-2.7778460978380806,1.432584712253317,0.33250600600650915,3.8893713961531273,0.9783258186849882,2.2037534713449656,4.403392877037759,1.0564868143269208,2.7591442798655716,-1.5322024749409868,-0.12166268070196251,-3.567496908561852,3.2967711990666984,-5.482375039341644,0.8735176525422581,9.468918417317546,-0.549317909701457,6.14562914690455,-2.80034825924959,1.561493522165013,-2.6442931689536424,-1.0416933904716354,-0.049581557158004996,-1.9282124802187575,0.524741655607961,3.331530707552942,-2.438285735643893,-1.7605802379695517,-0.2868455684957033,3.733927039894788,3.3047892339782683,-4.504643050233268,1.1705941072308916,4.263474534335487,-2.679292118474193,-0.9989709400278666,-7.9818387517431955,-1.569124646496523
4.020347357538006,4.082007638518109,6.604578362024346,-0.85480090029987,3.583948328371641,-2.3602398191453937,3.314583659726302,-0.5267646517714807,-3.416514433562521,1.1812033622908835,5.855361588917155,0.21727350737115927,-0.3677198647283295,-1.8372340501650588,0.038228506651711555,-1.1416520090880458,-0.6540341358321463,1.6412683514769761,-2.338973448284436,-1.3305584239286683,1.9551258828113973,-0.06111794694636971,2.7439475453200948,-0.9883672181955439,-3.4675314056110382,-0.16642775728249903,0.05759979693798221,0.6848957442184274,-1.7909600678984128,-0.4011888414421214,-3.4162006800480595,-1.3108922606595508,0.07546401230075067,-0.2692749502737234,0.1984072269442741,0.5358477482605282,-0.9765027538085679,-0.6491324943148374,-1.6328891428997103,-0.13866100188625366,-0.04512572071955209,-0.8575204539987836,1.7062397621313892,-1.3858050977573435,1.6850629804560628,-1.3989132838901708,-1.9150766850305074,-1.3435232866237894,-0.8444665352725045,-1.827150272140937
22.763346113338944,-4.19101467673693,-4.251453367719647,1.2760421295771411,-1.5379871120541106,4.336426976663241,14.879010672858081,-0.5347525300844925,-0.09191750367137652,4.346134910074474,-2.757570502136227,1.325313320982058,-7.321752666498885,0.4724291114785369,3.44900767831463,-0.8608071056746314,0.38858839476309803,0.9044572578483708,2.6130246971611384,-2.325465877422148,4.858305493337167,0.03191221553077983,-1.1516519665478613,-0.9785263924424132,1.9821289851070774,-1.6070228998862217,2.065796441289596,0.4862690818365878,1.6135223264323635,4.5566012035451475,-0.015333414954247448,0.7937103094152007,-0.40627297117034883,1.1699227589164003,-6.535350594279556,-1.8690095036870802,-4.3992208056829725,-2.7173433022658813,-2.0642814485996386,0.6113967747477158,-0.8637075765387064,0.35873172755421123,-3.5353310160319795,-1.0288936292028004,-1.3150060161420596,-0.3125696299277403,-0.715855918069889,-0.3309598618706554,2.8469049208892234,1.1294509796175052
56.55102891941203,-16.319328160776866,3.6874541177465003,-6.8939499760699725,0.7416427534033029,-5.431911344039719,-9.713998146193077,-12.862504331581114,2.7184227840320005,-1.3128834272919496,-0.4457557288972813,0.7183827011927676,3.788154721413038,-4.26202761146599,-0.6597876589702372,-2.1117335945937192,3.880665994551607,-7.872501375574307,9.360837214890472,6.244774659589812,-7.2749541208917154,3.9052679631680247,-1.2865263754563645,-1.0466680794636716,-3.9354373312464643,6.472903756949004,0.8910564449169966,3.7575784915023602,-0.13241177522212944,2.03173024453252,-2.3450442850759163,2.357659070509202,-4.131128679550198,-1.5990415784429255,4.061203692458062,-2.045600325860022,0.9120813461055122,6.145594786563869,-5.987533587026671,3.3435490715106893,-0.24608100083138124,-6.814314521265948,-7.860423493873462,-2.280832932886227,1.7236034819189983,1.211156287020403,-2.8560019852082625,2.2090514288470624,-3.656347440496621,-0.3795975246496015
1.678747201968073,3.558163256400429,3.6701074610188114,2.8664886277553676,-3.2634256560629833,0.11366002206937317,0.802372429144089,0.5614654015153523,-0.1370518985294223,1.7339480127312468,0.5148242601531708,0.9394293330152583,-0.39694172846625003,-1.7983261964364408,-2.4721392886741524,-0.67775448116357,-1.9993257660517079,-0.22401325469458014,-0.7357065743590284,-0.09309137125549402,0.31481701704879966,0.5075244542007964,1.4169905220667496,-0.3131752764317947,-0.12212802160404104,-0.7618061383357306,-0.016502536751174857,-0.11312453744859204,-1.3474078225041326,1.3455049165924917,-0.18764586740975103,1.216114718624135,-1.4669276725479812,-0.22427503077752942,0.3651415503207713,0.1717701605961772,-0.6138361516939087,-0.47411895222180134,0.14781830034230453,-0.10796948442488392,1.3805377676863713,1.7640220011743502,-0.3473088220109851,-0.6472329004130939,-0.10500386621156138,0.4733563855998515,-0.4072716750736949,0.35703628172990765,0.2256619390085148,-0.5659521006015638
3.460409946601503,3.3090312844695133,2.2410660421155333,0.18773446487330267,2.7012972789102667,1.831808414773502,3.8155528013494484,-1.0990672181725767,-2.3571159371564376,0.6606460884004527,1.3443716896426101,-0.8618286436298817,0.34196599266916167,0.8353742519895452,-1.4039907741887458,1.8392815779100051,-1.4706894630962832,-2.6284376019029407,1.1960562652895577,-2.048374736665613,0.9704412681914285,-0.7354650173614743,-0.00013563013456352468,-0.7301914362476774,-1.5180462324017956,0.7591327625106565,-0.949077373035389,-0.3316812267606033,-0.40319369927508947,0.624310948937392,-1.0898636095143333,-0.08372342532674334,-0.023544052089116425,-0.7232758059742013,-0.34897380650785814,0.8368755664742545,-1.4044726517367156,-0.10779840965158954,-2.29451917777742,-0.5015586792638551,1.8572699314332624,-0.6896435227290857,0.8260064909618803,-0.6499849399591183,-0.1567015505121938,-0.16527901862701383,-0.10614441039565616,1.8750786765161132,0.5917729198703526,0.088174409182175
47.40741296660325,-11.873191865080116,-9.817284060046259,16.620934684965324,-1.1373122051696372,-1.5888856735564143,-7.238766734089093,3.5766918690209364,-4.963737785739781,4.674623486934516,2.3319140419585467,-3.6346448020606386,-4.190602259232062,3.6030883127067113,-4.525714372153717,-0.7418231498481694,2.5285046963966273,-3.676027437999892,1.1641938826902274,-1.7798425410254035,5.837667836290088,1.817261578940136,-5.737477350395574,5.756866394144511,-0.7848028172687356,-1.498593742815725,5.720883924293835,5.874056792944469,-1.142761335277928,-4.464260526761632,1.0180418553853272,4.7927387216873845,1.3910532120167352,-0.4839704484536881,-2.782221933235799,2.3512400793783175,1.3321099158458665,2.3442232423099103,0.5767775114583524,-0.969840710225766,4.052017241537462,-0.1369960445566677,-0.818853807278449,-1.9295017670439905,-1.7814758412138214,1.5992661352372515,-3.707570693191605,0.012232198900526292,-0.2010081020644664,-0.48862209118619737
35.432262519028775,-27.336408402251866,16.294595461320824,6.610182948306397,5.062387994048188,9.044338917108416,-1.202203732419239,-17.066660964414794,-1.4329763221813017,-0.6577052195006117,-6.438249506427658,-5.587907470730907,5.006519423856639,3.9992664484434757,-4.076352477971615,-5.791596344197405,0.2488199597147488,5.543620708972168,3.350416001913448,3.854816768541689,0.29269089753030475,-3.359487492684848,-0.49084534126938717,-9.35635076025457,-3.7927410836331417,-0.05895589898308384,0.87128540771862,6.796881544544897,5.054297132988794,2.414948328036663,4.857033735045549,0.3839693939820916,-1.0718270349174472,0.30556729278328487,6.459059039291736,7.615203161395863,-2.6002504116088647,-2.2160010289880403,-1.0887622379794681,-3.04158919913594,1.2209728727997353,1.5518719907475855,1.2584535186537509,2.163259683346654,0.6412477120138858,2.5732293300741906,5.579661243218624,2.4996092744151346,2.6219703949291566,-3.7100065356716936
43.115880585804085,-14.421685199935899,-2.7394846727287123,10.84750108949003,-0.6815042420993505,11.927687310910846,-10.235496020977816,-7.291106190512989,3.714442293504246,-0.18369936337316828,4.112320035960502,0.602318710975197,-1.2900152672524148,-2.4282696582987513,2.0208773624098084,-3.4549923786786185,-2.1144670994164048,-1.637037812845997,0.1923557552150752,1.7504356526476013,-1.10540538266009,2.876594139841105,2.434850886542972,3.299235073588118,3.9056628723295344,-2.2369141742793093,2.3593928585858257,2.6812494200855848,-0.8192398797111644,1.7673233256916867,1.5272653050296605,0.564946291029658,-2.6047213807989036,4.264534756148436,2.728105217396526,-0.09433179943850811,-1.0476355399454929,1.7828264074112117,1.25545644455106,-3.2661583907787906,2.228873266758948,2.9062352490400283,-0.38798723403985813,-0.6414672720023104,3.0519407004191383,1.3481625773936898,1.8775767383867503,-0.18765486950604915,1.4018442342540869,-3.678196670964805
26.845980528896114,15.255629887354427,-13.255575656408176,6.4289640499985845,12.871654119507717,-16.76753688344628,-8.177471676227553,1.9619831556371823,11.790521131500386,-9.748117971549801,-1.2012710471785304,-2.6824917224499507,1.779422669553185,-1.9622857726063854,-6.125442735493655,2.399800448607256,1.9460181349897527,5.036025325245099,1.054500683761794,-1.357730371827901,8.824592143920581,2.603918317365021,-5.261233897316345,-4.016671342895161,-2.3023922652886157,2.1957742305152905,0.985545374079858,-2.281714123985132,-1.6749762526323786,-4.634835645027363,0.6119510689111596,1.9030061415442148,4.6594012107758305,2.089186759874731,-1.1973755572128209,-2.127486433988678,-6.336016748351788,-0.8960165797029258,-2.3305257306751166,-5.96506669115689,1.8677618911104052,-1.0237880143568614,4.334230003214475,1.9709060954199271,-5.847935223233445,-3.4208230489396296,4.581519271216534,-2.3279057314738374,-0.4268160328882617,-2.5899002773917372
17.80100040790924,-2.673165181462754,8.197457106029743,-8.261659877307377,-4.858350878267658,-0.9542285676765018,0.30034972197477317,4.335811502534024,1.8211181663032303,-1.619738386341939,6.099748154934396,6.054294248249835,2.2112265032838634,-1.6777991306535713,0.5389661496237653,-2.4433883848351625,0.621827560960078,1.7477615241146676,-0.7897297184058758,-0.9568506990443332,-3.22052341312763,0.2412209837669273,3.1596752364491207,2.531567853973076,2.8447742636820528,-2.193137216580535,2.3160856668275924,2.240149832716105,-3.644710862329985,-1.6247918398056678,-1.1793571066989506,0.050155546596410694,-0.549090597179346,-1.2268073615336983,1.946961490941951,-0.14450327416388337,-2.844786591307045,-0.6037490647021452,-0.5340939581995539,1.896814813038044,1.2049560884744774,-3.8724197863334267,-1.323935449194913,-3.3028242002865515,4.439609271053331,-1.0212274274651503,-0.5009307376685411,-2.2800414766853265,-0.5028756884502917,4.547998306102827
12.416628630479071,-4.565539822846407,7.15842024625509,1.9769243619956953,3.5833766472183175,-0.27125631032626707,-0.04864570613471436,7.270856388973678,-2.3304375329667963,4.534809568116358,0.07570723037737714,-3.8021851301337626,-2.0058478788183614,-1.3458925402890924,-3.5996837224802953,1.6038016745821397,-4.009399686454713,6.23919623635368,-0.5392875833229527,-1.6450559909336642,-3.0734222161826175,-2.529970130702425,2.655470465532165,0.43508399532042064,-0.5159025535945265,1.143381894827483,-0.810714611223969,-0.35684617036709876,2.0691008822500128,0.6437091038513483,-0.7418238302002178,-0.8808452542977141,0.09501231173728725,-0.15900399287641503,-2.538826911341928,0.7451521105194026,-2.7107378129621056,2.251336493375719,-0.5961927207859878,-0.8696434762926532,-1.6524615813665473,0.9492741016261435,0.05753658211435081,0.14331010135581235,0.6154092050524393,2.445315199091923,-0.4247608677689253,-0.1628384345320531,1.852852391610997,0.06612876858821687
2.0763008003210364,5.202439446780113,2.5706322604885634,3.698560990883348,-4.618142039678191,0.5692542247708781,-0.355335748937625,-0.659416368039505,1.4883816079893641,0.667280648543497,-2.6658741679199336,1.628083461001321,0.37820843394198894,-0.39142079400642676,-2.5796956284524892,0.14143407594453214,0.2850269488695284,-0.4813446314865325,-0.14154093878419471,1.102847533389878,-1.4931779586564526,0.7082249867102028,-1.2537899721057006,1.6578943808802715,1.0353455976460832,0.42276389431286104,-0.8786140996713758,-0.7849542903624065,1.4740586398039197,-0.117457089174273,0.3469165946350358,-0.8721853260775939,-0.540359091367571,0.8728858865603949,0.6816729828000191,0.40407453511268276,-0.652068835439668,0.49271619141143197,-0.07949021331369605,-0.6503516098219602,-1.514239250070008,-0.477700080490454,-1.1500071652538402,1.083200771700478,-0.4016863405683353,-1.191335240083431,0.050179222717220584,-1.073079784575677,-0.5907341809936841,-1.1230111896154997
26.546995169033153,-2.9857814221861823,3.644813008634503,8.009575274777971,6.638176226590162,-7.343495611452931,-1.9016672100465408,5.35383511693978,1.9428001419887042,-7.246890179781657,9.577742753661889,7.720467869770651,-6.454410359466788,1.396404741097284,3.2710195561219995,2.5004576922647876,-3.8635625653073076,-1.313018220006597,0.8289626147509389,5.197411501848223,-0.6529586332394034,-0.975338612674098,0.6742153997138643,-0.5126002992149696,-2.935893806981142,-0.979102167251793,-1.4249666272301225,-0.583022237281528,0.09807092454465294,-2.050903021453936,-3.6136077984002375,-1.2234513364077104,-0.05745780801741096,2.510593485345877,0.9984621056091297,3.2898154565784163,1.2144249304201444,-1.0349690453184315,-2.966684584738042,0.9340750139175908,0.6988279402320886,-3.6325990203834655,3.016365660375525,4.790174291450834,6.2978438482660355,-1.7170789667240172,1.566525489984168,2.152036394128106,-0.2971225380895787,0.7768084021653641
1.913537079388533,4.188711296171306,4.027348812225833,3.294182423041897,-5.212206415649211,-1.275286588214787,1.1366518445044065,0.26199893227934984,0.8079226454412762,-1.083743202077027,-0.1571859368687017,-0.7819385856160372,-0.49038587920719207,0.33764588567212794,1.4409736907301134,-0.6357161963640061,0.5097623139945483,0.3908068890572337,-1.090099109439983,-0.0741115760252419,-0.19328340371190933,-0.1094385345154919,0.7929380437517651,-0.517049712056522,0.7380612142950875,0.8018600576686095,1.244444271169947,0.5554962339480315,0.5681682410579685,-0.48128146723656995,1.1366664735033098,-1.3335275858230302,0.6178095445949162,0.3007169193607576,0.47291239547066743,0.1376628971056223,-0.36246138420626234,-0.6909553755961709,0.6028047960247357,-0.43907205001384053,-1.3571425142969282,-0.5433332590798241,-1.15135788550778,1.6487802400705922,-0.004045316115310504,-0.5454236910908448,0.18837161052175633,1.1922993808174462,-1.3379860821418834,-0.8541281954653749
23.299743696744684,10.048864942248436,-14.530558171867508,-4.947351775100468,-5.358590780125696,0.42752187932457275,-2.0883202817538096,-3.2864266488376335,-5.201260291526344,-3.1004046340642386,-0.07668868323759048,-3.2098575677630747,5.590875101524915,1.2604610634576452,-0.45367951127676887,2.306673062566974,3.3550595912507815,4.871443060021039,-3.033144874697196,5.254998228256426,-2.740352510819124,2.5119539931163857,0.6631303510102345,-1.4064546929483326,-5.847638515123184,1.5042429058222089,4.081616194707694,3.269820054138588,-3.1757456688162913,2.3871849538979957,-1.9634432358559277,-1.2359751641280834,-2.5829670430863736,-1.8653818935295272,-0.9898206927996464,1.827387646996569,0.5065692351215877,-0.07207722167249297,7.319358520728724,-3.4938457998993195,3.298929782931905,-0.8371191974250177,-0.7497994294116482,-0.8555861411933143,0.5805386327082613,-2.3919945910057105,-0.00935110573145384,1.0846689596377141,3.3326129569757743,1.4616775440975402
20.28364681977343,-15.323636649959425,14.352300850111156,1.7718084820726063,5.078215736337132,3.5339702602220977,-0.2390468574175507,-4.080393043560163,-4.042777736885956,-0.7481540613225333,-1.933418863800009,-1.8676046035709017,-0.09916573889597202,0.14600398751017263,-4.684969901151726,1.8950777404812735,-1.360973929785453,5.464906381124129,-1.0409463636541327,-0.08293839035331008,-0.8899127300565945,-0.567995399711702,-2.6036982341620116,4.083876701744893,0.12318748193239448,1.6501624319836252,-1.5256715000527374,-2.4380400792606376,-1.0850018241078412,1.9657554019071932,-0.9493675577889034,-3.5219688147431856,2.0867232381006464,1.7007489870686656,-2.367633057127646,-1.9045446280575766,0.6722478915020682,-1.6618020916279832,0.6505874434133572,0.6467698763369933,1.723201432506721,1.3817382077674782,-0.7749193300297826,-1.9061319552249967,-2.2998222027554913,0.13339598696108484,-0.11880496747770355,-2.856394124711224,1.922241860540685,1.6942196854211358
11.164644061823607,-2.8283423706890205,7.031021435397657,-2.839207446086929,-3.7855802769586666,2.5973985649657214,-4.180068782028887,3.7415793104188397,3.248886842586117,-2.594376484593402,0.12201714566000721,0.13366585784624185,-1.1983139880697418,1.6792178008252532,2.319568608562016,2.675733436415514,0.9546895494688015,-1.1447213384711326,3.6288814904270827,-3.7136363855127534,3.6901137746642823,0.0007770686228428803,-0.20764334452041666,0.7496566946760758,1.9231803283291515,0.30813452302388344,-1.466870642058434,-1.7976018353319654,0.6330499042276048,-0.9037692980092111,-3.082964408438971,0.30795399664090406,-1.0785064853865556,1.3274530473042305,2.799491557053364,-1.308329218830262,-2.0773560169687775,-3.091345787395757,-1.0582823052576833,1.3626961933367319,1.0929612276381553,1.9412317712149583,-0.6347041467642469,0.5784248144137532,-0.11981625819713171,-0.678891925727998,-2.8683691272896876,0.8085911211651191,1.9562021388076982,-2.9420395284523004
15.84010992136052,8.840678906831608,4.509133915879582,-5.4779430752543785,-0.7306454509301257,4.860714703968855,-1.464365819202106,4.887522415665094,3.5200223815909646,-1.8049536701065434,0.8534519856476167,-1.110337180597244,-0.4115726259335332,4.713589370879259,-5.36333008236167,1.780727971951132,-2.3780378126801587,-2.4638974194026706,-0.5444404965954537,1.6048566103417234,0.055832923324080574,0.3605306770974389,0.4028398194962345,-0.44135858798994265,-0.6834839716717107,-3.1595250833293536,-1.1662910770564285,-0.07168335476946547,-0.8530940046430646,0.5439637281265877,3.46321951976756,0.7833470124129815,1.0605751420365892,-0.6585143898569585,-1.8859076889667983,0.8722521246119425,-2.3951449635601865,-0.3271219529795568,-2.285846390561215,-2.2816453040412172,-1.6815844073077464,-4.502313795581713,1.6024259343951868,-1.5845107214056058,1.9621979152084397,1.420714777173203,1.0649084155111415,-2.4022119025055053,1.7808805876681304,0.9837467498133123
10.40614907319256,16.738104286588168,9.761200289585263,2.0004937190702674,-0.7590182328729731,1.106525798075662,-1.3606569403480153,-1.3062786744412263,2.1730165666173065,0.027181119958666282,1.646015918904934,0.577790010666862,-1.916235083620899,0.5533323896385055,-7.846300633089437,0.5636090917931316,-2.7432330574588195,-1.8058850642661246,-1.8584278972583168,3.0890670931293465,0.19525496036178264,2.727162204934301,-1.8638541444589802,1.0943380015541813,-0.2418480368344138,1.13289676080171,2.054718410790705,-1.2687106082223394,-0.3922092804216182,1.2512267020286063,-0.44133080809389325,2.2243551084806095,-0.6248735359579347,0.5693702504678038,-2.1878991313565948,3.3262357663090536,-1.2072907039599032,0.4626598737846031,-0.12141444648174754,1.0686278625676864,1.1429919879139039,-1.1942651270401883,0.8807609891246504,-2.66259759687544,-2.3890979932638228,1.9607907380647405,0.07880317291632433,0.50586008317712,-0.4858586707820063,-1.9666588579150273
20.874270037731268,-11.58738738551555,8.79479447100134,-0.28489796300456083,-2.7498167981978643,7.231679089478816,-0.3011442821748912,-6.278684461799388,4.343336566255307,-0.07295060180104787,4.635701880458178,-0.02708949863323118,-5.4627317922823755,1.2943678105590135,3.4433495563623695,2.686258173322102,-0.016537704186123214,0.12377492261394171,-1.595499327759705,-2.6647914457723134,0.4917953748207151,3.030924386611398,0.11942415198654098,-0.049500443065260774,0.6720193282204938,0.3817120203269153,-2.299785277878197,2.4512361913022356,-0.40216434293575765,0.2618609500072087,0.36480054732714173,-1.3934732083856702,-0.3410797168187936,6.3353733598295365,0.18278072981477522,4.355681654225337,-0.9449315691193425,-1.9233656681328402,2.002836361274086,-0.8416562839140305,-5.529051040718692,1.0619860226223048,-0.8043719294460712,-0.7687289629834745,-1.1126836336558594,1.1569312967164742,0.3183605462505047,0.43022575490324755,1.177734755838487,-0.7088127942403333
29.347070996157214,-15.720709302636552,-5.188122178961298,7.021323451241024,-4.214302976784243,9.249575873626558,-3.7018411050368893,-4.825848546899916,-1.840209201332597,-1.171877726852822,6.270893457440062,-0.013986732497461518,2.796312165848185,2.4404305928556367,-0.58337831935698,-1.4485678113293765,-1.211155289889273,-0.09017562609387736,-3.197972189809282,-1.5637264136047095,0.8855148928190988,-3.0577237898798404,-4.829744728302191,-0.3926313719205804,-2.472198747596543,-2.6826398057358825,1.2914983446726462,-2.7741992680272367,2.716009103006844,2.2556146262974655,3.3489038958523265,1.2083761740995413,0.2641192441997116,0.6154986142944776,0.9955736764123242,-6.4788000940847015,1.3970192459962094,0.6572501437254944,-0.6918198676362773,-4.126023954269947,0.9691542860709061,0.78718533676325,3.0838504857189637,-0.6505995603552056,-1.374228106237926,0.5172819800021289,-1.3997467276526359,-2.767909396644001,2.77612407888274,0.6037248096756527
39.08179742718931,-2.226882853329023,5.386093936522698,-9.523397462238014,-4.586902518249004,-6.218174600389423,5.413397201162483,3.2051671458212825,4.684371081620209,-2.200886680183986,-1.263613580259375,2.52384478096318,1.3082817367626756,-0.4458143146905932,-0.8083122070327458,-2.974619107664844,3.3422609061348645,-8.841391997802774,-3.310219251579881,3.504531487998976,-2.939624318837926,2.2935070036228664,-0.6956926692076948,-4.895918049098388,1.6467996326467418,5.08830309833969,1.924367992524731,-0.5912051372645514,0.5323148849950812,-1.2407115724529874,-3.077150368133496,0.8214969440731515,3.359939409235321,1.2716641318833297,0.3650013569267029,-5.152907347447179,-0.3323302001358983,3.333067752957835,-0.6281113657227384,-2.496168022907418,-0.8193215394163694,-0.53963960296731,3.2828207831214407,-5.573668411974439,-2.163469629910492,3.6180740922783996,2.2721418171412617,-2.7562113381804805,-0.7825713736540152,3.5692079322818424
39.31900607312931,3.283432623285367,-0.699177372663696,9.08700394246601,-10.860596948974287,3.270142908284271,-16.62745406289478,6.539119874439485,-10.627286903149532,9.033506747941948,0.2979906823142904,0.776191956070276,-4.36490117673016,0.734988004438779,2.9469521954619626,-5.090944024307482,-2.5612633147913244,2.912462757163128,5.33474991113599,-1.3164929862592756,-0.19873919029359263,-1.4567036989363482,1.696673677765335,1.6834555292106579,1.6619277546348317,5.8703616683658995,-2.8330502731965606,-4.871523319671674,-5.55532205105222,-2.1204263678195097,9.266083006945289,4.157856667150788,-3.6154089524668964,1.232395555491871,1.43808740085083,2.9883310642890217,0.6249880706320381,2.7726699829908297,-4.729305258487995,-4.3232333963720615,-3.362769817636134,1.9139193559128505,-0.6504969566563336,-2.41988888731335,1.6790767220310499,-0.15669830635571885,2.656250388575803,-1.8064726312478703,-2.445170573306374,-1.202292295784318
11.725406147587783,5.9827184461299066,7.908636667775674,0.4709347840599391,-2.161687441476286,4.045802439936976,0.25301809882362375,2.787792146696617,-1.088568951651824,-0.6389908222943428,1.7170335189908656,-0.9759520521996983,0.8891450611409135,1.3547325075437653,0.8909325002839803,-0.842189036306945,-1.2621802175736019,1.53336734228502,3.4191951415314383,-0.6819477951576505,-2.019486928599936,1.9548371826967155,-1.606035643278953,3.8778624672107367,0.41748321336889654,-3.085236177779232,0.7642458769024312,1.3677405943337702,0.3104507937418095,2.2843115783938197,-0.09707338662210058,-2.2315217771256908,-0.6736430172090686,1.3497062301430587,0.3354292141612045,-1.4862789898852258,1.3638858471755775,-3.1898456289598407,-0.6965778557840487,-1.1671195900742268,-0.7261838767289036,1.871192244362952,-0.34769899866474807,0.34282187169982936,-2.1801441856450174,-1.5644086759544376,1.698555625216751,-2.011204576476786,0.4643468736123885,2.3196179921458717
32.688362632716824,-0.780102366814035,-10.579647006223217,10.672107607720745,13.281696813086029,-2.2866475419429713,3.5639204413843264,5.133467990703719,6.244478364694881,1.1041945314077473,5.2095372108530515,-5.0484938030067275,-0.8242647074894108,-3.967577284369943,3.176842152459345,1.5180660556300638,-1.2000400306405625,-2.5902928921114747,0.6027195401092307,-2.1137781285340194,-3.492304149200534,-1.444787352483773,6.4038028222594905,2.9813992255393753,-4.528378412056252,6.419405677676038,1.4261172118583711,0.35040727179756725,-0.8912229833021718,0.3010296896241851,0.469560759517884,2.9886861733837815,3.9739899817530504,-3.4845902806861577,-0.2516385236550595,-0.3987600147454913,2.1601531185254594,1.195462787292987,-0.03263958256237587,-2.65373133005596,-2.1804622390841204,0.9117517413852669,-5.089012332356247,-4.723514220772941,-0.27782096746364526,-1.6886971776301394,3.192604635317935,-2.4378035668138978,1.742358929645646,-4.554025796843405
9.349719818297032,-1.5923884515190747,7.375610764021997,-2.2674478010621564,-2.1609193716432338,-2.451974946986293,0.1479467753956742,2.6314138476466082,0.428700140993443,-0.487780545744823,1.218518384925152,-2.2734870922216106,-2.361848802994279,-2.6611874761277505,-1.8845629293542356,-2.896689697209733,0.10473075030787832,1.484327579011309,-0.167748501425397,0.001302371030844629,0.7460982951847843,0.1640778427770775,2.0348334864349407,-3.085335224432212,0.5022932646581635,0.32625872692218266,0.5803339369526819,3.0895779465062208,-1.5021924903921042,-2.355218778369961,0.684901318317011,-2.544798424239723,2.20208439550433,-1.4957758741744749,-2.8038593865809736,-4.708080747913442,-1.0548932956244608,-1.2807374831483131,-1.1522289192458701,-1.9089686042262177,0.0997180557928804,-1.483155740914214,-1.530077088776232,-2.359584978000445,0.9199945650380529,-2.2758988262674236,-1.438761435358757,-0.883309224140046,-1.2133434878644642,-0.36444833753428973
31.74587420486945,23.02596707761108,-11.023027707091538,-0.5172826688340031,-5.567660697830724,5.984880802801479,-10.243374369893303,0.3661468260825602,-4.582229630511196,-1.5235419591374493,-6.003371375921337,0.1939202775441653,6.584080280612825,-2.2214416244472135,-2.142917055746924,3.9774737105836158,0.915922902991626,0.47270293571189603,0.9797655447284741,3.208660270852297,-2.7748869327078984,3.1161390436570677,2.3070649072614895,2.1705422866978443,2.590430948069062,-1.7638947974200694,5.542879171472679,-4.883939670124068,5.034741158372941,4.0883067127792145,1.0237960524537364,0.044138722763992666,5.023496321378795,-6.534806085180154,-2.9074927566995923,-1.712520064792491,-2.970618477568406,-3.7803528082567532,-1.6680267897314307,-4.7495158794222085,-1.7842499917475165,0.6634173172211768,-5.863538668724375,-1.0267568853405733,2.192674032863865,0.5111808273512984,3.8615701792847412,2.2608890747444166,0.9832179243221308,-3.908704016430472
5.920257406992704,1.0389205141925342,1.7516257937778754,2.062187506346627,-0.5671944367501983,1.660108257442321,0.6933344828549359,1.6686929733389144,-0.18765143083447428,-2.0164674374790392,2.4620718136052915,3.128872391040902,1.1004002378188202,1.6754846114692385,0.7412498518962569,1.1348831402916435,-0.7950218434998687,2.4197782756167854,0.49205237876280367,1.416731899928764,-0.2942845295862807,0.9219405123633371,-2.1577476322407527,2.787618853826978,0.5933709414217426,1.121024318090933,0.33057692564668484,0.6490344981538683,0.7032602316017084,1.0451098997627675,0.8560494113002739,-0.3311600398275459,-0.785501324297091,0.7272236320490996,-0.6706216349303717,1.2426973107606343,1.0483891759711281,0.8123392743212129,-0.28707680301937283,-0.018605081905920848,0.9914798894079765,-0.03592808290672405,0.4738467574686287,-0.36490119803449017,-0.5851804350959269,0.7068004740280639,0.954310806303469,-1.2014828423818136,-1.3715698624646984,0.43084755401516206
43.27317730502307,-0.39089354093880635,17.707797721651904,-5.172517431917721,-2.161384231369169,-8.222393491494827,6.543782436527821,-3.1095524567668598,-2.4828919180090696,3.6894873630251883,-3.0758611014557378,-2.4208228104177927,0.2852934910266123,0.13297461039944092,9.759775226674382,-2.2060364619016277,0.4781523024362293,-2.596987624076574,-2.2587607110505568,-1.0362325919453934,2.0199953274531035,7.11217829727476,0.6688999302326797,6.022369785801949,2.589858648630772,-3.489932370195609,1.9002518501499277,-8.853190471236296,-0.021643245051655935,5.120140592358939,7.8270540788355945,0.4435694994956354,3.341377767222956,2.3945888914303124,-2.3103038884920415,-0.20646174121291772,-4.366276235141932,1.9022679219817349,-9.594312496845829,1.5647265818715435,-0.30455230294025226,-2.246409384620688,4.021495254673124,8.442751923453175,3.0681899610005594,-2.392487068301402,1.7465835235525016,-4.1688425564804135,-1.1260547221868595,0.4796994932878528
2.436557571571659,5.662336324117589,3.943384449468094,4.234045917801555,-5.355422503483434,0.13030728243783912,0.20187864993165694,-0.6337363557220276,1.400151867311134,0.38435572390311934,-1.4053665396694248,1.4583128088131219,-0.06719064045324427,-0.29291071663984974,-0.6874424069334635,-0.09472712984546272,0.9967020651375753,-0.36708945595655956,-0.4935060280487602,1.5286948601902328,-1.2043053881709374,0.7718481751097642,0.18239608836253351,1.5114949993116487,1.505709857022877,-0.04192562575081926,-0.6202874672319807,0.6335894174193706,1.9829250016188076,-1.3222082245838302,-0.1926427581133755,-1.0830387120344707,1.2919403452429756,0.853288221574217,0.8305384163067273,-0.43821049981191196,-0.8839491809900908,0.969051558731747,-0.07109284734729565,-0.33218260954984175,-0.8897469711021184,-0.35795615017263027,-0.8768494017557322,0.00023894712529409778,0.1697119626194727,-0.17526502339732847,1.3210036270367234,-1.2111656071308246,0.45401119483299357,0.735239239052103
15.13981226944702,7.2622950606466885,-4.2598711593554155,-4.360031692248299,7.102090926120368,-6.40091857108827,2.7362329399438607,-0.2771260941535965,2.4084588701685457,-8.227528536063515,4.0034728017193935,10.024988443356738,1.6412012712004624,5.153873888337605,-2.320361359411175,0.6525629461834717,0.2640934686890143,1.9880395362413907,-2.4924279958871285,2.921671203411614,-0.6466022012570943,-3.1627986235526433,-3.230424626677718,1.6650417066581422,1.344357164222413,0.911480103971332,-2.301174980652015,-0.8248471276039997,0.3354892951389608,0.43431011228677285,1.726720276720703,2.8743673588621923,0.17544562940836092,-0.4823799012943277,0.17302803747293408,0.6701008440822176,0.6847703443351473,-3.2302710344894496,-0.7381992841402305,-3.260819612562027,2.8538211490747645,0.1566873054807012,-0.8367222347880009,1.1361395792739153,0.6865198056979689,-1.2019074336700468,1.8161977200352872,0.5621896471659176,-0.7136080085817231,2.1418928094791467
6.781230177707974,3.640800179719683,-2.214939458543229,0.1831995887927381,3.1441328796070196,4.3355128556302835,0.7255713116905013,-3.1901295581983455,-2.8810967900649587,3.1587637148728245,0.21661003376468851,0.6751923575422011,-3.7311906397349457,2.1349722345547617,1.4714115673508052,-0.2871418517234415,-2.5410328297350153,-2.4823008038724153,-0.023326876020823284,-0.17033785708187185,3.537723732024813,-0.9575592770749396,-1.109848928908293,0.965266514578131,3.535314515619862,0.6871286332462327,1.8706522899299005,-1.412427467291809,0.7982211115689041,-1.0347784218494624,-1.1765741439238173,1.2059222305424528,1.7845150742528568,-2.4611733543934893,-0.9695598437561914,-1.8307278229382509,-1.3355204689982976,0.5688559753919753,-1.5389473658289365,0.6208771031524214,-0.24194298593143615,-0.3201060099142898,-1.300811095082981,1.8484653477793778,1.5631871888851714,-0.1678441132548652,-1.2088330631652315,1.840920658332524,-1.2221405684292161,0.7849164686998762
13.71171628595682,-10.552493402043842,10.668086055023018,2.300062362061094,1.8421650595792092,1.7587659026616471,2.072935523830215,-2.574006712085135,-0.7147683481019382,-1.608251229657932,-1.7482675900853568,3.70623582456282,3.1654077513812426,-1.377938396316374,-0.21348594478206107,0.5734858632851467,0.02123138161048832,2.6393289959745543,0.3935492897550855,-0.3971344697095648,3.8111162139904917,0.4611210322185516,5.365861393490122,3.114930979236778,-0.47176801893472753,2.0472967544663625,5.632376613981667,1.4808049219414574,0.7774532758055755,3.4241784298930025,0.5913989148475398,-0.5987192401685231,-1.0100255192448215,4.81890184401423,-2.172974994875842,0.1197562895594354,-0.28995520084386517,-2.1571119270459533,2.0684318837216864,0.047200205457079564,-0.7935200449624986,-0.2841519065110525,-0.04462234585730401,0.600512210278875,-2.138145003286777,0.17014169290852396,-2.334036997586401,2.034580818839304,0.01101706805863889,-0.38659431685764756
45.07090349941026,-14.531813127086842,7.98283102739613,-9.224842972140573,-5.900845560180068,2.4477036046425855,-4.881381276764833,-1.1864394810512442,3.555432214776908,4.195651800795837,-0.3470050002133659,3.591149963907736,-8.63290487077407,5.4626617463430645,2.3311441375139057,0.45044209369243626,-1.8277214807644424,-1.4291989354284307,5.285063114359844,0.1021872603814376,3.9294313901197917,3.322932997405036,2.942022528855688,3.6502530741980044,4.724026559171298,3.3323006487332014,4.343354513982863,2.1920157506219495,-3.4645923278118875,-3.213843589555447,-1.6868569759502925,-0.8121579947214752,6.331203946250345,-4.180819749609847,-4.406788043391132,-4.695408180707894,-2.6172020888730687,5.370373046868646,3.716490194365624,-3.4206362557534398,2.1096166183857203,-4.245309506698883,3.198067377657946,1.5586504800663268,-4.482045069492119,1.6722599184593758,-1.9784842783956014,-1.1487064564217246,-5.101199303853244,-3.663382979713629
10.310925514520747,-2.321140542850915,-3.6094140524338294,6.037544612300603,4.616211282746228,2.932863711313959,3.2529499920804583,0.3482127274742334,2.6102560235281205,-1.763170425826012,1.1912914704444604,-2.3977901041740415,-0.6617045410461224,0.9481442555342012,-0.4244162294915105,-0.23913365504519002,0.7913176630981568,-3.4143678324986153,-1.5670266524679954,-0.5784150970975361,0.9178879892667015,-0.8593475047383028,-2.814042012128834,-1.0406064056632998,1.9363339690255137,-0.6918696187961425,-0.20473082021964867,3.335604750299364,-1.7156941671981878,2.0006075380457986,0.18341399258045246,0.20556227456634799,-1.3837048973847648,1.0934173553049868,0.014365449484910975,0.3073509304335638,3.1662317728760176,1.2646443607790543,0.9795588965903046,-0.09784365393644079,1.1148419102026328,-2.7884524030332045,-0.27721234062412325,1.3532637127246618,-0.7173358146660447,-2.684390503541207,1.4894132626350634,1.0169145597244302,0.09663379031104516,1.4010321027853079
0.9431790068585311,2.470183455689993,1.334528478332627,1.4868563820960106,-2.400444225531302,-0.1789096646309077,-0.2738490101554265,-0.6211696050440527,1.70254561216476,0.25758039242525893,-0.3003282429080108,0.4354844561368807,0.9707005130263489,-1.3642432254974344,-2.361352200110498,1.0844010178791976,-0.4310501395820232,-0.5576020056443659,-2.112411743354939,1.114838061578081,-0.6653640929820686,0.6988108323071776,-0.8481265221729619,-1.2673131863393434,0.35352415442768714,-0.37897676953307624,0.3356419088052619,0.2269466685715997,1.490989799811357,-0.2279607034697653,-0.16572874451213104,-1.1108010474794383,-0.359122663398585,-0.5172401033669878,-1.1093831999513957,-0.1447535757330658,-0.5054743103877692,-0.022698196637601253,-0.38221775425098903,-0.722136854183729,0.8420797714095358,-1.3646555333970047,-0.26407106456792273,1.3601874350862984,0.9208225784840669,-0.1939776540924017,-0.44442926717804554,0.023994692626279707,0.05656653388663341,0.1995915602580624
26.159340654952597,-2.2010034120548787,12.121749273294732,-11.561732501554268,4.023864370060513,-8.107954345335646,0.6557197966087471,0.43122195829010407,9.630287538789506,-6.871972219172427,-0.7695304333910132,2.5551756553295415,0.6933820020212439,-3.8569816923647497,-0.5820516864708527,-4.441682610534385,0.6956985862802086,-3.6671257076531414,-0.0865724417376822,4.322629251196318,5.011766855112044,8.794239250224226,0.701586324835384,-3.8684417340575052,-9.055163059181572,0.08543290622660404,3.3017844265487994,-5.077414323417975,4.11224700225402,0.6085400464217698,-0.24804994972447614,2.717123490102204,1.073425290722307,5.6550156253506,-4.7990727446155965,5.511484980853238,1.268334638263739,-1.0920762453611124,2.776806539498454,0.9166968384938413,-2.1106032234485346,-0.28254790380552053,-0.7199218543016959,6.202841567390553,4.958918193962765,2.5255288898536064,-0.16169572142659172,-4.8775974991399655,-1.2547538157357558,0.9647039609599836
41.776571457908716,-7.214886409847255,7.898933236755555,-9.37510640090635,1.878149020349724,-3.535956428331115,2.0131468155679135,7.61568805064952,-3.7969604039725926,6.546375471548284,0.3249785833359913,2.9071081499741993,-11.431957072480873,-5.149926672766008,-0.0369219427956895,-6.615735676343105,-3.815848210388081,0.05332287730800278,4.283256676358224,-2.647133243629324,1.5695292406855845,1.1888031649200226,8.133049758836746,2.6900156592637527,-1.4322468147164735,0.8216483983733593,0.7860053375069119,-2.4134192079610033,4.32559689735897,0.4923700795274458,9.867588567401251,-6.2274039186632395,-0.8996147638507743,0.44148553917563804,3.513720694666196,4.3277839889746526,-1.2756969133148695,2.8835913170261467,0.7323406090134741,-3.514072774383181,-0.953026705082316,6.713689298447036,4.676639452409315,7.030197599955903,-1.1713211650960635,-2.8265864773995886,-1.1857096838780554,-2.836611666147511,-9.057443261417962,4.559145811623811
31.434881055612315,6.666574495704958,8.573578248765216,-1.7571372733847896,7.438946895169869,-1.7342817662428582,7.191749320266608,2.62073657737417,-7.808465311792833,-1.003845616031057,-1.5534752800958849,-2.0882119880022247,5.776259184852997,-2.266314217011066,5.325596463589468,-3.745512033626727,5.435420337657359,4.5937943398612,1.6938454533703868,-2.4813378481583483,-1.5028028284342727,7.365027233533151,-2.004203898883278,-1.2468344227053312,-1.2912413948162218,-1.8032248679366716,1.8281875971158366,0.7724496840579462,2.9614648603552665,0.43561437537935993,0.7951182543370299,-3.053385406675322,4.869311428670383,-3.0400055649607673,6.3446167880051405,-2.909968543537075,0.6015189624780348,-1.4292367408660045,0.9282759411650547,0.4499917694389324,6.856996828817263,0.04134211392900922,1.9226175153569665,-2.1322089477832256,-1.1569643601981758,3.7176213079915525,0.580535254643952,3.843334252418368,0.885669450045766,-2.795803062939736
34.40018690962496,10.323414981502403,6.0130259372324755,2.0243268145063977,8.71843639161601,-15.381846810845577,-0.21655445985170246,10.32944598244873,-1.4439677570225904,0.6517734000890714,1.1615789085234984,0.4661253759195904,3.6114563269274824,2.9897407927444313,5.571705213771177,-0.17142361483151047,3.546565002150381,-5.998143871371609,-0.22600614893302806,1.6183089945936913,1.871151259155214,4.547334781315533,-0.9938857945531333,2.5649317953324893,-6.729931225798375,-6.0438743863886994,5.086124511690069,1.5168858898544864,-0.9372481566621329,-1.823193109733413,1.3505453488729828,-2.0997684410544366,-1.744545763797099,-4.631280502608838,-0.5324737500799525,-6.222450194774546,3.0330210027798423,1.5785804484947838,-4.57074679248118,0.07671117395561605,-5.434287638949964,-3.7802200954903684,0.010847847465036309,-2.336136370693686,-2.175154132719217,1.4042808884776807,0.019737072301630132,2.9516299323431574,0.43251124023371185,0.6251253663282926
29.45329019652268,3.772521598095339,-10.735137793605254,-3.0243668872978775,-8.31722414660605,3.944466086063223,-5.824205646726425,4.49565916048766,-8.771771715970358,-1.9781327743131312,-1.61673526637327,-0.012520234616095194,0.03879311906958399,3.6272901018529353,-3.3228560012687156,2.264373909235143,-1.9451488069978717,4.451477555937774,-0.15026196106398618,6.179621735662376,-1.0621578704426784,4.295243417505784,4.70088995788619,4.159670552524785,2.6195923066426463,-0.9282963856841946,-0.2752835336825612,1.55496160592129,0.8900618245703626,1.8832706262635464,-0.4860062955438782,-0.34857374863038404,-1.9224083564742103,-1.4097762263078757,3.335774795184943,-1.0678109912645555,4.339462403617438,2.141144576053753,0.4505315433313877,0.9290128291387408,0.2987184164071852,-2.4093688400697717,4.48840175877382,1.7340251508101396,1.2231600521528705,-2.5832297458836777,1.9879849577143265,0.5477101713801524,-2.335567798170189,1.0318530174730287
34.42624382588733,13.047324715013279,-10.079933704484045,-5.589590867883676,-0.29680930082326085,5.655590010238517,-6.5428646934533585,5.480604602521583,1.996050314187182,-4.417032550212417,-2.6107407483340155,-2.1118444399368395,-3.2895323996720505,1.128659555990906,-1.6731096558713596,-1.3041258716921114,-2.817575693675182,0.4717729706420115,-4.669583323843609,7.1159682530023325,-6.615717325041683,-1.2763853475576845,6.422620804050793,1.82844645164585,2.418415810744577,1.2574169871560996,-2.324008590626736,4.106772378175205,-1.988547845236404,1.106726451044933,0.3769993411245504,1.4993185035852745,2.25433060287106,-3.4742408890250793,3.2578502968236793,3.114126616984128,-1.4864482927063227,0.2870503994434052,0.13891585086753777,2.7645787659534475,-1.1409223542597786,1.0256824865730418,-3.077175553510018,-5.186106263688683,-0.28833198578136865,1.2391862218507457,0.5188541415489156,3.6507399034680414,-0.9349811662849306,0.01020343524872136
7.918594874417579,11.986092461186342,-0.48135228458147816,-0.25841765003435097,8.003067831758287,1.640073563474394,-4.303278760610753,-5.397959474518894,2.632656473909911,1.5624848832889071,-2.341334671784529,2.9215492579310505,0.6319106929864352,-2.5998384207225724,1.9111788472621232,1.2500788702102914,6.2690865076798445,4.290356377820672,-1.3769446549391016,0.0032347903841964953,-1.1026299424770183,1.0072718650716863,0.4129750165616374,-1.08174054475773,0.9811304833024216,0.5676347060594698,0.027107013090817506,0.5291420193741005,2.2636061962120704,-0.6523151235367717,-1.658452277367082,-1.506999623739839,-1.0038856954040118,0.16109311774984897,2.1763312728369066,-2.6745378607631185,0.3785024633383749,-0.7870721285809079,2.421790306976604,-0.9323832928845455,-1.7373108653104479,-0.7153858282475032,-0.5603964185628264,1.1327437350389764,0.39926875585475063,-0.3691259545268886,-0.815823199477874,-1.6201095658889608,-0.8296882708803148,0.4536910456669224
4.3272321248658905,5.094260807376623,2.6336261250409825,-2.942484910216997,5.443732925869346,-0.5900627762813846,-3.0827674452464633,-1.4471351107603658,-0.766219158125329,1.3694380064804623,1.5663501870917604,-0.25425804564349275,-1.9824260041335933,-1.1417754705793386,-0.3156852064574438,-1.9994496213545085,1.0611815592910216,2.0895761120423715,-1.777702220821023,0.3499407600123586,-0.4388453866413933,-0.7884335579507351,-1.1542256463434029,0.4684386675642399,0.4158460119771199,-0.8133417156045566,-1.28315243482562,-0.8557400549642512,0.7772376617755518,1.28905776198697,0.04358188018159562,0.1750576045604945,0.12272985394007227,-0.2706329631464473,1.1526416687785181,-0.18214423872995428,-0.6082319945836214,-0.47743236730592853,0.5539681231597006,0.236967227201561,1.0205425744554442,-1.1743283248418186,-2.196486166096239,-0.23564497049105315,0.10253174634340975,-0.23519214339161218,1.439967148595665,0.978766177918445,0.43792870423924574,0.4719771324648001
13.739226089565115,-5.431844971730476,3.5153396476543213,0.429470756691881,-2.6407098447410253,10.181327048141325,2.3661980658237054,-0.16236532454869573,1.7054063106129427,0.11462775048741619,2.2075058238594907,-1.4301978179913113,1.139610965609475,4.339105853799167,0.34992325316954875,3.474792421545538,-2.4919154386864233,0.10142933151473199,-2.971223063391955,-4.753650899952687,1.7386352756272867,1.8311200514514292,2.3005505721789867,-1.2304224773835812,2.4242407671621837,-0.3761958129428924,-2.5108204563836423,-1.2312445765394378,0.7623656566826813,4.704002136251416,-0.9487444502465863,1.264049317276124,2.4126653722432225,-1.1611827669789205,2.0408927445544887,0.30461652252634375,-2.8059400460199586,0.983667597314399,2.3340205099039197,-0.37531335326903914,-0.4981107949531308,1.1262108430551883,-1.1078395249338284,0.8229921483157764,-2.219858949846572,-1.1409433077106943,3.8139090067256616,-0.6174883087171528,0.6638211661571813,-0.632742682118872
3.9934020730769975,9.47466265285489,7.102761745826083,9.014019469857963,-8.464971253871486,0.06361222224584379,0.4387635433513093,-0.04431919171114726,0.6124920264497077,1.7499704405381729,-2.3027948811286207,2.9107748509811646,-0.3017105048106374,-1.7283132376840427,-2.5777238012700208,-0.1192665736672689,0.39802556540455303,-0.3714844401019478,0.2111442323728343,0.5523663949713877,-2.3637709878007445,1.5502905211322509,-1.411802301350916,0.5154011551474934,-0.02167174187219667,0.5867979345506067,-0.2232890436948589,-1.773376628311061,0.06496463804987263,2.9407878752553644,0.007122037598445874,1.9497909731068988,-0.944253831065846,-1.0078773167258877,-2.3363676679968615,1.4966255624784641,-0.7323353371786461,-0.12236689683653423,-0.042616077735855296,1.961863385591829,-0.5290954285150664,-0.4759148330058124,1.5664675283447553,-1.0140445222189662,0.3001951582574409,-0.9269442595636491,-1.4652387373596631,-0.8631985752073896,-1.2466253941719883,-0.875509009001456
11.419660853736325,-0.4799328227503887,-2.7085627401200414,-4.769882330211177,-4.265138421683135,5.885279607681895,1.9447924380236734,4.3985378685953975,-2.9030735818601046,-0.5239822541405608,1.2768986588609834,-0.8404452257609203,7.538667141389921,1.0237827333238394,1.0469378126132847,0.23892919890724196,2.1783808134062244,0.6117487857160023,0.9561631966899811,1.597312480296619,-0.6123000499179586,2.616681437823706,-0.4870060988003839,-2.362877900844073,0.8763068979509967,-2.36426301145221,-1.3014604387158526,-1.421951498857747,-3.1251815375576504,-0.4028722679450215,0.5813966882501307,-0.0028250248224199193,1.563308287443549,-1.9892393793873413,1.0122450063051784,1.3143345410831317,1.5745820499347443,-2.1626871037946924,1.9968652814069705,2.332304312988226,-0.8242864731645705,0.46277207240600554,1.496074772086254,0.8287492391504702,-0.47091034967680945,-0.6229515466020077,1.0240159972112535,-0.057053672865030935,-0.7072554209616378,0.3218106221765924
2.767982541135446,5.906622782488338,5.316728613068416,5.368472616646319,-6.2129528524080015,-0.7731390432125882,0.8357862268799661,1.049517401562682,0.6833803669211777,0.21992994748201072,-0.8038286448471982,0.5748925548000412,-1.121159741882945,1.3496879721739945,3.1580299796282425,-1.2637266901263642,0.956663379135863,0.8065166616196925,1.0421052276064828,-0.13291958639621168,0.1420925996647554,-0.9773075502975763,-0.3239470117291605,1.193771828687519,0.16982089384232696,1.2534532259274784,-2.1560344111956615,-0.6873907633559276,-0.21589912451139803,0.6513430602007507,-0.4369349257780898,0.12030506089196982,-0.3430660657349427,1.1291035524739437,1.359093560125736,0.7009552232375733,0.04196945165231525,0.4028404095910607,1.1188368145280316,0.29731479207001066,-0.6377154990917242,0.6514337835109735,0.10435241879744528,-1.146709930430124,-0.23666660907394277,0.8033105531905349,0.188210206492181,-0.5045205677448334,1.493729067073386,-0.8177074514701289
29.816507914977855,-11.715019965619799,22.24969039069122,1.239617042937301,7.051747906129742,-11.233378761087486,12.916340756472085,-4.438843625702347,-9.020785316479465,4.487729048835109,-4.8390074186886896,-2.616831586010444,1.9344837710009517,0.8358541600053091,-0.4980407096032755,3.2905433013837877,-2.174280833498207,-0.6920892556402893,-2.4630275697923754,2.517193481472968,-0.9316515663188134,-3.5763478437718823,2.541483992149452,0.33423098720726974,-0.6047328223717431,-6.048515886055888,-0.7580265695448871,-5.224586636357625,2.38149533633251,-2.2118643000991396,-1.058183181221446,-2.0237542696533914,-0.00138515000973094,-3.1146963564744126,-0.019326544326635164,-2.536269545199012,0.2971003283667133,-1.0261628946773467,0.3327512325745545,-1.6280643736945246,5.342198945120771,-1.9149705868347173,-3.2282227069350444,-4.114828046892998,0.07450567768243277,-2.0417904716224227,3.075481134534121,-6.138949487972058,4.289547476077803,0.8792999975328799
1.991684998472837,4.277528787068244,3.755481210889355,2.829931563175894,-4.150416408700462,-0.38289269794665426,0.4608467589157944,-0.2602966812205203,1.1267953322765107,1.360695579709319,0.25579607470984816,0.9757667443718387,0.3587662142427188,-1.29188612617026,-2.5792494376577255,0.20247145489407425,-0.6702243849594,-0.09743012042421781,-2.438545805376726,1.2063957205641085,-0.37748386014433566,0.34772791744205245,1.110434463918616,-0.3034809724364689,0.025953411691839248,0.2767465060305695,-0.2744342466734512,0.3056834272493461,1.0945889883124693,0.32830508672871095,-0.41809581671357665,-0.11339366556862832,-0.6753426753091338,-0.26797049487978597,-1.3996867332165701,-0.570771687285479,-0.6700104204225222,0.1021903889572998,0.4409249029042068,-0.3174108924350967,-1.1668051993442483,0.05758818867626899,-0.2734342111190003,1.1700439736971524,0.568171441102244,-0.7112039940032392,0.26268843982167217,-0.05902655028138387,-0.12241623861373122,-0.48913963261725885
2.9279126822344055,6.553140914855294,4.783244778425033,5.900675918496066,-6.021237459878517,-0.20267457337538786,0.23625883687918497,0.5049474105007749,1.075179365159895,0.4557043311933636,-1.7042269184596743,1.5711580496341004,-0.21714934182285042,1.0098544433515702,1.7139778501331981,-0.9113770392682932,1.5795698398399214,0.4050332553325257,1.4150858571891467,0.1314087041317497,-1.2118752315535892,-0.3399862451923288,-1.794713281581173,2.118506341180878,-0.17187190289189969,0.08991203678127313,-2.460363586553893,-0.7607261742889369,1.0176378360427727,1.3528885084484337,-0.5233852381601587,-0.05281191080706296,-1.0674248839016236,0.9810938880476663,1.2708936589948119,0.7594282418345495,-0.053884894998992294,0.3286803783526414,-0.3050694262707453,-0.0982905127444804,0.2813005259189253,0.5211385570076712,0.08739850949887557,-0.4603802477815354,0.4921470991032519,1.4103823051736957,-0.7744072934583539,-1.0283210027382528,1.036884545494062,-0.379521744364101
10.558659314564496,15.649877604568236,0.018885162462757066,-1.089965122557501,10.220873252739356,1.758046996287909,-4.349479613357389,-7.784015885398307,-2.2745502197685816,0.0470374076073663,-5.8055218058291125,3.5649969066774245,-0.4000765650912306,-4.511178560405037,-0.3691121514785298,-1.417554651913505,1.1862902681308514,3.455730304809227,-4.111926026778022,-3.8151547706153983,0.6037228640519496,-0.09721751703080744,5.189991932056371,-1.4133855748780102,0.6605847845927052,0.4193504647682573,-3.4582078728922547,-0.42782934750448154,-1.2024744761967745,-2.419102241292892,-0.7554094640826408,2.5131187884377773,-0.8875674035522247,0.42684690846151296,-0.046737357785608474,-1.0162262636323325,0.923841829655667,1.6305263357080768,1.7459263415105397,0.38797023813030806,2.549624113354301,1.999683153940225,0.9178126182472266,-0.7819035073413777,-1.7164757166268023,-0.8383457644031043,1.7824823494831794,2.4057168564285814,-0.21409325359229675,-0.4087931113740425
4.478869518867865,-2.25573763951289,3.9573502424190683,-0.4854071828293286,0.050185277642548404,-1.8070773469095112,1.7683709512912802,0.3089134537039971,0.01725729409789223,1.7565322424596286,-2.7110384057942896,-1.957928912917336,-1.3119194368312477,-1.5874253485817182,-1.375463396157953,3.5398720469688976,0.7357810737979934,0.8066160730060845,0.24624414847931952,2.019171650671267,0.8189640617970032,-0.8483754924980764,1.4423838373850288,-0.4935853370352121,-0.8367296168745649,0.4620994487167453,-0.6968314130389774,-0.8704949868554731,0.9584258775927761,0.09391715772070702,2.985655871925917,2.1988406305967128,0.6913767416125756,-0.10241314739640456,2.8525453063926713,-0.7649250245831638,-0.0321052078055849,1.2328730973738091,-1.7196574785275227,-0.6010516149643075,1.0763017671935036,0.14968116536184345,-2.672430929433331,-0.39482989301222693,0.5366738936449522,1.418930632897197,0.22711012754293325,1.3697963055858726,1.6023893552536137,0.7791484622414035
5.665159644231445,7.139374413795061,1.1037675508703528,-0.7532872860697011,0.9080159304040607,4.202423061569132,2.5554820260418927,-2.881623153608355,-0.9658062581541633,0.4819904223540968,-1.126831609855051,-1.2504735084893608,-0.6789982244291817,1.840730304584777,0.8159907061206673,1.2354486780969558,0.5819184250399116,-1.2291380989505372,2.28590017613803,-0.1803065554110342,-0.1430452345161673,-1.9496366731192625,1.6344525182925733,0.2666658580316271,0.3517375441737828,1.546578122691821,-0.5594663084616106,1.2448050096142624,-0.07691541962923387,0.31080365284989253,2.334681234512956,0.11644248360452239,-2.47251536488712,0.41104394530007293,-0.6489844929717565,-1.8405034508101137,1.3787460001107725,-0.9311142358341281,2.521220689481382,2.168256420492,-2.624512746780658,0.9525111619938231,-0.11177139635215139,-1.7023163906841559,-1.7833978550854066,0.7161122891100747,1.3417941128978375,-1.56767722633815,-0.6476165423883009,-0.2718825912634635
19.821601040508167,-0.9437387304674694,12.444040295590618,0.21087583619391606,3.731802156377115,5.327939254069249,2.3270373781399414,4.582142802996488,-5.682399723687922,-0.6717171606244574,4.081605145863826,-2.5282107336362225,-3.9187066286075893,-2.834643192572129,-2.57436642107946,2.191054639428742,-5.923464768009586,1.0828928812946452,2.8277310107544156,-2.6038199547534373,-0.3217649203982508,0.40284472988358966,2.5246397199006294,-1.2334695173358423,-2.6143527910525046,-1.987863152420591,-2.145997631839352,1.6307003138194722,-0.7894870549453412,1.1061252007181892,-3.4201419748819104,-2.2012825989765084,0.33613747322333365,2.3924125691748115,-0.39559818357456966,-2.402697276862553,-1.7669609649045934,-2.701928370608158,-2.6277757913265307,-5.2042582058603095,-0.6224351378259804,-1.668915630128813,1.284903874171897,3.211165748551162,-0.5019138578355601,-4.341632349787251,-0.8289453155714991,5.2534121590646015,-1.220971008214966,-2.1354938420648395
21.261681968717497,-5.79532794139352,8.514631693973108,-2.6629988941921257,2.7240004030536458,-4.474853735206757,2.272749463765265,2.103289481312491,-2.885354607372001,0.6624514788587363,3.69929247778221,6.808558349252509,12.693309139312989,1.0731313295214164,-2.1435348381624895,2.954493273951531,-1.969276629296791,1.398639731329912,-2.7679071244073263,-1.1308924907217879,2.4472095959678075,-3.3722268904329087,-1.5268292903549723,5.191555117537016,2.974253888365368,2.2049031101680727,0.7573641807207174,2.9372249509154735,-4.955352757989055,-3.4896473287872816,-0.29551693083937763,-1.4678112144942408,0.0950861014458462,3.3269544147672896,0.72102159817373,3.5595957159183182,-5.909973239216692,-1.8987423241891204,4.057500513715137,0.8224161930486418,-2.336410608464298,3.1982472519347906,-1.7494774499118997,-3.7234039786904294,2.6707161428289217,0.17354908741244368,2.664550923391793,1.0124074172801603,0.7609225070996285,0.4554069118364947
2.754402365761953,6.437540172279591,4.141264277653176,4.835725585592147,-5.5889031703334,0.19499537771783984,0.027114028606122748,0.06515937409790505,1.481112410341421,0.1824766437252223,-1.717562271498979,1.6270402076266899,0.418926826887155,-0.21154128667030103,-1.7080849383057932,-1.0447468068804837,1.303444821293734,-0.5612543934816276,0.8744008530744732,0.8254160218671263,-1.1685395869077595,1.2685366591191478,0.14853533278859288,1.9030762302375934,0.6441772337648868,-0.36363935802632796,-0.1334678440781949,-0.04401150162743117,0.8085534063878886,0.17822583147364796,0.8434927708866164,0.42655380421825984,-0.16184877138761394,-0.12879090936728246,1.1000511005020945,-0.13704996957450954,-0.25731166420941687,-0.6711979378384951,-0.8649853970311031,-0.7900801268915626,-0.7617417565892366,0.09493227946206428,-0.3887487571116277,0.7353590239561103,-0.09809018036532291,-0.21607046951596423,-0.24874283265440272,-0.028777916038770446,0.21290515819569883,0.447621028213529
38.18647858809311,4.091007134728197,-5.8961196909802505,-9.288765295287636,-9.495812202853692,-3.9104118282048574,6.279449917142793,-3.459094343779576,-2.113651424460708,0.8958322423510247,-2.894848810426731,-0.3239135108611837,1.103927894873023,0.214950115151911,7.41199537872706,-5.9981665579401735,0.453003615229961,-5.052157203517378,5.194564928424743,-1.8671491820721058,-4.022922405889237,0.7828523597851658,1.6245005397149717,0.9915446924416267,-2.78208276479682,-2.1972884174388265,-2.335340534191093,0.6456269373638068,4.471746365731347,0.7011023723685037,1.9161702444773256,0.29879443886665036,-3.5722289496867177,-0.07775223355972338,-2.655030407523894,2.1180061796211196,-1.2893654639209418,7.535995450475626,-4.057725236645525,1.6522190237795833,-3.7304865858774825,-5.225447359945416,3.520675446390002,1.8796457297753455,-1.8152732759179757,-6.337343723675832,6.376914219208552,2.4895402662702075,0.5008278713174473,3.4157955176877906
2.076879736238923,3.7424142702980148,3.9043449922996327,1.8078171390739308,-2.657830751114624,-0.804679297901912,0.8982453312876768,0.2653754715775668,1.5523771828432262,0.44412990478723957,2.271269080228479,0.8657296096662201,0.20466612887654012,-1.2446030699185093,-2.621330125185104,-0.22903417087036804,0.7730107287846769,0.9270411513313966,-1.8229336299646832,0.9104085225757965,1.961620502112346,1.0835233663575377,2.299552490906707,-0.5244104080462257,-1.1017111421653896,-0.2067314293387314,0.8414947695933696,1.8380951764609073,-1.1251891185453413,0.7341627588922749,-0.7110267614215185,0.5020831568300098,-0.19564244616498086,-0.7609067577965993,-1.017628980253349,-1.3604254911282747,0.6450056508919075,-1.553115990272504,0.757445877961847,-0.1374413412274631,-0.8576164227224358,-1.2715917085240864,0.9009704514256666,-0.053278149429035915,-0.7216399590838275,0.06795089231106213,-0.31775477557008985,-0.5068687300763248,-0.11687780519836942,0.9809809603146429
7.192944911000754,9.146428465570803,7.462506030839953,-0.869816380187313,2.4212342868031467,-2.194101385337463,2.1448473114708193,-1.3035233973244584,1.0710413377483172,0.5785852043561102,3.561742759341362,0.10795890837075281,0.20037042155818025,2.372065716709814,2.1327788547714017,-5.157646690312369,2.8700433877531917,0.5724061379477012,-3.62319377502869,1.2362792877146562,2.541608370898611,1.5645701357565893,-0.2219726840247122,-2.792009702902006,-0.0852154608214557,-0.7376994915600211,1.2328688528152338,-2.268217931793099,0.36194696798721226,-2.8594218871813464,-3.8214703587628076,-3.2819550328109997,0.6385405667336643,2.5231405427573055,2.276797647389111,-0.11953565154970569,2.643123808886898,0.21243608854527046,-0.2516220031438375,-2.8166712511200585,-0.4063377748621483,-0.055476326437101875,-1.0924741638519029,2.2608170299066903,1.0429359119639854,0.6459535532967136,-1.9532231692016366,1.446200582293807,0.2322835307854865,-0.8649540592498729
4.738148804885921,-0.3308604255009472,-1.7555742506074308,-3.785310385638751,-4.671661513629619,-0.8617622173473655,-2.773074515072956,-2.3936012016800507,5.663620412848358,9.480685732975749,3.4134237358015334,1.5337888122581336,7.189408721155823,0.5043625701618503,1.086110945060704,0.3976813270197044,-1.4927513357688977,1.5191968745015507,1.2474314771016277,-2.0702199558098604,-1.575027810201276,-4.025353237303908,-0.9186005983796866,-2.485732993971574,-3.0419940298607986,1.3829309881799794,-0.4351814557704451,1.0954209272847648,1.8607353255108765,-0.017621065681469872,-0.555450433929163,-0.12592838339386458,-1.2564767369067278,0.9358820522893605,-1.5905446882659944,-2.6817554102503958,2.739014743186296,-0.9520942061162128,-3.4529274895828737,0.7415219326433197,1.187387235540042,-0.32202884721990976,1.1171273716468573,-0.02126204106691509,-2.004121818502872,2.3410615824468346,0.3104837684346774,-0.3280398680170729,-1.2618396996099068,0.7584237249113137
9.178729885035134,4.016946474927962,0.31983951799011373,-5.9245272856338325,-8.221121234460188,1.4484248182380282,-0.7943313688266223,-2.158590522361826,6.577150229085331,11.814827715456973,4.7702386301988104,0.6781648278541218,8.448347441599966,1.4818765468209367,-0.23256737694370883,0.4915622047251545,-2.852023615948964,2.1647892077115296,1.6453942085699582,-2.3640188637598527,-0.00531834694728911,-3.5101696109724423,-1.0414671758148188,-2.4641706899586926,-2.5615063846322643,-0.9887037066499489,-0.6656631476539169,2.461611848419417,0.4049754124359554,-0.6626819490362977,1.67157088217348,-3.0856028350985856,-2.6013649569267336,0.2736287666515864,1.6903042002745148,-1.7141098080258252,2.968735584049038,-0.9401754584968389,-1.5902718448788429,0.2892196457959573,1.8345083413657626,2.049472592079729,0.6888286010526464,1.4500061864673812,-2.082065008684399,0.7804049183801505,1.4801999982865808,0.03938140554554437,-0.20432172962653358,0.4704413873670329
6.642589005199268,2.246738127785137,-0.8117678238501075,-4.164007048592519,-4.107344134601648,2.3635820125839464,-0.08774144267006956,-0.4030000962650971,2.4674007724108256,6.3220332648908215,3.5774277916127764,-0.6336141581420554,5.026940766267412,3.125194583388471,0.7516784477867751,1.1671315103963362,0.7485757077770459,1.4341180885882938,3.033981656747069,-0.5677121948213895,-1.909467343096138,-1.4674539336467387,-2.755929407867322,-3.2389893840030393,-1.1463800857428221,0.8868334492268062,-1.1636413497720226,0.4204087509343847,2.838447778357534,1.3811738975540742,-0.2574542466796824,-2.680131704527515,-0.818867455175289,-0.7511603988990678,-0.6718815993504187,-1.2376644726303914,1.3696786263008593,-1.3875484135886258,-0.7183819924420299,1.8413066655067556,0.7875376126113411,-0.5261347405302705,1.3305279631282387,0.8811945367983369,-0.3885716950244589,0.9368353355783576,-0.6391862238565894,0.004388235987333844,-0.3142580906746394,1.2508014470784694
3.850672688606477,1.6464108554259527,1.0814974877759558,0.22491326738178602,-1.9993102015788702,1.604050441328813,3.9962419932619517,-0.18464632837921316,0.7707827864623916,-0.7886042887928213,-0.8199151113646314,-1.1762701173095338,-0.43114787096066387,2.7421153156032663,0.28633841740460586,2.5550663503241315,0.5945122604143064,-1.7992904092498303,-0.7661121558308094,-0.4285875687791756,1.8717224571630608,-2.015951684819946,-1.0572560655754581,-1.8851355455530705,0.9492679073061767,-0.8131751246956462,-0.34907736683235463,-0.102580212549925,0.8147021094873589,0.2257703396744259,2.165170482435422,-1.745009212013079,-0.6513314369000629,-0.02243239213403625,0.6822321643010317,0.9721584112549506,0.9787687065148996,2.062126122680979,0.2935197193531309,1.0081127697451064,-0.5446710730780452,-1.6079981275650048,-0.7158809172922318,1.55046317545714,-0.711849125236105,-1.3177105503329432,1.5613027548674916,0.795621656608387,0.6672623425858053,-1.7766674942302432
14.280919840758537,-5.244545196188952,5.990300975853762,-0.06277850933259804,-1.4865618227728818,5.926429755987032,2.5017463855873263,-0.8316508626871908,-1.049576614345792,-1.6875016925023458,-0.18088739576705692,-0.13193579847347114,3.9586521891263056,1.4890329905318933,-1.0257669260850528,0.10532902165405855,0.023657447468096338,0.12363291658592956,2.4679611500409715,-1.6598113197943678,2.232384433657877,-1.0188479378268338,1.3308642561514534,-0.41909191491615333,-1.2062958115898017,-4.155366511624041,3.341959461366532,-0.7417741339281643,-1.522997013399215,1.05328147142467,-0.39344402964186165,-4.241012904453612,1.2146666263309676,-1.8085252921130666,-4.2178726661430765,-1.9742569840896578,-1.6722174151561784,0.5849800391829266,0.7709357416007592,-1.161448183571102,0.29396262742682966,-3.6224432006919702,-0.08474007435226127,-1.5797946793138562,-0.36816822152485545,-4.4003769470441325,1.8923445498713027,-2.4155593415789416,-0.17878213581768876,0.7846655591966993
14.208316972161498,-3.0312942373866516,-3.8509993083442593,0.492508554370591,-0.19805182924798737,5.7568402679583786,-0.6691649323985485,6.465855427183428,1.195217723669143,-0.17325792944258836,3.3779625609646025,2.0064296691391323,0.5605628922044978,-0.43867427466789727,1.0718187209811902,3.3236073040542307,-1.1718674814215904,-0.49983710997618824,-1.9633908606777992,-0.9939560574078491,-1.3912348864987296,-2.5272631689642546,-0.9482831866351983,0.7584983146126512,0.3728873278677731,-1.60484725964552,1.3614305441658692,2.6300804188361235,-0.6357014841352354,0.7564036937034133,1.7147791124486995,-1.8950227077460624,1.6521623555194247,-0.6313330827793023,0.6845698497235156,3.708298117978871,1.3178377734186104,1.2069450854781398,1.1467628967099635,-2.005946250505497,0.2384945989549637,1.6593773417635245,1.3550825607275703,-1.8466036342208798,0.7937382193351481,-0.40316525511248547,0.6499813919135805,1.5326547361512743,-1.8039227590007059,-0.006664427429030617
9.335115123887853,3.9627668143037504,1.2778463552805768,-4.162381644810871,-7.872455742833481,-0.650970346031301,-7.303532193293853,-0.34122142761361096,6.3651235789656635,11.752106816394816,4.603063931575226,1.5679490031346555,10.116360814820142,-2.8047345989556414,-0.9160609948734044,0.14107669392948458,-3.476743298515319,0.9883276441194211,-0.1431910037743912,-0.8282085965724277,-1.535059104469604,-1.598257220236774,-0.818760319318935,-0.7708519535398827,1.0969290042328543,-3.0685389781284798,-1.0023937356827162,2.1882063662313342,1.0322035320002507,1.2904124027881374,2.4304835179937516,0.0373626784730543,-0.769964089919996,0.7134041060210368,-1.2090806908421574,-1.273835210865985,2.80610604244628,-2.9771796512176105,-0.9573889486460455,2.0262261633816836,-0.880450544580085,-0.7437565053303014,0.9550640218175475,-1.4422032142112102,0.7676503963124168,2.5823531952080767,1.0030103812769053,-1.3214677611914234,-1.0004772458137143,-1.3709640631479267
37.22433394049315,-9.689221202250204,-9.309181531865388,8.42852062703972,2.828231914866575,-7.3887318090402205,10.734238380023381,2.8081104062944915,-3.0811521125257633,-3.006857146646313,-2.10904423602384,1.450747363979763,-4.713794712129496,5.2389277528483325,-5.677972322107768,-2.560379685246487,0.03045860072670825,2.532560765922865,-0.6349725017190146,-0.6263163827207947,-4.925232242963305,2.586573452208077,-0.4768872518022712,-2.0550858859961125,2.837453187039908,-4.573385756212545,2.831520949850092,5.323796481163326,1.6627871645703762,2.6473551925952616,-4.538568253791603,3.491654204203125,-2.9700181606594547,1.1709083988305946,-0.8971885023977813,-4.974456332304093,-0.7803203295779675,6.1242325943834794,3.988951080465271,4.266887910726019,-0.623406898783096,-2.7130188109809223,-1.1850105785522895,-0.2774214584813697,2.6273923285598464,5.914568851029069,-3.035112207096236,-0.8432582932091645,1.979904639877342,-5.32140658390238
36.78688426521087,10.489492098568498,-11.870450008773515,-5.393035119226106,4.689331781160238,0.8571154376419639,-15.094131272461826,4.68931408345557,-4.9125850751038875,0.9213699741663884,0.46398781909713527,0.799367478776621,6.730403505823789,-9.07830936855493,6.598277510672365,0.570051484352385,0.5355858070514321,-3.9281122682099694,-4.603823645440155,1.005702509308522,3.2201381409609455,-1.4679672504438535,-0.9399393809490221,-3.4898318315389014,5.086275636851647,-5.2764791544762915,0.7192257419303401,2.023952982178721,0.5169636924079175,4.513524085239053,-3.6806601288076126,-2.962551520321003,4.410541767830104,1.9199522157230406,-5.2739245938158605,3.4292572269485735,1.014711112575689,-3.619218927971562,0.13374735615995778,2.9465109844953767,-1.061729947066087,0.11772581522066783,-6.615302907893909,0.18911927096128608,3.59069803008188,-2.9700270726447213,-4.712428486328763,-3.3208810005361555,0.7793150576587242,-1.8589130325139869
4.281992465284193,0.359343613325641,-0.22367306473541995,-0.04305930404967271,-3.9966508952912942,0.039603864601909594,-3.572248927369991,-0.16648675431209958,0.16574263508413906,2.9319404163182665,1.4440319596629219,0.3349254142546845,5.784311311000268,-0.7679858696887615,1.336593978816832,-0.3747836859110341,-0.680728924498951,-1.2888705016832545,1.0521000340946125,-0.6657093469101087,1.1838343407274545,-0.41190602324728115,1.242189722757879,1.5713222011436414,1.7971833838898208,-1.4024552885219845,1.5203240093756534,1.9435061642193578,-0.7194857836619644,0.16935294304392806,-0.5682973486422557,0.1967065762599457,0.06611611010415522,-1.1736852282062515,2.2241883377544016,1.17074059328095,-0.8423541049322053,-1.0547393379383327,-0.8083777333907224,-1.805100273482415,-0.6205308834821964,-0.3731662864302178,1.205471015692585,0.01928047866215355,-0.6691887099569378,-0.38961028404217724,-0.7334281708747674,0.6875421836525215,0.7475578059273547,-0.8406455149972336
5.964403912383334,1.3029716033166094,4.876525775592321,-0.1251131488329191,1.7048473370630635,0.1323573752043402,1.1820562480097285,1.5658370924093326,1.0973811520962033,-0.017660923475373513,1.6780667171722135,1.9209629652062707,2.1429877136667113,1.7115099911547227,-0.8238161908618182,-0.31152205048622206,-0.6281618731036389,2.4084004723800536,-0.7434536747071643,-0.5970916107854609,0.5020680913451835,0.06316434711058899,0.6584714211813547,-1.9629891435541806,-0.6804595544699192,0.5144073175942958,2.449278468467171,1.367686799670334,0.20909075319951095,0.10649208035365021,-1.5846094030099227,-2.003642903678275,1.8449223714618503,1.9783757867139466,-0.3043191600482595,0.7690903452906515,-0.9326357604776242,2.8650975905477467,-0.8588112455064513,-0.5456363391381329,-1.4923545853296987,-0.38943233091242513,-0.1769066665625933,0.25096202889823865,0.931277926309184,0.3696053650948825,-0.1756715421675189,0.7147430877349096,-0.1196774782990841,0.9863936601706995
6.87818887778297,4.529790444536735,2.393458325681942,0.9038885829182756,-5.162515095908884,1.3699412021991655,1.8238842551945038,0.5820660633828865,4.874105569932231,2.6585067753995855,-0.8409934824324119,3.113262789428891,4.270190275330174,1.6253151191737292,1.4788864797729513,-0.5042994343821912,1.7116176817722768,2.922504694016065,1.0157391001967049,-0.1431833548720149,-1.6780765704877532,-2.8429245428895977,-2.503694735055781,1.9898474639054502,-1.5795148009703368,0.07503717247726993,-0.9757155673185337,-1.120338884967309,0.7515143872339491,-1.3114358139616595,-0.071492319305751,-1.342325573666793,-1.770615477027318,0.3719573352444022,0.3020794746295769,-0.5483575068176967,-0.32550241787497136,-1.8639448139661097,0.3827300209733332,0.1376291112352016,-0.0519916553990869,-1.1871408249683593,-2.6552660967836625,1.9943333940637373,-0.5540458490907576,1.7307105419918594,-1.894478776356752,-1.7543621413368933,0.20549613025695368,0.6624599159442179
49.37263200478292,5.268579148370665,-5.882322610798816,7.285300231859996,7.549702412187724,-17.604651389598278,-2.4613743549408134,6.520749092891126,-2.509083043076024,11.329747586166649,1.739911604235397,-0.9842363063149862,0.6051344671323927,-3.9331870178866044,0.2791673596532227,-2.1096521778131994,1.495516553030419,-4.50013835819767,9.115593232987223,1.427036584416872,-0.591936106070097,2.169438752847574,6.05205915111693,-1.7003366662946025,1.4175514842002048,1.2681147177118803,-0.5562503987172955,-3.831040399853937,-5.1449649384827145,0.4974566800129912,-1.8255069644922375,-2.372851225328689,1.1274440601185596,1.0628355605255364,1.445606136491195,0.1256170935726466,1.7391728382955927,-8.05742589151303,0.4793763253099317,-0.11661869896745997,-0.2971630019736816,-3.296586771951017,-0.06926858234654482,-2.923974134343033,2.007955975441368,4.960306823152814,2.0101112470660016,-0.7982654175720494,-0.12039070726209417,2.945657567573291
37.50327844501797,-13.524678109207908,0.1719694794805966,0.46415492606388553,-3.9001526604329624,3.830234606960619,1.4658418398379898,1.5409049716426446,-1.5865511430365564,-0.0499420597360371,8.748260245223452,8.588368452105884,1.104342975244109,-2.519330515164748,2.1941324233949935,-0.36608246765940144,-2.9388268059204092,-3.6823070013339225,1.657446413070144,-2.1928525161696406,-5.978919147789447,-2.8822744751548246,-2.535324142571489,-0.32931983134994847,0.5904610889279465,-8.235652744464348,2.4101036853704607,-3.875942136773291,0.6537338659756675,-3.5874917688324874,-4.706290136824816,4.13159495655341,-1.374231799249414,2.961067346062021,1.368563879217488,-5.011981698990015,0.4738181382811017,0.5488933151907271,5.821583249378811,-3.740187297346324,0.7825144963091527,-2.857452964894767,5.314729261164428,-0.5356595945869791,1.4134197457734576,-1.9337498681413838,3.570223781885285,-4.7623460650694796,-3.203835293075877,-1.9980126183414937
25.16881380190277,-6.87130883877308,6.032839369601355,3.122869152428775,-2.2801476932101723,2.7521909056276335,3.2209992832969325,4.114545796276242,-1.1566723773822738,4.884526340589795,-3.622225259152007,-0.059971460461705206,-3.1164299280793304,-0.5423394605044402,4.50877757328011,2.056655301988224,3.359186869473877,1.5435468319241665,1.3304170866700737,-3.009287189933588,1.9205884258546986,-5.6689140490823196,3.0468786710248255,2.6608499866142656,4.566726336027255,-1.4028086582245947,-0.055234488672374904,-1.7514758084428301,-2.45484685916124,2.395558083149279,-0.09285825673114056,-0.054667423384842984,-0.05089323201849105,-3.1309887526136313,-1.3576112542120882,-0.9460586245445889,1.1245699391525148,2.0925619122793915,-0.17725597035531082,-2.8509836985451003,-3.4573037478044264,2.7601431582815668,1.6603641582670112,1.2660662267589657,-2.665783267095689,2.306430503837751,-0.04213831599523177,-2.489840613787048,1.52370646749035,-3.8942285983281986
18.705004681971143,-4.968651341390507,6.587928860188622,2.886329370691848,5.37333774918791,-0.47842866906546055,3.765877668264465,-4.529695616688958,1.1030586393527262,2.174738411178544,-2.9770749703351713,-8.872720692612331,1.3269091033959637,-3.666662860966687,-0.3010610613948037,1.8712041736475444,-0.2970514819961594,3.069398858536546,-3.340813728399286,4.620295228466215,4.898545506680069,4.567070493519293,-5.900368546052244,2.080077519723022,4.973476488973967,1.2408541836021936,2.1000253523769254,-1.5899755778998568,-0.32091927676338944,0.35828338317276825,-0.49204430671230903,-1.0808962634690151,-6.744295377198071,0.1833317728113244,2.164700659131928,-3.9026842936814976,2.8313843186770153,-6.8282191377803425,0.3410566685117942,0.15940857603030623,1.6855469352119372,-2.1734924934695323,3.8032145290582737,2.89564260235458,3.69787245632628,3.0215280047168847,-5.629334432589929,5.642486972140087,-1.2278612400371016,-2.8909415590390455
8.48951441378571,-1.0424103612062137,5.472572907420176,-4.4673679289874215,0.8932976670799434,2.73208325285171,-1.4547107204975094,-0.04495871238810967,2.4372197521050967,0.21707402790051625,2.2131336979484946,0.5932600040708993,-2.326269770586512,-0.5822242573062059,0.19719419989908235,1.1273981829399917,0.42798958926581554,4.1159223076359135,0.1560574565128524,1.260300019454318,1.4223950452892262,0.21674843982701186,-0.006377976457387913,2.1589076499413227,0.05603680238294184,-0.5676126084035625,0.16710556814508876,-1.1916125714262047,-0.04540090683884479,-2.0006036328677337,0.5479959004597474,0.8538044370216047,-0.8112603428705579,1.3332672947391158,-0.9082719088943292,3.6666547702018337,-1.359307916684866,1.2184707369641408,-0.9861043070066877,1.5217951463850103,-1.249128151872757,0.4755302178096947,-0.7796024248792789,-1.3760329587239608,0.9990624287665817,0.06371025176686929,-0.2393457067744873,1.4060751824714397,1.428528027564424,0.1905970324244244
14.177201763644987,-7.4413498431942955,14.201330414749872,-0.21325344555287895,-0.8934694756301391,0.06351891866989279,-3.6926159024505316,0.34589081127327553,1.7434544989054066,-0.7818929184968391,1.7013291546553662,-0.28576449760225575,-1.898253751650683,-0.07195093213749754,4.201158614818928,-0.9906978300786506,-0.9120412666379475,3.468042952239025,0.818407068619008,-1.3713556539523128,5.905579078503297,0.2982093376550866,3.442866538070513,4.525940049349779,-1.13022683769505,0.9217846342309126,0.6639411000965942,-3.7939350163211847,-1.3151367215227985,2.147958882636834,-4.220790150175742,-2.392143601458725,1.4550557069145122,3.770620685751248,0.44812415812621675,-1.2791320969728175,1.7653954356054327,3.056101347145366,3.3997707645650594,-3.5533538959439976,-1.565778306380193,-1.0495867262557321,-2.9964064928911203,-0.4050113316805536,-2.2270202858063834,-1.383783049011701,0.7550111915330944,-0.8662340397103221,3.3226068374754734,-2.3218713686749197
2.943805673087512,6.141093675850033,5.19219924323577,5.594894072304549,-6.4733256230610525,-0.012147607621452394,1.159279737283587,0.5727844611776846,0.22056191096242175,-0.27872581020669185,-1.3959596952171849,0.6655984599602234,-0.6134418117246351,0.39997022867294535,1.590259892053237,-1.0639018688279107,1.0688347330123447,0.05705548098852452,2.255135355686658,-0.831376908232348,0.33380148918686403,-0.9430674162048545,0.05202432724410033,2.0542120674969295,0.2883611561598777,1.4716311554546657,-1.8231625019625215,-1.089399097685528,-0.6392688762010612,0.7628889545686869,0.1867626839863717,-0.032634063729796464,-0.8977648281525359,0.19804522609769512,0.9062997093684741,1.3947257270462716,1.0113390940960774,0.317555659034792,-0.23190754051867102,1.2923787368622566,-0.9694454928343864,1.3797569097237221,0.22910641698318046,-0.43189559963489776,-0.29255756680622624,-0.03278743535340958,-0.5073251643875167,-0.20736398714286314,-0.8334916880884509,-0.996897300153851
29.474835424800755,-15.538638524963254,13.24881304041485,-10.526398895188184,-5.069546223579256,-0.06355271941136098,-1.1459417450770597,-10.630473383213513,6.129928138122975,-7.261669683949816,-0.44747860346374435,-0.7832038678172084,1.8903395705579629,-5.094000355663051,3.8188183531506734,2.2315505045315747,-1.415220045776282,-5.5189186211476,2.3180891380854725,-0.5674497977251919,3.0107633554783577,4.575849621149902,1.4503558709855562,-1.6774240937617735,-1.5146333891201231,3.0985243841002426,-2.9264130781715907,-2.666195730909282,7.537885253949099,-1.1303775825101308,2.831805564870563,9.83493060582196,-3.28009082053505,2.848582421139451,-1.0355128441817374,-3.139686320182217,-1.978538737399671,3.1020776122175,2.3771672619387845,4.3156841363697,-0.21410362081843354,-4.27442416247395,1.4641533566054956,-10.186744480687993,-0.19639089513083635,0.7747951986043327,-0.9905221934414036,1.6046725095506966,0.8767768102279511,5.8886601012148105
4.479128606106818,4.866178631888758,-0.6745275885410489,-1.9539855043272225,2.267577231350393,4.54939964866746,-0.8845719276917823,-2.600139613369888,-2.5494850576745716,0.16981692167739976,-0.3864316858697185,-0.7466709005942007,-1.2418311555064991,1.7380962892960468,0.43942536839527696,2.513778020083729,-0.6995560203106946,-0.8827918856478187,0.8039556918963632,-0.3042516449486442,-1.829603923731247,-0.794673767225811,1.6069705137517274,-0.3482016591099821,1.9076947808514055,0.63852448880581,0.6119657623624546,0.7681547266231218,0.29539388615642187,-0.9162294881628569,0.5962740274007993,0.5750871729394721,-1.6963089720711912,0.4945460898748971,-0.42822818238661536,-0.974883656216552,0.03773926478436196,0.033561388254252755,-0.02838844897727069,2.074573709904194,1.066164704795248,0.7913543903803947,-0.3578405561281059,-0.9706068495352721,-2.4149267788450506,-0.8110323376429691,1.977872312858211,-0.2818790278098545,0.04390865639394935,1.4091642629266106
41.172138844747344,-5.781757369900076,-1.4264630813077546,-16.600258936653113,-9.279119561493767,1.8557109484545893,4.448048905898655,-2.5764583845127964,-0.22347274232858916,4.751262770022938,-0.3890129287312589,-3.6429442944997668,-6.126465510836814,-5.530850767504294,-6.3492174123224006,-8.227923056252907,3.1203543411121704,-8.900002889072598,0.5798100436003638,-7.28660406351271,-4.14573712370829,0.2855317121892187,-2.5862079143725647,-0.5654367484905882,-4.824365601141129,2.9009903438744074,0.6316418873945521,6.611179210349613,4.484452491012247,-1.1045770781802058,4.031157225678414,4.2409794962894205,2.2515454058927378,-0.22610206734152372,-0.09450762886832875,-1.7357013566232207,3.6457795980024024,0.8472814026033488,4.766931738286564,1.4913666455553751,1.4639689469670516,-6.484821496809761,3.3363430093606894,2.574902814137318,1.1310393250766757,4.681233386022803,-0.5339386434184682,-4.50660891048736,6.957337582641362,0.9147978531392265
9.100349561327118,12.261031725331106,3.8260595575657685,2.180795637010045,-3.548614943974613,0.8442879790092268,-3.082718159287709,0.18016668780471845,4.997995142277339,4.8810491871317865,-0.7269855232752429,2.66712333444202,4.192687076184507,0.3736191123446634,-0.30017205997698315,-1.9950905064084952,2.3825901035678494,1.0390361873597516,3.632817383033229,1.1367935669281795,-2.5016264804578556,-1.4468503813544373,-3.146700720102224,1.2089177533263147,-2.0068853403596547,2.0568112103038416,1.0059994932159584,0.8608222674811841,2.9462727959647346,1.464231046146547,-0.12944351693554723,-0.5491334625838334,0.038394452456800815,1.2685844682004934,-1.0772141900828318,-0.7392062905929071,0.6353143917450923,-1.7208160354569848,-0.7780037115306125,-1.9117845541934482,1.5850111924545096,3.2499491205703555,1.225599923430336,1.667118600512378,-1.0520103428122394,3.93850159166468,0.4126592621905778,2.2659867523826493,-0.9577044794243392,-0.6316896958854503
38.72063632241208,-17.867976224812196,7.970261767420892,7.003894359439484,6.294779327230015,-2.5887834199971733,-3.1292508080839854,-11.568931803770578,9.540939902754495,-12.61771877521672,7.755390710162485,-0.317046688498837,6.503636616663999,3.642905520153805,-1.6496467330481872,-2.7858999724797373,0.8223746480944509,-5.108525684755046,5.176719448590998,1.205624681281761,-0.38784235572266124,0.3396595563707979,4.704800835326773,-1.322889087973112,3.1219050879419097,3.627833530074566,-2.805983347209981,-0.8021750392433845,-2.112520535667795,-0.5061314203495354,0.9296125948340379,0.5716049762636846,-2.5003513600592266,-2.793635003531229,-1.935256602816993,2.800065688120399,-1.3806425732078504,3.4493449073111817,0.2306379763141815,5.320369117230823,-1.7760708060511532,2.341254034641092,-1.7642672888049398,4.330411424205162,2.7491194683344258,-4.622760117837284,0.5543729885171593,3.7079552682152648,-0.3761273013425841,-3.486381038744196
5.117895752099187,6.06168318814804,6.424423928104721,2.084259871337009,1.2860958577069606,1.1922280809578027,1.8002256072615466,0.6466836850559746,-2.1599559580418313,2.54058483616535,3.2952312415790734,-0.034331719637069213,-0.4672558067427893,-0.26663777603265276,-3.4090954954001407,-3.0001407444198356,-0.6847529657078464,0.9062739642995472,1.8319022406634222,-1.5144366117702572,0.03549200391512969,-0.1452368168816141,0.3377112397929639,-0.33282326787509864,0.6281532191925575,1.2793334962864933,1.2648327365787024,-1.7665780460783371,-1.308022277415059,1.7353649844054,-0.44051280114886227,2.9879283094460094,0.3037833644013421,-0.868812695855257,0.05817494787318801,0.5322637440429776,0.2886552931857554,-0.5476762751082269,-0.2331156303484429,-0.3559929545533336,0.5750738945800776,1.5759785988534682,1.2802626877509091,-0.4044001885093357,-1.6949240352540373,-0.9094417596964374,-0.08753586902471056,1.2857330343027364,-0.5944976026742926,-1.8807666827964207
24.041737331323805,-5.678211688757024,7.9161815626661705,-0.31591116870155744,0.0879507503990109,7.673614714220754,-7.317706331457179,6.946972767619849,2.6762596250906183,-2.3027980304479594,-1.283804284347453,1.7112414460624659,-0.7060659687946087,0.6535125215976516,-5.742316734570603,-0.31437714894837154,0.554284155268856,3.4657778716217402,-1.8459895917370162,-4.273678115168705,-0.9666259039161144,-0.6150426187531792,-0.1621979094989924,4.424834207809555,-1.3005801693439967,-1.2169068809486565,-3.4394346637384556,-2.4913644523798633,-1.3466260685534852,1.319721408262421,-0.398702024034745,1.3161290935145407,2.406933550910436,-0.25302889593389033,-4.760436958701564,2.274172119896603,0.5717660168622803,1.8913711654822105,-2.0122095020487523,0.45233518727441985,0.8739656293965007,1.0563189688208998,-5.471802433311313,-1.8871538885346815,2.616770064676781,2.086157265912678,-1.0137650231564599,3.122205787731705,0.7792008689106886,0.18035511923844982
17.01472025803092,2.4454622487156494,15.728955783321537,3.6740114407998634,-6.501002756484951,2.951184386041841,3.2455917998759363,-3.0834335690813948,1.5326852576648147,-4.822540845019423,2.1039290241030493,-4.917940783912611,-0.7989671132875437,1.6944386876659294,-0.08883775236808056,3.5820589362264217,-3.046742527691418,-3.2398906850639424,4.0977902897628296,0.9613358758274548,4.720448527667746,3.4097089496518245,-1.956403721004463,-3.2338945711330602,-5.5004048397077785,-0.28929217849768873,0.5650785024281202,6.5179977359463015,1.5760871103649252,0.05068182254885989,2.4312315468563463,-3.4798528136622124,0.7687528786462877,0.19997265156710686,-2.574303585122964,-0.5536319103202754,1.724078738182327,-3.0488642962014603,1.126524793340757,-1.2808022032879436,-1.0052457698712043,-4.139539686083586,-3.6111194893469682,2.326495450494174,1.351261488317875,3.504147588856904,3.9938984943192564,-1.899944562030281,4.210467042658799,1.8334859941512562
43.887556879649395,17.679975618587733,-16.706457273935087,12.42137615785861,1.1355566293985286,-15.462392172931503,-2.416796519994642,-7.5800598431672634,-2.6973751402828694,-15.409360725258534,-5.85209544651906,-5.9084723014511,-0.6185679977954415,-0.7508164811190814,-4.38549327663279,-0.2598627127041967,-3.7903058222702004,8.472298296434174,10.019712904152758,-10.751383555575028,3.3162226020749914,-3.8967709093112783,0.15016874190545174,0.5646663335971834,0.5753279839640688,-8.558150268449447,-4.184067734007396,-5.878213198966314,0.3370536964172225,1.5775669500407856,-4.264827830516556,-4.608131972052385,-0.7164676208699401,1.9362285812773032,4.217511607871687,0.6560026254649021,4.001498578005794,0.19598192841336592,-3.7087392376553074,-0.5093766888173056,2.739413257039095,-2.4188632302346633,-0.7693899505130732,-1.2826764583259351,-8.726149523514247,0.8196873949413921,-1.6271107134009912,0.8872358930041899,1.4658684006778708,0.6385688182131728
28.785178414260162,4.897899191509514,-18.662581945123925,-3.1848133510966408,-5.354998561098273,3.2417123884454604,6.8940852739364065,-1.2308478503110711,-1.138763647283514,1.989079843842,1.9372116693840222,-0.844557056595979,1.9536701898900344,2.0780840192339314,1.4621548338468353,0.9391874215498408,4.321107034178055,1.4605239642129297,-2.5952845755917497,5.250581489537668,1.4779798621579456,-1.039207201573395,1.93247229629064,3.842468997153281,-5.101834344206129,-0.7672762079148343,-1.399514395437329,-1.7415631164653589,0.8359315496729707,-0.17433859719960138,3.2068331907343266,0.9176805834317804,1.2413775686287671,-2.0397879291063266,-3.960146234561415,-2.062118462269354,-4.882662963291685,-2.2027442639473427,1.8264742996484689,-0.6893176057686218,0.2198935988402555,0.6764191948194157,0.9328948902726212,-0.8788551854559632,2.5096437153862126,-2.6921595611129794,0.7036477271774577,-2.2563859759533633,-2.7749665674005963,0.722579801960724
13.080801616292655,5.818422790708244,0.8669615303908957,3.6406100567761652,2.040997406176201,6.162750921270968,3.618477022078447,3.8266856042468014,0.7540998672072289,1.1946534284205288,1.065843888257116,0.7292418892183187,-3.103433544004404,3.8317827490797667,1.863251989710925,4.540020021474297,1.303455012686974,-0.187415739191887,3.2781540294028853,1.0037234737922571,-0.34231433076942647,-3.1365506462811465,-0.8561952819354557,-1.103906192746684,1.4090566296081513,-0.849376612117644,-0.5955561982121711,0.04974632923025668,2.2783302974470225,2.9195919050317913,-1.2547272920203865,-1.8575832652778108,-2.455517853088546,-2.061436029208414,-0.19676618444310146,-0.6619488528363721,0.20337658623524746,1.6739275152131732,-0.31245979552592396,0.7353114299424095,-0.02148232748198292,-0.38038267532657144,0.07515110953584175,0.3479429013701598,0.7747273439448169,-1.7352762819979022,0.2719244625469335,-0.7492812127553314,-0.7550626772697546,-0.7983122742524745
6.869499726278031,11.13734968980378,-0.028171782389728783,1.1169272462582167,4.46694624670314,3.4671998908379917,-5.106131653382632,-3.9175329670330643,-0.6050776526566575,2.0233418865254293,-5.15723372801929,3.6751329300647035,-0.43256055361319445,-2.369817913264522,0.2278012238086074,-0.8591715487243264,0.9162145548609286,1.0747784172442494,-0.5639506424019656,0.5000030823019819,-1.502677880437579,-0.5436985493162011,1.0059597153533577,1.2805372426411283,3.583269980677458,-0.6827080381939945,0.7520577598985108,0.0687205938567611,0.7196352972595759,0.5084308454616936,0.5368370967536569,0.12706766858663815,1.0713716532375295,2.47419630451332,-1.1628548344690408,-0.7147522226147178,-0.47678098170473043,1.2191417699138092,0.271774139204887,1.3099009308777134,0.37101340911074454,-0.062187115083853314,-2.0428920892407234,-1.4569677293476098,0.07902326081538716,-1.263257030699823,0.9416992807336719,-0.02833600655517743,-0.5122833205937442,0.5241110030558233
18.36384844875076,-2.0317070106943254,8.90411872533273,-2.9958715869411168,-5.019925091363949,7.722491085776947,-0.8989492123924505,1.958062103301739,3.3036195832509554,-4.69084762389034,1.412620830613276,-4.745493917768852,0.34987657482864964,1.407309655316348,-1.6639019550562064,3.583596974504853,1.0898709388122667,1.3728324514102472,2.197722302892254,0.8146661623242458,2.964263871870157,0.773124193787466,1.5065963654000838,1.457287261129074,1.531713248458461,1.4675862452867392,-1.3202223838621276,-2.4934810611278384,-2.7390356629623747,0.9217239648475595,3.152632325964161,-1.5704689498901834,-3.461695945800657,1.5516000247707389,0.29909258311253806,-1.097850015936603,3.7452775370596174,-1.5621256947551365,-0.7835700225946045,3.6240988204322453,-4.817278115186715,-1.7093426718732856,-0.6717473383879247,0.21958102773068522,2.7579495137065493,-0.5874338593727908,-0.36905916657086046,-0.14518116366662714,0.8536745646477215,1.2168404729774946
32.18425556145551,-13.338640966351347,-0.9115356474746864,7.799458188757151,6.931251859596924,6.022667587477002,-1.574107205270679,-0.14608369013733008,2.1312935517921363,-8.150771270510782,6.197674281591654,3.8271346243770767,3.340654527791121,-1.8082545116616504,1.3495586730398046,-7.3728965314119534,-4.371007459066667,-3.2072904379406415,-2.60317999531482,1.5949916041076424,2.9077462792171747,0.026887572790641023,-3.769971994578153,0.9337547349156834,3.9245253283987593,2.844031817188134,-2.086769907745421,-0.43345964516657465,-0.36275963810119616,0.7792389542659652,3.878041086289038,-4.599420169256167,1.3842947175349463,-0.19759686613676952,3.44369289581258,0.17136150766825387,1.1324753820491416,-0.41945075476270055,-0.36174333088535704,1.8678472049710795,-0.013614019640048332,2.718186354872957,-2.1855771604814875,4.016512277219698,-2.22545836775656,0.05123326778055193,-3.266484456429825,-0.6125535619311532,0.12393407680806634,0.8090148978165961
33.2729614133974,6.133879244927223,-14.931118136727322,-1.2809312709789358,-2.4088703927857975,-9.071368095978103,-2.75255007914543,0.847715995714245,2.1393447415114544,2.0312600571555546,2.3195019514893644,-7.380609466047078,-5.06053052531612,-0.6119238634004025,-4.417219961114327,-3.170717507123011,1.3457515971157838,3.3157473564319506,0.7052388335493908,2.6889673633061872,-0.1591326397346593,-1.057214389494324,1.611027138082903,0.5640617270604729,3.9316261188955615,-1.5711386869447048,1.9028830952400555,0.536865394382292,0.9550398087127715,3.5461521934756495,-0.03169438092849666,1.0819594153533083,-0.3783947853265941,6.288120456473312,0.3693117974625195,2.850345686279902,0.20395488591902866,-0.3864172714967484,-2.004711052712966,2.6049322627132954,-0.2296520864220809,-2.3531176217243557,-1.7087924610125482,-1.7797350072164755,1.9684165841267542,-2.980002137175859,3.855519259761876,6.8399715129542376,0.6226313127594638,-0.08086173364880672
2.90172835655119,6.132209326963728,4.71233305969721,5.2063871095810486,-4.710001860860017,0.2987806706371768,1.587332049949839,0.14787128356713186,1.0223370895781991,1.6404042867189517,-0.18480681050692138,1.9650940202515377,-0.18376009175307467,-0.17331556516277807,-2.3570129484144804,-0.6144007510063615,1.5196854744566406,0.06712396228872762,0.3999390547099915,0.755800895724212,-0.11193060648715197,0.5512266959063072,1.2303229386981216,0.4494412395340429,-1.660050251065402,0.9370112099256924,0.12730990287727761,0.24484539395963442,0.8715611040175648,0.8231609016754611,-2.407103108162219,0.15422986153855003,-0.6100793669104716,-0.5864521342221217,0.04209428713107452,0.49024871633768097,-1.3399078560612794,-1.2744398714049856,0.9750773956801572,-0.19161843865941983,-0.14352155413410062,-0.37873953381793835,0.06956098849980796,0.3824750427659389,-0.07867992300690384,0.4805615139691842,-1.6101169340173318,-0.037229432982636645,0.4719154391672077,1.3195609521171439
22.388692377740334,-2.1451083879219777,5.389536138488747,6.377409320577019,7.448740130784407,-0.379168020663515,-3.181309142698362,2.98406114727354,-2.03088263025116,-2.4108950114314287,-2.1716015915276916,3.349069106308259,-1.1891307618295754,3.2758811908405674,2.6897858972027646,-1.4934588300576446,-1.9296088468472319,1.491817091623301,-0.8528610036711166,2.8566587156483405,-2.950040717972039,-2.01831374048174,-2.3199384758409076,1.230900917091744,-1.7441985354931113,-0.7079567024801141,-0.8995687355158511,1.3065827944294828,-2.394148860818041,0.1908766462734559,-0.6999915068547724,-2.262544012524905,-0.8438592059329768,1.5361303302726177,0.8073113417021154,0.3753811764821889,3.02797754808955,0.8777290138762132,-1.5922453904868696,-2.5900947883285212,2.404343684510592,-0.3084827985839975,0.8735286575117036,0.4143813917749384,-2.3403174120060224,0.725431468754786,-0.6821132498540233,2.1774026878762376,3.4917942689636807,-2.5268228279388545
14.657021673102733,6.203319463627068,6.090979731248277,-5.196725621752121,8.198188107576629,5.806774249030848,1.8967247952015927,-0.17894944831900045,-3.0459547392210897,0.5500708752781878,3.6442946177805964,-0.9758377415105015,-0.9905393664435339,1.432014932890577,-1.2259470952037383,-3.038936588603982,0.6602055470369594,0.527221575203196,2.1464765934726673,-3.4216098784035003,1.6450064818711776,1.384616531735233,-2.6641624613377393,1.0931158856661003,4.080538786347677,1.8480104993120485,-0.8761310100589337,-2.751653887309831,-0.6882498500099045,1.1503706946150931,-2.6938404032155194,1.98886759900888,-0.5950831452719433,1.5746026128190298,0.4706470726931642,0.02868282775068587,2.430534742057337,-1.7188880334348615,-3.814499200749041,0.11184566736623447,1.0185347532280136,2.1016719229088,-1.6368173417300107,-0.23742209501125075,-0.6218051265130897,-0.055318449811678605,-1.6138252150071382,-1.1571582079761091,-0.7188419471039209,-3.4653430027874803
9.812423347369869,11.814885053152286,0.7214969929477183,-3.262852408117507,8.847969013145905,6.062025769206896,-2.6402197666867604,-4.123142751649575,-1.0281708180878857,1.9313381836379144,-0.4283836682034198,1.4792670339468297,-1.1092256916752166,2.0643217307946835,0.9934456505481081,0.5193821751970042,3.0000093142046116,0.4912834083696114,0.9986396022835435,-1.5010023820225458,-0.21628986532245914,-0.44967138137233864,0.9982750951817883,-0.6882525368887121,2.9735047684704092,0.8964171299690289,1.6355637273099415,1.1034728870584907,-0.37067822287717644,-0.4202289823466554,0.9533910160310588,-0.12449784982297951,-0.8794875655132535,-0.170977200975014,0.9307326172186583,-1.5745729660854602,-0.166895970107953,0.5134900431602403,-0.5287125953960752,1.1476938827192726,0.9072508354630789,3.372495089640094,-0.5550951511958833,1.2726331338210748,-1.6941156827064874,-0.22151312109051385,1.3241087159705764,-0.21196717996838293,0.8402279411293334,1.2234795752942635
4.419783266175053,8.432491211284361,5.304389127342855,8.070167205030295,-7.614061838829905,-0.3504434681848862,0.8196689871924798,0.6232765369330009,0.9254007109328933,-0.057114400257282455,-1.5430731064001422,2.3533278930561905,-0.048639558069085376,-0.36026071119513287,-1.9104139018410344,-0.20355676018022595,1.1310869676418704,1.0132608729833965,0.9149455611212203,0.14815231962552525,-1.2645974192514506,1.0792811388955568,-0.4991099456628645,0.6930708297622064,-0.7546458548594879,0.33659414405626786,0.7833586126255739,-0.4562182754886335,-0.23172245603040564,-0.48343379822956833,-0.8465935515986259,0.7439231083719215,-0.8822566084049547,-1.0775343972342246,-0.0768945762778489,1.3581694202366656,0.28519121638813183,-0.38183529887158574,0.6575397602452433,-1.3201994885326835,0.1260999318630025,-0.3089163582881725,0.6020871329494832,-0.5269686107198688,-0.40887342942388927,-0.5857104637696852,-0.8270715281170001,0.45221278327335857,-1.0340750726373464,0.8669163301637837
39.29862701281945,-13.036895278630519,-11.685978567388165,5.790496810189381,-8.332244912846082,-14.962616532279412,-2.492951689479197,2.9438158088695765,5.6204574265042995,0.11993096596531849,8.845701782598294,-3.5949624315411133,0.7329883418476648,1.4212713416891634,-5.680226933440514,9.480895678195456,4.639086292324481,-3.6996028779907353,7.9667189024044855,-8.980653511328113,-3.1422421514844503,-4.187380816973338,-1.9246200765622758,1.3209206235774094,3.200107625963502,-4.444803713032114,0.14286228829419673,0.5238955637096264,3.944603306408633,-1.7500296282554362,-1.83024749276299,4.279230432370995,6.57781625263536,2.930313614870448,-0.01603106736883997,-2.509544951414652,-0.1422998262392794,-1.9343738496534593,-3.2336432772999157,-3.179964972428292,-2.2301657727541304,2.1672777421955827,1.0550163951755769,0.5636397761865595,-1.3932665072779529,-0.15872449230498198,0.9431140892057571,3.4709474197146855,-1.916610594003165,5.233967731251236
47.833068047790874,-17.438567153841678,8.216097457093642,-5.449230190655852,5.441179968271033,-1.8548696860594514,-5.748039168107558,-7.779196165477316,6.145027654591863,4.914235773519545,-3.5212216276998713,-1.9678993819297042,-0.6845468839923367,-2.6590061571562305,-4.145588982138493,-1.200768758995074,4.6365760183680615,-1.1133746227568073,1.5141669854934101,3.1890111929763463,-4.558641152913964,-5.983936101325002,-4.179580607833503,-9.825676491596177,-1.3473496636396385,3.864996046623447,0.7566735160797493,-6.2707669579888154,-4.7308075039358615,5.937581098361085,-0.034720710290230605,-3.3183907839555813,4.001268992191838,-1.4833566042339554,5.048980349169885,5.16687841171356,2.5453754393112367,-1.994343088564358,2.333614822675953,3.6403302912872912,-0.31249389750632584,1.3179101519756555,5.159839850939887,0.37513300086077966,0.07841747948501322,0.20134818025924944,-1.061356284435682,0.7507151548384648,-3.3787123376401738,4.739118842355094
37.943399188088776,-6.423232997309432,-5.559019732517966,-0.08894923264998719,-2.7222153793803976,3.1840817951126836,7.609319494213724,-4.188990964816904,5.438383012508374,2.471412321035403,3.4456632889495507,7.861683606907416,0.6515386745309427,-0.8539928160987087,9.177228854688082,-4.196513465064399,-2.160774264694491,0.05230843865172974,2.0268706854856164,-0.26800171849862897,1.7761993595134602,3.2389569463518884,-0.21032591575979825,3.6761236053603885,-4.926805360396041,2.259694702410674,-0.8489409948178274,3.451923313958824,1.7793630632491846,4.344317458062042,2.859479999305406,-0.1219429184955978,-1.215360338859226,2.30246218978697,-1.1003578843939734,-2.4979620862587306,-0.41571004621645163,-1.1640850841623125,-2.1878884043310185,3.1633906938384415,2.476634784847625,0.4135887140900303,-2.322958906729955,-0.06327666651869346,-2.3657109832695102,0.2626061975403373,-3.3388115940939365,-0.7798901688195641,0.12763343619969275,-0.9118979645344352
3.2837253410949754,6.592798989521745,5.540674311489791,4.92660982284594,-6.573368194670528,-0.48142029234740047,1.4054947173014378,0.11954099202698017,1.1843450778002331,-0.1311330164191266,-0.2992910742885774,0.8915557378981156,0.28149058675142496,0.27478175261934296,0.7292210566727224,-0.11978250477873005,1.7292795044848417,0.32103509600462954,0.4206456202983188,0.11072874109650183,1.641791461072678,-0.9899121052800973,0.75249387357352,1.7101683088563058,-0.6596690353107721,0.2527311579599072,-2.0026661094523304,0.493923174261846,0.18018301733471087,-0.3469916549917509,-0.9138123166263237,1.026802665943719,-0.8522205154267072,-0.9688501351978935,0.35062230785418597,-0.968021624794192,1.8812240544595995,-0.6400040904257782,0.4275635603855944,-0.6324912588557734,0.19100329000829241,0.7719996064213435,-0.26242542456904405,1.5076910779715549,-0.09783576145895778,0.46477392121284644,-0.7565257232614576,-0.3399264441144235,-0.416031177856372,0.33104654036642633
28.691615969425918,-16.820803763804182,16.672521474242824,0.42313766049137036,0.46855596164541924,5.435925009238507,1.0046962921543217,-2.063797702139232,-0.2346382259502781,-4.019703214242474,-3.479756175490544,0.8948548320046261,1.5680817757900316,-0.06998720017998325,-6.587979252608997,4.404285072645444,-0.5338191331344742,4.333255447836506,-1.2438812659587333,2.6308814154275106,1.4266803958841827,-0.9699191811831478,-1.9427441248096238,0.5933910235109046,-1.0330455866228228,-1.9818697268237804,1.8315740479192149,-1.8363792208849627,1.767981041420048,7.1989485868887675,0.7848289543711912,1.5761230434561375,0.07246990810117504,1.449972771744299,1.9184827849550894,0.7887366445210244,-1.1052532376321214,5.052100784818672,-0.6950340104080777,4.249293947508296,2.7615600061366683,-3.861891327946588,-5.221374175680779,-5.06263826037231,1.7623916310072854,0.4247863793386987,0.022054432660497336,-4.803780718590081,-1.967863087270556,1.056864416359272
2.2886697342455204,4.56441756018003,4.86398893447581,5.157040925063458,-4.575241536483086,-1.097632529654722,1.4547673822985,0.7772367789690897,-0.4647832668406001,-0.47005368823027693,0.1491617658189877,0.7299363247882634,-0.8804667791266761,1.0650786380938597,3.476365504318213,-0.6345589466424691,1.4708212864255685,1.8793694995884658,1.1535845150924373,-0.3953047233375866,0.3549132466392217,-0.7728415031782065,-0.35961329151874444,0.2848323415560827,-0.7674403886973358,1.0254581745249793,-0.15311503460388276,0.23235860506329667,-0.2567795102828838,1.1879860549899512,-0.9060215712980049,0.41104834764374176,-0.2576664162309833,-0.040804600490523424,0.019208428638913227,0.43470085159825356,-0.4498705740356152,-0.23345968073928858,0.4550330607923631,0.5014792994844819,-0.37314208459919884,-0.31413442914413825,0.4581505819286661,-1.7046519258914161,-0.6993217897813975,0.29742494906884565,-0.9688035844650467,-1.2704122196433019,-0.4308814954191982,-0.36758313783304475
14.282367861067613,-1.190837829377464,-4.333617409629578,0.9744039099361577,0.03126061561350246,4.591951186633185,4.6743576940257965,4.641543868489674,-3.507675761085822,-1.6857385802326834,1.9221014348228704,2.2091095359626864,1.060595134597123,0.34683521845043713,-0.94476773796934,0.11275770372143867,3.9635346285651867,-4.377899983531005,-0.850407606414686,-1.7737531542443807,-0.1073762804203579,-1.478765350300794,0.6376604371244248,0.8184911001797189,2.124576276018584,-2.6576802118861673,0.7749916570079876,-5.689177165504509,-0.15086629463553347,0.3714103121282468,1.506511067811465,0.5570317160389641,1.1186406433487603,-1.5097498282223623,-1.7516261252611616,-0.09181795804277057,-0.66438100348054,-0.8921590662066594,-1.4371704986532319,-1.2407971596961291,2.2238297994655953,-0.3649347203738096,-1.6137277805794752,-0.5422763846796006,-0.8851502226663653,2.25736456930663,1.8650569896305678,-0.30390563464044873,2.7449222373567483,-0.9559268189265994
11.830787171399948,-1.6075697058534508,-0.5567701767274967,-4.075626797207456,-1.5076967380152548,3.199008357940915,2.1874623301334237,3.8804660584157586,1.6730008132058032,-1.9094613971572139,-1.4091751810437012,0.08079657633321652,-0.10830560571585975,-1.333335568807499,-0.39403164132623275,-2.08853125154333,4.838123821713381,0.9142291358966768,-0.35621713091865537,-0.41098430234757366,-0.5256151369020232,0.043864014836670684,-0.6930942461916836,-1.4162311201006874,-0.460899818508719,-2.23103619030643,1.105978749714234,1.4522067811079027,3.925241537639338,-0.2127660278825783,0.7496740990983588,3.39970540281492,0.4416900221942345,1.4021044416974373,-0.4980327687057978,-0.46876753222721423,1.6533959086099261,-2.3608779199370282,0.342118428624847,-0.9356122005106884,-1.46413431876074,1.5744239481261761,-0.5825616801576947,1.183849241067374,-1.8931681707335066,1.999601568340876,0.39186305331111204,0.28013242985068654,2.2827107719897954,-0.6486598727030227
8.336588732877466,10.237798812906837,9.090923474463121,1.2818480582377831,2.227020110713772,2.3231246565011454,2.6263010087416188,0.618228835596661,-3.2185317443432337,2.4248810016775217,4.748317910408969,-0.1421287899970619,-0.9613817436509622,1.8453123719486064,-3.2335680403275706,-2.6917521614421878,-2.3939413240929985,-0.9939310021073412,2.327750130911481,0.2386918353681094,2.00294455699243,-1.3412717037705093,0.5126871286689851,-0.5786501299421065,-0.3616554153767309,-0.5844342811457912,0.5261079034165921,-1.3585649686535857,-2.0631959319399082,1.2156060377975542,-2.5884755246602817,0.4112599849103864,2.6325578357889183,0.9731495018132035,0.5145371240962104,0.5986887699944834,-0.3829384772128463,0.9222807343754665,-1.6609485623864915,-0.3508208218972872,1.4511712438575737,1.5404917498372706,0.0966588390801294,-0.30259723611983874,-0.8470082389360212,-1.7499828498467669,2.211501371491533,2.503369832324566,-1.6787639839126574,-1.4792255497097444
3.9369372237063525,6.238367879788464,5.029675908023629,2.4664749271781785,-6.095074146971487,-0.40398613616149553,1.086936843439699,0.5480249920542895,2.3036499411683242,0.5765213509188961,-0.6373490976925628,0.6745262530338303,0.06307993759582373,1.8503069034195814,1.0635576251993197,-1.168489488811243,2.98141311138124,0.8777078276853121,0.3265701865933027,0.5171061753553969,-0.2150501599815482,0.2526373683161775,0.018948096408834658,0.8406144014256336,-0.29234063432286395,1.153162352211773,-0.6663367498606291,-0.09948917286064964,0.2810032811827453,-1.5324259564939926,-1.6291856524368236,0.37824449010315986,0.7894434807980802,0.13973655882501185,1.1915344787960185,-1.139169277998961,0.08498513582912381,-0.3684344237599586,-0.9255086006336359,-0.3709244428945715,0.03711304133692561,1.021113241808544,-0.7430421045862529,1.3551427832210383,0.40299851977069767,-0.06052935204853737,0.23475295940023605,0.5329877310996592,2.1947089830525743,1.0957455221160393
5.47340581918238,-0.2802451608143347,1.997832681915601,1.6872513590890466,-2.6050819424108718,2.9045062937549084,0.5211703121241169,0.45556924707375335,0.8170072524717038,-0.3461890055604814,-1.8834183737144197,0.7751684321967589,1.03772131980202,-0.9148218572542295,-1.0844210652261819,0.868810531114435,-1.1188209518933372,1.8335977962799688,0.4135128907849325,-0.3081162501989866,0.9109299384561245,1.5655686979105115,1.2214280134339748,0.6307748803267104,0.2918429450403184,-1.4049104530852106,-0.03244625790689888,-0.3346721587784509,-1.9072645684248175,1.0916805380809025,-0.7885287165516813,0.9706075117033162,-1.0033045360767217,0.8734260603848563,1.4984315392682221,1.6330691649991815,-0.8552137053532152,-0.17465758206140736,-3.138295532199929,0.5666199731609571,0.5375520216192167,0.3491341059616608,-0.7578605490684076,0.20942316726819443,-1.6784574287091323,0.8577678889106448,-0.6696637636281464,0.45946708327245,1.5391731692756223,-0.16543501034322183
64.6532012769345,15.966853217679805,-2.307259186210376,11.544176809608219,0.9024927777159413,-22.76136481134932,-7.7276820344942605,3.29367591087319,0.25153493863670784,-5.7913733989913405,-0.49044505720452825,-8.041862711906205,5.004048552013484,8.406115153300785,0.9420187050762194,-1.2313391012628585,-15.511969175424252,2.326585839930596,-1.3380719313074094,-10.921835730452234,-10.449901058720235,7.056388103804,-7.703821252274574,-6.601887494150855,-4.546642771923745,-3.223626013175627,12.48235110412382,-2.0482432822711036,-7.373241366606084,1.4662648300882641,0.6586748548849054,11.456219822355257,-10.309250075989757,-5.290769083153388,2.699571200701937,-2.343645683132544,-4.984193768005485,-5.330028428600446,-3.5559791725319,3.4658474675133317,-6.445629946923022,-3.3909935098674606,-0.2742560443398341,3.7871423113809852,-6.070194781268745,-2.2621152505990905,0.7557451027307485,-2.5884081266500876,2.1042829705891966,3.8049499823655557
44.21115095161509,3.186254917083782,-11.612943863761128,-7.452826966710145,-6.227386842502503,-8.358823583545096,4.090285263732522,-6.910141336785373,3.833815412191676,4.721580857890704,-1.618292460657845,4.963884359377408,-5.686656690187961,3.631054259038733,-2.9676141664476585,2.1379100954303363,-6.352508365810111,6.723112093967092,2.244118249209537,0.9246311690692639,-0.23377582719943613,7.385688021514965,0.7507226109314166,3.655406780041239,-1.1214227849699108,0.05000382753364163,-5.5503627032183696,6.046839085707127,-4.2815429776496785,4.503533030677409,-1.730731945912169,-3.3310324738083437,3.0157416473842624,-2.1621216532916554,1.8247662006594907,-5.254536949500885,2.829046045050754,1.6326891369993897,-0.4354688199947078,-3.708851948713252,-4.458864276302176,6.277453851035798,0.3278379950986179,1.0760760452756437,0.16802732078085558,1.2308305576516334,-4.69560757936215,-2.4922407608052195,-1.6130032313644467,0.8912838823561462
2.09340234421877,4.371869377782041,3.5426466712756586,3.0428288856980577,-4.2053241738339535,-0.009783266894267152,1.029036482973869,0.5199467200947944,0.9857738132275865,0.6965513610664029,0.06353359254869093,0.5345847435546889,0.23009922181179937,0.6873251706246124,0.43322272070576645,-0.975931756263586,1.5456519638019692,-0.09312304977681132,0.22031797065801656,-0.007395303853460617,-0.0952632731541238,0.21765863510184352,0.9153950633127285,0.27035533123827166,-0.2894414445754938,0.17504243951798687,0.4154562945804251,1.2497596355563496,0.6700421996180478,0.00680655582090911,-0.9094346707853861,-0.05518671263883994,-0.06951677145934905,0.01703800590157556,1.778355397665324,-0.1657425698140982,-1.1632456201793149,-1.2323185088345314,-0.8185002986338972,-1.198747504810321,1.1231516063591984,0.5327824355940205,-0.7688685675271301,1.0793927767792575,-0.21073884017666472,0.8958606648890136,0.0027642576090594617,0.09734395260787379,0.38167281928972574,1.766458951680456
8.150537607602292,-0.12301029777777611,4.716007512995097,1.5560739484412207,2.7215734350792165,4.4481270077542305,3.9163204124414754,0.8667288127304349,-1.1459573161417558,-0.8004334488283478,2.3606368215984967,-0.3356471914423019,2.0901736868576766,1.253170343403659,-1.653945919224839,0.4089016379540267,-0.9787844690975871,0.4223236551065234,2.241731615248182,1.8206667346602101,2.3482712272769315,-1.5812210766961972,2.274925530565387,-0.9145625662112635,-1.4114786350845634,0.13965086828003498,1.8063726396120159,1.8875612445087482,-0.7363926022152482,0.5532825039054188,-1.266023474042386,-2.865522091092891,0.4865447294381933,1.7969959908009976,-2.2877979666659094,-1.0978474100844304,-1.0065865127308835,0.26098572219415306,1.8675694158228622,1.6789787191229975,-0.30814753580969473,-0.45808609104359155,0.1261587427121775,1.2381635464961316,-0.16024825639841983,-1.7562979846714055,0.16607205576970624,1.1382155037836972,0.08129284225505407,-0.3699860031219277
5.903029254426288,1.3745216705615053,9.356308272239273,-1.959869950022377,1.0661697327078488,-1.423772600859179,3.0271616606887015,-0.3698039179286131,-3.113925236018603,0.9689088047680728,4.959980254868324,-2.1152305288738473,1.8716012378983393,-0.4184121637284525,-1.7254057282990722,-1.6507780678127988,-1.0021688108770415,2.7921165069569565,-0.49352209789376844,-1.2984617842027009,-0.6543572466805088,0.732740146994198,0.2984873451429133,2.727383029260108,-0.007352504594784148,0.6536783722356878,-1.410260792460637,0.27483149545614716,0.16185161559671335,0.6356810542732845,-2.5341437461955008,0.5940691715616468,-0.16153392435900601,1.9637340863624562,0.028791009537700418,-0.3275508622671948,-2.1457615563898,0.46258652890759117,1.7109961822302557,-0.7882541737954089,1.2331401454751432,-0.06218017160490419,1.4893073031835304,-0.6587317740758809,-0.791900451232525,-4.018366354658324,-0.4327675512804515,0.8827544620791175,0.41038820692188166,-1.4225311606543514
14.378622261153492,-2.3355764255625355,2.0942896000621647,-5.46349179817061,-5.075682247575453,6.226402814939769,-1.2186211444771184,3.266047094931338,0.9526628920294054,1.4652720786381261,3.295782407427366,0.39515333767512995,9.588234704611722,-0.26244089559022676,2.7305042552836722,0.502520357249849,-0.6667395589246726,1.5535250094034903,3.142147991621746,-1.5038382640647,-2.973679018408162,2.832449190702115,-0.11005593575377964,-1.4174133671283342,2.0464693570835495,-3.509118926888899,0.5717409742439995,-0.2692208460688458,-2.835039076091182,-2.0734013652413,0.9829396917908906,-0.49583730666090153,-1.360394763583996,-0.4130871343367174,-0.7793267118159481,0.6205777797802159,1.0446488708454438,-2.302835928278941,1.7874379351884973,0.9414587824325134,-1.0006643789765706,0.5082998684825852,-0.7347024035539851,0.14320629440840604,-0.6313836354633913,-1.6003583480588084,1.1139614552850974,0.07180571541117325,-2.3264678531350476,0.5860211556618733
12.44396281046895,10.393542761111366,5.6009728577140105,-6.974604426730423,-1.4227419280718765,2.2363067730233865,-0.37062814451207604,-4.398901303964214,4.818741271789947,9.993618857367121,7.915489342285027,-1.6312917587114235,4.333361451715631,1.5753046485193196,-2.1416246942917256,-0.48403786681272615,-4.382442414254665,-2.4177777682470287,1.6473044854424097,-2.1242627541944987,-1.2280680265486017,-3.721916897147892,-2.3997762744355646,1.8461390772545943,-0.8589550293244462,1.1294890613440451,-1.287724557773208,1.0809469225529915,3.6547853817139297,-2.040343649979391,-0.9797127172514285,-0.1109471497795127,-1.6403781857429685,-0.6300994714128638,-1.3965495051152437,-2.6492239627612872,4.749665292109164,2.950352366924256,-0.8765892428893967,-0.07475389367796192,1.7665533864889338,2.3634994645699186,0.8063383197754026,1.0498488084914595,-3.2059846086579,2.9850163067237703,2.2849694312386792,-1.0630166828732124,-0.07068638620909518,-1.0280052215143707
7.469345585494608,12.303291348376437,10.019607127449932,5.140251884123055,-3.9810295182462245,-0.5277633236816174,-3.627901591104874,1.680254417204191,-0.724430472105646,0.23825819708864032,1.1226633669837534,0.3129934717878184,-3.7064756380803736,0.919483607047979,3.4851626788466135,-3.6554097402937957,0.7372656901079724,2.6888878044557476,2.21070427083134,-1.3973315239876825,-1.3871582727516047,-1.099940941778404,-4.263376214904099,1.8046814073283455,2.742052295978284,-2.097884019736026,-1.5524120505153425,-1.3566335815909614,-0.49142406080070145,3.4599995639296024,0.19547417809346795,1.5604677172480428,1.6704271746065187,0.2605764529686323,-0.7599471013078651,1.3844169441246656,-0.6852391110444841,-0.9126271913080403,-1.3481488373350532,1.2250510978348719,2.399024020608075,0.8085497006145637,-1.1947443820737982,-1.2414454770492926,-0.5848347160146687,0.2900395250092632,-1.080863448714828,0.2142338918608982,-0.034844440467165255,-0.11264766068688692
5.808443152883262,5.763552687112271,5.825794401129362,2.7143992182838095,1.455736565740507,2.269793021556027,0.9437782837637084,0.8066960911275699,0.17598806021937774,2.160566439226735,4.5153488570063445,0.8540699535130165,-0.7448507182195704,-0.9297633022040727,-4.695543721497365,0.3695992528344868,0.20042498183706098,1.163619700629928,-0.11111359394313014,0.22105176725554593,-0.8979016899687583,-0.2828970841976621,-1.4070431038999223,-0.4235224158191633,0.5489214401625991,1.094841982973613,1.1277319198929425,-1.9972781421117785,1.074549507917165,3.4921788407336822,-2.5123378820898017,1.6828152109455703,-1.425025174727353,-0.5428824993555785,-1.0515247920472448,2.2511150973224527,-1.5125506541156581,1.706372320232596,0.3206963429650787,1.3174307662271816,0.8874154464258189,-1.2420764644764177,1.1173394760137412,-1.610037221974657,-0.1894735065543571,0.8077514081627273,-1.7227436385595662,-0.5023863168599517,-0.7016046193697925,-0.6884033328656389
25.492869108509392,8.967169414442349,-1.2049337840971954,-5.728693196303524,-16.12828594072937,6.964854941046452,0.32445149881725543,0.23145776185381783,-4.711513539210197,1.024475853810288,1.2364768891743314,-1.7181861339258504,2.1511121044556023,2.3220881860097777,1.7160315769620869,1.845030815231619,-0.006439162759005912,1.732933154200829,0.4981660287087518,0.7457897867076058,-1.868334287687998,-1.9477006467172893,1.136198448577079,-2.7304678830518148,0.24164610486805438,1.4838298512754613,0.0186996768095172,1.9555079994243623,-0.9205346054150978,-4.313230640107674,0.10806876608981053,0.7536948165587796,0.7553982033249287,-0.2886795817343888,0.027568047046830968,-2.1055141853826025,2.2549141662394616,5.047970493000033,-2.5983543970557683,1.5738751425969866,-0.3430128741166662,-0.8280799665226799,0.3306024489286553,1.8801479109571333,-2.8804792135760238,4.187133609175119,-0.7822785764477872,-0.3140449518826651,-0.2800151620854172,0.39392440471836165
15.378754736233496,-14.931854145316484,7.9081876170386085,6.364411422379851,1.0664038347148783,7.135006461884754,-6.7544174109290465,-7.6790911839957365,6.4283266730709965,-4.757903852928727,0.544420566332717,-1.1869041019714406,2.2695151919489165,4.592688360557208,-2.0209400796572496,-4.93724767071036,-0.7136814344504699,1.061154186348728,-1.0749266577386927,-0.6961405525898204,1.1695921961725861,-2.692631703595081,1.122075621108296,-0.45026375273829533,-2.677066652300934,-0.8108600170357816,0.27538507106088095,-1.7434245297596058,0.10282856418921116,0.02477507956526942,1.3591122629431176,-2.7059293210966833,-0.7324698928121836,0.7022041459701422,-0.5439003808333909,0.5160630680328677,-2.7992236214845487,0.7081919899414271,-2.7026912897524418,2.6792618741133882,-1.9975882064780883,0.6832208780910883,-0.7310968129754281,0.04331047575860414,0.885729083348608,-1.0138878030959386,0.9430533012365739,0.6641431539534379,1.0050486250957786,-0.03702445411284283
2.516124884130439,5.528673348787697,5.423835738549293,4.5705399804384435,-5.12392778932968,-0.7618509487008145,0.7526160023399416,0.49108600965323673,0.9006491019555275,0.9990925431844034,0.35393629430802,1.371121990313597,-0.9117180058717969,-2.7383044418315325,-4.697857223974176,-0.8586413433616964,-1.55523422080913,-0.28028475864975944,-1.675793085255263,0.8091700999160777,1.0428296218816322,1.6243243272878176,1.5704198795992454,-2.5011653385075463,0.7140048560976375,-1.2050505163865897,1.6914348732399236,-0.41920455475332474,-2.355495261843913,1.9192685528806686,1.8234649602197663,1.5876724138839142,0.20984541402075835,-0.06933071457626994,-0.16105969252249236,-0.6007851638693865,-0.46054897880403345,-0.3349956336344344,-0.9357887401172504,0.361304521801311,-0.17267712619698689,0.1450431172239271,0.5969395107092252,-0.9616387825652365,-0.7165138298584852,-1.49667791669361,-0.3934689462526853,1.549436452899343,-0.3143549451001699,-1.3561548112874917
4.776309798014954,10.27748278085527,9.682882173122387,9.640360665422348,-11.16597177088511,-2.3723598645983,1.691314881758832,0.41074563970048816,1.2974738473030498,-1.5892299469993474,-0.2534207691241569,0.8264555565007412,-0.5971659637875019,-0.7482114362557535,3.192048829265433,-0.6910892799719756,2.0044799383660274,2.420381466784622,-1.0703777684805527,1.2186498731963122,-0.19018606944167762,-0.5336815794233744,-0.3404176005669713,-1.1665445367597933,0.8813489643549708,0.7449385778029042,1.393078486190219,0.7731109642374536,-0.22405673587528063,0.3308353651397105,0.7340204673065605,0.8883398337907342,0.4169908354156648,-0.19586272314704845,-1.0865311573768544,0.42324316812209556,1.0814969019000653,-0.29872760371278895,1.077828898823963,-0.356393567055189,0.2064928231903544,-2.3362946008528644,1.3395632959283632,-0.6689548402772777,-0.7397639037800549,-0.8358444259185904,-0.6409299991357839,0.1530655833061143,-2.429310667299916,-0.9491154491650818
55.56361669518394,-6.358882112132368,-3.0495187902328524,-7.327909463116507,2.1098931187063834,-7.892311920228784,-4.23150075854412,-4.208669427733585,0.07915887159991464,-1.6412865001260228,-4.796058181827513,-1.1603196086191017,-1.6927284366060849,6.083639824963562,-2.638840591554425,-3.9843143068066236,-6.911502852376513,-4.597074532497807,-2.516374937744705,3.4320902834629083,-3.274825838425848,-1.8206176349699688,3.6116821181849144,0.9377600874983607,-0.08550936641541584,2.553278624381212,-1.4773974307055076,2.2865183589808318,-0.42499546466955707,-0.6294687873002511,-3.6067884485069723,-5.876366345201102,2.310199563482411,-0.9695650964421729,-3.7700771631801953,2.77300996940532,0.6428649503672039,-0.9495952419268081,-3.477642692837743,-7.723577051522492,0.6581274950058267,-3.0491966866679645,4.420009082501936,-1.8076546314294504,0.29866916802394916,8.33112017658442,-5.3796450496683175,-0.1268254520105585,3.6304835898707646,-0.8248676358841285
11.750176664824323,6.01892443095919,7.002365184310986,-4.200759271504247,1.0930978609610853,4.142149674043663,0.3120447501645377,1.6460660913567693,-0.06953209919884012,2.812334029639977,3.283458525904893,0.21185847918829004,0.48127294460261577,0.9159440236774778,-2.433552319655649,-0.7906426420350274,-0.6119606773351789,1.8280824582386095,3.87343987135303,0.8364601504928761,-0.9829228926546046,-1.6645351407919664,-0.923105525806659,2.664316997055851,1.4097801309487419,-3.2207918658589185,-0.18925815273888724,-1.3836122101180375,1.0510584416931246,-0.8220293894497721,-0.009708730027847834,0.5672138967184264,-0.6121312169097265,-1.7246500644667533,-1.131502072800462,-2.5148100624742122,2.428399210583418,-0.3891904602406232,-1.5518426912368144,1.1189653475669348,-0.23562790138320466,0.9915041589091204,-0.030919073974079725,1.1728013207617338,1.047977561618137,2.298604742999312,3.1046165722257903,-0.6326226051431922,-0.29389900316324113,1.1528397446237724
2.246438973378337,5.1893190865779015,3.9568170856642406,4.649757975646636,-4.0140955298643295,0.46028143830414453,0.00015093094655384276,0.14995092368376534,0.24491545144121574,0.08932310261739798,-0.4421319014672973,2.5316810038637567,-0.35727167353931133,-1.5676326783206247,-3.488942326304938,-0.3735814459432379,-0.6689215402656244,1.0213723151130847,0.3405174465024796,1.2043243402124026,0.02264679134939901,1.4648200974089456,0.9562300675403912,1.3068354294749118,0.5387420847276366,-0.9088830036771524,0.9542616139332439,0.44184407981076923,-1.0093996183014469,0.7990210009501985,0.060132521770145025,1.4479734834894136,-0.15175460900688953,-0.7408214314055473,-0.9651206720361669,-0.27313823830595363,0.14850921208609236,-0.15455796211823541,-0.16455930238451283,0.28473065569238476,-1.2173227462382799,-0.4232156917296736,1.4965155185776897,-1.0063359525433162,-0.9053398392229782,-0.9446993719292989,-0.17253189644896674,-0.6180248737287044,-1.1842034452852352,-0.2516407814247594
10.970272100204891,15.759411499962038,2.641543309477526,-3.1972069049489065,7.171358987420339,3.7620438348859624,-1.0394029661102646,-3.106992189770229,3.1953709126060392,-2.468467694268821,-1.7082982663498707,0.98735709762494,-0.7874347031690271,5.44125724593338,1.1795555619715936,1.1406001073367324,1.1843748590383918,-4.452172822423416,1.7168710443736743,2.794333993403724,2.474146182576468,-2.8913965170629226,-1.876793912891787,1.541378787795567,-2.2782634134288724,1.013054593950915,1.2243440201390814,1.1669958645890313,0.05454460873905154,-0.507794462230396,0.7987313770763798,0.45136068430450965,0.8115132742880876,-0.35665659599162247,-1.141148822601086,0.4484260125258417,-1.8252066970035825,-0.5438160329649602,-1.0892045081980428,-3.606365639772299,0.0633268417494629,-1.5399700869963329,0.07930281180384574,1.1786285920974127,-0.10880736302212507,2.258751667467151,-1.7317545758582575,-0.5187042461018487,0.9393668472168129,1.2124333708283352
6.602388584143171,3.2491225231997487,6.40236525353,1.0041128338534968,-3.153773639495263,1.683439201357856,2.0565997778206353,1.083045191085131,-0.3393037854582229,-1.732155875533636,2.3234220134098718,0.7149703865539524,0.4587444182087769,-0.34522957215505057,-3.527089205864223,-0.06172125845133325,0.7158599539173871,1.235940209503693,-0.8082235503463688,0.16367990067436267,1.1083160256921083,0.4093597993002694,0.7116623425771335,2.8573083590987673,1.1318808377715022,-1.700916740396616,-0.42876546252978565,2.03892028762409,-3.083549885529199,0.5412291598396781,0.2889865485270393,-0.3201968774528443,0.8126376107428874,-1.1619584581111553,-1.300913375167892,-1.1664553925556578,1.026264854307251,-1.0855013300037029,0.18481583064051588,0.9318620726179511,-2.3722370043896848,1.1618376623314095,-0.9268919521488691,0.0499868822780829,-1.5894447469537227,0.44547932556371383,3.760230967572013,0.42854735853572,0.018426141005736252,-0.0649327801910699
5.330259460203436,7.43204343075109,-0.4283830838020585,-0.23630969961011608,8.180139658402634,-0.40737135233894617,-2.9841951812149383,-2.962492141983776,1.9157470988958727,0.025940881443317465,-1.5353875159766397,1.3949829745869136,1.741013178533806,-1.3044652322918056,0.7535657702313864,0.7576729885033611,3.119066781857649,1.9691000933881033,-3.0592582627428855,-2.48827308312363,0.953607743389145,1.6737875103826223,0.6871787895714889,-3.3254447928719437,0.5635356666516289,1.6439027657636316,-0.5256764885174415,0.32820268080180526,0.3851223279431274,-0.3040482656158492,-0.6019338835911383,0.6396503837391279,0.49538391773035384,-0.5898018101959381,0.9082051330121041,-1.2758004038116386,-2.0010408870836423,1.627191924134674,-0.13597548624968164,-1.4591980566115899,0.20329565995477328,0.9260037823617452,0.24991778088610905,1.8069103639952977,0.5246778935043991,-0.24181440404934168,-1.6656733600707319,-0.3113041337723545,-0.04960511572626347,-0.9733828694011065
48.47138628236821,6.536595186502653,-15.06484677136361,-7.6633805128804315,-9.63903021626399,-3.3042876939654677,2.6662972745673863,-8.125476028836736,2.302020341799979,1.7180735832115321,-4.6332285184431266,3.622868061902282,-2.033025705267878,0.040740442506349894,-3.819974497156829,0.755251738223842,-2.1992661846922354,4.9385537059971325,-0.6819315173336724,-3.897045972983088,-3.26760431330927,-5.624438062871875,2.4825866964717336,-2.521731999662357,1.559824858006327,2.871109504047194,-1.7442711603556105,-2.729254477168526,8.4030021863358,-1.3804735148187692,-2.016705048557668,-5.0130855308734095,0.9142131631991333,-2.563765053856998,9.451998171121211,-0.2747875569364787,-0.1309218975838497,-3.720440779683851,-1.1899092609649258,4.998392768200322,-3.393300178190235,0.6797610152101152,5.140302331432816,1.327604335284478,2.859640694287881,1.0086349591664348,3.1425568579765453,-2.53724415468737,-2.2244650492789746,-5.406940348217315
19.664023844521026,2.1037645506914893,-5.127751923190663,-1.3112972985620088,-3.0968751844615054,-9.1981937283122,-5.417265163287102,2.5732921793279004,5.235153825105699,-1.040740336100654,1.7202734481922433,2.3182144587278177,1.2349586399672159,7.696906823587975,1.172547937926065,3.985942461342046,2.817618704024461,-2.2640707911166342,-4.175219965004145,-2.5221187717706184,-3.4552216947640604,7.835559507135477,-1.3826495151998732,-0.5698786554493123,3.3450842843249236,4.13827105656673,-3.3402325787409883,-0.35162479497407106,4.395355223631338,2.5854648296044473,-0.034227577072396195,-0.640773071709386,1.5588321923821828,0.4252607154315522,-3.585749708567577,-3.5884599626255245,-1.725755860304196,-3.534836372217477,-3.1374052544234545,2.2962986614148377,0.4538019299557736,1.702017428424718,-1.0225869499060263,-1.1548545505501862,-2.8176351148225476,0.7953794434102147,3.6364270415380027,1.2425817456376786,-2.986215605217825,-6.304632659084543
38.66965628780581,-14.333288294200406,4.7412818964554955,2.622676296742177,7.638207229114695,-11.118688559985035,6.707269983458117,-0.6117046207150898,6.054174244493522,4.108449866832163,0.3882778530724251,-0.6941006142715106,6.967388700853127,2.311404895538794,0.3799557032916332,5.111911956057694,-3.552325734723374,-3.5655493984234226,-2.28991877749518,3.947648229758955,0.10882259537748296,3.468698525164859,0.6276789476096207,6.876793150937805,4.634352531604467,-2.51553730036389,0.07495510147891993,-4.456432628007833,-3.2944965093906955,4.050204145931337,-5.068426964368735,-1.4711181141119665,-3.014255796830058,5.636806907209306,-2.355492460190187,1.2296249531445433,4.285284436313257,0.03272637446849913,-2.7618380385769585,-2.589255784136775,0.8239883183929555,-2.563721794947087,-0.6453321287313002,4.720448861432828,0.5666189586507376,-1.693701877721003,5.465894046973066,-1.2721323809334413,0.05370661614487626,2.6898099397910533
6.44871492486465,8.600886694985425,2.261948711164897,1.6640404490997844,6.931829741072708,2.7275291439532494,-1.3885545762386031,-0.5243289952626476,-0.6391750994744015,-0.006705857464208667,1.4439291428705308,2.2908790082783193,-1.0189598638856876,1.6342523438852963,0.4071394534461509,1.2438272228261744,0.2269434993283202,-0.5313659795603861,2.5176722979954342,-0.7134198870960566,1.5425360363220602,-0.12346725383027123,1.083205238698438,-4.42936649453941,0.40398677250266024,0.6622402535440269,2.0382406270250013,0.6683806872390232,-2.226476641004315,2.9207174410258143,-0.2087984516898035,-0.08504390720777472,2.207362135961715,-0.736005136205397,-0.26380217396515365,-0.8913685420421844,-1.1920062550372235,0.11388215901969118,-1.5191720269344524,0.11880544909312607,-0.38777948667311857,-0.13059071577424014,-0.4258732142303451,0.4373915129891818,0.7116545553028653,-0.18023589984154048,1.1642285527071576,-0.4807102443023125,0.5421372039831965,0.1795769236219253
4.724074557583635,6.385108068574906,4.062977471915203,-2.8574067872249076,2.7914220957976,-0.2963737226675716,-0.8245351874024986,-1.0178264622569633,0.07652629121887644,-0.03610102102839696,1.687321392017759,-0.7136713147794642,-0.43565590419034167,0.8817315479330173,-0.004200607073730933,-1.754775053931609,0.6528003111233198,0.7689456653147924,-1.4283967841120226,3.490361413209161,-0.3703366968908752,-0.9565246374089444,-1.6199870798992553,0.49544473419887375,-0.5100756566882723,-1.295033717985176,1.1989820737374497,0.033165649762055716,-0.025335067074293338,-0.39950435885355895,-0.4090735412447274,-0.004011406153893338,-0.13574479439789644,0.5139008030228649,0.03186232583748294,-0.08819487841710119,0.12038566292857363,-0.8310109843606586,0.5104306172242994,-1.0130192136914549,-1.242852583517246,0.5830040429986885,-0.19633841198091684,0.2700491622420754,0.9603047079875671,-0.8325775767403902,0.7560164277925755,1.619383684203922,-1.3628069832956011,0.2813155457261513
4.375454543758834,3.613918772133845,7.277785234020293,4.344354081799092,-4.0590567870157,-3.409854547417481,2.940250610903329,0.470340046878507,-3.2586731196753873,2.9232195017135876,-4.224457326423387,-1.1746657040500426,-0.6610026287731713,-0.3629750028149112,0.6370968915751446,2.96816364498277,0.2916507690593111,1.2320468047668267,-0.36563592838973114,0.03596745627952026,-1.0398984844938337,-2.3463599817479093,-1.7716820422637942,0.5156387942293078,2.309470087912064,2.4671000856060763,-0.8266757390134695,-0.23809987694577694,1.0900315861382843,0.5278598611147981,0.6956110064318717,2.019041349366185,3.524361342643315,0.9612306819543088,2.113657756259065,1.2413105181744273,0.7582996115810576,0.7567341610858273,0.5409985302046665,-0.402718557796913,1.6987660838117886,0.5537210858163842,0.40782382430762415,0.12136908050551803,-1.1100829851869043,-1.0033628687472358,-1.069629263496279,1.2393151730914462,0.35991598703806105,2.405123716685446
3.8950875303525594,5.454012187523309,1.338171140527473,0.7656318814837892,1.8557771195070298,2.219504246285263,-0.2861030666033423,-0.5382742664247955,0.7472085400061652,0.5467201044026082,-0.8194337667644096,0.802672023564371,0.024983313751284597,0.36309282858534947,0.2171802603741635,-1.217474702887807,2.570101559778733,0.9413056443096398,1.5740034885850742,2.116242519761437,-0.2989259182162862,-1.9095120392053755,-1.668435582525912,0.20951387838790492,0.5454021028138571,1.1696225043265172,1.0972379948678024,0.18383481917041833,1.2106182753786179,-0.18475707009694547,-0.8143589866774298,1.35057149526654,-1.2136494848993147,0.31121882167456505,-0.20656470113684955,-0.43137140903726723,-0.38217349753603896,-1.1415206393909514,1.3233745940120178,-1.3116587352749733,-0.6670042150664821,-0.4877683442647382,0.2794176546721849,1.112220760177871,-0.44350355119495094,-0.07891292117960386,-1.4855611920368177,-0.9933710509534099,-1.9718700850667463,0.3831920412041194
20.29127290603867,4.281191114961867,-9.370244843533827,-9.849544153883503,-8.638514866307563,0.3399805875264813,-2.1130516879962844,2.5796557188885796,-2.4485920188069494,0.6102410354432697,1.6645755731652523,0.37967311258387804,4.845052845799819,1.7804623951692604,-0.8754390251177558,-2.963576826813087,2.7124082924850477,3.808290044644207,-1.437080384233112,5.3207323557778645,3.002834717669774,-2.0632916809456088,-0.12687548056797224,-1.2605375309850104,-0.3106205517994677,0.18196774074317762,0.06960053814951161,-4.601559431307715,1.266612381994614,3.6304866304362977,0.4894971670009758,1.046658549846195,0.8135536750707208,0.3661336735259577,-1.1492372619220983,-0.3336870144709766,0.8414027450871482,-3.5189636894753127,-0.39479664983628193,-0.0036415947039315916,-1.3312305376137095,-0.7467970907021751,-0.7545397523037364,1.0038086251320766,0.12164807886577589,3.265888324311089,1.5590134226974928,-1.9285332295434703,-1.288666965014453,-2.1961411038457905
3.147153233155786,5.1999644992286225,4.116956972218575,2.8705189219122915,-4.786697203448489,0.5988315441348266,1.1094245882691003,0.5620861485272989,1.2787873896999642,1.144763559736515,-0.784184422207156,1.5874013827138733,-0.5407607943262402,-0.5454282470895395,-2.0378013510537674,-0.30033179347409555,1.1868079868003962,0.6393356292534373,0.8303412381758393,-0.05718413207127926,1.0097850417918406,0.6649444598983951,1.2348298835081088,2.762009052615635,-0.14785730417454004,-0.04565486541709468,-1.55442871004913,0.5516895552189764,0.16883438375670634,-0.7744674159111575,-1.5720564468956275,-0.923943239467631,-0.04311579618142586,-0.35339633000266546,1.5156356351179803,-0.616088122815053,-0.736771593526006,0.15517881120878974,1.0346961464071485,0.7190180953710303,-1.261271627740562,0.5489823222332939,-0.5889486380843332,0.16825035976335934,1.0258068138376282,0.9484252466340142,0.6138797576318012,-2.0661980745293995,0.2744930399193082,1.0472082684162884
4.07926177968777,5.2737901302531975,5.362743903758943,3.1895407894145684,-2.0621205356387593,1.5807156841000465,2.0521904943926756,0.9671491253688982,-1.6147984062442586,1.607806811919681,1.4359598998289416,0.34481043229072283,-1.1094512509272936,2.1711445817901467,0.2245280782831055,-0.8574068924929323,0.10719250007325731,1.5029395149142004,2.8069960205732207,0.12386584558021732,-0.7784989807030477,-1.141142913708928,-1.2343174823797227,0.6055504371126591,0.19415837480635506,1.0350514049032853,-0.03973320115952084,-1.2225575049472897,0.8547192744477716,0.682553116866188,-1.38888119459548,-0.38950947341692704,1.1210772778610425,0.6229050945238399,0.9045015849972127,0.4455108275583741,-0.9255999271248778,0.4630543226953491,-0.03697626351657046,0.17829992186679378,0.26415327955743034,0.5662889881168137,-0.5587063079330015,-0.3134023576057101,-0.1792222364122871,-1.1089242971411402,0.5294146509393586,-0.32861939162148646,0.24994913201763946,0.12612630494691818
11.11163870626979,6.5052274562973285,3.223836770758846,-4.9325583304485265,-0.7261907499121432,2.807955314595798,-0.9218822775983173,0.526754396837626,2.2187590426077373,-3.642376196099733,-1.023577315645957,-2.2586886307256164,1.221068831466009,0.5152630237018757,2.6528315486118124,0.024593260635284775,1.4363496298031602,-1.7454323272816288,-0.7118097837106541,0.42183013090219246,0.17771583778589395,0.2110833310899261,-0.2313544702285412,1.8605538611660624,2.7178611986097483,-0.4927294576113431,0.2381660523709006,-0.2586258317187534,0.16615448631077728,-1.5218275865380375,2.7021047892476786,2.300354188835171,1.6316260112230263,2.202416162207848,-0.014448525525866618,0.154171646051455,-0.38391394281320834,-0.20324201343799794,0.9686357479172849,-0.6310714552269371,-1.2954631972101622,-0.10915195581955939,-0.4525997847600943,-0.37566910441578183,-1.5365794594148299,1.36896731378057,0.5441277680488416,0.5134676917811731,1.3882149187293085,-0.9802077056352435
2.473521426639793,5.373808593107087,5.562095259202661,4.496391562285743,-5.306526855606152,-0.9218220372697249,0.7383796020492365,0.29274197695673254,0.3334925184567505,0.17024156389140993,1.1655095830433586,1.3229037784577984,-0.45600269122942816,-1.5124822115247052,-2.6432716176724638,-0.9980371792971561,-0.8040951625065768,0.6550342237534569,-1.3792704550966812,1.3454617847384887,0.6590815910912903,1.594873983409792,2.3821812448692925,-1.2924656967909691,1.32214353480959,-1.6010381568078582,0.9598105465942698,1.1915653302400793,-1.5563641430239876,0.18575306036775066,0.34243113622243015,0.15562645164378944,1.598080999827138,-0.296513111231154,-0.6453133405531211,-0.40890426759236487,0.31304791514976543,-0.1335631772072518,-0.8507270990138218,0.3420214814068659,-0.5216944285783967,-0.41482007596848525,0.45270929746606847,-0.9230855368419257,0.23985976710677004,-1.0402579062047075,0.8668502408741134,0.717820350421501,-0.9863034251976174,-0.41178422555698324
25.117505125887373,9.08043714946654,-1.5557998673720523,-8.20985067972635,3.3076109507619127,6.880402685937312,-1.7375680657663255,1.2808770936016989,0.35733253244318464,2.732875694863635,-4.173545518885387,3.097635007928,2.2070033276196606,0.7119052678330573,1.9311871013229782,-2.438497807204767,-2.323914618699673,1.4035857798617735,0.36875902537730576,2.9166351842679283,0.30970516562509026,1.693205482515617,0.10677312266667913,0.9173646096165193,-2.1208396072976803,2.876338355670081,-2.462136378247091,2.378154782803696,-7.394823527067001,-0.49981325709789637,3.4187623607018,-1.1736134726056457,1.8926877208848227,-2.628738126001682,-2.9173761344070392,1.597829799173728,1.240193416177017,-3.583156335848933,-3.0474196861194742,-2.6568782544299028,0.26398874147117,-2.567657648554077,-0.30724353662420595,2.166738460811617,-3.112323753156767,3.9999376208681183,-3.687879142262909,0.4455482614303934,-0.8026852908098934,1.6944786732678956
2.573462694882111,4.420022764523874,6.550875942799377,3.184645590955005,-6.061303897272662,-2.2832078758745378,2.4793515574130485,-0.08244218980019699,-0.16852913673521372,-0.5864115084091206,2.6120294683702836,-1.2401514417717963,-0.671543956463817,-1.4239130300261724,1.9218037885007069,-0.4907754622313202,-0.37310715307520603,-0.42372388920409176,-2.5378214598618998,-0.18043729856610805,2.967694987008074,-0.3037860077625423,3.400836270782449,-2.870650548620146,1.3607494531325786,-1.9317632845039219,0.28489826204392144,1.845047713705594,-1.4553967767880895,-2.6144549228574876,0.8134202809269238,-0.4924436605570117,1.9244986061360394,-0.8930551676226309,0.9381681863610789,-3.111779380875447,-0.3525612345982524,-0.9402376436872986,-0.3305159645608335,-0.2141686975050052,1.6362123203487968,1.3474899390779653,-1.3864115192013162,-1.0888122285657158,0.48258359078207247,0.2581625600577979,1.4708231292106775,0.8473264013491173,0.859073895034446,1.5337731597537414
8.411777661063743,4.2696997617116335,9.809667048182835,-6.330154237045463,3.4859153303848123,-3.8623397271921496,-0.25815154349927333,-0.9720479738792107,-4.716352981405789,2.325819361174072,1.2807859734684808,-2.5850946670385935,-2.309656458963161,0.03625703665195171,-1.9783148273235003,4.580473824469871,0.26903572274092336,3.1855345216277544,-3.1408324247222286,2.92934941798141,-0.2138954810040412,-0.4717812004383464,-5.71638538537964,5.724190118082207,2.27619640763633,1.0579071208572277,1.3925181611520576,5.512082553850358,0.04099163814076734,1.4130580550240635,-1.4478167096265793,0.9315116633307552,2.2762667786068262,0.6417227292252714,-0.5729962789483749,1.2702594129002343,1.0246172192066072,-0.2143116744772455,-2.687281578559511,1.0775393701612577,-0.0499680437507902,0.014672751646374715,-1.8065908152498646,0.10788714644593891,-1.653430921704112,-1.215561813509252,1.1308243963495177,-1.9315046283576913,0.3727253517765269,2.9252807355427395
67.9176572534941,-10.134306659421764,2.7103631276787166,22.308983166986977,2.301817385419402,-17.142119797892526,-13.406180401801796,-12.465880592166087,-3.5407089743460802,-2.1356175528936783,-4.098858539944039,3.1016268053376854,-0.7167041412067293,13.80594284164683,1.2814469800321218,-4.040908879728245,4.848608211243757,2.8181821478423705,0.43026441473250465,-5.185114230641018,1.0546070665910976,8.267176689070888,4.929942592878914,-6.267582114083624,4.042608460654372,-6.704658405398163,-15.058669117916875,9.070377569891956,5.90547321151219,-7.889544165268131,6.389629641390826,8.471175006270837,3.974283606330553,-4.656962191758141,-9.897929873088875,3.3344928090989727,-0.5853101859521577,0.657163437030384,2.2894793393542625,5.5137214713672416,-4.484976230968418,1.0795160508805464,3.528416370886696,0.4937461272436877,4.625867832734143,-2.073632586504016,-1.7720114519820693,0.7553258795121667,5.905702183030017,1.1648295201088397
4.591212847277328,11.071915472372387,8.054156496124675,8.296618113778333,-10.217015610766245,-0.30915050616846296,0.5330840309216409,-1.2147721282582657,3.5917034172344033,1.7656376115701253,-1.5950048342941585,3.3923924261902734,0.5859971621858381,-4.947675932236314,-9.178329745990288,0.4325077941264349,-2.2777790723926206,-2.2525270730525118,-4.360918734396492,1.9343472849860528,-0.9707583874299746,4.32053941269106,0.2666577583904255,-2.6478040231559286,1.6595726408374085,-2.749159291529312,1.6513468813310919,-0.2712040467441026,0.016022179033038264,-0.5484818005824899,1.5895210053170816,-0.3231057581104537,-1.3557034341867935,-0.08404596992601052,-0.6712675343129921,0.423917960822805,0.3404129567531551,1.0977206854987962,-1.0448793678029913,-1.0033578642383114,1.8131734804532025,-0.8133594904764956,-0.2957025459260732,0.27201640125978815,-0.9561442036174854,-0.6669036408049887,-0.9014922177287539,1.0762593547349677,-0.8393424806134749,-0.8513824253514428
32.817980166011964,-12.555227663082729,5.793857085722598,4.691593472453421,4.370394852350817,4.733654137883059,-0.8512582895022358,-0.00502762447327626,-1.4848644416501366,-1.1016705426091515,0.8869291940791075,-2.6231463289644985,1.3466307228513794,-0.89835345523418,-1.9456134429956953,3.258921781083721,-2.5972164124656323,6.1081513604538165,0.15828886795504393,3.6928988605021753,-3.191092214971582,-3.285316038055127,2.3606185847065637,-2.1309939607093398,2.174100574044726,-1.154554018551059,3.2210368443858757,4.229173978883903,-3.3887079047936934,2.4834233463964748,-3.394132816103879,-3.185398644947832,-4.768967682363919,0.44448309191781066,4.892523407878106,-0.9967107556740717,0.08287331115981728,3.0769991975295388,0.11962557278789884,4.042023012096413,-2.7417536037017403,-1.8806103980735038,0.667181307462703,5.442858163674865,-2.296886041582823,-3.2265152196894107,-1.8717730563826982,-4.912729092704748,0.02616242506652955,4.272775556304406
24.786185761907504,6.780487911022251,-6.562840037722524,-7.833038232447237,-1.0427468205535622,-2.3549402136068505,-0.15714701700913775,7.881120062027893,2.7644873953538958,-4.971940080095607,2.3690847829403294,-1.4382717902410018,-1.3788943921486398,7.857220856387956,-0.6681606883255372,-0.37693092236299963,1.511129159540244,3.262137383911643,0.18321712205036667,6.774466931659541,-2.5336335297767336,-6.001012147394012,-0.7387560176509921,0.591349067338169,-2.2765878028114503,-2.8745553644827533,0.05244382919578161,-2.2316729649922626,0.4322562375828445,3.125609156024049,3.191366855209864,-0.2968892852846876,-0.0033625836249183694,0.28671889730408523,2.3926975270071815,0.04896460466339009,0.016167276167375344,1.3362969038316512,-4.3945925581775045,-1.8900637551036936,1.5386123987102602,0.19570027203822304,-1.4713802567661964,-2.3326090100838375,0.7828635086374476,0.7196589327245586,-1.3504566831601124,0.8357458570176197,0.5653616585396563,0.5206386565028203
31.84144564672339,-2.465173606002214,3.7355398601225915,14.384917049335545,2.172769435546163,2.7368825171962783,-1.8430390366114222,4.142309770948117,-0.9415106595322543,-4.449421987818804,-4.216505970099966,-3.953971824006346,3.356763820826382,1.048808963120418,2.174058028047656,-4.299321350443231,-2.8591138500448143,-3.9972494369309457,6.38887241374863,0.7207122961231618,-1.0807298598952342,-0.5316336159405496,0.8517997475774732,0.629583996709085,-3.5093313704648224,0.03455226275783185,-1.3073629734088994,-2.625101450321349,-1.2214832206650303,-1.767788941327104,-0.6260079274860921,0.09960598740076498,-1.0480932932663258,0.09768666268882964,0.994681690820812,-1.6324317148730314,5.346308226406984,2.3083516100355173,1.857023142990803,-0.8362716721854047,0.7828446303044635,1.4073549991942222,-1.7274892798788715,-3.4183220815307207,-0.7556583513059086,-1.9187397675817637,-2.143840964258156,-1.0832825673354427,-0.05989993651200104,-1.0713389419621206
31.10456859424244,8.121732970764054,1.0949869208292902,0.9202880702084106,3.5169606513904434,1.3654667394649873,0.2826535969853697,6.832130484348875,-6.337977932422546,10.326645584473471,-0.07894097599339195,-2.602944416835849,-1.4629125300439514,-2.46212922229277,0.8789963976304858,-0.2940645134373508,-0.6701627603456353,-3.9079854145824826,5.796506843193475,2.3258782446089716,-2.6112415140536154,-2.374506896373011,0.17268845485952866,-2.2693639765442613,-3.009335091969664,-1.935403923307446,2.5384756607769337,-2.076801581342716,-3.6701130135328484,0.06608103928126846,1.199011642697813,-0.7253302441420444,2.1210815762510444,1.1684177136297944,-3.96522412509538,3.6435754818270345,1.2628384880325334,1.4110104517079942,4.265921029574774,7.566827446129254,-0.33625099204780484,0.17150977738284928,-6.682689520056665,1.7371452027664591,-1.1385653905981294,-0.6717463928781371,0.6291152607987167,1.2328414036276667,2.4738114215034672,2.294848391115511
29.721323320466333,-4.877995424873548,1.4301108808952256,-8.478497088326952,-2.512391632131849,-3.0653052907530647,-0.5503204335123126,1.5202210367014353,6.660203326129205,1.543793281663938,2.3274804731001715,-1.903572846043672,-5.198135990287177,3.548360314645709,-1.7539807480662244,6.487249593185666,4.855171712831993,-2.1623597803948056,-10.881619955319211,-3.5972350360618437,7.218995103185276,-1.215973615364668,-0.5003157342877121,6.063485917060557,-1.0659074395516719,3.374392714306259,2.2003518553215535,-1.5282890854305011,-3.514134663321288,4.389043610443523,2.2990945489734935,6.022728693639291,-4.724389363659406,-0.558881357811447,-5.854292087475381,4.689345436960671,1.6988718095531257,1.6732161869677284,-4.553001779220733,3.561531610489917,2.7747413785420028,3.89595004446121,3.853998047043103,-1.7303639800736939,-1.2424690082866698,-0.24988604991391272,-5.151539448935096,3.6496486072427707,1.513165230924033,-3.1804188630724854
51.17617129204067,-2.277485010507398,-8.957473965979299,-3.9890331181127454,7.4004406544067525,-6.733134398450735,0.9207035638104473,7.658671258408708,-2.4582826517619494,12.456055014562695,-4.9749790571699,4.717808476154696,-4.552114000409114,-3.6387178391323842,4.228242051711963,3.203047372306223,-2.6615237708164785,2.256191565532398,4.429231623451723,0.20940307090155963,-0.31835853477151255,4.167069526547742,2.934367676409442,-0.6237720634476284,-0.5348541175020896,-5.098747106288509,1.057624879043537,-3.767427610109407,3.804244815972968,-4.1835704379852015,-1.20599802019862,1.2869067421067895,-5.177131043452688,-1.7041853857072593,-0.2983765949163045,0.14915417491178562,-1.760946644350176,-5.561962962745016,-1.6159815807080757,-4.154677911101153,-0.6977348644162853,-3.885725231641074,-4.648359982520496,-0.5157030813736234,0.6150744558800223,2.0192566363787803,2.8598173520952925,6.521476584550011,2.969488707357983,-0.5932137333105394
28.95335961687993,-2.0538835466923713,15.248473537349444,-7.761086937929072,5.487737982212365,0.22446947361100833,-3.841598821667754,3.2169991140783383,-2.4455723533109985,-3.248400480771396,1.3233420818353017,-5.007273607708583,-0.2306020535326228,-7.2853070425904365,-0.1863492541784494,-4.355736464294454,0.05980054291050996,-0.8532899351782204,2.9377450031625356,-6.320553028035263,-5.897815793154757,2.628747964159418,4.087820557050845,0.4594772337489083,3.1665409613213003,-1.3878576258043864,-1.6996158849896492,1.1314458151023854,4.969762022443142,0.007716987649009674,1.9974468364049653,0.010049837548286922,-1.1489218171958695,5.352854081777193,-3.682401425190295,-1.675715756851696,-1.5254302648901659,-3.898311665115086,5.713212128130308,-6.6192568850893165,-1.0035026158964293,-1.3004444881325916,9.481453572982245,2.76411576890533,-1.1687641712030823,4.166816017430678,6.7914532010055275,0.12741382478681218,-2.5408394065657522,-0.36477434926184193
16.354391864256414,16.089455203724302,0.838329963766855,3.953416020663279,5.375336873084665,7.560175131540865,-0.5272168423426202,-3.2528500130708347,-0.5260918864121877,0.003432703303498763,-4.138612435132904,3.0203706577598823,0.8233612539364327,-2.336095508401579,-3.7078291471277653,4.280003801806542,-3.73016874109367,0.06190122540762004,-0.19966281088234994,-3.581974251498664,-2.908038035511398,3.393238330077934,3.184305810582498,-1.3215377539592121,-2.524302393395696,0.7709219716174989,-0.0010756905322608645,-2.4151583401181553,0.005631430298410622,1.015492485383287,2.022959174664142,-0.6746438891297738,-0.6641187001108046,-0.8205334859471092,-0.7054235810447618,0.4001306952400394,0.8969343514576948,2.3878239178077516,-0.43889442960179736,1.3917384371015926,-2.1223172046179974,-1.8423336601651314,2.9365114291879824,-2.427177305528612,2.936270715026297,1.338485342457855,1.2757841358201307,-1.007878212069863,-1.930153180359789,0.4497791269324576
7.584931397093066,8.348342787238874,11.227814689081383,-2.3969736194442914,1.9564466040994335,-1.1043181354900682,1.6995881611898815,-0.64668687357334,-5.222939878191452,1.799137009520189,6.6261725900687365,-4.656823827337285,-1.6240563616345418,-1.1438415055881064,-0.4093599626317863,-3.190243005073764,-1.796862526882323,1.191014229229415,-0.03964524343492526,0.9304447251181096,-1.5360645981999017,1.8481902160000785,-2.151498519061941,3.014619223289266,-1.5755719127957035,-2.450343954866978,-1.3782446308382699,0.009599947239069425,1.8214160421987575,0.7687983634068406,-1.1273326473833938,0.9788681979728984,0.48993157520183095,-3.438345255817552,0.47741311651492735,-1.6639342866718185,1.5756730344735181,-2.985834767314718,0.224186321818499,0.9361058234733022,0.2554501703946741,-0.8561441348877971,1.8190637744742943,0.2026749072601446,-0.5497842376062537,0.5713462966775564,2.041790845471847,-0.7350391943352558,-1.3599698113989132,-1.005646129081273
2.7858972228694365,3.706086182066152,3.892331188561176,1.9641105069384257,-1.5622626976678364,-0.005857801316645983,1.4414606652411373,0.31224707434716864,-0.22615213443999058,0.4045839703581003,2.1154183095475636,-0.47138681715237246,-0.41303194936897397,-0.21338180645255544,-0.16705950082794319,0.12003497257945522,1.0346889187671129,-0.2813681945377061,1.4924363884843344,-0.14757113220735738,1.3034270588989825,0.01734320709003989,0.7080694110900866,-1.0362263408703376,-0.8330882143587293,-0.5444923366949619,0.3362796377604842,-0.3269483210631908,-0.04862896928550109,0.7592655084868014,-0.6953313729821085,0.5187067883077032,0.39245879598978106,-2.0628034427716138,0.9421859071010017,-0.6619641447360728,-0.8560714718178772,-1.0958601304204623,-0.5625914965344306,-0.5662704424580328,1.1501681936795372,0.046258715286330465,-0.9633707250456138,0.47189830315465053,-1.0120641373067107,0.7543190392971766,-0.33258034791392366,0.28915637688283957,0.12177706861860234,1.052773898710008
5.225342997501436,7.367078396176611,4.167521496129216,5.510008389357966,-4.417728800671227,0.6895097238825754,-1.033839591198762,1.606692753437058,2.1559909998004816,-0.15814894867540039,-1.4786846273214342,1.6755925009316617,0.47127844164424293,1.0073642646214012,-1.5702671907495445,-0.3578762282911309,2.9739256131690706,-0.1735727157410589,0.5875325066152062,1.851266902069403,-2.735802845876573,0.72251341649667,-3.093151893337824,-1.2716906656438542,-0.998520349194205,1.5041843962910655,1.1478602468057173,-2.1971359720213304,2.1032259896933105,1.4655683443815628,-1.286964610337241,-1.5981172521359746,0.9321279260647807,-0.05840993613019638,-1.9285120536256737,0.06552580198097553,-1.0837308824961398,1.2273987416585528,-1.2455455137075595,-1.802405964987187,-1.1532203957600604,-1.9143578944107105,1.7026567309603464,0.18367645568292756,0.7299503354606965,-1.4315149897129869,-1.0474177297778935,-1.0019682105776662,0.9543818287932423,-0.07669827536594664
11.817404097503559,14.005490408813593,11.446809407376254,-2.7579202119323645,7.043530383841674,-1.8660966757802329,3.542838946717599,-3.308106747486949,-3.9414638662438337,0.7430861199275147,6.447885637669579,-3.544092204202479,-1.9348353003751633,0.010020254641678994,2.289460694201999,-3.0930726119217287,-0.3943356051679534,0.7817933617973707,-2.8634077571269487,-3.942459749733016,0.6059944927591814,0.7699347083242147,0.9256121285217349,-0.8119351535610254,-3.1874833046302133,0.25698957842024583,-3.0389418945365616,-0.2757750134377914,-0.4702341490423665,-1.2172832243566516,-1.9797556640390668,-0.8170485729198218,-0.6722514407366549,-1.2377724571584805,0.5239565010813834,-0.19779406888955797,0.03696071115141511,-1.1178134941370717,1.4542013961386946,-0.13295276515808385,2.31211235742383,-1.6729396932767409,-0.47776227227587675,1.1012167648185462,1.5890885468393545,-2.7686714441401366,-3.473928553127834,1.656305621981946,-0.7707626041749174,-1.8190738048880906
8.820613408763203,8.140833827138525,8.854266586345625,4.700407132682037,-5.617687257865418,3.906301010290391,1.1351097133961883,-1.7410476056623503,-0.1589506702441351,-1.3565880265432921,2.0239939255105557,1.2507411974024318,1.422191303819901,1.3317882760781365,-5.973101030168158,0.7218222735042934,-5.882239417123063,-3.7217836068833776,3.0892872624417187,-0.9214061181659794,-1.8188539205635723,3.8854920498196583,0.6297712451234962,2.796104413567787,-1.1023931601527495,-1.5228708920380656,2.317582300046259,1.9907421372323113,-1.277253011945794,-0.0664456925541864,-1.6066997766739548,-1.402813306168817,1.3197118214650605,-2.6697657965519532,0.560873413115293,0.613927065998688,-0.6962338705655923,0.42125153944060323,-3.230087138494873,1.1497690828084983,0.5399635098882815,-0.08301937683093741,0.4862492202842649,1.6395155712230731,1.4583404253643661,0.8690202161417868,1.264559563705779,-1.3132188579314155,-0.06425563720221084,0.5377810382901637
15.503897444310317,-3.0241749498125796,5.296232994925299,-0.4180515132710325,2.892940347786353,6.008466107041501,5.218454245288383,2.7587454121701587,2.533257244846264,-0.9466198539968951,-1.155413335431872,-1.5436440384811778,0.2086504319888447,-1.8029870726526682,-4.120350814554007,-0.49458275498842896,-0.03006284747514143,2.5226553344615916,5.936293111419216,-2.8999854717926246,1.196019556232926,-0.7343749120941545,1.0965758133240877,-1.3922577231211801,-0.4872629314120074,0.8140544258904859,0.13000016698525152,0.005141717860753792,2.082591613861749,-1.5290452436540083,0.40332142384574743,-0.524427963164686,-1.8260721128792037,-0.760320986734195,0.456084712071662,-1.6936315161191777,-0.5026277229157632,0.011542389003102782,-0.25340858049052184,0.0006466293860254435,-0.8696033491538924,2.2143888962242313,1.2881248338843472,-3.612061865055428,3.0137975074464305,-0.5374948774099406,-0.5938727689606885,-0.18818185524502318,3.05642021766589,-0.3667940867699947
16.4545527524699,8.378648172028306,-1.9983573491731546,-0.1486966565196839,-12.524195813931012,5.864281278478183,0.8085469616786619,4.166124350654062,-6.014235476780377,-1.686671815362999,0.4414951253683429,-2.883462053776178,3.366442213312484,2.323820679329316,-0.050617624237704995,1.1441100264799327,5.6776251815536085,-1.5348763742877698,-1.5514915134635692,3.468881661664514,-3.6038174935373752,2.680914384792259,3.457700999772338,-4.193414439254687,-0.04885863562237691,-0.46459806429222605,-3.3536803892785967,1.74173757185597,-0.8136305870563273,-0.1580116423905228,0.6942189667141787,-0.18074914798642805,-2.6693101404686055,-0.6787789367066849,1.6241886201158586,-1.5673401380861383,0.6108644135311931,1.1711280882119846,0.5488959487072531,-1.6655116488345465,0.8350379190263787,0.11150661085393981,0.7789914789572036,0.47147737743578677,-2.23186807088522,0.3830076604850644,0.4514379164972725,0.5512926187589577,0.5180969145273039,-0.47027223400089446
7.474337134093352,8.4253176389211,5.088377405071271,-6.968228465507228,0.8402096825197544,2.491986219379048,2.7463847476145617,-1.936869896963932,1.4422230031994538,-2.091910763233846,4.034798311442544,-3.6149617229844235,-1.677548797865186,4.860753324040798,-0.8588910995486908,-1.515836256279011,-2.052058059695991,-2.0945277223837913,0.4656764760614256,2.071813453367403,0.8969339433094323,-0.7755326083257837,-0.5055713784696767,0.8094719595306898,1.8362432628810534,-1.1689078472144883,1.8172267897279473,2.0192454672296702,0.8498952995684754,-3.9419712149710575,1.199215176336291,-0.9209659276149541,0.16896357504113046,-1.0186205067013068,0.4364828355587114,-0.9794840949682236,0.6828748514007839,-2.652362811620473,-0.5145909851865599,0.07379390520529727,-0.8712853441507029,-0.4996147959456465,-2.3940939090903264,-0.8431660763014008,-1.8091924503329244,0.4021621907636548,0.9235778854710329,-0.12218185349883548,0.027112464864723948,-0.23060942696611786
29.98953384446525,1.1662130033525906,4.432032974152369,-7.816893574854079,6.826207262104488,1.3277331505791534,3.2753271895357505,9.534529543607958,2.5551657672002532,-0.7976592011956767,1.5832019490410834,-2.0842894145723494,-0.6275336636036011,-2.9761120949171467,-0.48455647171765653,-0.7783222575041576,-1.06789307613341,-1.8519114828804517,2.688524740859065,2.3113634993108,0.1637965848047933,1.1299777599713168,0.3452517674040222,-1.0946264276731628,-4.082175150989237,3.2026455185298714,-0.9990784287768526,-3.1760288181108933,-6.343131874375509,-3.0063616964602673,-0.6668475876224222,3.0839863300427233,1.917720878359613,-4.507497976390152,-2.7560453547345207,0.33971338229735926,1.3579131216799147,3.4030216895709127,0.025757771645212466,-2.7592984395034255,1.9609470774753905,0.051986747687835955,-4.669680593130729,-0.9782972767054884,0.1858005439463608,0.873653636804824,-6.605115151834405,-0.5494716457401432,0.027404880614018134,-3.6418750233367225
7.916118338821825,-7.136687597062517,5.8301223100786475,2.1553580139805995,0.21817755728069854,2.485124207415179,-1.6590193482097244,-2.801617985472468,-0.5989352606553082,-2.3716046234120896,-0.7107070668050463,0.40754619904911105,0.4745503236198354,1.474996663070924,-2.7079485819045432,-1.0061859415863235,-3.0572015494229863,2.58190944465532,0.4738967547497215,-0.006790560516790389,1.4144906144967955,0.05914913298410529,0.9767244151719152,1.8710512539360689,-1.258240108366713,1.7037544295563856,-2.1642963396772372,-0.615583745940351,0.16083983941085137,1.936278034969543,-0.3972950552592899,-0.8801490164340462,-1.6318347813029792,-0.5043173720815637,-2.352940607269628,-3.6949249583541013,-1.6904490095765072,-1.1967405341420063,0.4365850904956178,-0.18860232364449755,-2.2694395953691435,-0.5787169937176533,0.9235505129650083,-0.8377136464647272,0.672492306516541,-1.7827462763754542,0.19067949188334443,0.5664953871085461,2.209985985906191,-2.6152925187049334
8.506388309036064,9.603857160821013,6.726904396569591,-5.983620466032404,5.320301986035922,1.3109645883367553,0.7189746761502991,-1.3658316259922663,-0.4120106672267908,1.3393602103909474,5.193744715822922,-2.940334610345788,-0.960961191882858,1.312012138515157,-2.138472971645931,-2.952263744080593,0.20529834314391227,-2.9757009062454975,-1.04815970885539,1.3799310291623181,1.4821048411997813,-0.5384184962590068,-0.6238616335598146,2.0707255903614397,-0.07689074501045012,-1.6355505511912334,-0.528815563556887,-2.4108978880275838,-1.1142835205048978,-0.43670507323334284,1.3813630961319805,1.0615898756148079,-0.08259390769430908,-0.533475918654403,-0.2916077126066891,-1.1332442391254798,0.37157670473886484,-1.4472715367554674,0.4383222689231606,-0.2512111411570346,0.865051945601763,0.356073096252197,-1.1795351267210639,-1.9352209542899235,-1.5176576085378728,1.0887358814228292,-0.26309739705349716,-0.5077991106285291,1.3888117750581035,-0.23173092695027767
4.165200490173311,0.41047256123875875,-3.44813720151328,3.020382244808202,2.2623638009180045,-0.015525523285485121,3.1110775657955827,-1.7145548971896853,3.4313453757879224,-0.320798059563754,2.5263713854940124,-4.273136949256058,-0.572042629802055,-3.266063132172578,-0.8118271455987764,0.32989528170675675,1.6988461575940663,-0.8992137837639161,1.3197798780003953,0.04925781033506177,-1.1259874866856094,0.8880379003731765,-0.2944623888343484,-0.06269481215838138,3.1804374747367192,0.6942908797676297,-0.01433639509063317,1.1498189355772879,-2.170348455246586,0.33580957164456443,0.11497184634201797,0.7284882140037195,0.5826317305448381,-0.08778244491757906,0.9484584920299346,0.03648895225304105,0.9270108075298878,0.018530687162298255,1.926855913278675,-0.13116804212029443,0.6726791899023988,-1.0292343293045532,0.2736123588684397,0.49451994347395345,0.29489161693750165,0.10478425633803246,0.5815591971664307,-0.8282744659980138,1.2105331658839578,-1.7048148760506345
43.01089844091573,10.952402263757659,-26.777884738997155,3.5130487149903202,-6.923007817219683,-3.8662538251741347,6.329117190320918,-9.31248677975295,3.210092449480744,3.361281085743629,1.6996578368358288,-6.567421126444363,-3.154494721599643,-0.5475444330393321,-1.2421468203621304,6.165663462660192,7.422266341441263,4.9067240170077175,-1.0534699733164838,-2.620148430580815,2.8566876133770487,-1.7739346885375413,2.0382724553618203,10.121165962572238,-7.564994097373742,-2.869065248147412,2.831779976239166,-6.395642692636946,2.9545911124961433,-8.507316648911505,-3.3522819542047664,-6.3127341664594,-5.091417791061381,0.7306391114031592,-2.2673250690458513,-2.5052080185452485,-8.896020112064237,-1.3838205401962551,-0.9733235876063345,4.313102458772591,-1.5678970095925457,5.746116184539337,-1.6029988376121171,1.559981399931257,1.4710250765192974,-7.344192456871322,-3.299870232487944,-0.9923668302591038,-1.0237993182476037,1.1689988117394468
4.793844757453913,4.318274285970034,7.562413969246477,-5.435682691444934,2.302723524104194,-1.73330213168809,1.2907809436553448,-0.17347141931542348,-2.39193745349061,-0.47758862361020904,6.5820582249998285,-4.198584885041307,-1.2896982040547935,-0.5280303873021415,-1.2801726710667232,-1.7818867508391212,-1.9416025844213458,-1.261303455221672,-1.3351749389372654,1.4499420568939745,0.3953879391841186,0.5906722416903172,-1.0417103248196442,1.0578114634795137,-0.18125063427967805,-2.154585439829349,-0.29355417114404925,-1.1448561627627518,0.4939389079646729,-0.9679908919389276,-0.7479699290049746,-0.018931357312391983,-0.18550226047343255,0.47306369577976703,0.9547753911303478,0.8736349385234968,0.099556209576278,-1.291813142403436,-0.6269739354044505,-0.8368337406281023,1.135608822515419,-0.6367225014978724,-0.7026307560742573,-0.6069857149801738,-0.4290754947545853,-0.5007121531584751,0.22117170463216085,0.638927059021507,-1.225318734161442,-2.0495014540233125
56.19679668496727,-16.243200181957295,16.90766759903808,2.4909018607989717,5.485243217202187,1.5442910160326038,-13.438572945770751,0.24826896548104044,-5.284836389122766,-0.7661665612544301,-5.551273035982017,-2.1124914456868558,0.7815213304913315,7.159783231824292,-3.1566156272365227,-1.776581577087373,6.405396502511331,-4.682768794978875,0.363269622164091,-2.6250764899552856,1.5476183689186065,-5.074211488189225,-1.954845240639256,8.955454442269108,-8.775185870943886,-4.244754980713486,-0.09788496627068455,2.3898422383649063,-4.859978683473907,-1.9633501309822587,-3.6957236429343068,-0.033641005386849,1.4615289528435507,-5.49145168468295,-0.44530701236902137,4.7865255753307805,2.827424294436005,-0.16726873540219656,-5.143266873207101,-0.9296697015280342,2.153151703188348,-5.103163812289665,3.076402515465455,3.947851802365735,-2.3082006487203808,-3.749592319242243,0.1114246425277281,-1.255638598749339,-1.346615128753578,-0.6144889794829395
3.334988686395306,2.8916843727533834,4.352232249006398,1.586757894937005,-2.0978957854602203,0.06844423344455869,2.0697221733379134,1.2387362330760705,-0.9887974165072375,-0.6663109714779362,3.5087940254184424,-0.01907458139556395,-0.315322093500984,2.331782281616476,2.329770670374299,0.7295836016830748,0.8153433442759778,1.5240103686786073,1.761976968678711,-0.5868805384205322,-0.3731410702047967,-0.7611836520990736,0.42511508129265885,-0.5392948098802447,1.453740624935158,0.8952275693284291,0.807826235919101,1.6718483213427686,0.029654860311114417,-0.3312477771442035,0.23573245394938158,-1.310763431064401,0.6809607061243603,-0.9085764665681486,-0.3881617833328558,-0.5654610317802832,1.1986257622310859,-0.10343226773358954,-0.953420123931634,1.4913475390078719,0.18543536242131536,-0.5840626263349519,-0.4873665796202854,-0.15139170190098886,-0.8252470107369281,-1.0672541560295488,-1.0325130337132105,0.07152938330153025,0.44823034878731377,-0.628951826637585
11.494971259285075,-0.7129209765225191,-3.480804895202362,1.1413111297735732,-3.430538068225999,-6.891341273300711,5.830686518230096,-0.24518102737971514,2.3402375865008014,-6.70355341046581,3.1444003263073026,13.148482886664867,1.0364355111187162,1.8620698143937404,-6.36214379274292,-0.3587790564865898,1.3089846165035102,-1.0710178654820264,-2.3088330429675055,0.859125579293686,-2.925380431551792,-1.8675617529411856,-2.30227500997036,4.845069976263182,0.1713203909726707,1.762882367465643,-1.7879889928964634,-1.485774772248945,0.03236582941892696,0.5415798068328737,2.21660808757579,1.7789358109537907,1.332832190797189,-0.16819152874008947,3.0483963716765636,-0.690211873682838,-0.6878479975901275,-3.7305855338288016,-0.5564578449832074,-0.05480340129558248,0.15227160404601137,0.34351898448885954,-0.518584945901666,-0.012372294106641257,-0.050228733118536095,0.11137206907666236,1.8996451985939542,-0.30905758232103686,-0.7170551985440284,1.779620256793779
5.025586240632858,4.109511610670686,-0.6043361647929505,3.092389591156807,6.666171123969445,-5.163421450581719,-0.6949519611818742,0.15201485586887653,-1.5132015489603436,-1.611903604106967,1.5952291084517456,5.082990654761396,3.871319962039154,0.9982234439910069,-1.043769186609361,1.5185295106041432,0.12114752833119229,-0.28261272186074116,0.15222325184109314,-2.6073088458532476,3.703022289788714,2.4308439439282443,-2.656477965618243,-2.5129558148109545,-0.4172395391971254,1.7375060008703933,-1.0426646236308175,1.0238464815654216,-0.581579745727514,-0.18242928334969574,-0.3807745936785544,0.11817015157986019,0.3692895819208028,0.4888113792252666,1.0180761388489423,1.957624873532656,-0.1033995164258758,3.1553395226140206,-0.011426271490645235,-0.8097491006312652,-1.8195961357809356,-0.8163203358767912,2.509129790495333,-0.07828926352624838,1.6690695880871207,-1.17980989611507,-0.06398465821070742,-0.09099375564250406,-1.4046519147301988,1.1100996888525378
18.777549415647737,2.215520549485577,-0.8336183357101761,-4.477036033819406,2.987622957985402,-4.187349635240539,-1.6505891495569638,8.197512288396501,6.088632825512577,-4.692250664680208,1.346333219636924,1.6221436863209295,2.071432889394294,2.465883836224112,-0.28714876733273775,-2.6981345106312227,2.604751233296266,-0.29416191465507147,-3.544622237990543,2.4020043345646513,1.555046480720277,1.5661353273178658,-2.0370510059008704,-0.4375096377234062,0.8946656875596022,3.513497769633938,1.4135642445423677,-2.7330899841652387,4.202028878598643,-2.649852475814817,-4.20581754959433,2.216321257568216,1.4345062197322036,1.2159577968135804,-0.8507117997057081,-5.266909401868929,0.8288697627517173,3.5275282346309695,-3.4260196839442063,-4.719377935108737,-1.572074329420484,1.395652917937285,1.0860389914698025,-1.5335319023779763,-2.636296584420611,0.2861956924534781,2.4004437111259413,-3.001644895106118,-2.1260809925635793,-3.6878128401721413
33.85544709267382,-0.6211321066025712,-1.6251516363656109,1.0498936125978908,-1.2415112975251401,9.854217486749288,3.3455136644721324,0.06885300050129972,-4.644553363096723,1.0958339841392677,-7.524798265506048,0.9241260066009929,-1.556001352160254,1.2076826236270695,1.723759465233286,-0.873441098404997,-7.2702411059706895,-3.640194387700454,-0.7924861114056297,-2.2233589829175635,-0.02292872990829853,2.4747564132574063,-1.3173266945538975,-0.7898380590268806,-3.300827853302092,3.463433659100011,-2.342657595009262,3.76300786049942,1.9190022609486335,-3.375691748925116,1.1531634960961494,6.633794306403792,-3.6000706117006045,-0.10023186727353228,2.2990278591902475,2.1849910972298794,5.450925042502636,-1.969896088429129,-0.0695905939212097,-4.521728197309547,4.227933440232588,-2.5966626609938612,-4.856027154398913,-4.925776489061109,-1.9504892876615552,-4.889840354484818,-4.25675943507428,0.1451139764937922,6.742450116478375,1.0489321366142041
12.314564688358693,-3.8934198796657147,5.067653882503473,-1.1470810617276535,-1.8507160060867198,4.664989775287554,2.1262736258561103,0.785334827800461,-1.12046139703539,-0.9928495547837286,-0.9094732366535467,-1.2842084693604914,5.546099500577501,-0.2898902651954711,1.7108328677232683,3.264402231037894,-1.3560439901997487,2.2057785437118698,5.6028140325274105,-1.1630299731509612,0.7554675524797695,0.942266656824168,0.9703802622594209,0.8755704802794239,1.4453070519420763,-2.6801862470540527,0.9236414316045106,0.4137568861984391,0.4616446406766459,-0.9760375381554502,0.01955115669373897,-0.47927452801451387,0.4509515996008739,-0.02870890253050662,-1.127064167440388,0.8737362087282898,0.7889977148093308,-2.422587334524564,0.8003312545087861,-0.2694130333796181,1.2381021381768211,-0.12301537177075705,-0.9106004772330345,0.6995440160100964,3.3099957205421435,2.1058513380081454,-0.5625693237974796,1.2999648202016645,1.5424508870029277,-1.077262359507237
11.76649743968727,-4.283509771846233,2.6338441277774693,3.1392916054458766,2.397201560039092,1.380140314991064,4.079606483057396,0.09356082616383887,-0.5036939551298374,-3.096439217711774,1.0214083871845654,5.319058355971956,4.093211042919437,0.6935979818981177,-0.2926209826643744,0.9580156844374379,-2.7526634370508316,-0.6305224565015871,-0.7215323966491364,1.0036106072274409,-3.6520806325232757,-2.6256570181429253,-2.6035311670262944,1.115322527977584,-1.5529893827742745,2.4586758848793044,-2.3208314091419946,-0.40720632346597374,1.805972722969605,1.0416640634732608,2.0783657065172543,-0.30257356205809427,2.281402308941806,-2.078774674632526,0.7472036567963458,-1.1715163931384902,-0.5154903680445893,-1.0101440336911012,1.636477960715537,-1.1986721915165177,0.2115051378633103,-0.7463034796179489,1.483743409736543,-0.568391625834006,-1.7771601489999485,-0.5800007477664209,-0.8563633443918868,-0.3462382496427757,0.9452736537979884,0.6992426154398433
3.76625342078765,6.201134164989764,4.239617102102745,3.273661853667146,-2.755457538221025,1.5699685419460407,1.79418679264361,-0.0675598450884412,0.7209525487350903,-0.21984220814203015,1.4058118166956342,0.7597230239201821,-0.669420512686818,1.7030248555157215,-0.9184109825144458,1.8625861485011141,0.09513906673260175,-1.2678361225739339,2.0383727651171046,0.5103482486952751,0.10192307490394475,1.1043403296582706,0.7614118895037171,0.7688859542332941,-1.346348617565896,0.8620259031766925,-0.2089116266481511,1.3705230893160298,1.3539324830670554,0.8976119140797275,-1.6249867784900545,-0.8054870502124134,0.4574639254454758,-1.4568237337819543,-0.18848908422068628,0.06251503496762878,0.0648478763408783,-0.5763540854915449,-0.47588755675436556,1.0602310731114317,-1.282874489192205,-1.2389019553625469,1.4459183005619396,0.34843000981993894,0.40396142641625477,0.8489962692046308,-0.45259555525715184,-0.116328094974681,-0.2017282506755657,0.6183547226816126
8.963651590469663,3.118980660354913,0.9124599857903326,1.0283468266098776,2.3475362795051637,3.8914280219432436,5.450748673232211,-1.998210007275901,-3.5894065007328466,3.6410680250603,0.3840500958686974,-2.1038994803245448,-1.52160588416135,1.1832162624202607,-0.45141614195851665,-1.637465305913685,-1.0750729210877212,-1.2595437466304567,-0.2615999329103438,-2.7931628411720753,3.3648933829234204,-2.1623057642544063,0.03584871327635897,0.23943309220195458,1.0414041728925212,2.475558523558602,-0.7738907220937676,-2.2943702699119877,0.17716223928910063,-0.6634296491773102,-1.491967780609078,0.6947839224266921,1.3991855455239,-1.7095691483138316,-1.6680892538313503,-0.08227233464982464,-1.8909195411393156,0.9033904414248921,-1.15230601326263,0.17844952868498115,-0.7257720746734523,0.3517886223110486,-1.1818466174856757,2.178634550868562,0.2776908627954449,-0.9823767227675877,-0.4108855676519708,1.717428571962923,1.6973089240624435,1.2565590122338608
30.739061610764256,5.996312188395272,-13.501561839588184,5.990844684457211,2.322011618451026,6.294439557569678,6.308832795050123,4.671830478595378,-8.458514270773613,-1.0697322463187886,0.39684869191961414,-1.040688331632324,3.2409191769759733,0.009606378027291362,3.09661632372974,-1.8922837110130593,0.5480731788178503,-5.69472935540903,-1.3706868095341846,1.7397439454249055,1.214116856101655,-2.689645002428336,-3.4265682340362336,0.4599787672026152,-1.284693738680482,-0.484907937054994,1.4334166156992356,-0.8356712123498288,-2.3698164678817237,-1.6446766465226892,-3.6692554216993054,3.3489805093368075,-0.6750102151601212,-0.40397604204352167,0.41258770411901646,1.1032751479055145,-1.2790247862995412,-1.8399377500902798,-1.933224151857436,-1.0169318627669761,-3.3684704755205366,2.496737218915807,-3.4447220963054117,0.44851240783189184,0.4043558854594184,-0.9570202687578153,-3.9992481292892226,-3.09718403790052,-2.8363189167446823,2.134847891272717
2.1542918983534225,4.102377480980307,4.790135956298043,3.1609457981294002,-4.212660516885972,-1.342936339184232,1.2125307415091684,0.13787563262969377,0.03642733981542559,-0.36823529727686466,1.617105272550045,-0.12244149324437553,-0.04715901053738915,-0.853853958241471,0.8483453083514652,-0.3234601938605131,0.8655947465340148,0.8262258887127925,-0.3717968674601396,0.194579983139618,0.6745752668519128,0.516247083115566,1.930127149037302,-0.2802743415903468,-0.21568396350933067,-0.3950326059030099,0.3785708670994431,1.7203616916193143,-0.1836509891866902,0.8794793066974064,-0.9160051996743157,0.20790579083640445,0.6282338562086832,-1.9194830863889785,0.129090326606833,-1.1599510407467926,-0.019575187567437036,-1.3706314611302663,-0.3496267293331908,0.05306128607399238,-1.3700862264322178,-0.36027660643454745,0.5162788048486112,0.9545283227612236,-0.10621414294186843,0.2753330029135156,0.3178481713915796,0.38161093262521567,-1.0589504111267152,1.1337317591354439
16.639433340204974,21.224936326628885,15.174780241720045,-5.589910206007366,7.116631940649487,-0.6705608495333115,-0.43624019004618353,-5.226604940558851,-3.663410382892595,1.174076987271044,6.200090696948958,-4.127425556823733,-3.1136396929034262,-0.8058758236563757,-1.6105242027275353,-2.575941813186139,-3.1588983249481366,-4.237594509896731,-4.896436737490266,-0.09914601372935705,0.6037958363166611,3.4454421336779495,-1.3072934132949416,-4.337490920304943,0.33808947108660714,-6.756469262255682,1.288263727153849,-1.1390697551947802,-0.12811331379649027,0.5608587356158543,1.7056568413959723,-0.49460588642919,1.7432412676837323,0.12324676890728628,1.4920482055603619,0.18378363214960391,2.1097826814461564,-2.027526084104945,-2.0421308479508085,0.44420241249704273,1.282631836078459,3.683663843452331,-0.6238729657486319,0.6289452772916709,1.04960075616605,-1.1968837419144753,-0.2894812816334271,1.263810844289226,0.8612938611757814,-0.2707795739868136
37.18028685840921,10.518343019035699,-14.872132393622362,2.5722715932425126,-1.5652481606719155,-3.9655802562816698,-1.0594297045927803,7.536006003802472,-3.8772183612335294,-7.057422164864178,-3.763486304874392,-4.397348559923389,2.0871259868693577,1.2451079723717404,-2.960076518758086,-4.902334884366151,-0.3349584538106516,-4.235734182672427,1.1908110007278452,3.4351320085228623,2.407471227960445,-4.869392413900339,-3.8850412861726977,-0.08864767702198215,-2.2455137909947833,0.3668732783716544,-3.071419662283703,8.131053928439659,-4.6543800079713105,-2.5499923249865697,-5.617504329714799,-2.6651553782176043,-0.8300130623220789,1.8820302326757146,1.8671254769689685,2.414631081709669,0.20477286357924818,-1.0014029247759662,-3.05852285321545,5.224315114000218,-5.489432544388554,-0.032424735798663507,6.5184805825050836,-4.927342560678902,-0.37207316961497094,2.9248939051656504,6.152978281793675,5.221011224738678,3.808281770819728,4.454430527735843
27.357196111650204,-3.9150760243782505,1.115513796203586,8.947646039784381,-1.7370213417280045,10.157281005136877,0.009668305949523004,4.933540882161787,-0.2269603804437959,0.7286061854778145,-2.6384560132857957,1.415440012558557,-0.8282820547820791,-0.5069112209181454,-6.367468669423126,-2.9125808182489132,-3.5914586619605595,0.02031954861372376,-3.6582550556480884,-1.2891936180372559,-1.4712069396762735,-0.003311822398015307,-3.9647408590736717,-2.2287736658332498,0.4299923886009,-2.215877951024524,-2.7294980825249815,0.8243906303475804,3.5261931119637357,-1.7508009330006256,0.11047276081910978,-1.4323462563473786,2.525135080385226,-1.5750013347361234,1.3358478017952509,1.6744456665289433,1.0538037169161014,-1.2616613109238037,-1.9858823546986686,0.14296806797575506,0.8857272205669018,-0.11084796727270951,-0.74644540284619,0.02458151313459106,-0.19233296705224395,-0.6340901397557398,-0.7960554308329564,-4.231008072071447,1.9673828778467923,4.664699358596923
6.824453309229835,15.556978337361256,12.39064948317063,13.017296564428879,-17.336484312021852,-1.7607614615281229,1.3095866112102628,-1.4687808208672943,3.5067352557360203,-0.550299757983137,-2.9690577088622976,1.9633909303755512,-0.3750528938426704,-4.093718590992802,-0.9956071645969178,0.5380957196985181,-0.712319018109469,-0.419914097142443,-2.936003195921991,0.09114263289536512,-1.3729287833150945,0.6460023977428253,-1.881142597039924,-0.457503001194283,2.540991381714468,0.29590092681390934,0.2731023378646542,-1.4464074973766956,0.6721884272282208,-1.3852171490814065,1.8725499573442725,-2.2617808866715876,-2.172463716277726,-0.017092674572528554,-1.5618620238358503,2.161376474235403,1.8518846908227584,3.902407244159853,-0.26674980369359824,0.28131018920803985,2.176680782213036,-2.145549270484402,-0.5592600649873997,2.0264605815729997,-1.6352265308171465,-1.7904978487380665,-1.0624686127804714,0.08094723759841085,-0.650224552540414,-3.066711461462914
6.883415656365758,6.754430167972636,4.411019640617036,-5.402029846398465,2.6187412453797765,2.8420198722210452,2.2456199246936355,-1.8358031232027257,0.05047583486077367,0.025789159915479642,4.355966045587175,-3.0671026120080107,-2.5022575210817553,2.549104655099131,-1.2892903450784923,-1.4864253903382165,-1.1813014806537798,-3.2298115396463705,1.4419224869553997,-0.5782429385137176,-0.1788736410928778,-1.1287677218995267,-0.35204845935807727,-0.3615987645882724,1.760984786762189,-0.5307488373048123,1.0812868954636659,-0.6570565622989459,0.7027328024233221,-1.2334329455041035,-0.16429849546979697,0.12609856490720373,-1.4251499986029104,-1.8837897651486801,-0.5555850304291979,1.0898905198752302,0.5045105285285658,-0.18438669570850091,0.38633347403872886,1.0703222761854585,-0.032724149606172315,1.06116071605976,0.020819383888445037,-1.1788952667403096,-2.089403049422621,-0.703755182884189,0.9634040847708587,0.07294495966166292,0.6976113863919051,-0.5238652300888544
5.478589610734734,2.148973085931408,6.686131771531973,-4.275872031189687,0.7795181384601486,0.013826395250162368,-0.18657448317840702,0.03351411461321091,-2.4459476417331403,-0.316867390656562,3.8128857606782978,-1.0848623716985482,0.8560499891087529,-0.904791432476746,-1.829623910694389,-2.863341254912827,1.0919367832710833,1.5355689862331874,1.642896965769975,-0.328441414081348,0.5916080242980938,0.17573698615625627,0.4104201862117689,2.2261177835150834,0.5657878651600082,-0.790367337145866,-2.218269372098835,0.06752937631009658,-0.6955776234653761,0.48688117578637624,-1.7084580636955333,-0.1857702173101775,-1.2974143687728752,0.16743765848381,1.9129119353767268,-1.1437769084774994,-0.2151510888520849,0.4897026857089244,0.9513542001709805,0.305030412374387,-0.7757651444636963,0.7889551803383211,-0.6458056058753883,-1.3678058389884675,2.245819465350469,-1.3006788820684851,0.4771554071348704,-1.2749673886797217,-0.4344175866995711,-1.1880936988608155
9.686094908352063,-5.424322517301321,7.217337946548875,-0.8913724924036055,1.0410290442854915,2.0874544733762854,-2.7880780335061965,2.863465245275293,-2.051285986012108,-0.6917147853127631,2.667255396849819,-0.9808318317413879,-2.8573051599284143,-1.154454398280191,-1.4206101809912226,2.96792462593881,-1.4195779183466821,3.665877662827859,1.9239217627349525,-0.8479620199370254,-0.6372569769023622,-0.3647098710641968,1.4996221590906504,0.40162653206322185,-1.0860418235303995,-0.14258490447840613,-1.8208161511706222,-1.036001018123181,1.844580969709498,1.37385506345285,-1.3222078467335974,-0.6970612031314573,-1.1762237036216474,1.9888738169740559,-1.5445385972292394,-1.254830497164411,0.16168898104167384,-1.0027431254539563,1.9257807031759788,0.8612046862764817,-0.6910057903266846,-0.21295747139769922,0.7708295754060308,-0.2743441857086514,0.885366372772545,-2.1772416585259267,0.3816552943807029,-0.15599661001858706,0.7028202818252389,1.1864425709662199
27.06602197189222,6.82050270226296,-2.004099561089643,-6.0807805506867645,-2.943337449115497,9.50670446850901,4.652075106065339,2.7626066020294555,1.3240612493462827,-2.4504107915277347,-6.336005596911025,0.9597092059652822,-1.4278229312870885,0.219251499807203,-1.213850880389502,4.827025234747094,2.026957966115945,-1.677282986608218,-2.706278085049535,0.9965757693717527,-3.4183863672588615,-1.2931506031331448,1.3659868180692591,1.2768887679907635,1.345455297787558,-0.46560063908401084,-0.47662544945595475,-0.4473113542306129,-2.6153070936977425,-2.831799413878266,1.4530173250797427,-2.4338690732615866,-3.1449132758569633,-0.8859853360735761,-1.3358417534928775,3.2989580280710995,3.3849268234396552,-0.13966622688419056,-2.5378775815636283,2.59907629639747,4.209864434615517,-1.4216352021196659,-2.4846887226088983,-3.6938556049922857,0.06167322683118409,1.8673792977813157,0.38348150455041585,0.26800436180443377,-3.6428827607813434,-1.623268911989092
11.425551533732817,1.9621397271154544,4.148652011465584,2.2564438333689707,4.200376302349836,6.615853509415918,0.3191241746763209,2.873459070716001,1.9436463703074356,1.0776716033585356,1.9021356471552475,3.300661118686295,0.1659508155890031,0.9539739887409076,-2.4581130308098023,2.03424042902975,-0.42610061633171137,0.28839617425814645,2.393312160264078,-0.43659575310887,-0.17855435221632282,-0.8392369451134178,0.1364252779970666,-0.31076686209603,0.4304114552024541,-1.17718305748056,0.9128676547539285,-1.869300874288168,0.5363691665176984,0.9513175899562938,-1.0588493484031423,1.0979047464983211,0.7055949807720485,-2.2282954665763075,-2.043969725615935,-0.39391044719972246,-0.21179260243403863,2.6350311612103527,1.3150929411822934,-1.4924123743218958,-1.9183805822276376,-0.05228169853595216,2.0960854922995016,-2.061304169272276,-1.0729902413679093,-0.102218471093528,0.10692563277177813,0.1191187695495787,-0.42762823033826514,-1.6907027233676755
35.99251672661796,-6.256716645424278,-18.595967641099122,1.0567318471836604,-5.633263538319948,0.8968656045730381,1.0095166655940955,-4.111936900969324,2.748276571094235,10.503036408907393,8.009312611413295,2.0651882185028834,-0.9423950006082512,3.9710256874276633,3.599167657940536,0.6507662273083843,-1.7478431837871875,2.1592706720465595,-5.899309746871672,5.415028369751679,0.9861809666179677,3.738647075578392,-1.8361741914262408,0.7704402196289112,6.503099132322717,-2.9882008300660203,-1.7459553177000147,-1.1923067963625036,3.999469541342486,3.5590683413419857,-1.2561563133977258,1.573539387076643,7.215786501720156,-3.8240224350447676,-0.8700888135433755,-2.0296221315312244,-1.4365104279197933,4.466806905902704,-1.853701033553587,-3.1643198874341225,2.2519468012900496,0.5991964355273723,1.7307681882285793,3.5067085866014196,-4.467850450660917,0.44986766246819354,-6.09960152976401,2.3813430460330225,4.934561221719032,-2.5742607912456332
17.419311864385513,-3.238114005319316,-4.006522059514108,-1.0171644524171202,-1.934846573001867,1.0891758256475155,5.103680021872201,0.6014504348325231,3.4088847228383914,2.662995925911054,-3.7235047627074773,-5.730222667797874,1.25297033788735,6.489439039389463,-3.224021565419216,-0.6642129441268578,0.686956936438425,3.7824878405293507,-2.5865630324285878,-0.11811422107426922,-0.05489911631112674,-0.8752677875213528,0.23680248431747775,-2.63544154831572,-0.4553261300741715,-3.758445341149251,-0.4469483480862374,-4.32382717957632,-2.694115892654829,0.6764607426562586,0.5810991660651399,-2.759380324099237,-0.8478970738319739,-2.539872345551513,0.24279084933118056,0.8719790483799842,0.5368317146959793,-3.414661137953551,-0.1309306858976524,4.227873572675979,-1.9167488721174877,-2.5439492074901935,0.6697430554267798,1.0963247949966157,0.6023717611592876,2.343146149443665,2.9213695965498054,-0.1200951398232514,-0.35808667776143965,-0.10939497609941595
35.25560098755079,6.492065708865997,-17.748484047089146,-5.647842501495026,-5.6726894586196766,-2.3035594256389973,8.269262566194493,-5.844530835647211,-3.925812244748929,-3.361923823235182,5.7950541196245275,1.0689589417572103,1.573156409563646,3.6420353038760327,-4.755936177141382,0.9225922984355535,-0.1732551845606829,2.5609205034138194,2.6752996835828675,-0.5504014354485419,-0.3549631481316311,2.3103610384514095,2.1200980937283505,0.19894597973395933,-1.299599738828859,1.0193000785294803,1.862047147669236,2.8003523234081618,0.13412818019816553,-1.613136747233852,1.2002379325595076,1.205618785700006,-2.517438978759114,0.700570494306732,-0.2932952149383204,6.256481306127415,-0.4032743880365554,0.12959619481828472,2.0199780606656113,2.0098200256797067,-1.1748784161913584,4.115940404612859,-2.346873126942132,-1.5325948830325644,6.875242921230273,-2.7290368496880815,-3.31541078824253,-2.0498830892106525,4.217062226636008,1.463346623534582
21.88026259969524,-5.965510719242564,9.364229437193716,-10.120115518246276,-3.8403115048566328,3.5642689168664843,-0.2607316312687382,-0.4865331873536489,1.6782862657897746,1.8257950493997104,0.03535961202902116,-0.7184504943968621,3.4645329513874485,0.07999456294826289,2.003635765912025,4.4747360720468174,-1.811950271949622,0.41590493980179444,0.10266998858258125,-2.9132643894100583,4.345996440624282,1.3367124597989795,-0.8567924172719321,2.4745517259687304,5.9125851547573465,-2.6273189278489304,2.4652422419791504,-2.7335311772493815,0.28707685396139915,-2.2848211899030066,-3.799860405829504,1.940306457354772,-0.07855766967895861,0.5879509884705305,1.8191391144020734,1.6217909516920317,-1.4238958137473432,-1.3841738177839134,-2.5879043908922195,-0.5586483791196655,-1.1367256283648648,-1.8775454521235062,0.24274817732121795,3.487428559237248,1.8341332055165114,-1.097362344904544,4.397083004507867,2.735474471852375,-1.0455819651502691,1.0076840344716191
18.805170638569233,-2.9851446129424906,7.504503293776267,4.932519086873738,-3.212182029126423,5.6756668465321445,0.7117543584729402,2.8807194699307686,0.31783796912654116,-3.373249921045801,-2.136936986922168,0.2769465307425668,-0.08878627176609871,0.2952361360396653,2.5017562116417693,-0.12932219825780988,-1.6735241752742593,2.836172003944055,4.432650756213839,-1.4990339196287366,-5.852158575313421,-2.4423977304502804,-4.46407182963272,-0.15083526321371465,-2.1107887748999845,3.186762036331514,-2.0058082991306976,-1.7274517482317564,1.1860880376408698,-2.715383995528675,1.1044889550375667,-4.3590743687455475,0.10537894348094762,-0.48061667806571584,-0.4404699226883788,-0.02813307470898141,-0.8472763404407915,-0.8489643644490361,3.599286103801031,-2.5648140566493445,1.2797699645381988,1.905217916524459,0.5580277763334309,-3.1811815154600342,6.7106455969439835,1.044539829336813,2.345527315722748,6.343684456821057,-2.122728953486383,1.236731947675704
28.475661415235834,6.731427876492501,5.0974712623797425,-4.372749821942022,8.895451242664489,-7.184440991593316,2.2511145182982,-2.1067964033054944,0.4614413866075806,4.534690036967391,-3.2140422108624866,3.103222698990368,2.164541899070554,-1.1535426354117684,1.3850355253137572,7.221166188550646,-0.19969478934805185,-2.0703639981275046,-3.1491264852954917,4.266623691709513,4.664298974012881,0.11744091635975484,-2.6243768764680557,3.4948152820271132,-6.351604488561363,2.1012921271289198,1.4335123859842596,-0.8484342214745293,-4.3372648280149715,0.4717898203914853,8.3291378096964,-1.5341336051541388,-4.353330480691373,0.6645366491484411,1.4248975724567066,2.5397919082544322,0.06633542568522233,-5.622785495088203,0.31204128426981487,1.1770258628668075,-1.1411325582151979,1.879157543952343,1.1476273614355565,2.1024320502991483,1.0318902642038927,1.371091951201744,-1.230667933917168,-2.9081373519216047,-2.7007239513013097,-1.2944389613760847
10.214084469044273,13.433117474097816,3.611181676222981,-8.58672734567467,6.4450698509811755,1.7920850101151946,-3.344828642373894,-4.597964632852214,1.5899686243093378,-2.1770391920539858,0.1847626236029511,-1.8020330147648078,-1.654209549097709,2.6741508372020437,2.3296132662202425,-0.8148131667929397,0.5379550238325822,-2.920159165190529,-1.6269754341545455,2.85491834770546,-1.3741435299502285,-0.28871258383625503,-1.6582133221373976,3.3923621701326274,0.7578354377498707,-2.467154899017593,-0.8116102351855361,0.62707080281388,1.9374960803451318,-1.203984429997074,0.9197173462977178,0.9627964734904648,-1.608523099230696,-0.8221902163119659,-1.7674487243705777,0.5930673288333586,0.36161528142319443,-0.447284329574929,1.688152964598161,-1.2123853555756559,-0.1223852405549295,-0.7093214796898907,0.7159213088090869,1.0769820201911073,-0.3633114059158973,0.3030182671872935,-1.9363581487589452,-0.9027151864822363,0.3282837416045137,3.4249874878347395
2.60083713561559,6.295266998075485,2.8703666891227546,4.538174088482961,-6.025247592896379,0.8264008088866822,0.41537507664317286,-1.2862746551546789,2.515947578565679,0.8489071581132528,-3.194389630751359,1.200180672157299,0.7847851522574507,-1.3260202929684768,-2.570527945439046,0.6767757983695462,0.7423192530110552,-1.2256758973136745,-0.3296085031594317,1.150876927498043,-1.6247434648540156,-0.10209757319280321,-1.8837669285397731,2.1759925081056806,-0.3563114464942477,1.2193240662186584,-0.37850228059143626,-1.289063404342452,2.922572117802103,-1.313591423624587,-1.1001969938194358,-2.3999796070300388,-1.922633981905009,0.04707987600936578,-0.32227234772605273,1.374345907166941,-0.6342653459846557,0.5544809174668796,0.6745454432138724,-1.0273718892958805,-0.2126550963651232,-1.1354026974937719,-1.0011805810316687,2.639773912117119,-0.28164927135652407,-0.6732997107547274,-0.2764678375022729,-0.5695462569550119,-0.6851735920663314,0.11838687206081208
29.294948773030953,-7.126039347521374,10.696062516604817,2.8511414547718736,6.646238771473033,-1.910015453446134,3.8733925513142706,2.7239231251377722,-7.243828620004644,3.147791187071728,7.748160796934524,-2.1224520970353056,9.561669524457761,1.4533382731268905,1.6763386516045204,3.0331135551508055,-4.440576145018358,0.15516449576202462,-5.387668021870915,-2.0426324652200964,-5.420321593119702,-4.643022170437988,6.474165146654651,4.139533864338794,2.3689372516059475,-0.6597249936687692,-1.2729556085931655,2.7289308064692865,2.3737795824159518,3.640683704547995,5.326826816599625,-3.851420412992578,3.350647068849372,1.7417021844756708,6.11429162861267,1.74713514615467,-4.704303236087791,2.095970425055112,3.5453824444847086,-3.6187290982645486,-1.8452350933435082,-7.508790463585093,-6.560958451597201,1.5025400198041319,1.7080686555998106,-4.449797648683778,-3.196352067596082,-4.068300354846604,-2.4157718233285124,-1.064328752347501
33.061915569970395,0.43497225423966884,-6.136686808179349,8.144074820448928,4.176721097669566,-6.069246995327045,-8.449642602061976,-1.8306737922024843,8.951946704708236,10.343087367025797,5.623742669458269,6.302079643778694,-2.8763668063227503,1.4310354801417793,3.1349524618153133,6.468929821661134,-3.0031886229099003,-1.839458912667462,5.116821156814359,8.302831578556367,-7.850105258033756,1.8596984794905616,0.49269422271266067,3.594751463871691,-0.45934587379848835,-10.678007311434854,-0.4190817878350921,2.8527146858469714,2.155383806887464,1.190258275716381,3.7272157617152106,4.505027302057544,6.1232069973471726,0.9848399510280001,-1.3746279434391757,1.3048592007665127,-3.136865032629129,-3.2362679483751924,-3.7431272119815575,6.264397004279338,6.774739263305808,2.2406366845453274,0.6537143108809481,-1.3966682923736427,0.9844730222326781,1.0260953866940254,-1.4893339747676966,-3.8534532519405653,2.9988115121816543,-5.3180840107985325
19.657479188800053,1.850685184468957,-6.0315359650409075,10.102165534132663,0.7888777683416225,5.354093376170529,-0.19544404694914896,2.942039144561517,-0.6354181465233419,1.0984756088071133,-2.804790040158456,-5.875776643753795,3.276558068304546,0.4201571700584325,-1.2203460981862249,-2.550604793748319,1.4712811628685898,-1.0689945251444954,-2.6496480292936004,4.335666068884592,-3.2578138780608126,2.457593684007952,-2.426790318705092,0.48916756124183114,-1.2362893939970294,-0.09253256489548667,-2.3991834357590753,0.5348981231219652,0.03416991819259252,-0.7486640201475323,1.282029311865491,-0.01342411401629097,1.493103173602058,-2.051608940800892,2.038733325001573,1.1680632413308445,3.5932301331333933,-0.7100966477975572,3.684716458679021,-2.2628893614241257,-3.1534031132374585,0.08787091107842515,-0.199193879250807,0.12929261594691277,2.5133746298162074,-2.443686574253471,1.2847933005702672,1.9528620162786554,-1.0132529350973307,1.4026019321007288
37.64549471028046,-9.446439824406802,-9.79847967025947,7.028772692261216,-8.315990460996307,0.534539513939317,-3.0986889393932997,-3.3829754996498593,-5.26748222386098,-4.171450304881804,2.290874045573641,2.929875693578305,5.657601927752646,-5.350198665443512,-4.589425805702997,-3.5288060689967384,1.0632013192016254,-10.747038203394197,0.4092208841030306,0.2981870865773672,6.091310584375831,0.7768171682709131,-3.631849643068677,9.644360667733912,-1.087601750362038,1.4911949936012887,5.047705870315697,-4.360511165689803,-2.985704764364781,1.8540664913952307,1.8662783715025797,-2.7283311907471113,0.6949070059039432,-0.7113943973212199,8.122115292174257,4.596636242418739,-2.240566523355257,1.0347246973272004,3.9310666687513134,2.488829369445315,3.612016075250333,-3.0658597066632844,-3.487851681961435,2.132348874089645,-2.576021838234606,0.8606262612851848,1.3422276046301558,1.2457479244169771,3.5743502070128343,-0.5260863051479815
9.124762426853767,16.468385054604568,5.292435437575777,7.896753384358437,-7.310551762017754,4.9555840991258595,2.2904414895119283,-4.310074928616148,-0.44208406858287264,-0.47785640601608614,-6.145196915946056,1.1840783491036444,-0.6372276361732037,1.3314509636515939,2.5614652687572725,3.803571662586614,-0.23204714976596952,-3.320510504225156,4.006571149390138,0.704418725352663,-2.466717827478927,-2.57208133723401,1.814077895734402,4.219280852980284,-0.22568682485612437,1.5009586479823285,1.5588197374615946,-0.7242182338887864,-0.2589250806922543,-2.5579114529586415,0.6721679108807288,-1.7454351080962889,-1.8947387887692788,-0.9392725029793889,-1.4959819019732161,0.13009662722804952,-1.2641620878471638,-0.20842505639292958,-1.4756845189709689,-1.154901550358075,0.805793787256067,0.08276504087947928,-0.14970660319221085,1.363776017332222,-1.6161544892239461,-0.5822891867783985,0.44023276171044956,0.37879472165241634,-2.494426146061031,1.064748325034245
19.758415869686573,-7.014244454900907,-2.7159886865648297,-2.1700763850410034,-1.1928421136212957,4.127386637619823,6.55568006821522,3.3176732240134656,4.508318230034753,3.226023332279657,0.594704316883832,6.117855631007632,-2.9967175580075684,0.7304394636253639,4.278287193352867,0.8687996245983368,-0.4931868866786794,-1.9754901489309236,-3.4893481366200847,-0.16994402878583315,0.06190823079934352,-0.41528851930890087,-0.2945208362107108,-3.4103469347368502,0.5607321744254087,-3.9333756607676005,-1.1471784922704753,0.4866570769055473,-0.6767115453879429,-1.9912414970359016,1.276145762082562,1.078597550230423,0.03760977802444343,-0.3750482480768127,-0.5975087685770082,0.44056960405627876,-0.8670970400005527,-1.5124008199815238,-1.4283658128432746,-1.6625731631533527,0.27725974646307394,-1.028919930278417,2.155743749083651,-0.5913632747208559,-2.4061705860719473,0.213730859391134,0.7848797722220038,0.593946641499866,-2.0166874265567936,-1.5864830408763027
3.7500872332157287,4.8959456204199805,3.7148354248788618,3.149847879827429,-4.027472649202477,2.271829260541572,1.9343924782137423,-0.3501565180332935,1.5646871348866924,0.4144648462571964,-0.04860041990109845,0.4216702407409738,1.531226688042844,2.082044605384756,-2.6285017967920656,0.21854034717856452,0.3566595034098482,-2.079044464902828,0.6514330032353415,0.012223920319996487,0.5703674799788016,0.05884452405658208,1.365846104303783,0.5663472007219946,1.0979956028945224,-0.3979366526265729,0.21457477629146998,-0.4952404280903309,-0.6806318451510271,0.13790233614273562,-0.24728475310640247,-0.26438680379933,-0.36433279087487136,-0.9401767202033432,0.5703914666612334,-0.3002746819566574,-0.02715623488317853,-0.43988171408548365,-0.8794278197852915,-0.32497392663329927,1.1125477613165442,0.8608983649566113,-0.2528375033610548,1.3783080785616768,-0.24380864719707696,-0.600115465854355,0.5829845782880639,1.6561343614385193,0.8892183981117425,0.6761424296552275
2.556159714553781,5.986238024841023,3.4724556866411493,4.815924510566434,-3.985050885132112,1.249640169962142,0.0335015108668717,-0.3167695290023326,1.5890343490643701,1.9395855121792713,-1.4212876815291444,2.6799253035137314,0.2688909341119366,-1.5334894773313057,-4.114534695120904,0.48519785065313326,0.9295796733922926,-1.0013915101179203,0.7802990673310193,1.3819447945205976,-1.0292676132480367,1.2541212266627055,-0.6450582536679346,1.8064130522572126,-0.8578280907748717,-0.32603748511767117,-1.3407869539481396,-0.3629126935343891,0.9224045210042651,1.8167892802193606,-1.142741320323799,0.1459064379548603,-1.14124571325132,-0.0838870621428123,-0.03417821844377397,0.4411960795274352,-0.6334125937536139,-0.07400569217398245,0.4270998113185698,0.29372325822160417,-0.37311066972479023,-0.016173080707106546,0.5496578672404451,-0.32112015767588553,0.15561582796538193,0.4663720575461613,-1.0172681232647505,-2.045357240762616,0.2525889809229509,0.757554513157742
2.1201398872906103,5.046280925877637,3.0664699448827233,3.3419378463712164,-5.0176270856653735,0.26513598882783557,-0.11412548457691496,-0.535780603317075,2.4091089844331934,0.5313621903978272,-1.5063697671152663,0.3970689905531968,0.75334947261371,-0.9192803896740902,-1.1617895333882418,0.8587668156466406,1.120687317327583,-1.4258866226109943,-1.6076846614361748,1.7505678866913974,-0.7366978749925368,0.09518113625580893,-1.2927650985968868,0.9704272349024711,0.872131934273014,1.430419442802492,-0.8790551624955975,0.09857525326914685,2.7567900332532655,-0.8629587523199481,-0.7422169476723237,-1.559521608409637,0.06763283848870164,0.08354121564579747,-0.24594393462402583,-0.12845924313186075,-1.5571438044516763,0.30056764926878676,0.6134746920124055,-1.1327109189130176,-0.6772909759877161,-1.2002424876722269,-0.7860414021218713,2.2381844351507603,1.3037205814592545,-0.610948043942949,0.4648147058365145,-1.3057367054687148,0.6808946016987161,0.8423097948731744
6.044179920064277,1.1288602855605738,1.8368600089432885,-0.31541317130501617,-1.5842003159654374,2.432805783747858,1.0330556524010808,3.761014521399885,0.5008733490389484,1.0035742797866491,0.778900084477181,-0.505664157341227,-0.6621749278606487,0.5471332757452217,-0.08209110165560685,0.7302511898618902,1.5753469106087932,0.8603673260439508,0.7197055162480617,-1.2619528811776897,0.4466759924373474,-0.7678307291245114,1.1647582239002638,-0.04797538356486364,0.45614854813296635,0.10523968334846945,-2.5201875034637506,0.7091929414384923,-0.4875435742153247,0.49257261739512065,0.510347346403744,-0.5486778057966065,-0.5387192685088558,-2.373387054660673,-0.35024445421932004,0.045376868221443434,1.614927397621637,-2.1692365605321573,0.6784248717728256,1.442380591065131,-0.04892122322664805,2.053487403964015,0.6911954306222142,0.5168791116922021,0.7006341164183495,1.5844513519704886,0.5239245143009101,1.1199620133328407,-0.3506931755051816,0.469777823752628
6.111939180496319,5.324365644214859,-1.715847303836838,0.46999410289815735,2.654736639239128,5.775819977373562,1.1084620544081338,-2.3143755716079926,-2.826889921874946,0.6597178646113607,-0.0322388634649724,0.7713700921319783,-1.0406195328664705,3.2781475021753383,0.707853117178028,4.795733230551356,0.07194595711626099,-3.3868586262712985,0.9209659637579651,-0.7274936750480109,-0.5873916418208023,-1.1155776719550523,2.8876636583855997,0.14485458378104862,0.8706894898519882,0.4720724835979451,0.6911971789546674,0.12909989820524143,-0.4942650764924823,-0.23256367390627436,1.2380249092629994,-1.1723663768789885,-0.7205416754806967,-0.2378218891903819,-0.7385004870077849,-0.5003908382108444,-0.5990945322706706,0.4912773850797153,-1.1566919476447743,0.24603777538832083,1.8864012235558738,0.3043905862060373,-0.666511821404173,-1.6253888841403372,-0.2551739285923853,0.1295079903400772,1.2031792133255157,-0.22834505322296295,0.027892724439918096,0.9975693167116594
37.603309441820315,-3.7022611597691673,0.4812130588402169,-0.004231845451150074,-0.4462962576743317,-1.953649189318261,15.063722802402527,7.96903567249027,-2.077079152638549,-2.42803708474028,-5.855059458071939,6.034972197587334,-2.508955847183065,-0.9023683124764225,0.1829796929243923,-6.170550579220846,-0.49461162379110934,-0.037989468174300156,-1.5827719306625418,-5.017062260342265,0.13104996074860709,-2.159925524487333,-2.795175328503196,-4.044927856854264,-1.7475777586306949,-0.6474167294651803,-1.4712281641503446,2.595358588053811,4.761934210818891,-1.9655484676172796,-0.8483028430440449,-3.6028424355868944,0.013432221777094688,0.8208106995322539,3.7158697501624522,1.0842703177967092,-2.5567861830910594,-4.458925033174222,-3.635605918811397,-1.1269460045552173,-5.789606008798776,1.3857245583484399,3.1369668126280628,-0.6248801517846659,0.5552918764786816,-1.3842823097306014,-2.397087588092055,3.4926522030277347,-3.47046692046569,-0.9369970050877772
3.232692771796379,7.14660396058078,5.312764014828337,6.441898454810883,-6.801978022060605,-0.02313023657627189,0.7111361450994403,-0.2590398206712502,1.2912275288158777,0.27106136564551697,-1.3208545320397107,1.63362825124169,0.2299177791475051,-0.6234496794205098,-0.6456240091906631,0.005602210657283779,1.9302332284481918,-0.007456075409880355,0.48202594588336456,0.3714193121484285,-0.6154971392497164,-0.15479450604549083,-0.7210241472071537,0.7113533954577418,-0.3050328869084762,0.7886002726806561,-0.1998014268604758,-0.18895496062382222,1.721168898220243,0.08786705174303633,-1.528466399407803,0.6065600514364529,-0.2549793310513393,-0.7929599847361921,-0.7036809300549841,-0.04635773554664065,-1.278089415560969,-0.23538323881467105,0.17138819742756067,-1.0647315405416165,0.8647786972309851,-0.6169751641319978,0.6556246546672835,0.6349439966264788,-0.4871763651658813,-0.11987776236308847,-0.8971917781650229,-0.05524248504845308,0.05689088278387357,0.9251851298839469
4.851574287584429,-0.49520788784039715,2.097815016836934,0.6231887131799638,0.2650244417956294,2.327600045282093,2.225651140962313,0.5136011111030266,-0.8046715183256158,1.0079300514109681,0.8815444652416979,1.2307289295324524,-2.8113303728555477,0.9741440322188863,-0.20509570993721465,1.969757833780564,-0.9674543730918063,0.28152761759713185,1.5066468099423553,-1.487075779117937,0.34197250085224007,-0.8567413678949067,-0.2128303268231729,0.07281720925962963,-0.7008268038925836,-0.5880484144261305,0.8713521113489264,0.34418177342303613,0.3791176888017357,1.6587904972344516,1.004723266025676,0.772631531195102,-0.7252452403589675,-0.8670468093567196,-1.1183642909213536,-0.9756828290628667,1.8803721084253227,-0.23808392451455176,0.3709706421888431,0.7766379664468477,-2.1907263837066573,-0.2248756199917905,0.8548290315428781,0.9228841346756257,-1.692829792977687,0.5046952338761568,1.1019323856490666,2.420619096011268,1.1273217682203291,0.149637961042421
5.73173020470679,6.7500015123789785,1.9896942426203004,2.4784147074174374,2.193443527200466,3.7693871825336625,2.149521543234575,-1.1259366998219542,-2.216904912474618,1.077786093903217,0.012349983353133281,1.482551402590897,0.38212948926722884,2.8689748618788906,-2.4254097131633543,0.5764700617119018,-0.29766173195895645,-1.8167858150642768,1.1031265257241083,-1.3044952485409629,0.4640865583207223,0.17247800052543052,2.30223730466072,-0.6680732364107398,1.8120436910969333,1.5677908273904428,0.45206853307879435,0.3029579541675095,0.6782444028999184,-0.863445327331557,-1.2133107479844456,1.2866888940895116,-0.2826959538767439,0.7906039543981911,0.6763348813015435,1.531619276117295,-1.501266975341055,1.9760834777844019,-1.5122864649657337,-0.1137809345401507,0.8838325711161827,1.3192148756909732,0.7715934283652056,-0.45627444567557646,-0.3317351678487229,-0.3585435639437513,0.4382093284882658,1.0450796676744363,-1.194816800635587,-0.2872286626032327
9.691427402215025,12.939361648619112,2.255586044192233,-6.343209148044464,10.837827989088412,1.0842494983499438,-6.438915220820799,-4.743051257681283,-1.2690636874897137,1.1764969473618736,-1.0958944081346629,1.5259370457664263,-1.2637428240415198,-1.9103662286061325,2.163822210221998,-4.029075885648866,3.6592265845746206,2.362314968949094,-3.3738128504338585,0.7207564437258679,0.01041876327455421,-1.2814997186275108,0.362479326800704,0.8072100954969387,3.0415007006928754,-2.5206734435682883,-0.20527217923374308,-0.6220777100535301,-0.18362908150275659,1.0883647307496953,1.593113164619338,1.7097067632327274,-0.17450904611258145,1.0800601468240483,0.6253880765593861,-0.2034530589267113,1.4144477764674925,-0.6472419591159473,1.9951640066350609,0.15327342135326028,0.7143944542459696,2.3320079895392203,0.4467362783783798,-0.21889767850091868,0.7615815117623694,0.13899318090102686,1.9990059636472963,0.9280258354565863,-0.5528634567036419,-0.35439116249664754
2.1586259245948716,5.202057471297359,3.9200572404369827,3.4593741500994453,-6.605340286584635,-1.3531957228414337,0.3921692790898917,-0.4546151957771296,2.461603072505047,-0.7644270201828712,-1.5562232412851893,-1.035965149893837,0.2713194231388796,-0.46580635819725513,-0.05907125728583851,1.1378990396768072,0.5819788907796858,-0.6934293388257643,-3.8778266978582847,0.5153226079514426,-0.4866980118844754,-0.34450477580594285,-1.4390875803486207,-1.742775914100761,2.722385607489755,1.5746576699513017,-0.10869645952166529,-0.47704128236596316,1.8999343118811174,-1.196469845518827,2.8204268342118377,-1.5434841059865383,-0.39135414382867156,0.8208534393930909,0.39097334487337343,-0.599970786878929,0.0003153555561824506,0.60157688293421,-0.19818702985399372,-0.8913839831358804,-1.7745481379715942,-1.4755893688218986,-2.7332610682347913,1.9334053913575624,-0.24819245950458524,-0.4782070188372919,0.25533927864282646,0.44033373831034267,-0.489032861473334,-2.2453633780920224
2.792680482269534,4.161584166216352,4.908007796757668,2.902941912442002,-1.2428469917562885,-0.6803038084920884,1.3009070377673158,0.6440685004647687,-0.9451419340669907,0.0074373687199072586,2.838067713011725,1.786541173232409,-0.1461595162090537,-0.4456615567207977,0.5411293245216795,-1.5334248857977195,0.41381857155499807,2.8298953268290687,0.23255936916775055,-0.02406920211700076,0.5354121870433585,-0.6812514511125846,1.5600871601639683,-0.4844210351324104,-0.8934430715810683,0.7170294369445567,1.6665427357178126,1.916549040378965,-1.5847581365188592,1.6434947456188451,-2.4695249872202676,1.8024946352933704,0.0664884684101226,-1.232573807864896,-1.5967563550756219,0.4748077818843182,0.4317108376531187,-1.3944470665771203,0.8178729103285849,0.6701706742105872,-0.3423276438809588,-0.9537535079201529,1.9719544369357904,-1.9861491802985205,0.5932637568628882,-1.3450938959382324,-1.5907685500402113,-0.20241186087613633,-1.7984838750966625,0.2387001113944917
25.09987933237535,4.272010162745878,-9.228308664376408,-5.32173769524565,-5.173254060290353,4.976408764205108,5.503882075338646,1.5103047235092137,-1.8695019202969647,-4.164405444192685,-1.680346207424943,0.10379248107329603,-1.440740752295453,4.114216404184474,-1.1243006442976968,-1.744243414481193,-1.2340092661820323,-1.2371591145167855,-4.124803201870087,2.576512963054595,0.38028881167238504,-0.6092836740390577,0.19967876162132675,1.18010206726848,-1.2906341017444303,-2.1933021715207093,1.2903672817418514,-0.8467854138812585,1.216575021463253,-1.6269617493964046,0.5221597120320627,-0.23038733144651868,-0.4570986679240723,-2.0857306691588384,2.8626365638961246,0.15806317529110148,-2.1637437752721587,-0.4020912858487964,0.6010685551633121,2.4158190094878984,0.051738927728045114,0.4599437511269351,-2.2224625492518864,0.21263626796969012,4.69359826159751,-0.5183196254456323,-1.283145299353463,0.8472159815613338,-1.870793917807728,-1.1500960354447813
7.300750750446311,-4.829422666200473,2.440498051778055,-2.327027990028629,-1.5043567026946518,3.0211681173257556,-2.3082133447207376,0.9388924520223766,1.7403289851037373,-2.231489352496488,0.27888250215549387,1.1396109010941398,-1.8019453418602893,-1.4080398347500518,-0.46297577213759733,0.27301541498973436,1.3989515891027746,1.4878731168606567,0.41611370358324345,-2.556310747140595,0.4349184764346065,-0.5411178008545883,-0.19862977506198454,1.1517529782894154,-0.4255711596424461,-0.11747437622378798,-0.3077334859024497,0.13739909606499567,-0.16119398033421495,-0.8679005778837936,0.3954730294794404,0.48807593555173123,1.5732837360595922,1.965293906002946,1.5462005088139474,0.12330360502678545,-0.16025130496260248,-1.0562975873479419,0.10663873245146832,1.964009945863064,-1.3232546377543044,-2.5284411610109983,-1.4128644607752048,2.4794567196003086,2.1127242567960596,0.9099776068108294,-1.2164767685211402,-0.5599651435188102,-0.9817043245536566,1.3565839498060022
16.157816742633972,-1.2117162779699022,4.217597466391734,1.6233186915096431,5.847726346666303,-6.047071420481864,12.295088715807918,-2.586985431263888,-3.07885809289558,-2.4014886852601833,5.863613991207137,8.967936855645544,-0.23740788551598352,-3.348638432878342,-0.4453447859062174,4.418884359005117,-0.8337996367126402,-1.3199368466548766,3.32878848891281,0.5518208662984017,-2.6045709513507567,-2.592779120432433,2.627846780916383,-2.9776069905344844,-1.7314095230748916,1.5227143602333344,3.2994715161864367,2.5974602031268104,0.15004326439783888,4.324498768333518,6.563592411542778,0.042405194050197936,2.4230210161558565,1.0623474561827286,4.369579173069296,6.434968948474195,-3.6467276813976057,-1.5991268227207147,-2.285702499272589,-2.0425419704613916,0.4561257323803357,0.9708299147150445,-1.5818812897597714,0.48446755329524777,0.602762791289298,2.829719505833779,1.5263215460512536,2.8046767399714474,4.5799680311546,-0.5370442257734841
41.86477939926039,-12.902793498797118,10.465423589887413,0.6938188165927742,-0.322674709814613,-2.254953713173105,-11.107261375855773,-5.170976443709832,-7.352754876764224,-1.7975017577690888,4.066804894846933,2.374739739518871,-0.05386248697095186,-0.5482691731859648,-1.9115776147285066,1.337446288946718,8.954527917560318,-4.947644424940571,-2.2471798432555756,-3.024676943911951,1.9955012213613237,5.057987131879613,5.026384063387683,2.4606623075183727,-7.139013798998242,5.698381405428545,4.770951122367094,1.0563649387296201,-6.968603822668627,4.727184840333031,1.2248399782072061,0.11958310771844444,2.6361407402594463,-0.9614272577180745,-5.901239814564287,-4.086843779369609,5.517293963750982,-2.658335552431391,2.3506794559471262,7.1956495106726654,0.46271796229045237,1.4539251514872282,-3.1830695381358245,3.781810961118594,1.1617032999580112,-1.3921434441588763,0.49741013425932523,-1.776784011020445,-4.643547380454693,-1.7248957248093117
8.367543336916388,10.97300148777081,2.654965092824022,-2.6852363512099755,7.3926204039969665,2.1062757153022855,-1.246163255982487,-3.2801111772275746,0.44476864924951165,0.2154149478523349,0.6190493139493867,0.6419834426858825,-0.9967882728533213,2.2994658536291968,1.0039524288361885,0.11375544282142114,0.1313281825861079,0.26018937519849966,-0.21116736428907434,1.5031335332610336,-0.45114304590626686,0.1934879254478962,-0.20500226584560838,-0.420618852161175,0.32342717060178394,0.09748482928049118,2.7849311701297985,3.157954397244895,-0.03768888820357613,-0.5211936018109488,-1.1202419595381143,-1.3721160066053777,0.3373808178771317,0.7550437429969283,0.4415455978646331,-0.5818024420762504,-1.5880655011683094,-0.3098993809540146,-0.011435506039290355,-1.236594597191186,-0.9019325076760335,-1.0095591311596424,0.06278525057682638,0.11054799181784317,1.149513855713509,-0.48926459492648394,-0.04826193177958504,-0.2145081693383582,-1.6655396384818233,0.43479677043064596
9.350346453599052,12.928060700130718,8.895311512322293,0.027089884833025435,-2.161389783667175,1.940548712293154,2.1475779352253457,-0.6268029825016368,1.276397330915311,-0.7391376328828851,2.390243332931452,-2.5587534142595967,-1.1863530898693802,3.990975321204713,2.709719734130939,-1.9472941565129807,1.2546225259626873,-1.0843793130929378,2.8950698051288093,-0.1429604106144355,-1.740334397075091,0.32609089159879723,-3.3082806042639996,2.8808390131126025,1.2719891224522986,0.18395874936199963,0.6585747522768809,1.6114291272002539,2.1068570478249407,-0.5091583306598202,1.1861453011998386,-0.01317651444102863,-1.0171421761389767,-0.17406882287594239,1.1228026775105906,1.0041477052849408,0.04768625787448408,-0.3169162023828148,1.004400758218694,-0.9130162482529025,0.03083065233281812,0.09285437338853816,-0.6149381720088581,-0.285806284662282,-1.7966694893548754,0.4546797982810226,-0.6544459326912959,1.4106780541971435,0.05202700790058842,0.7080699268326356
25.97459831848151,-12.11416356026448,9.154560674129382,-8.056603854720679,-0.5119795080605576,3.9381150657974313,0.8200516137391436,3.792078636965213,1.4470873612249018,-0.08655622233810789,0.32997485258831105,-0.4669056575101907,1.1539102271368376,-1.8571139000209698,-2.0395744224752677,3.154351425383033,1.4048807186563208,2.0163719223800585,2.0392636332180487,-2.085162275530449,-6.214178182917598,0.6262139357439296,-1.6978750006209757,-1.981812609546597,-2.631100682530224,-1.6770008570314665,-2.2351304895123447,-4.954781537159533,1.2186411874030831,-1.5729077855801754,-1.8884039081627437,2.664116155010813,1.346144730274139,2.079417882103079,-1.0284628417102315,0.4848273999863876,-0.53486214590898,-0.5249257053467867,-1.1018846030429503,-1.2833331168643207,-3.281200561220154,-0.0729528713146258,-0.14837596693775001,-3.5392619156323457,1.6167724383651105,-7.558876774560741,-0.785439500660855,1.186276904539478,1.683660116472117,-1.056949667529259
11.481722176206503,-0.761708585133533,-0.9518793500948539,2.569716327276732,-0.5775427269925848,4.11116493386383,3.383452634536917,1.2763871797718038,0.8957812755361814,-2.7281328226902706,-0.5682270360371514,0.9308732416096464,3.185851206961178,2.0904176537540367,-1.7062524840771702,1.9978648787500526,-1.4029512471032723,-3.4919262797661847,-0.34575674815332663,-1.62858635609753,-0.518916326744282,-3.116444406195858,0.30016016567840065,3.5429281992316706,-1.86966997690691,-2.0739748340124757,1.5792137595340519,0.10685223253581433,-0.8976789175634217,1.7561669947844636,1.3107450611030615,-0.8527512804265568,-0.2199160150805608,0.07381157748980785,-0.06525184884466922,-0.8138952697756869,-0.4395651374892068,-0.9528551922209162,1.369577149351655,1.5066482260243923,1.7776996863649874,-0.4513442412125822,-0.06862761752999169,0.010524075769685219,0.21650566713575153,-0.02031719958060957,-0.058692701153935545,1.3636280806535308,2.233407783164333,0.1857165020551872
3.9406954713093953,9.047017161441175,7.047845406682412,6.285399605503293,-8.211175801171088,-0.3855856681744405,0.593656898609733,-0.2873041373209431,2.955920068803039,1.8212449982221748,-0.5488282509656226,2.9199126167144223,-0.035409650849863805,-1.9551491133829102,-6.436395235952032,-0.7117257214543747,-1.3570492373708314,-1.0729314672977825,-3.442911067487558,2.260255660264789,0.016207381924830108,2.6101901881531777,0.7849055528291594,-0.9419760456174411,1.0570273933802574,-1.0252558677986896,0.5763992830975848,-0.07999739921411586,0.050546184623342705,-0.5637864771211104,-0.04421384361435665,-1.003665452666781,-0.20535652697612974,1.1394891195701171,-0.1274015690711889,0.37814005930353434,-0.2513018185749606,0.43761857310969987,1.0749117762145473,-0.5262306093172651,0.19381333155031338,-0.3863282131322112,-1.3361459319222,0.31736204695907555,0.29305069734895395,-0.26199237850250406,0.7460704089175141,-0.737126611666217,0.8820068986513754,-0.778222286452641
9.843705958644737,-0.14119153077250113,1.4584121680243154,1.0615826365011987,2.2387629080210196,2.169096711365002,0.7699784635952718,4.88300843091173,0.6025492991377441,0.8693123166902661,-0.38558650349266393,1.6212664622826536,2.807487991803961,0.7970787982567832,-0.8445280688052786,3.077818994805391,-2.1930053719778044,1.6630019757655603,0.12435298018125646,0.5764437007105129,1.1524991531067894,0.7103011258270266,-1.7089524251836314,-2.9353985662126485,-1.2423574356447022,-1.3042443729932311,-0.4402929780161552,-0.7109663413126257,-0.5928788754951293,-0.6900023197685711,0.18987193683739623,-1.345535542304186,0.49068402607781547,-0.4786470748584742,0.48414562661422944,1.9651636916562687,0.8196142311065843,1.4997395954794321,-1.6281112612078177,0.25345144501490396,-2.1544175565690513,-0.2912016850488872,1.1152268923867341,1.1582133341847738,-0.5904528723351042,1.7409228947705124,1.5775377602385876,1.6291817098105479,0.43456990211660806,-1.1919766733721553
2.3159660911041278,5.210395057072356,4.502217481289649,5.080178499928928,-4.844310358275334,-0.3206140850814691,0.6054597616504911,0.30614555084411826,-0.050373418870234804,0.2763823026844537,-0.424019239636855,1.106766805957502,-0.29748347151866106,-0.5367462060596597,-0.14652449977026438,-0.26800429374202417,1.5806714670663433,1.10018248085864,0.9113754367119146,-0.07203166196532201,-0.5203020541039036,-0.25894754703003375,0.3633504050249573,1.1219601447895209,-0.036867804290177,1.0429656887297898,-0.4783168045188534,0.04831730140380816,-0.6698277454908161,2.064327500393312,-0.4953388387996399,1.9579945279532684,-0.6840592978403476,-1.2893270666435417,-1.3757417539692711,-0.29637785298962144,0.014157114650785063,-1.329291846828518,1.3190896450255782,1.5219857504230174,-2.1847208476115054,0.0002802021736238447,1.7663568593501386,-0.7454859313222999,-0.9042539977495507,-1.1267544968955394,-0.44545246026007507,-0.4966914565555045,-1.7328600456400416,-0.4544697698725965
38.93375301560941,7.772398527522757,-4.778104157568979,10.97299545393278,-6.306610905180607,-6.92673041276427,-7.677063691922307,-1.2594830286767444,-2.086312692650004,-5.190090401693444,2.0725342138576344,-12.002704904622624,-2.0398273558199387,4.231000740981306,9.439368191087857,-3.6907115882998696,-10.231026317693537,9.016362084927458,-7.95593668072712,-6.674442682212793,-11.588116226468854,4.30106103497429,-5.092373777415438,-1.393084346910289,0.045360121383532626,6.776577205171896,26.545201597156204,-7.54953638952831,1.504781965707207,2.193595883094385,1.7717758669694645,11.339775912328886,-3.8250737970642774,-9.62380793636952,2.1350953988850065,2.510075226232546,-4.25377856201642,-3.9338438443507084,-0.6877978501050865,-0.511223391824654,-4.368353607099335,7.1574408279380375,-5.877571704907337,0.43329779674216395,1.893037630459239,6.501131059233629,-2.103079529030889,0.6873306836389952,-3.557061665161774,7.031377479861252
40.790019432617626,4.385456325593635,0.4085610069513672,7.96603016544702,9.680818506654715,3.529892990949952,-5.207892513153439,4.300163947920745,-5.456831792346289,-0.5771769203604384,1.942166397192812,2.883090867321732,-3.20511330911481,-6.409044747807067,0.8089752830897563,2.068585573319755,-0.23566293007500083,-5.348807251571359,-1.8956534860142056,-4.062832459275661,5.477825434965041,0.8129518682570303,2.4285990318359607,7.418123152381456,-3.3159618331021288,-1.2889125335467861,1.578743566837559,-1.6302158052321905,7.047736219145943,2.5449591061647636,3.165519444195078,1.2359341044236063,-0.286014686468109,-0.14231007567063614,1.726715965906075,0.9458283615268082,-3.5052834330189575,-1.4002779405114443,-2.431852663071443,2.06434442652088,-7.25806701567311,-2.6596030211031185,-3.327355655525368,-5.72587664406775,3.4730527166104217,2.7512795920003503,1.3817024649431067,2.6708777199295044,-1.2894829339629643,-1.7718936888541164
10.826854060563425,16.74948667213525,0.34893143705348156,-4.953666461848989,7.552502821639147,2.016657075706182,-6.698136462506461,-7.1249630433257085,2.9493503237632517,-1.878911202528633,-4.298455712144712,2.8035195196650133,-1.5358022559114275,-3.6106428786076146,-1.3330635493672294,-1.7579609668469902,2.9738053509841977,2.623839129396767,-4.843335133203736,1.4013631234622166,-1.378027757873342,-3.15855241669132,1.661236861269694,2.5168908500806033,2.663220534561683,-1.5516761353065238,-0.9598652834319676,1.8099202708841313,1.2452264672762623,1.4584674770807846,0.6006434882661188,3.342579887485986,-3.747203888213572,2.1783547201610878,-0.4534344169252177,0.6137022536943362,2.582660490114602,0.1491042272655907,3.6533304937753592,0.6751863482158602,-0.32530483579345887,2.457695241141499,-1.3798029406797148,-1.991277944193077,-1.2565120033958523,-0.045587683786765226,0.2306295907344058,1.3589465685595306,-1.048771116489768,0.9103505185717191
35.64427965930553,-13.85043167355663,16.533590117104158,-1.960097290522756,5.925375351267654,-2.979426447323532,-1.3539942986868232,1.7517602367723986,-0.6162359950645018,-0.40633755405466876,-6.208656527791915,0.2442562179175507,0.9343405167343761,5.629488643002163,-4.246848292145535,-1.1771952181749632,0.8974451871370974,-3.029187831266152,-2.2065478467414925,3.8280071219340184,-3.6130003516200278,-3.1497747967395795,5.281748046725806,-3.30138377243375,-0.6551017417551266,0.7669056827367551,1.2296967432495398,-3.5610464286818915,-5.036666602198767,6.196596147533293,-4.363588898436556,1.720138037702419,7.698164545896854,4.602752831145429,-0.6473140098520508,-1.1343420393699033,-1.1514535672843569,-1.6349976121899958,-0.7942822886687262,-3.5418798393447997,1.8579462628281933,5.137717950143564,-5.443741497816141,5.843106873797618,-1.3690432544035263,-2.8093133162244057,0.10473858440365869,-3.696850932359288,-0.9829325365094346,0.49691522113017306
29.7106101184448,-8.513089665328755,-9.135246822872626,8.997568269645505,3.4479973223309206,5.025591743635506,8.939079601130912,-0.9499721032944306,-5.179024759614445,5.925030398164188,-3.705198684070772,-8.26582801314483,1.365440677597666,-0.9157800126022,-1.5067533339845125,-4.954286346070164,-3.0772686603615167,1.3725408135969865,-2.824189819416552,-3.2691457991809716,2.861062010024984,-1.4000795633133247,3.458367127480619,-0.952962575313888,3.6043392457922443,2.482382363028056,-0.9459423522711023,-0.924890221783879,4.793597791366319,-0.24891574217041013,6.364196024146169,4.431338366420068,1.1860054816178265,3.052423338159736,-1.9713650358952226,3.1865524062396866,3.1573816470063663,-0.26214275847604707,0.8134972248538578,-2.9090986485191346,-3.6566101191071025,-2.8868441590566443,-2.3369565840798923,0.5925836565222017,-2.271591392812481,0.16552521537096854,-2.0588258094158807,2.0546552061406134,-2.7111864205090868,0.1458843719273739
47.39441616544934,-13.09704018190227,23.264320500487948,-2.069687651109816,-3.345176245916236,-9.298392640389043,-4.694853351652324,-5.2409662938522,-5.005936081088704,1.1794682074645655,-4.317206434505399,-4.5837148606242835,-0.09493458574337166,2.358176695016722,-2.371963395944405,-1.0482426571967824,10.024873978994629,-7.374807003563894,-8.44198390860188,-4.732134745447317,-0.5372408058962443,-3.500537257748183,-0.9791061973368345,0.4443759779916687,0.17598747161110778,-1.0730573343994783,-0.23234652003965528,1.1429809703936542,-0.19868538174572226,-2.240951757736912,-2.7384425912224497,0.7122321000138245,4.2385858141773625,-0.6582837880046295,1.8796489083903984,-1.1281322536914025,4.048816105845557,-0.4005304745893636,1.315545556731794,1.7712747906199153,1.002594120870152,0.08427531774264985,-1.1643785771745316,-2.1055211555018594,-0.6199683863946676,-0.9485480965687878,-0.7659206558023761,1.2617596080253584,-3.4366365305877244,0.9002176037159022
20.41122466845416,-2.719137673269585,-2.66576845695967,-0.8229450250929321,0.7073845632894443,6.205262405916912,1.1721205364491023,11.596544739571762,-1.535029634569296,-0.2739525717735143,0.8157832806126082,1.0477013702713895,2.2384869645792467,0.25930512817415086,0.8313303454395499,1.0834975765175991,-1.0582989214529774,0.8074303279532404,-0.8446478987045841,2.9838176972292123,-3.8191387307494957,1.8883197479969813,1.062866328855037,-1.637824937443234,-2.3970242498968357,-1.033027668535069,-2.8837425655870104,-0.8649915088857579,1.0219666917807297,-2.58323359923606,0.7337196545937227,-1.6023674993712813,-0.926911395968001,-0.8589105544336211,0.2778993193279776,0.8563248904875527,2.173282978312643,0.9242419996034559,0.8224168064640562,0.11807810419934073,3.081042011769388,0.5136066429418569,2.809934653125666,0.9082757050447576,0.010950959590118381,-2.863330109287174,2.693134138537001,-0.3889086917156793,-0.9137125856841407,1.944893971125843
10.13220424159683,-2.533436869417262,7.725121619808781,2.977784820030949,1.0573140899381706,-1.7009452904740545,3.0343563157651436,3.1787338699510204,-0.2674457850642182,0.6123418734526012,3.969271097518616,0.23106815190661778,-0.6375990632260311,-1.4283105499677733,0.4488337573655552,0.8515298335740601,-3.4069495815629622,2.2503533153515587,-1.888205838002457,1.5232520163251122,1.12173181864175,0.947882948112104,5.686039564698436,-1.2157709647158834,-4.111105451236851,-0.0013690376008870242,-0.170916462759358,0.46604718895398867,-0.7662428333857156,-0.008915943770492776,-2.8043609282877124,-1.1224430723958037,0.18857031118527456,-2.029573726948587,-0.9416590687688153,0.39849238404354503,-1.0812079683249054,2.121671910505044,-2.380727332501666,2.0306700478080084,1.3731830074082285,2.8250379673828707,-1.5164083420523686,-2.859159742588786,-0.35371044425181314,1.1029748212914436,0.17017019212643103,3.0854283047612743,-0.9373056602118067,-0.9559058049007034
10.605276530046948,13.856236623023932,5.286788149680013,-2.673443592101133,5.564239561934394,3.1750160748843137,0.3131281141458847,-3.1069309478465708,-0.2520666630982651,0.9811146564460356,0.7699877543749982,0.31859903433620806,-2.7313655678511672,2.8257472460068884,-0.7096019247854102,-1.6946706427243545,-0.1585236463653562,-0.5368419864259414,0.7353801228637422,0.3416935191151092,2.132413892919947,-1.0926728295987769,-1.336349946813275,0.7920277861579017,0.17852700683401201,-0.6957902401310754,1.0371472695234347,0.7547841577419893,-1.5724926536508572,-1.865513110290517,-0.202513812608612,-0.22130335701543596,0.3928385114699756,0.5177213389878528,-0.08635637009914221,0.6314248715615736,0.064408291152031,-0.9127874495481599,1.6150138737243642,0.2995178192788616,0.14769147438543284,1.2898763665960518,-0.4274043181548097,-1.3567994148343003,-1.2708980441106998,-0.172417325786325,0.9164857373957197,-1.0324334937138073,1.4855473382943662,1.6109156718466777
19.567817541448626,1.0565831886459216,-10.23705930978333,10.55631026649933,7.421393837426812,-1.3237308968567028,8.381386278030503,-2.777680129688844,5.766872926567955,-0.75434019360052,2.3916085414044197,-6.873408623099451,-0.34159124025777376,-0.2544312638751812,-2.609927092317758,2.687962266819155,3.501955032910743,-4.4171412521109135,3.7416317663532506,-5.585841416302322,-1.6891833966505803,-0.4632352858957069,-1.67834386309078,-1.1691171657647828,3.4635534344364034,-5.102046887775616,0.03391816832975203,0.8961721637591479,-5.861103873544763,1.0609592495612779,-1.2626498091207692,1.3911110187784317,-1.1468384783327197,3.829090976720252,0.41085186221151887,-0.34720239539564046,-0.32636817843210675,-3.5895969109696395,0.32668607098538444,-0.35779984151516014,1.9095296880174997,-4.170093511265891,-0.16112487247236698,-0.7614853488757335,2.0560483751856644,-3.1024477645406576,0.5925547689889695,-0.1257390069588557,-1.1489702140644251,-0.8881245198797085
23.53625758808407,-2.1694552265856206,-2.6163778465612513,-3.607574331461427,1.1752233699548273,-1.8075728033640988,4.097442158453689,5.452916253135133,8.838168137248314,-9.04625247156426,4.9323679468171235,-0.10220151035674502,-5.928522583301993,-1.3197248471132932,-3.347718003940805,2.684783691799645,3.36569834966731,-0.49607247181112224,-1.2218203595022197,-1.9072526267932337,-1.5220555423887157,-4.907454780772321,-0.1646532432223154,-0.2687426076770758,4.011522191510275,3.164944642805563,3.024816624280574,-1.799407192453184,0.18373801259892591,0.3355533764529025,0.9645956678465142,0.9540205286799697,0.6056462262047766,-2.784465905617844,1.1150715942119491,1.020623190376559,-0.2741888963915824,2.1161755654402503,-0.7198978387846882,0.31163913096953166,1.2126696382044801,-1.604303817495433,-2.8664812397334627,2.662847351445831,2.1499544781307707,2.5812081255534056,-2.1963338045361733,-0.118708163963399,1.2410635159539392,-1.2326954515626056
30.259722322130234,-8.388821653392911,0.6948807302291258,-4.203831447781412,-3.156288565912254,-3.107546349473059,-2.0686362015191215,5.630986782239941,-7.932513480207815,-0.5559370382641606,-3.497059219916557,1.575721308574415,2.4300206921229006,-11.303682752293193,2.162182706277977,6.473645929581348,2.1249510986345994,1.1908248359132512,3.047439077303964,0.6052659894130679,1.3167462264498138,1.4017097950052466,-2.7275756963932105,3.709312210230275,-0.10012596334585872,0.5834334726061035,-1.0072178712699937,5.768286717979775,-0.46389882829575746,-1.9141861431236682,0.5999490510235321,4.064536757247232,0.31088137903640534,2.5398016351502934,5.07912331089954,0.44445803191489597,1.0923636727636015,-1.4620433535841573,-3.607626789009194,-1.838194229237965,-2.2317894241397176,5.473755324577168,-0.5763125483259988,5.853913397559307,-2.634087265514844,1.2114094987533641,-5.849430641494181,-0.17616320973910282,0.3576577332808802,-1.3418577708206016
2.753135864735739,5.940703919654299,4.899786896330618,5.059858642276264,-5.836554147887142,0.03397554852021607,0.790362542695159,0.237655112938367,0.8480128218808145,0.6895171917212863,-0.8373486401463947,1.0677338604980309,-0.16355406251542376,-0.6295567874453085,-0.8156516765322113,-0.5806343917067003,0.9498840134364943,-0.427849439379096,0.8468621863522341,-0.26838899825235074,-0.3468335349912332,-0.08036398008332973,0.18900235325011616,1.2322212336252825,0.16677438897792268,0.8363834724248829,-0.8620530036526919,-0.24089718057316387,-0.14357868641426708,0.51803893645521,-0.533529191414154,1.1716615572355706,-0.7818989555141811,-1.0015076499593887,-0.3800332994347042,0.2304574861901222,-0.7533998754479394,-0.7766893977568505,0.7892177108413632,0.09747674182986193,-0.5262403216775451,0.23557929611293085,0.5640519977547432,0.9251374736652855,-0.41112071742841494,-0.6259664711293793,-0.5268738962486451,0.41614185558365036,-0.30214875457287843,0.23275159564353987
26.709784651049958,0.6981057726502597,-18.105786341835174,5.043388397253217,-5.0687549461765755,5.361554835047784,4.64386189681274,-3.5893251126770522,-5.804506696205501,3.1133705488577785,3.542459606601706,-1.5359765689115794,-0.42039523132154266,0.21361452323901614,1.1507964544724925,-2.236146242317975,-1.4357230968807912,-1.8803025816867125,-2.5499602119950158,1.4742378046217666,3.897289336765688,-1.8019636371661587,-2.7280695149120877,1.0601654839548478,-0.022021857172760173,0.6945947145529956,0.639590062091157,0.5383080253473392,-2.541665272190645,0.17109393832719844,-0.04988443091339889,-1.071128589974193,1.5670862087566604,2.654937249046516,0.057494249033985756,-0.109316744267965,0.9491475858085208,0.18714826434734325,0.3262917854438919,-2.143529545400967,-0.9793497812558825,-0.1856467680998607,1.0524315401508042,0.23153570966136833,1.933834010844736,-0.15482746797090807,0.951759005362385,1.4689553735519731,-0.49121273627615536,-1.665356902480533
8.775443886483245,7.330816757508956,0.46582934242407725,-1.6703989977842573,-4.740991842749259,3.6970809030926244,0.13827713816540882,-3.181049847902987,4.19533859762707,8.527687128536645,1.3466620315251272,1.4320043572749137,6.466757070839467,1.7925930757460216,1.8229098021736148,2.891556587982385,-0.5548454915710093,0.9161577568193263,3.134657198250726,-2.3819881255156754,-0.04279404267368131,-6.326537651569889,0.37152129703492615,-1.1622461315726562,-0.8643453452277292,1.9487493952581918,0.046406357432053486,-0.577478132593424,1.1035368684254336,-1.1695240814073005,-0.4791547251763399,-2.6500867330758684,-1.7868497446240923,-0.4859007877081499,-2.1304278285487266,-0.31197839635606717,2.356229948551947,0.6530678210580116,-1.2262513989215493,1.7000149480697258,1.0631180685803439,0.4754629073036308,-1.1601360756954149,1.137925075210664,-1.4617303844862193,-0.25016395300398175,0.06103206251029081,-0.3418698715436028,1.301132116847946,0.7362385477949318
2.5960190936429752,4.945076270833406,5.411084039915881,4.620575801904155,-5.636842476722122,-1.8395970246600777,1.760743288323336,0.4514190621674451,0.20221275654288015,-1.3325128999685965,0.4347599980066742,-0.2779150618672547,-0.3983035754720061,0.7135198587121911,3.8530292266282338,-1.3196682523960754,1.772414193557552,0.011796752520507436,0.7953944403998334,-0.6874011844294678,1.0711249291446796,-0.08257913055264154,1.228961954760417,-0.016150444102871253,-0.09137731345318711,0.426422876873926,-0.30826763923143796,0.34588750104225185,-0.1646755915794489,0.20353617063899232,-0.45532751150071016,-0.6158764202010871,0.2399218183180052,-0.3094392283446703,1.1662177754664291,-0.045258936821529094,0.8715306659649799,-0.8017316031061369,-0.7684705255106739,-0.039109478163083966,-0.08228996064473959,0.5347449971553837,-0.4626875474257934,0.48266026145602053,-0.055627704435969816,0.6164947083826147,-0.03865545157115735,0.682764833940322,0.13660018977316835,0.2989661822812326
22.845712478994763,19.66197357263004,6.920104326317668,-2.76067939294865,-4.720577969105082,7.232593942354425,-8.771715477978356,-4.960052397057145,-1.5922693859966666,3.718680306768114,-2.4255252089545554,1.1909259611690988,6.86426797234752,3.3542355893579243,5.137355261887739,0.41230411089340846,-4.413219481452506,-1.4711001536527135,5.28556282027318,-3.0991226505054312,-1.9880851339784302,-1.3116131425299153,-0.01445095125773388,6.773105067563906,5.061686962206528,0.043433889612926935,1.5071007811393544,1.788957708347746,-2.471036408298865,-1.4166908656931219,1.8120999213471296,-1.7544684858035313,2.340837078935288,0.1723706443605701,0.6042510147690763,4.1537778075486775,-1.363533720231401,-0.6647491365261127,2.5371192554499786,1.44715399416503,1.885341503304343,-1.378775896566733,0.05155579492534024,-2.0890561537336163,5.008630533115842,-2.797652952695287,0.6785985088128397,-1.7854184499163992,-4.565230671963254,0.3358211403213045
5.917804897704851,6.571248534041641,0.8520907160797737,-0.1657050121240325,3.6426646233462963,5.279316401562832,0.40829297776362156,-1.981081051719988,-0.11673947839218912,1.7688670807886888,1.049115685315667,0.7184394316860372,-1.41417527273708,2.6409452892469893,-0.8909929512020354,3.017300515742177,1.4023724635568215,-0.6681608858584706,1.8333477326805259,-0.5266954059730291,-1.108551739332894,-0.09818069697382101,0.7053841104569081,-0.24429953567752924,2.5366059481226415,0.9080983856263185,1.0908069135983465,1.4690388487249255,0.6509992466509487,-0.1909407902713552,-0.3279198569139916,-0.19647398923602488,-0.6733686548006892,-1.339831557394255,0.663296935043046,-1.3005424035021274,-0.7522494550395515,0.14183535116864557,-1.4706945448164448,0.43721549104291946,1.1055561156833704,1.6152957693573429,0.044048644613881305,1.3282282290609813,-0.5785777716913731,-1.1739877843049613,0.18730921932176647,-0.6545299693709097,1.3222652890131088,1.1223348674438098
6.695801752700029,10.33895304980916,2.5996944645949145,5.039576468471614,1.005512529002687,4.877950580974522,2.7178843218602453,-1.769651082285026,1.1265294367228185,1.844722778163691,-2.4559538499028974,1.8367317671592447,0.35091316254014027,1.95262556796886,-2.7610684616422683,2.454992481892045,0.936321047458188,-4.121008523555272,2.624832330776247,-0.22070003044639197,1.185305912381326,-1.3576055242191636,-0.7905083301769016,-0.7644772625721131,-0.7421074792600396,2.892489449696796,-0.5380062531169897,-1.3316155032307757,1.4044438145767342,0.265763251748814,-2.6324832828051297,-0.06655783871165047,-0.31723853871589475,-0.44049571873353266,0.8430607365655991,0.4188878620400818,-2.191436676466737,0.11178846674070075,-1.250029806387963,-1.876966035915172,0.557143976090206,-1.022189576517473,-0.25565255955074684,2.528563439026663,-0.7254673281945546,-0.49676671787065463,-1.122320972498354,0.9227051859695631,-1.3808033894179266,0.5911678277157713
50.17965741145288,13.871738922960809,-12.006087530182166,-3.8080254395834814,-12.191756032663429,-9.839967773644847,-16.197077708344388,9.077851470742951,-1.4270008150170175,2.2364168806337186,-2.907305264547932,4.0618311947991375,-5.623934346438808,4.394664445624208,2.3640855851539966,-4.599703447613705,-1.1193392090416097,4.120467408606848,-7.364101726460249,1.7186257777185525,5.0325816635061775,-4.29693419872377,-2.6239909972745856,1.451950052731189,1.8999000741049488,5.874941398181269,-4.517215170814687,-1.2508330275698376,-2.4010784219731223,3.820559759804132,-4.267415646824958,6.117428497252121,-5.669188521402816,3.6763103124944236,4.348289559211215,5.806687956009793,-1.6497530301363628,-0.9028546574434222,-2.4016677929887784,-4.588648612830579,8.547830063159543,1.2876128459685292,-1.7890225939510134,-3.3016688042521056,-0.752116684030115,-1.6496322343951666,2.783525606046531,-1.2450697227744136,5.388172662360415,-2.8976951520288985
10.299256876525881,14.10515127682837,2.4668043897055894,-0.0669104010868829,8.786692537003107,3.9859064719315915,-2.3017972638408364,-4.218788659513674,-0.21382220004976504,0.5476864850743323,-1.0143503517297623,3.8238951200836055,-0.9091831342744245,0.557641330417052,-0.8866875977260102,1.7142416882002935,0.18349935132220363,0.1747069727858674,1.194181904542901,-1.6681198436360656,0.8281124212530778,1.0697830114170217,0.7477712426239909,-0.837218798815141,-0.2458245064876433,0.08902435104185424,0.7429604191038687,1.068282642073597,-0.8745494198625703,0.33561424400100814,-1.7329285895475677,0.6229764098848756,0.2061552023613763,-1.5314355082668067,-0.3975201413753967,0.015624869845309752,0.6399849081778347,0.6202030807838936,-0.27877102319715774,0.9925257580979211,0.08057808106019382,0.07788217046758539,0.8290691700964239,1.548041883773586,1.1391529970797594,-0.4962945016285147,-0.8290548412785396,0.24418697657578498,0.8322471699151938,0.03730417428221028
19.030570344639468,-13.912050194133386,9.218396705876351,3.0861466922975547,2.290135193646034,8.167192644827317,-3.8513623641914174,-5.093969323614396,1.1133453773309203,-2.4957778206612997,-1.171190958755041,-1.9402477862013676,2.13251111691726,6.684736147582688,-3.737551673130219,0.7153187152450737,-0.8314525277406684,3.8131374514671323,-0.20348225445402224,-0.7111963868197363,2.1578301944102583,0.8061696248681472,-0.3029231704920791,-0.28890302633864373,-1.199771065840197,5.110234674224603,2.977486594913756,-2.2417697338663456,1.289465412279252,-2.766726437944735,1.4770647644629318,-1.048843907749914,-0.628909873031249,-0.064721564742944,-3.8253645582941664,-3.985660583661966,1.7011798078097424,2.217522390316341,-0.007089102520501878,-1.4051315307230823,-0.7814731818763745,0.9384078003924219,1.5123521362952972,-0.6639847090028608,1.2780694494304203,-1.5578937186054391,0.920948050952356,1.5022657437186653,0.9819333282229636,-1.562151106102766
22.539514338935483,6.493051080482497,-4.429135322503495,2.6688558418108004,8.876182739155533,2.6209870239645725,0.02639263873997677,6.951522602136131,-0.08718284137484633,2.530479866328938,-0.09843952458326366,-0.1744307059643686,1.8303777601993936,-7.091644524245421,-0.7740269956034336,-2.008869911955303,1.8844688921008608,0.32774565520362864,-2.1079420003993903,1.9182708871380258,3.988524084168259,-2.987916269360494,1.2500513116846235,-0.6181904146726831,0.8434452829606481,2.5844607012315732,0.36417922041332285,-0.3860402422876117,-0.274031352190776,0.5633132553207407,1.6638255506315265,0.08034228869815047,1.2070463150389323,-2.7756100780489343,-2.8651857757677535,0.8702377967255143,-0.5274212323448039,-0.5277896389737807,-3.342694080580468,2.875895746474292,0.44577796596436037,-3.0366508202925315,2.70559570956829,0.9036429543152651,0.37108456663104544,1.8021734364130824,4.694021575922094,1.401849382173157,2.96719866954762,2.4501032992699243
10.176038346619194,7.477534771703642,4.3255962889067705,-2.2677601225651656,1.9212975504688505,3.1843201398695156,2.5981101990286,-2.045782439008921,-0.27703784943482573,-1.1917599932012786,-0.01038898261805088,1.355714384737483,-0.358506978663109,1.628077409490957,0.9052151649290971,-0.7928395996512461,1.5667461103212728,-0.3760696872674365,-0.308461932308823,-0.6107381870389869,1.6225327720334208,1.6520392320127204,2.6140621847189824,-1.3438725327078314,-0.6743164763539744,-2.116550602661015,1.5572570876308616,1.8841398019887814,-0.2383251870549436,-2.1101211636696844,0.08274788112945453,-1.1238131084224752,-1.8790127447100917,-0.6110505313807182,2.7001422609279055,-0.2569310429266137,2.3735911644296195,-0.7104416663598396,-1.6846688944827801,-0.7514594864045586,-0.731990179870482,1.216409469815407,-3.4077270649862768,1.7916755747406732,-2.4460732910601464,0.18831684334269738,-0.03395028217107026,-0.7560156902122139,0.9314320637986739,0.3166126754846861
9.115177615633069,-3.1780368081918144,7.213901776720861,1.5424148497751127,-2.6409763457634616,2.427281253852097,-2.324066859455046,2.2932565947959973,4.016340359847805,-3.9331318310703796,1.2793407648598383,-2.323174643140028,0.2803327768668127,0.18702867958704272,-4.2307215655007555,1.398116179761197,0.09015616397396484,1.6641677381308053,-1.3685314147280112,-1.2391918670669928,4.074040431221117,0.8941139873429156,4.942326935895546,0.0912638893466009,2.2494545173213503,0.5893814325699761,1.6509418438862018,-0.20031224814638326,2.2599140653202285,1.1026773164151016,-0.48825356581625057,-0.2929752642656732,-0.6919312788387098,-2.1683652827908912,0.7984955254757837,-6.114957605970691,1.513821933539493,2.1682651167544504,-0.4421172685051956,0.5874036106733267,-1.0674778376333889,-1.9348565842304424,-2.8835206205375146,-1.1202050309939164,0.9007853061648343,2.0034822337693154,-0.8617743668226553,-3.0647205080530724,1.0821595967789477,0.3396267571892029
6.686793430194565,4.398278301701803,5.253520274185891,0.6849788789562705,-4.761701873589443,1.0571187957952046,1.1454157990490474,0.4811180308217967,0.32564115726556186,-1.230906374507877,-0.18389822867056477,-1.9617474856082824,-0.5342678522039057,-1.4366687276021795,-2.4200737353396544,3.834899967054459,-2.7499031782156265,-1.6184923498496369,0.3002517848607104,2.633667441836725,0.7039935245872865,0.4653419961858878,-1.1381143637906357,-1.0902209900124236,1.1291762419428644,-0.8869595262063003,1.8922633626634238,2.087677897325819,0.5263200600643023,-3.1340992239099585,1.0365966188263775,-0.2654890025283929,1.7737446315356926,0.3393231756479409,0.3915850627232279,2.2921212276132947,-1.4208176147551261,0.09923461025691771,0.856177672430174,0.7591556555570491,1.3972027431972016,-1.345070264212343,-0.36902165705740575,-1.2276613332332071,4.296858843900248,-0.12200385434246175,0.8066353654036443,-0.8278371860202987,-2.3998196029170473,-0.5685864604242885
3.116387316562887,2.1199943023516123,6.087168118701602,-1.9908673509004133,3.721914786928498,-1.7235899369000394,1.7664488421424913,0.7476111159538417,-3.596756143013457,1.5618378767999692,5.69947356324713,-1.7227482253100326,-0.4172356234964517,-1.555971075595782,-0.7005032307131012,-2.5501260946789106,-0.6058398986437479,2.570947578101438,-0.053719294393063007,-0.045085016698630104,-0.342664349787893,-0.37682742629274,-0.6455025352029798,1.7044461802503519,-2.6254092469118664,-0.7096795613120248,-1.2081426234864052,-1.5756911339238053,-0.16617629254664296,0.5840804583128193,-2.4057012394390416,0.23300757178148426,-0.11231246827534148,0.5706299580876084,0.1147727325138514,0.24308433298596666,-1.5899418449364398,1.1980754575650188,-0.2983662970823237,-0.7200066649192076,0.30171968266403204,-1.9538428435302326,0.06973316182179443,-0.8324451956541572,0.15340822192519482,-1.650709942264455,-0.5433557772918345,-0.5843334506859382,-0.6640077996713879,-1.02002674945397
13.158351454811761,-4.297882429351656,0.5709520512282298,2.572228354254712,-3.434077692141438,3.2417339817665853,-2.5547079467432,4.318620169066985,-4.5079900317106425,-4.988578652527513,1.8724024754798423,4.256587591672509,-3.6598223158776855,-1.4798184921728335,-0.269977741826612,1.85194991749676,-0.33925002929611814,-0.07229835641664273,0.08212327570830705,2.9744643880943213,-3.140481149670599,-1.855794846525677,-1.582999324730881,-1.4779834661572198,-2.8451097021652894,0.5646982199953219,0.589631960752705,0.7519649738897727,1.6873921846066104,-2.5665409757558786,0.3298235870094858,0.32879129616583014,0.3116011865751129,1.4999006787698095,-1.6312335550131702,-1.3695083655974736,2.8330242901026637,1.1278097842202626,-0.8810486664089744,0.4829189994938521,1.3183156731193448,0.4321382970651265,2.2590250705623927,-0.08795162159844955,0.509579575042368,-1.6491802177064632,-2.2635559740735425,0.12017109695446904,-0.4113953590791001,-1.410561142833187
15.410579367389765,5.977058943597386,6.133846550751846,-4.045868803926358,3.1424240829479073,5.352937700287696,1.7911214326889564,-3.489471813704487,1.457098675598606,-0.1490754048573958,0.29027118813748876,-2.022141692783119,-0.1680407959480561,3.027155699073685,0.4756146235298714,0.4280109712820199,-1.847598356674506,-1.5787831356095205,-0.04867564869278784,-2.111129644616911,3.4614109650217326,2.3901449400831014,5.46463666703567,-1.5797952492774092,-1.4087594206694758,2.7488655585579793,1.6988928074132708,-3.260886072330473,0.8439431767803482,-3.857937575486786,-0.5824925073786212,-4.416466323409124,1.4754435858085544,-1.8385554212858275,4.128245348266207,0.4968905089416521,0.3698475205294721,-0.3867405044843729,-1.5218525510980936,0.4662852152325573,-0.6582526607185503,1.4275774044678948,-1.6746811905345345,3.4653675923441307,-0.6398055508046518,-2.562633172414276,-1.4185309938347832,-2.541375348800785,0.5827747795411639,1.6901983830362388
41.54368259357086,-13.170989317736236,5.781616127401901,-9.48811442396304,-4.857310298841517,-5.181543934703905,-1.884720809746452,-3.3031326829700878,0.027304720678596683,4.577987928148864,-4.578622476988489,1.059754048617398,-1.8446863083602696,0.9633025254018052,-1.8012357932940481,-4.290486481451187,2.566978750897492,-1.5746165392873717,-0.721366306786014,1.7230702610781425,1.2580544938745097,-2.9940805234955503,-0.6846796345380545,-1.141137720756125,0.6022870313907448,5.789186280798228,1.5715869592980676,-2.61360651084106,-6.5937235661392855,0.06435239446072269,-2.1399509389584006,-0.17541122891731686,-4.577775773746702,-1.8219715430353032,2.4743604370020744,-2.8157864668994668,-0.8689779220339213,0.4657849782079596,-2.3209925405981053,1.6742835312588351,-2.108578450212157,-4.260575225941313,2.7959001118458833,-3.372772861735211,-3.9305153301252154,-0.4475268314991045,2.129150841162609,0.6530780190593163,0.4001408931374222,1.9421407764419993
14.5380484191391,-4.1133943210259645,-1.6705416168755116,3.842875549759327,1.3104868301918415,3.5024153974891465,0.3134282390655507,1.8934569505960501,1.3066517997887503,2.8294286814041376,3.1984995046265685,-2.5849915713920493,3.273464961584873,-0.4590111368337675,1.2422025436351882,2.9118802607924468,-4.139354527351468,0.8383433957857169,-0.03608637130222525,-0.17367817229670868,-1.6835345977525236,-0.08731118995077808,1.8735799831849915,1.8008601892908034,4.236657087980105,0.16921641323692233,-1.0392455413862787,0.2419417833590242,-1.0363685622596708,2.6298333868715122,-0.11961279316634554,0.8559268025827371,-1.7816848087048887,0.5744809396782421,-0.9602721092977888,0.31154244499544714,0.7614177346934872,-0.12509617286465546,1.1430339218860417,2.460535400666125,-4.56244323088821,1.6432165218520431,-1.8960046540892148,0.9138252627732818,-2.7167174920329167,3.760066383332959,-3.058435063325829,2.1898102755347617,0.8158566819473241,-1.8733929233781021
5.61385288714402,3.222434607567629,-1.3958194253622165,1.745643712113794,2.01387736121871,0.8302529677695913,2.376304272411728,-0.10988510448761296,-1.340232110183471,-1.7839391898138923,2.382347075680721,1.8954009874855062,1.5301876365700422,1.6715111249068293,-0.7551557666686505,3.065976258372256,-0.1584445000940126,-2.959585959161887,2.506076504834712,1.5344765471733877,0.7336993841738078,0.8186779900625887,0.7180310190160519,-3.624915757102994,-0.9489288809358413,1.735291585895912,0.4111830005955993,-0.8624933199401775,-0.360564086964919,1.940027814746757,-0.41352167832538433,-0.47896046748075766,1.2669684447493057,-0.8413113170289863,-0.027707559767460227,0.43396072909634575,1.351254538310097,0.15087774509102198,-1.186325174937573,-1.1637051679451884,-0.18820831272342198,-0.8644256657059266,-0.6067174201166854,0.6038936268262728,-0.06446012384764153,-0.8281266205247904,0.37272098553563116,0.25756871832266015,1.013364452181585,0.4024731485617644
5.06267569322802,7.676665906391605,2.3507985017616617,2.9527313002540643,-0.9181116306767378,3.58935690354653,0.23412974046987584,-1.6035942389581705,-1.4991292602278898,0.08403501915310396,-0.8796536374904329,-0.300969388992266,-1.3744416960322623,2.3431181926493347,2.267294594175499,3.2732272529116138,0.16925303267540837,-2.167715734960153,3.211050320711459,-0.4051685533958358,-1.897832277668302,-0.6292742686712571,1.7217623153608166,-0.05265973687012748,0.9354892425373772,0.012356117824703361,0.002329084268697823,0.8501426721499288,-0.5763111517352237,0.8271711446864511,0.16646638928984187,-0.21247821319352708,-0.557220883168453,0.30475008662992764,0.7127444898018658,-0.40147628008748426,-0.7606357227522442,-0.5733760697458928,-0.726706412393865,1.6768083339534645,0.4921092979999926,1.1633096396291982,0.7224860726932855,-2.04988096697466,1.139147111783551,1.0878027208869687,1.0190197315801601,-0.5934477690713627,0.06196650330542817,1.041318249712502
3.904278308453107,-3.6441756003181522,4.79203316909532,-1.2694806950564115,1.529237122568025,-4.6363851368686975,3.4011478809803486,-1.704089248525494,-5.575482634148781,3.6591310021224026,-6.746667397172055,-0.921171359118558,0.19143687063759957,0.41037669755688955,-2.761602334724935,6.033925129394615,-0.05671294490024836,3.208982662383016,-0.7615054025892117,2.5869011832003483,-1.6562157226579641,-3.5335454869462337,-1.819910943026255,-0.25055690650652784,2.71971813742814,1.482229920674428,1.2297979456445216,2.509478452494685,0.11744050747294649,1.478774138975968,-0.022285999511339874,0.8201184151299987,2.861148720460231,1.702525829062467,2.100757506521051,0.5939647000589646,0.7447811697156124,-2.2146614114389567,-0.5770734423811018,0.2827557189170355,-0.9953318653828753,1.2235864065344435,1.4263302500538373,2.3225293826925073,-0.5358712842452014,0.11745349024295845,0.7654775733243044,-0.14586355351117175,1.5199602568786632,0.37298820243696296
24.808305468610083,-4.433167614576407,-1.1509037753012976,-1.958721369790695,1.7210699905771998,-0.7420634081286716,-1.4152941071395504,5.734876261556218,-1.9636894650270955,-0.0019085314523686892,-2.420273589977399,-3.5592370890205043,-0.025119362622336605,-0.7000596372773199,-0.9807063590986482,6.3553547730465825,-2.043995517362202,5.026586048489559,-0.6526581070192305,7.458719721261985,1.1089310355745774,-1.188978115137865,2.977701493986819,2.8703779782522374,6.171113259442342,0.1847567870028275,-0.30249545544646916,-1.8805120081272402,5.428131877025496,-1.3059243372832006,-0.5940313608350978,1.0858618332247771,-2.524282929222868,-1.6372101583208865,2.56350201284968,-3.5429740973312316,4.470631293810281,-3.4246003711522697,-1.8704044736846437,0.9600178591613299,-1.479160446973319,-5.201432018513405,-0.734947321606445,-0.9574187476291239,-1.0283532729739089,0.5408450410179872,-4.267741885242436,1.021933511898819,-2.0026329236218734,-0.32203062694630014
24.08980386620179,-15.508164636545546,14.858609017165698,-6.180888680936999,-4.752897119802063,7.273810933210774,-6.410796908352489,-10.272541362165107,2.076026953284651,-6.73064920713321,-3.701943296384378,-3.2236552419207127,3.4722613474272785,3.7355167779601643,-2.884540804000944,-1.614057642161281,-2.5634311129997185,0.527914575414878,1.5196979672752715,-1.4506008482167196,7.174076632945274,4.150424445046831,-0.22340577884530438,0.9541749605740713,0.9648073119488222,0.93339974215994,-0.778469445989894,0.26446423464595337,0.48924149015833307,-3.8738706163471885,1.5886923202759293,-1.2587847682675826,2.207290236812587,-2.157084137006555,4.923551666302617,-3.601084119512614,-4.167020069982801,-1.4081751800361484,2.092748338635819,3.930675794712638,-1.5875160702969766,0.8799180052517626,-3.1571755221260376,-1.3285955849289324,-0.04731690134675695,-3.3714680765946023,1.2505952886581333,1.0503500838443538,-2.6495756323998423,-3.019807329896648
10.282331734880362,-8.34778479968144,9.827331060175869,1.131420465195611,0.1578894021739391,2.5330723365450067,-2.9346887720480077,-3.8884096210632086,0.8684990454449066,-2.266546328149299,1.4126035677168856,-1.290777175532035,2.9238395202126113,0.9544823765198549,-1.7686035165867808,1.4515673640189677,-1.976211727323601,3.8934507990235265,0.832794826445082,0.956812448321031,3.276856903642453,-1.4885353334713214,2.481121312690109,-0.5305819548434785,1.3174554290716673,-1.1780868155235806,1.6811309540555626,1.4488080332135804,0.5037909663954513,0.6087802370107023,1.4305581094635675,-2.407157303904555,-2.05095572849484,1.7377161676350343,-0.3925602394476557,-0.6153634193003605,-3.65040589417923,-0.4387474169454333,0.19544110127489855,2.5761418056821634,-0.24602577933064024,1.1047654953498411,-0.23539151734571634,0.08441061072435929,0.13558013365507493,1.0428721076786123,-3.053709767607904,0.6540298353581032,0.08068871817180195,2.9821212676896183
11.056304733453265,14.234166894220003,7.148084257160269,-2.2813745167897848,8.09172287114988,1.9044679289870483,-0.03025934835734806,-2.502459603338842,-0.9464267686651701,1.913620060715001,2.6627812472857775,0.6663801718279972,-1.816946795968912,0.7451385301209988,-1.0902004496334983,-4.071571241321964,1.0368565729225452,-0.6521726762212795,0.345831199548283,0.45386043972942736,2.4719509201564267,0.3059898928555603,1.5913152159425619,0.4687395306379536,-0.0006260035717202683,-0.9224886558263574,-0.11636816537317207,-0.6327563256602543,-2.298690944145961,-1.0703446601992843,-1.5054391757860033,-0.016551620517806453,-0.463193389392045,0.5474930590836937,1.5276719702831913,-1.4640244829296511,0.6701886976193885,-0.869209158991512,-0.37998563413496567,-0.03682524414945865,-0.14060680884364202,0.27024986224273856,-1.3395780161966413,-1.2032926162508026,-0.26487673004234713,1.1058607335542667,0.26053579329017457,0.9654197793400834,1.2828495711591705,-0.8210671362606321
1.926106448514438,3.73979625158221,4.068175114106983,2.0491486765800007,-3.931843225458044,-0.6174715850398584,1.2864685629006527,0.35745990486494794,0.7404284963680168,0.36815687095687716,1.1669418281806947,0.18297828001083674,-0.5501463132359965,-0.41882687130443363,-1.3299278236456102,-0.601353716315478,-0.16130702412073378,0.3328021921066659,-1.45745281593755,0.006503677183525458,2.1355472520934735,0.6809908433636034,2.7532891526828425,-0.5662797080554485,0.43563091812533283,-0.8106679816645128,-0.20694982803221934,0.43477692918034994,-1.6596787813181686,-0.6745528478597309,0.5161185248771751,0.029640172941003184,0.6835744260613121,-0.15743005000234103,1.0066404729174754,-1.7396666945120765,0.6211159831254238,-0.4824061571608357,-0.5566343728887702,0.6602234410706458,-0.5678491784670595,0.8428580231394613,-0.5687522231308457,-0.24523349899357816,-0.687401588155848,0.03979165255127881,0.13720870384697198,0.70007555952906,0.26022880642427243,0.23612042120457577
3.8242166011314107,-1.932356181552819,1.2463223904462064,-0.24201053157346647,0.6092155135031481,1.6917230903002647,0.8264591075454379,1.171930041901022,0.5575616282970716,-1.48201678880769,-0.5866623926473051,-0.5855289461072731,-0.3280871847722524,-0.42161373922083445,-0.5906671958736158,0.69899108321183,-0.9070547724268341,0.47784757280443324,1.3366307691190427,-0.2007175971088824,0.22828748175771468,-0.014964402033467383,0.474692526139282,-0.16192050642002537,-0.5481244258514301,-1.186304231227585,-0.5034829171984725,-1.0552661229804223,0.4976582008165464,0.4273278239454195,0.045408783485463594,-0.7302426501926953,0.49721094152282147,-0.8232598055582504,-0.26470165583693656,-0.1475018512987487,0.8324075733152279,1.088042777348191,0.13264084133707912,-1.129656669439,-1.5211359051229194,0.49732308377957973,0.9525305468233244,0.8939767721651735,-0.8296890056914904,0.5852607449317793,0.05795741894337181,1.6188939646644447,0.9965536080169528,-0.8079746583915087
2.654164976928833,2.8439437536610366,3.930331612414645,-0.18890780777028726,1.8087514987108797,-0.45806709606709595,0.31654134670973466,0.19392783006924064,-1.329579745813252,1.2072053930225621,2.7799739954196605,0.44217414607394223,-0.605286514815035,-0.9542650183508612,-0.898466662441427,-2.16247180694363,0.27132826612228855,0.5779474591202031,0.06381248935742409,1.218221467841207,0.9026918919797013,0.3910023158863736,0.4697217044761903,-0.7902772157610897,-0.7421913987951211,-0.12039830732943571,1.2543392198371766,-2.4613379905265345,-1.3710220207731518,1.534319094723363,-1.3770402100667416,0.5573991348588884,0.07298035047122245,0.3917564427726533,-0.36059714658602254,1.1500003749787882,0.5072218342557386,-0.537693176066361,-0.18398495076756818,1.0374380987414618,-0.7142449035773455,0.3784170065726816,1.0696827128104258,0.30400844552036976,-0.08147350019876758,-0.6936212089381023,0.2073647666567849,-0.3205156320679885,-0.13278862510369044,-0.37629071997034097
10.305593805824767,-4.172168212912916,5.039224623473441,1.0001723492217482,0.6109456065153411,4.925191447389193,-2.8860174944213197,1.624924036756579,-0.25943522647094036,-0.3966570014875389,1.301428660926073,0.7490637187837684,-0.5660840282030053,1.504704673649803,-0.8734699771740089,0.9268849891753267,-2.5810022306781124,0.47231563326116827,0.25333301597565794,-1.0993896170955137,2.228063858126654,0.18084057985333257,1.1033625271713572,-1.937519190193282,-1.4154263689738,2.060734213340858,-4.432278118567946,-0.6817336066638657,-0.8304955659648452,0.03807572985511409,-0.8540209724091155,0.6406831466182641,-0.028855299207693072,1.2918359911407615,1.6404511803751822,0.20039096145415547,-1.0435882598956348,0.35068550461735803,0.8767272367890062,-0.23125226537775936,0.31040557364699284,0.5545875066267656,0.8980057802340404,1.596113680677673,0.4647919217796241,-1.1183588049308852,-0.25472752889570843,0.759106398677946,-0.32803505813342765,-0.8057927118136166
4.547978079433645,7.68649266899833,9.548145758199606,5.20781591731609,-7.807735684999585,-2.6100370741249517,2.3537275907766677,0.9701047545740624,-0.11808629702070261,-0.4901559305122187,2.5789677708399186,-0.020137257182345103,-0.740116344315878,0.3822126922416721,2.55457478539351,-1.3257628117552485,0.661887342059161,2.4914234756734563,-1.4799916393035093,0.9843640278324951,1.841148478192818,-1.5246312954779957,2.0299913414614115,-2.056059120427191,1.2949670662484003,-1.2443951416978598,1.4041274425443597,2.0404816887213615,-2.3309277085103606,-1.3203218331933178,1.0925524868447398,1.05692306986055,1.5112930260212978,-0.3503608654913746,0.8607994169510267,-2.2773254254517132,0.643666495177221,-1.2001928606640873,-0.5370662033643816,0.4343516009353521,0.6083345344890193,0.24129619508925249,-0.4739207321519265,-2.9387146247986475,1.1182407720604632,-0.04477499838192625,0.40841839938260727,0.07474030581430276,0.6462919099932702,0.30649088956472453
6.032522089574428,-1.5807957189631434,0.42814756851606556,0.155252212929987,-0.6117364133642725,3.525512052645966,0.539620821187989,3.0913350434199547,1.4045905648548014,-1.3122842631691676,-0.1655297744539125,0.06359316766230161,2.569752098237996,0.2672072207944658,-0.802461360028767,0.49283295071528416,-1.0279490107803235,1.2087464838486948,-1.1648880017235745,-2.496617475874745,-1.0040799638683373,-0.10500206424334813,1.2837298608480108,0.5957144492375102,0.9192932117700725,-1.099110121450454,0.5171041842886546,-0.99873994973655,0.861116673023828,0.4676786624690932,0.2518371393327414,0.09690175839280102,0.2601471640673711,-0.5206140924882359,-0.1704049591069884,-0.6471500118864169,-1.0419159715983806,0.5154315311749965,1.2380348256853964,0.9709513829096982,1.0805497093689442,0.38285711434994324,0.27690777577375314,-0.9841371222562163,-0.27369841040018145,1.2613470666305704,-1.3077182579332227,0.954566968615491,0.2621360539022414,0.22225149102358488
7.452826708343063,4.780223053681639,2.6156176286890007,-1.461433296399377,5.586661333767919,2.359237901387477,1.8307490708946594,0.3840800809560133,-0.37530835081687663,-0.7583737079859441,3.0102454522409876,1.9011948449558325,0.9643286617943434,1.1387757756945969,-1.688271312949428,0.8611511896594772,0.7808428007502487,-1.307126846051447,1.2804014699456427,1.1361399316347198,-1.2989476161326516,-1.1076027761343092,-2.8510183944671192,-0.42834210157714214,-0.8458055200314,0.46666792896393927,1.3677672117193702,-1.3718171484852815,-1.153480530768527,0.6478967873246246,0.028646733368863808,-0.8634284797163254,0.9258031658637,0.25101631906483446,-0.8216368149348959,-0.532041974093767,0.10996191165671726,-0.5420176695470249,-0.5082602468025146,-1.2653760127261884,0.43655519506786544,-1.0482992423242279,-1.0803115385384296,1.3245804241677306,-1.481244852307868,-0.6501232012827287,0.7153186091426846,0.5593014098840448,-0.0867763584897287,-1.5537983432847533
32.915943911888746,3.063346298722913,-16.350332039948803,5.201886919838176,4.735976149952906,-2.6767293271581614,-3.30712943155811,8.255940459034486,0.5648143903611246,2.984569188729121,0.3766575669929952,-2.078289627336772,1.0205716965168437,-5.141444618075249,1.6009605632406605,-1.496311103021028,4.68079231716828,-2.548675215964019,0.9740754546530626,-0.9300707905212908,-0.2565420026018286,-5.377541346940115,2.215133091702531,1.9842488222401071,1.7035009959092369,-1.3493936608868022,2.7679579996472525,1.6346988545687218,-0.9121731046018813,0.6242473102965533,2.970262298595022,-4.13490096575377,-1.9603977918186977,-5.214523478439432,3.074391871321442,-3.62466369711673,-0.017302497557286634,-0.7583915428528639,1.8711255843933605,-1.7373455464523495,-3.223570124480106,-4.281914588698286,0.033620128249962355,0.09444252330927522,4.14564184800374,3.567491285830703,2.763238993477648,0.16796504826211667,-0.07024357946190052,-4.9006151213097064
2.4339682606813047,4.673301643666384,1.6777319903605379,2.1554460446593087,-2.68362222809982,1.0436251374569205,0.805026556857126,-0.8763524570839035,0.9440445194741927,0.3605126889125491,-2.301617336848766,0.5301049860422061,-0.158804129384372,0.909881600848696,0.06191087911397708,0.07052471529397436,0.624114493606257,-1.6067272144139753,1.1215287789311783,1.3882577876147233,0.22069535502001925,-1.029213102182567,-0.3683234760190013,2.2954637173165926,-0.8098114473951894,1.4510653467640817,-0.4085895206001595,-0.7573908373328748,1.5048345407714736,-0.5743876424755249,-0.2383223269721378,0.20648774283479998,0.27187756116113526,-0.001762046096862771,0.14828357961639943,-0.3863532035190719,-0.6210183182366233,-0.7040735571549993,0.4004682066383975,-0.16320925579360093,-1.0246254668669579,-1.0261697110243597,-0.18750425593462836,0.43022999828333863,0.4320842112285981,0.6655302809672844,-0.8513491242278215,-0.708436893246011,0.1759336415035573,0.9338429768778336
14.982081828399645,1.2620737799534978,2.944838778322962,1.566692381324099,-0.4398843655379223,0.4051037639994393,7.227286606760712,2.687030643298721,1.7245083330511204,0.15054946355383458,2.2491951517972613,11.4978426002172,3.6033282315722794,-0.40388827102741265,-2.6243897589650884,-0.8566789654067781,0.6259049982889199,-0.1689452543451095,-1.7133614400941708,-0.8343779684339475,-0.4778733010013385,0.49375551838447473,-1.6796801036856357,1.312269342679093,0.3870459538967741,-0.09948289707759728,1.0965349725338918,2.325019400552009,-2.1776540992322797,0.7814629851812797,1.4412160848639743,-0.515469535153795,-0.1848702215198433,-0.8692092189166385,3.3815555021199377,-1.323032711847095,-0.5798683734784794,-1.711647095454486,1.5915587184685993,-0.45723910660497225,-0.6732179826074092,0.3010460395013629,-0.25465067963974486,-1.9650187730993456,-2.264985221237483,0.6193990171626622,1.4329814654685735,-2.2076897491360485,2.876366273976634,0.8608930523638776
7.8153163601401445,11.175101836551159,1.4825606363192534,-0.07116797890464399,2.6126820657089436,5.100383815093674,1.7896264906762223,-3.468309465413666,1.1736671380222345,2.016855615293723,-1.7854928377918773,1.8393764517521223,-1.20723641510587,2.1542468866404283,-2.584759287751136,2.3375838207068984,-0.6774318902092098,-2.0996875361583722,1.6017677568187225,0.181166238117756,1.1017604285523266,-2.170811589962152,2.4423267722401802,0.4846585698941818,-2.299388905903278,0.7855003694460214,0.35230677014520245,0.24618087231695723,-1.3448697506036416,-0.25977052725573974,-0.35017579518134134,-1.1024116651865699,-1.2183356520294835,-2.0718628073591865,0.2234961556381394,-0.1863110187100387,-0.3210590585091811,0.3833130600651856,0.43027222082027483,1.355927604912109,-0.4884473962202498,0.35593379912585466,-0.3230509863488379,-0.1058662581842795,0.2549246670227821,-1.071630953045025,-0.5983134428229289,-0.831349839595255,0.0879650272128179,1.6598214749574873
4.613510747578273,2.6921289594780715,5.058139766345931,-4.261738225848087,3.109023768893691,1.7913002039639816,2.026702815572766,-0.2739154092721159,-2.3134976329238954,1.647099857400603,5.686770245411163,-2.8463845149605183,-0.8894255003980676,2.1252806417390024,-0.9988603963606806,-0.7349972499946166,-0.308498067608256,0.31862605996326987,1.105618635202687,0.024213741499873376,-0.8336181535914098,0.1370819580097591,-2.4438276792025193,0.15471840190080444,1.4021111511894713,-0.989981333991428,0.9956389920528641,-1.4146364497440866,2.343816145800148,-1.1063603969560942,-0.8949619745386986,-0.0901222543116833,-0.36171089146342994,0.06551583026384045,0.5036578190083427,1.2556207601097893,-0.5856882123741629,1.7101291162711485,-0.5361979261666548,0.7288824207235446,0.9263256139755058,1.0020006177941974,0.6765631783193115,-0.33139757822154803,-0.9024039251743077,-1.8599940582797878,1.2426779164999457,-0.8116732478881488,0.5659417196904666,0.5328526851149948
9.400258073899879,12.04380773058688,3.615183996903519,-3.041406527637382,3.32424034787955,3.860839343886326,2.6980077659135495,-4.167017882258285,2.2027968744231643,1.2508621319260311,0.5575565803788983,-0.9137882740980814,-1.9215191442590052,3.299806068952155,0.44345229370798933,-0.8752413003029712,2.6444000801925727,-1.7949143638567935,1.1513096110317604,1.157475343833919,0.6484106041260705,-2.8028047970968073,0.5470369554997643,1.290067822314954,0.6510629721440825,0.30506868498849304,1.5166288913908288,-0.7047169655747352,0.2650247729542562,-3.6935068294338818,-0.8545542691568965,-1.2594662182969012,-1.0458953487067826,-0.3508285373241051,2.341917017799868,-0.7081838161257803,-0.9011461179622219,1.2113251662431606,2.714776109349545,-1.8015516430422684,-1.3537690797577935,0.8553261674357509,-0.6132993716212215,-0.40485471835818954,0.2470679444662902,-0.5114945720533717,-2.5449120520843325,0.28216973024598246,-0.5883242461393415,1.3912891269582262
6.488127266279571,-0.9230063856798034,3.4684633168724712,-3.0596797779969194,-1.3598804527679693,0.8310493791879588,0.7687981532975234,1.036877288655601,0.7846518983713667,1.3927954720633429,-0.23169341316742842,2.1210880346410836,-1.1936739753612922,0.9367891793978655,-1.585758679751292,-2.569056514227763,1.4185894520167666,3.007100351202211,1.205839002075801,-0.9755941317252024,1.2217743852372054,0.67007089845117,-1.157954200071623,0.8278216130264127,-0.1353874411169053,-0.03821105399309449,1.064093151707023,-0.1058482225484352,-2.544041816592618,-0.36291205612010957,-0.26643528319684695,-0.936024911591765,-0.6846330413031818,0.33237564255619995,0.3527429858873574,-2.2077717138423765,0.7109140932499864,-1.699747440898346,-0.29936762922980464,-0.7697262140987284,-0.1240504192653693,2.462397896015182,-0.6367424249455789,-2.1162221313652556,-0.6055590188587481,1.4436232279855523,-0.3229792380213455,-0.9358307017601477,-0.8599198053740867,-0.894759921429223
4.854662169533093,2.173995723483084,-2.096806031071988,1.081595421424014,-0.9885780872970752,3.0468441650224136,4.171347204273205,-0.7557041835560045,-1.649197182956458,1.9124200948886145,0.40060890373362146,-0.7556625956287879,-1.095099479720958,2.1369466908744887,1.4823739124872963,-0.29750397543970275,0.9172815577042307,-3.1428986468512226,0.541947912248349,-0.4058672343043641,3.41308033983678,-1.3013942766710949,0.5080106325157997,-0.5034193689015782,0.4203187909937741,0.010995968813934498,-1.0550220971820228,-2.1628941530830406,1.5863573324284421,1.2649806893355238,-0.5293813632033993,-0.34209756726685536,0.3948220402734149,-1.7934946273812562,-0.6042578455124654,1.8066152605190187,-1.857959503787239,-0.5281242433908319,-0.6351297430687123,0.470207713394991,-1.0465287814690758,0.35569730932909244,-2.155679398499176,1.1296978272568665,-0.018729729535478037,0.4836195444296866,-1.2551971754856972,0.1214582698018477,1.1808155090369736,0.6886184140913326
5.513906659484001,-3.263853625960697,8.717568696948423,-0.5720836227591347,2.8349232496260077,-6.5622867116372685,4.862334729534883,-2.313849193677763,-9.183092431363361,5.203690718290577,-6.043812808641314,-3.082120591833027,2.284183649850884,-1.8503806982730961,-3.6172603571121718,7.336287953298466,0.9958810136414766,4.174014127566653,-1.9167520973325667,2.3098393407653814,-1.1943888347731673,-5.840956100001072,-3.393534213483619,1.2807234596162504,1.7841544175127972,4.062781328229588,-4.009869038281922,2.622143244730274,0.03171154984268615,1.2300621142804515,-0.9316529328549131,3.254524747631891,2.17720328842205,1.1806588628309673,1.0990878274073488,1.4510556908959629,-0.48329270116345957,-0.6422363048956212,-2.2829180916326424,-0.544140452975985,-3.210130506438836,-0.17899828920368333,-0.30763831166917877,-0.2301246719434915,0.2228841534087353,0.558405405413487,-1.4707320263750199,0.3265435050070947,1.652776102001512,-1.0755468429670627
23.76389867467512,5.770306516181814,-15.18072804559549,-6.3124861566790935,-5.74624008605425,0.2602574875044667,-7.046996597490496,2.0106965634610496,-4.745559067589088,1.0026068326615494,4.078617904197333,-2.703601304732245,3.74937139214294,3.8293180477739392,-0.5189701282850423,2.6357738901589682,-0.7773909179433416,-1.455038006023126,-0.8233492904712252,3.025739064835821,1.198990508635827,-2.3526903822629603,4.9800603628860065,-2.246595526236212,-1.2979339353907031,1.966334788996299,-1.163064663815704,0.16545608336980405,3.8072438009656002,3.0138704525981344,0.9183107523743211,-1.9149598531868126,-0.8738629737330168,-1.4074890748164073,-1.114561283060479,0.19687630671700745,-0.2867296538855252,-2.234744602855143,0.30787866802291697,-2.22504363728481,2.6179467342573823,0.7482205459158393,0.46599764065822835,-1.304514736988374,0.05998142631283335,-0.5867458001852494,1.87024804604964,1.297504922534583,-0.3745310273689567,-1.8162723089922261
5.524337570537252,12.079801155157622,10.579291814394901,10.03844715550699,-13.045545513784054,-2.316509088689248,1.8972738922123198,-0.690714111596413,3.22733827841523,-0.058298908819659906,-0.7674494154390651,0.4365368506276248,-0.44501238091932577,-2.741376161944234,-0.26747042828560685,0.22116655533818774,0.2522088475542137,-0.1481603371888002,-3.2237510222241426,0.9377112267399332,-0.05720368619708632,0.8434848698197669,-0.6848684858619338,-2.0914327048259347,0.6874305292305697,0.4175745508777083,0.5606077935246381,-0.572581126522832,0.5137988345543597,-0.8345415189412,0.9205496953247303,-1.8333458350012628,-0.6532915441507816,0.8223461766242525,-0.3642453522253306,0.003167706706507567,0.3886927739097197,1.316342959084982,0.5152875570117084,0.13061512862849323,0.7966423239183466,-1.5256316096228113,-0.6798182868131224,-0.054781529350615865,-0.5550018430725023,-0.13230613445159184,-0.6925892420086606,-0.2748471031658655,0.4284741988775336,-1.0163828988030659
33.91887357344721,6.987527635924369,-11.488819279343986,12.736701103109304,3.188266757763674,-12.497051413417815,7.688790494425541,1.5053449846468319,5.439389862284036,1.3553793220098533,-0.06975697944005,-3.7711704761205005,2.508251214300967,9.490485905607075,0.9859194062238634,-1.7968622907723155,4.7219443332439965,2.1891953812502147,-0.15977096563281035,-1.1957646587505995,0.5013419340262135,0.8126044832419439,-0.15368843657890285,0.5792025319585523,1.1053627523757243,0.2716311387885615,-3.100990731437827,-2.500428728364172,-3.8684778329735816,3.440452053073156,2.818094777486385,1.6401789523029109,-7.872045775884339,8.862285073925092,2.2229380013263853,-3.21053685499484,1.4558244623079302,-0.8201297946629675,-4.197456118677011,3.281890233578655,1.838436572640033,-3.1527029072066166,-1.450827618086645,-1.5394986487091051,8.544114456800871,6.409093772825214,0.8333768190841919,-3.0594845633671666,-4.187144522146663,-0.18626474214757593
3.90258728645594,9.122045231823568,6.002713216546423,8.240385265824463,-8.118399005680374,0.2704147497399506,0.3478431082811116,-0.054468861851145634,2.7632127627790073,0.28176293685501647,-2.870242435869943,2.2944743302927813,0.6838103712320391,-1.49575475632887,-3.019152139460446,-0.0014571099960553613,1.143792133954669,-0.26905779671808416,-0.5451059580920109,1.2307281178585578,-1.3800761967330288,1.121571611830425,-2.6074801220703274,0.39051407888885736,-0.8031434521544805,2.2477024783821316,0.6516944004986747,-1.574301949535751,1.97367348964448,1.733234081873046,-1.1124491701500936,0.6234751428664104,-2.1253619603886826,0.6084458359495822,-1.3251067376932584,1.288567295146,-0.3208279046309939,-0.9654893546659853,0.9728061758894592,-0.7481001900460723,-0.21942743094949793,-2.5914950725129815,0.8230807748250477,0.8912927766106045,-0.9768507065424419,0.184054871409995,-1.6469763076827435,-0.7171319793063774,-0.29054793666452905,-0.22126937716354828
5.899598102945024,5.317690600882213,8.040043137765052,-4.5527311277690075,7.515643599517933,-2.0266499526271136,-0.5671778631293485,0.3205277563981196,-3.9453865345722,1.0249815461924634,7.200204793224895,-2.2719630752965836,-1.965844612196291,-0.19509341815928882,-0.06348238276444128,-2.3961199307781014,-1.1816364208820709,1.3928590936369798,-1.5255312502129397,-0.5661448092095127,0.19313096474604569,1.1183721795457093,-3.905677264623717,2.6820217248222704,-2.513084757086972,-0.9345801102681895,-1.115609214678553,-1.413905636068063,0.22127185742428018,0.934978997052776,-2.4453786524464474,-0.28532671056256803,-0.6254928303604158,-0.05880791843955413,-1.0357906619560882,1.5073980238983355,-0.32041564476218165,1.5877412028441074,-1.013324434442062,0.3396065490166761,-0.2441716613358403,-1.8440702971079457,0.48256089126085877,0.45054859493440447,-0.021565277519131676,-1.508598489174441,0.22468644507570112,-2.015092421182266,0.30459228768063273,-1.340949630717502
13.875352214948858,-3.495000974299749,5.145598426292622,-0.2702367950640925,4.299608105575848,-4.1682043139424305,2.746355294464129,3.968510085183894,-2.5062449449289015,-3.040837400015445,5.736197094951318,9.257095051460983,1.8639825760874147,-2.799881004019456,-1.811565907205908,2.0348988180618117,2.43129548356677,-0.5667037210067887,-0.5534845089599748,-0.44747184133448087,-5.056297292852195,-1.9338145130226043,0.5116312363100997,2.5730142555605617,0.15446354160684628,1.8584374315907355,0.7181727722118003,-3.370553962142204,0.9033123941891572,-1.6828873209738344,-0.9666546432902091,-0.24739753151130378,2.2312008589400256,0.7238685854352975,0.314912153527722,-0.5212980771691857,-0.7112007570789897,2.7706341887526147,1.4374848900948074,-0.41987987077946226,0.7729020891521587,-1.096186612797472,2.190050494156818,-3.023239747680668,0.9897324783791076,-1.4986998543446066,-2.1613051014753264,1.5306809101776182,1.7852442913742543,-1.005994395582962
50.91664343017788,11.87089534079678,20.079902318194538,-15.395544192868954,-5.827954044200066,-3.7299530018786506,-0.2712522552806287,6.039393100827104,8.470470902383557,-9.803703170904354,-5.057139086974109,-14.310241693066615,-2.001093670542275,-11.52341795340886,6.396969111892019,0.661434415682505,-3.979847479770612,-10.131369309872191,-8.682227442474867,-5.245728839186819,0.3313801042077468,0.6052835813495232,-3.0389536754025563,-0.2405519074383422,-5.211170605589152,-4.157127716801145,-3.3390840174029006,6.108263377966688,-0.6619414333959104,-0.6628332045692237,4.521309603974012,-0.9410554996820575,-2.7809899886070575,2.3514068062627778,-3.3346392654652433,-1.946008896861196,-4.916556376553418,3.7485731133947393,1.1005975212428543,-3.725436003772457,2.742289185541065,3.3211419921960568,-0.4104778917036642,1.1566546245631946,2.9775808834606403,2.75662596088135,-3.8040446172429307,-2.041828621698854,-3.0935381966945945,0.6406128670730429
27.031804369822705,5.587834602872208,-3.9181025094647044,6.904661766038927,11.999511900660735,-6.077605009960362,-3.5218061808036554,9.877716185398423,1.843513355521106,1.452869921063358,0.008348515853852982,5.63447180797788,5.227758677467643,4.9671661251499195,5.783821240384403,-1.413821158629453,-2.0884113837036025,2.2953032402192,-0.6513682074377218,3.476107228659639,-0.4573893320417899,3.264056271229178,-0.0669764837445419,-4.596150483615801,-4.049813221907112,1.5073942345408669,-5.096225032852695,3.3164526426566,0.09426985241853941,1.3124582408639536,2.461873491121992,1.658738084304972,-0.9509267044208429,-0.37064927520335783,-0.8989921377862574,-1.811761367336078,-1.2216951686463453,1.67464364544127,1.9600972385756024,2.5804890349184646,1.0940668161800737,-4.695351458054112,-1.8929282847188915,2.638339599752616,-3.8542603584765747,-2.9812752628491537,2.3368946578990735,-2.840648868490618,1.8630724043933904,3.455347519741742
4.707029198399183,2.2589228138974233,4.706670756309952,0.18517524471925229,2.5516238756602774,2.8995363243078414,0.4771143040577471,0.596753480213988,-2.161118018387226,1.3909614466365912,4.771614707238132,-0.28751469234308796,-2.65178348775278,1.481082051656104,-1.0983936096498728,0.6139469815922463,-1.5584004302317072,1.808797094448292,-0.10881140248322624,-0.14788051689775383,1.0465501442601872,-0.08765741732403307,-0.8151943132579655,-0.15057520143857422,0.6574069888598417,-0.28251067487605697,0.739411964026457,1.3239724200400893,0.7070465766199282,1.049658973138372,-1.682475332140602,-0.3858088927113265,0.6255662256665149,-0.8675489827287595,-0.6458334958754357,-0.6462171584874021,0.41274047097366573,0.1456764838968455,-1.112609927248613,0.22316691677623957,-0.16309463050326117,0.15302845697086037,0.13068396078566571,-0.04080121021494372,-0.1898032467321248,-0.31796467980749255,1.2699999763559602,-0.553140678036785,-0.2877651267757623,1.1613306447601073
9.976098088681528,12.363651052105045,4.453483297045886,-5.934865286175589,6.5093042136850165,1.4589046592157286,-1.4204022382947237,-3.4839248070271034,2.002182292729642,-1.3403316239378151,2.7150067906307256,-1.3919979275910352,-2.0564026511630975,2.5547385604059087,-2.1160671694663327,2.029178111800799,0.474157169956798,-1.9715979975547897,-4.458486270778482,-1.4636728387150129,2.333994753071074,-1.13268398737527,-0.27882690077246414,-0.08700453470877623,0.9491881821796672,0.5479413824108929,-0.37967436854962544,-1.1964239742341565,1.1445175522353088,1.8284276112497158,1.0547338926374674,0.5945526589656688,-1.6351034910664468,-1.3225805229580918,-0.8959095191253366,3.1997921249307275,0.34379029091673485,2.6964047833583455,-2.0413295785302625,0.13369591468934505,1.306381604733689,-0.3977676556612581,1.9174863019581867,-0.11476142354300395,0.8102346743216848,1.0524283209240792,-3.20987328432407,1.7723175577504058,2.3516277343461995,2.0942241144525515
3.8682275165348288,6.06080673916299,3.110820048041916,3.062082259552472,-1.8580226980210444,2.85855238914093,1.7515233941635433,-0.08603500542949905,1.2834592617733016,2.147278497507079,0.14231096608759347,1.1413843105441037,0.524900738147274,1.342806640626894,-3.0121183713547612,1.1950358134803951,1.8695348599226995,-2.4448917169289475,1.5394877255499266,1.2380039456864056,0.3542452111029256,-0.41164057064694815,-0.7170651809474499,1.3822496775157875,-0.7952749463213034,1.3452343495373056,-0.4435488276848917,-1.0912824506904748,1.3786883979127227,2.0234906366270327,-0.6479731168561538,-0.35744405648406946,-1.1861241442751531,-1.3701276634757404,-0.8527148773639122,0.43208751805532936,-0.8416768691762129,-1.2999537413318403,-0.14927161310057824,-0.4187167854481132,-1.2979331605513518,-0.517403826055093,0.7535153146819931,0.15121777911756484,-0.46991008983070026,0.7064734429705766,0.1800139629766102,-0.4715634989191441,1.0043134405481338,1.0484269789736613
6.350719263749114,8.536960156817566,2.690263870456518,1.6157608407036488,3.149042766981945,3.263504992306466,1.5112252074171846,-2.193248606418268,0.012092612200892472,-0.03140968652736886,0.8138978006218474,0.119744977204498,0.003911982647777368,1.2152803486386796,-4.436099704894629,2.517407184836006,-3.162759129341531,-3.1078195448711528,1.2948779168172118,-0.8597218577527859,-0.9786868014452361,1.0766311415843608,0.10632959062300983,1.2924684402456161,-0.0939367104791673,3.2677302520492373,-0.16113333877203861,0.7614505809016876,0.6547492303573507,0.37927860320664053,-0.6473433213542068,1.6737589822458472,-1.6023576949446754,-1.4420854207094627,-0.48665613862621604,0.18553624307857786,-0.4788482597894236,2.197065642859955,-0.5227426851830795,1.0425551994318436,-2.5296572822087575,-0.43808618963236173,2.8451051787093373,-1.6304608480762661,0.9725983746901665,1.38266911434481,-1.3372401066237427,0.8366350239050028,-1.6042494026671061,-2.292470150457015
2.82502210320793,5.05528780570912,3.944072670251237,5.122953386807671,-4.754549346194594,0.4417001334377807,1.5337478588118711,0.7890083824598573,-0.5587846799959842,0.9655007667913258,-0.602161184362647,0.593023538183765,-1.0239647732911463,0.05316340424122917,0.021545693023235613,0.23294576465602224,1.428106905657539,0.9632332516041612,1.244289380446015,-1.0597349725723209,-0.7984320976321475,-1.3910128571048694,0.20684983000661472,0.6811697274603001,-1.4079300748185772,1.706929670348251,-1.0487595711868158,-0.2092222221356611,-0.2427564991521607,0.7798495985012223,-1.1263612463992234,0.671693356080862,-0.8128326794971189,-1.3704539326020044,-1.02273288001882,0.906120918096287,-1.39348694894306,0.1804155980313058,1.3310710226827607,0.9714593461781856,-0.3408444882684938,0.46983211322782714,0.6780814479345055,-0.8598618769899214,0.641750980797787,-0.3599051708850013,-1.7635917651491422,-1.236621864687553,0.08060452493069903,0.7272518875851331
4.750828008727771,8.413301602428016,0.9037969228378995,1.1229613116891282,6.001099219883093,-1.1512559561522286,-4.123065389611111,-1.0988869800518688,2.557952995589343,-1.6426343213782333,-2.1795245584597596,3.567543278502058,1.4908914487680933,-0.8411940721389042,-1.374529201169695,1.441564685107232,2.31050398678985,0.7811589416935558,-2.3701662142959856,-1.9403400960645936,3.3834681092189975,3.578532601747539,-1.9863643118480971,-3.142225522728914,-1.5836441091337372,2.1147986614759646,-0.3435398013515478,1.3180900092379508,0.3019589480476934,2.0973859511585657,0.8963658828380502,-0.2616061676786133,2.587964826755049,-0.07001979169735442,-1.1760046353089848,-0.537535126062779,-2.7472505317653053,-0.09140116416388802,-1.406249358378548,-1.3061771472174921,0.3515511223785769,-0.21705636919009696,2.3441268837978546,2.9555527467766387,-0.24311976948895858,-0.6562987453159783,-0.38209311409638924,-2.1717429018670997,1.02155772657404,-0.23271837147975744
14.782047033562419,-1.679798518447452,-9.123162880644403,-1.5079544415047574,-9.982214713718738,6.24929251036043,-1.6713743190892265,1.0200806063535333,-14.623222198119755,-0.019640192783669963,7.105615619472006,-4.993233395764614,-0.07681932919369533,2.3679856161429127,-1.6466514333089557,2.1635027501159088,5.391346100014637,-0.07408918142855374,-1.5333758914789897,-0.17384892647228822,-0.9907683164646625,5.164468697603412,1.0784276720327852,-2.8928061488960988,-1.1498074170322288,0.36215210136357545,1.7103174829547387,-0.7734655046348068,0.2552924658813335,1.155627932282946,-1.3315990290244202,-0.777286083824652,0.2161636734193314,0.43828011139116935,-1.4476475913488627,1.5903369555532585,-2.9290971656375757,1.6673014902817778,0.1220990162925831,-0.8174548398473123,0.01882304269904861,-0.37597541999627915,1.219364520427895,3.5187867453382475,-0.2856052545378136,1.5496291472226025,-0.8117787046362656,-0.017470272772115547,2.5160085540931014,0.44862871938884885
22.72385686990274,-1.5298927464306642,-1.7134423673219628,-2.637851170885703,1.8411753308360859,5.272443858263629,4.9697346430665466,0.17215279185548932,7.272454899846807,3.535042518903254,0.014809840491630033,-2.571865472056091,-3.0529667346750173,2.693937347336073,-1.0222832907237076,0.5744237205379567,-1.3046244232936965,2.507184633822473,-2.4657836046705572,-1.0798757050321477,-1.1303663122975816,-1.8299638732220107,2.0877343618277604,-1.2860728782574948,0.2273233434427807,-2.232454612679423,-2.975036079367487,-4.743865930141016,2.4632182249459893,1.291418201671486,0.5663657382760982,0.8134883393082213,0.9068898026564367,-6.521973394453128,1.5534832848284486,1.6270280649098512,-1.5221682497488165,2.8401397569217126,-2.9793856960102563,2.6382341161808474,2.3666427939689076,-2.2218590389537742,-4.660407420486518,-1.7484789102839864,0.73075500665811,2.316997865834254,-1.4262011354424369,1.3240184482271982,-2.210166154172638,3.39038485139345
5.439294097526851,7.055801621876304,1.2742459371997739,1.5819158465858383,2.6071043456160634,5.134206989599537,0.21589054925769266,-1.1167133199511978,0.3105426694723918,0.47048665084128777,0.5703841797124924,0.6026502034164293,-1.0328330870996691,1.0996427926280359,-3.2568228438549838,3.3178192824121204,-0.08705231104162231,-2.3446765902164133,2.41036558207115,1.17263690608858,-0.8094144162934458,0.1963610108222329,-1.1603371178405146,-0.8457284744066715,1.2904711146878758,1.027947584957328,2.0375803488836004,0.07787583406929077,1.0588848375792868,0.8165436267243769,0.3885118880362031,0.4725085432982923,-0.34932382772187953,-1.273512912038631,-1.2043610805895253,0.5041157106647891,-0.6958790638552299,0.8795580084399662,0.6379251665756258,0.0945938310388112,1.694449320331712,-0.28638280820996315,0.7566177524060228,0.36740926158574116,-0.6064237085665171,0.49616334878409485,-0.29468797270145003,0.1459908842533324,-1.1171067631694935,-0.24808811619589533
10.663238186785666,3.1890288214096554,-2.0206537326665854,-0.6231587942413466,-4.096074343932508,6.725846801472759,4.594200577928172,0.8861063800339194,-1.7721142098750344,2.437133844496037,-1.2568468281293583,0.15626331697203347,1.819125648140724,2.4878825461565617,-0.26325465746882304,0.16970016605571636,3.7180652774528937,0.6764220071228484,1.4841168024344185,-0.12722133440652128,2.9722354619077045,0.1973648045070978,-2.388715779221126,0.16406064183143643,-0.5851277545964308,-0.5591747895473942,-2.2186516519664043,-3.881240794215294,0.56101165905181,-0.5886281307099419,-1.036902296257167,-0.9488230141053573,0.22811080135588702,-3.1476183493599073,-1.9888311503637914,0.11138299714729771,-1.0733752909172227,0.5832662826860744,0.5983193778169069,0.817728185939301,-2.8226246257308176,-2.8171289571887423,-0.6089207929923127,2.3258441382819806,1.7536102419091215,-0.26858664681734257,0.5461358639628677,-0.2779727530952445,-0.6779099763281189,3.6278805606447135
4.1485719407444765,0.3965379090738215,0.2868525612241761,-3.290037521729533,-1.9059398325833554,1.015947297460681,-2.2543935198931004,-0.5207951111619346,2.8885269002617684,5.2006031222418745,3.553069228811563,0.6105685876761741,4.145851112697122,0.20456222180350833,0.7134620791746977,0.316770556030635,-0.8360318296252683,1.2155041393668768,1.3313647384808696,-0.9346204761925188,-1.9207026948343005,-1.7893526039173455,-2.0824799749169203,-1.4878424588166987,0.278988958879698,0.10425414580214842,0.1409455107746094,1.0102340500286868,1.376377852938409,-1.0768143687666998,-1.129623084026133,-0.43407378195766033,-1.0166013590194747,0.21894822340445386,-0.16244338848173046,-1.4672698554160766,1.370327885550667,-1.114711492635842,-1.5713246523279354,0.7967429883181153,-0.066555998640755,-0.4639704052461601,-0.08619422240957003,-0.6624830960291657,-0.5706950541151392,0.46026831044978794,-1.5329897213514596,-0.727006724597766,-0.8274565972775456,0.9981788896506043
17.727149439145418,4.6675268325688215,8.324145049165434,0.4310109403608636,4.981548661477286,3.8326989388978987,-3.6664073740484993,8.026689714012596,1.3511080142727205,1.2370044433520124,2.6851352025617903,-1.1396959359921883,-4.52978146502443,-4.601811765203486,-1.0592672190068382,-0.03042573106395019,-1.359118434725527,7.594117331055418,0.37976509107412204,1.179026114890462,0.07881052774796315,3.159032201986896,2.0683542854487196,1.9103447608512913,-0.9057568847371829,1.2274375964756823,0.6616661514659572,2.5093738198497824,3.1574768268847286,-0.8632932380398679,1.4552048020184087,-0.17258099013196454,-0.13992313793554667,1.9140144433788477,-0.16332802425410467,1.4475824882392223,-0.9903292042958605,2.8033777341280386,-3.1540835264207905,-1.2748707676276378,-1.2318633758134,-0.5309329358996127,0.42853825002627355,-0.03220467347207101,-1.6952136951252652,1.8839476323553614,0.8653384430715059,1.050085946952995,-0.4604676980029151,5.325901674770501
43.97807782918244,7.308969958536772,-8.032127726486333,-5.462247773193998,4.30155181093871,3.6735383296797757,1.9202663242091373,2.5931171719888364,6.692399873505368,-1.5267286364967618,-7.720724246720293,-2.2372507991249613,-2.6228683806424433,-1.8543384143020298,2.2934586834771546,-2.3472029638105694,-1.482567106221235,-5.663454360194224,-4.296550660932395,-3.285515472570462,-8.400017181293004,-0.20347348874723292,-5.299898975021567,-1.1125457954522036,-3.499506716445901,-2.3975062483487344,-4.878810021594579,5.116083290236877,-6.081164622452934,1.5867681033366414,-3.783779788111318,-6.795981690707297,-1.6571775296160767,-3.342870699452804,3.3100974047811134,2.192709081996278,-6.321972481741746,-1.0068675696834932,4.580439099007125,1.4456739026864063,0.0408225730376468,4.324087305170341,-1.8028486925424354,-1.0028444190373702,-2.0212821941126187,7.6473819569203165,-2.1661057765211784,-3.3615452428920953,-0.37533562055103475,-1.9576978189958703
6.182009072488219,-3.4401908988475,5.364269917897233,-1.0737987334073222,2.1512964279912214,0.7248016340770729,1.2186812508695997,-0.823144929942226,-3.3177892624685152,0.7775077728318522,-0.9183785262102655,0.3018428769473075,0.9207993214986303,0.6542453240399708,-0.9548147294756166,1.2462147661250282,0.6639355755930807,3.27984859575988,-0.36889191843372626,1.5993454734054895,-0.9158745804969123,-0.7690320889401012,0.10010546067191245,1.6720970309640426,-0.2738759913934398,1.2702521908676794,-0.17578754183050382,-1.3899604607858156,-0.7990318047561593,-1.6638038536151587,0.7588744905915683,0.1320327177993862,0.3347539050371829,1.9527665127588951,-2.1253655245115697,0.9080243891009026,1.02752536976346,0.9723942606828222,-0.017545719177540525,-0.7516328394941467,0.4443757884012885,-0.9823566004610494,-0.07740704139515259,-1.1547849094234746,0.12674705673438297,0.41813097944525307,-1.3062748363063408,1.0466824736770055,1.0193050794172807,1.8078843293099949
25.059982575886696,-5.553980612348678,11.006036615761682,1.6033702859854388,0.3596884803183466,-6.023414969308784,-4.064650686802563,9.615147421851951,5.176943749015189,2.8263580065711,-2.1904974141656086,-3.6605635547981876,6.256168047572231,4.372138939918376,-3.413273397044146,2.484896588308019,-1.7197730218526996,0.1447116662864763,-7.511750349481309,1.1936778155543704,-1.2118756866132814,0.39132379740340856,9.128444861890008,1.8915380045716872,0.1388989449073389,-2.163120019559305,0.6163651676287369,-1.0505048966861184,5.511338347785154,-5.965293664012197,-2.325531881897432,3.0472623178973723,1.8281364229896067,6.067879856984284,-6.297200725134612,1.0641784291222658,-4.536076955791317,-4.898557923549882,-2.8641163471749422,-1.1607198497011675,0.8952945212404418,1.070379747201371,3.056600889546359,-0.7999184866069172,-5.401038487648769,-1.1463631222154007,-3.818027948148588,0.9610560821000398,0.030636747917555468,-5.721277101398615
2.2774792734517373,3.3770274942451257,2.4971083063948063,1.3091724512031342,0.27774916058199883,-0.13532285575452527,1.0278419480883931,-0.14727305094128215,0.5381559455615641,0.5707114935229115,0.34647394052035985,-0.4682999506240558,-0.47435949653852183,-1.0974203699842366,0.37187896089093686,-0.8888726658314745,1.750414071901997,-0.3616551852902198,0.5723760961394629,-0.5166897229478499,0.5807943477051044,0.25539119022577905,-1.7232354032024895,-0.1079126200655014,-1.2212748395017112,0.25166245879368065,-1.4910970720936474,0.14645924771683552,1.9807128884345768,1.1061729789538004,-0.9009248228170118,0.9556989602998834,-1.550517821098076,-0.7228322759317802,0.7975527443604845,0.06676141098352073,-1.8900524884971541,-0.6728568926079475,0.8985627764030797,-1.1245093936252077,0.19215419447004356,-0.6722845938650821,-0.40439354801298344,0.37992153247317495,0.056350698615861866,0.591976342944774,-2.296829884057489,0.5674363993944003,-0.23368900757532715,1.383669938902211
16.045126380486252,-1.784819950665783,1.9724918110396716,4.225783059459731,1.382674611661015,2.4330835216461413,-0.7498930484161328,6.112214902761017,3.1949022883054354,0.8912335195087845,0.06589687611363915,-5.88831957547345,4.49833467689484,1.8784509941190435,4.261695125808302,0.3124393794858782,-0.018860396346210062,2.972835687047507,0.6543947934786264,1.0129513227316749,-0.15375868914975538,0.5377287074458745,-0.624056202212807,1.8936038254314984,0.6661139517504776,2.0183219912528627,-2.364962571622658,-1.5640405338907692,3.851172551843372,-0.19000549917397636,0.09959275612897756,2.443235432978083,-2.4410155769801336,2.3654705944541687,1.7283316165097502,2.3583167648151404,-1.9430866688307626,-0.1619968247823269,0.1256130321586273,0.9924834051200573,3.8689193283443153,0.5022613469052297,-0.4386408066264682,1.171163625257436,-1.6459586381511886,-0.053161047190241104,0.6179301454429718,-1.1031628774457494,-4.210780748468159,-0.16839208006938855
3.6363136271521364,7.088907171521158,8.651758286262723,5.674031529363768,-9.250804000657457,-3.107625931790387,2.3752732349125276,0.9761393289057123,0.8416638168377739,-2.1041645288659567,1.6439996060073585,-1.314325172482667,-0.8683723448400951,0.5330400572543078,5.562229871336212,-1.1399440264450493,1.8337100480897996,1.6699470209175369,-2.2995191823233045,0.22939443121486608,1.436668583267457,-2.320115202979456,2.159452859722054,-1.7270752270505152,1.747918602452721,1.0481444660952586,0.2782967133181985,1.894227465025726,-0.49006245250482083,-0.9016803876703481,2.120648826084242,0.33338186951839155,1.5028973916327735,0.416070440478293,0.4609808909046983,-1.910689471833901,0.1819830501205837,0.36684239764477655,0.7431540272646042,-0.5693922389694455,-0.4742661680533241,-0.5739604661564924,0.5410025933815767,-0.7126274946950342,0.7765016200353689,-0.3910961857317895,1.3663893850803641,0.9407683596401704,-0.31851704034547834,-1.254574953017827
4.256617289920721,4.010130455948183,1.8866741604530384,0.5288532406055574,4.517101225770657,1.9968051960832889,-1.1150194392356645,-0.6186286522921345,-0.24608683837276935,0.30507932874330035,0.8914604047272724,0.8733998248922692,0.39118436744244417,-0.17637261927585257,-1.4013496652532114,-1.283765806970281,0.6888568797746752,1.444987796967984,0.7787123017891284,0.23172260126448657,-0.39080741078801473,-0.16674499916162222,-1.0859572746814443,-1.331928126238981,0.9449981186185854,0.939193994597561,1.235499372413597,-0.7686476629149324,0.37676362871858304,-0.35076708968945824,-2.2185308198098634,0.8332123041192627,-0.2392342615657373,1.4737695164440454,1.3392346407305105,0.21634485633328238,0.9013683615772238,1.3742115498742442,0.35522846246279316,-0.6939851874428127,0.39287220413452256,1.1496600331503497,-0.43012275076189294,0.4699088102732092,-0.0022080878814129123,-0.7483045921015757,-1.1475416652019041,0.013915335874280343,-1.4195328467115234,-0.7354475317094634
6.55517375666904,-0.30720422819910564,3.027760598568263,0.3928043339664984,-0.10204049153932468,3.5308804562812366,0.019486616143398583,2.333096205475604,-0.9962372255582296,-0.8554346533341659,0.750448509735855,0.2035624828042406,0.2025173021875294,0.1906977995743161,-0.439496917144969,0.6273664249405457,0.3267542143220316,0.288844644813546,2.585308829010172,-2.8900430671057897,0.818040786703105,-0.8995943359229635,0.11814802496500754,-1.1244414613129567,1.480442309006603,-0.6551116849807691,-0.15883826108722054,-0.8259088726420609,-0.4232038227716246,-1.284349904621593,-0.5434906650656115,-1.4066783482881646,-0.18904433293043305,-0.5715780957819299,1.5492672353462216,-1.3716742334841494,-1.6973480041171745,0.6293340641174792,0.8097080690784159,1.0891925426531965,2.7906636314718263,1.0050848466655238,-1.0329408537135565,0.4097137236604262,0.07879062244256752,1.9286385807521937,0.07418814700167392,-0.3167475881336852,2.709888344506272,-1.8492386710672513
5.182803547661629,6.673454644834884,2.2467011128076675,-2.7145988351927097,5.498616151227441,0.8462893449577171,-1.9663823779213447,-1.562605600910797,0.7133430959635318,0.6538806886543312,1.6408783831081484,0.36899751076567044,-1.4417521747706068,-1.2590688269118329,0.43866016417118714,-0.2177794281919765,1.9505318976909636,1.761274696353043,0.28889242799665427,1.7744604463655314,0.6981953346837942,-0.20154742035534867,-1.055206409439753,0.06715951208791204,-1.131203697803034,0.5436648415746774,1.3693547005276285,-0.25347784258701017,0.08282318265075983,0.37833887972407243,0.5083976542919958,-0.0015796730293013983,-0.003096932736152011,-0.19543433834149138,-0.07320190754269146,0.5044254300010511,-0.7306728613741932,-0.5671298749161141,1.1810991678298721,-0.2862802857996361,0.04428711706279889,0.6177956365032696,0.4314162950239291,-0.17072144100560507,-2.621018348953273,0.3351917427402498,-0.15905159471500258,-1.6543239961663838,0.33455470595877335,-0.23081798499993567
17.983279771826123,-7.866093077063766,12.486016341986737,2.166605781027429,1.4491863341917595,-3.1596390782984107,1.7800560557842684,4.970932644994743,-1.506586715344186,-0.07725738285899697,1.7348641552466595,7.043469620383503,-6.595658578859289,-4.158845111762729,-4.010800822007458,5.036756673618819,-1.6762138162996751,-0.22815405137283518,-2.3813648319580354,0.6649234019705066,-1.3565989131483396,-3.5898705008115046,1.9120603958665314,-1.547442033837617,0.67530061292035,1.0966098528997195,3.4699145218097236,3.090304812777642,0.3229741321373664,-3.87792519373546,1.3811540796502304,0.8195737627674826,-0.10600811463051779,4.5043175712010495,0.0498333167674504,-3.026398384980807,-1.9915983655797924,-0.7536764629848443,4.281417745538173,1.3095383525488136,-1.529350946859359,0.869301618779241,2.8125289121344457,2.3585301607757705,-0.5254050677781021,0.06496890940843925,-4.336671473394477,3.9750161341167014,-1.0416173895297782,0.9265707516211277
4.241999458872211,9.220483495470464,8.083084631057188,8.086019011611667,-9.5353892968879,-1.023675165922877,0.954363041060663,0.6812500104946585,0.9925963095201124,0.24715456322783974,-0.5476854874386312,1.5408782940363666,-0.4838135664204768,-0.2723120188979432,1.8294802684395184,-1.0064262246393916,1.5257948036705549,1.2373266551237776,1.2667952820069188,-0.2034208197718328,-1.081218621709437,0.13372731090088386,0.07881781880466154,1.1953555161830225,0.4877319558844314,0.1415212093432628,-0.5137590691595643,0.05705978368798739,-0.7642826153222504,1.2857448103779432,0.2471461027054211,-0.3252806096254144,-0.37764505002336884,-0.32483193756563433,0.10496478454818617,0.6518721792158818,0.011398983122451911,0.36103592256179917,-1.420219676146311,0.8636304330299375,-0.24613920219778745,-0.138086098485744,0.8651881396582717,-0.7189860597671159,-0.8878005629795223,-0.5103236378439908,-1.0744518296998589,-1.0291384903343932,-0.6317250401262632,-0.6809740592915318
8.711899702261341,-4.717747575653721,4.226487476983192,-3.1425969112626695,-4.272119695333504,1.2878198739206,-3.7237630066399046,-4.709705882970685,5.029437750601582,6.737342922161575,2.1000972889334375,0.08870140647079938,4.93617173073172,-0.7139224086221869,1.9837326386678886,0.7200318200685749,-0.616861019802957,2.2867534193150987,2.8624051896538805,-1.6206752767307826,1.0476025664016684,-3.156218772851852,-2.1567178252171426,-3.1676534770341496,-2.739586985024396,0.65813711940863,1.6107259334470094,0.5821521141976416,1.160299542315542,0.2518836037626296,-0.2508590585163031,1.509072956384287,-0.31833051902776055,-0.4317020243798583,1.5316941503623815,-4.212868449843553,2.4065040252577257,0.49515373651686656,-2.0317601288635956,-0.4098152612758079,-0.3637264391175865,0.4959545267684521,0.9969045944444617,1.274061856338014,-1.4944772305730867,-0.6891187931245566,-0.6327121031008213,0.12092187553760705,-1.4451846800536035,1.3059086470320225
35.531572234847786,-2.172619751356377,-8.719698269912314,3.094241802582113,5.438009021687403,-1.061810347012391,-3.2109975163576676,9.269597510777189,4.520545618871479,2.3445173263234533,0.024751027887586097,-10.279573568406303,4.114959796088693,3.261210168517488,0.8351260214142135,-0.777021104166489,2.1817395118038805,-0.9834992508078239,-1.7273200633206567,0.21090131359243403,-5.649192613101572,0.9448569755456413,1.5476206131336634,-0.5192528703161624,2.9915968203610803,-0.2981353553196803,-2.4293977003351745,0.8713436391688885,2.9817513135678846,-0.36475894156922084,-3.6187510967432734,0.2697188003366684,-4.577877598216828,-1.3182337786235572,1.9749406806587537,1.2264933923568737,-1.5571595963962597,-2.340862800373884,-1.9972753212539398,3.6732958728634846,-3.8122384637655813,1.5497101712145978,-1.6427512083990639,-0.08300332425418377,-1.0409547544785696,1.334264504770958,0.9126109430346128,-0.9576872003060548,-1.1514037750719806,-3.4157705791794672
15.300361223185583,10.118938479694128,-5.356543505153336,0.6708193206564441,-9.36610519217185,6.845824294110486,-4.002493340847911,0.7972426427467985,-10.022672166657872,-1.283638877337622,0.4835006945838482,-4.0824879904350055,2.2591968166124796,1.6311506288871251,0.3578231033770576,3.746749908424073,2.068289621497858,-3.8420299862753624,2.546941751732713,4.58719473540822,-4.560664146699925,3.313247836921936,5.313404954659628,-0.6546729514938046,-1.2577514322538832,0.41550717554357075,-1.2891309527948245,1.0487882554402013,-0.4941795871663863,-0.5981720092198767,0.9488467324117601,0.5863195760632973,-2.3592908972394127,2.4628482125177045,2.762896133302795,-1.1548573273024012,-3.2452795169397,-0.27544928128068613,-0.15413591301896223,-0.8741536799264515,-0.7416272334965146,1.691318800846029,1.519843298153287,-0.6587793436904461,-1.568515177116196,1.9497446676699015,0.3270345993698063,-1.0798963137180806,1.3162355462367423,-1.2463524892453384
14.543477621153059,8.504119138021391,-6.696117437772941,6.782072462502239,4.196764502161138,1.603971273947396,3.598728496965442,-4.8704257642245254,11.08589118509837,4.644194186799615,2.2446094951974542,-6.822466096143324,2.7573154739011136,-4.945503666111132,-2.239507289424554,2.872215228223516,4.957483336512319,0.7585474992617068,2.2976784435069244,0.19529986425088652,-2.4853787581038276,-1.4654861565350785,-3.0215601416890396,-0.9700714680562015,3.52214071836789,0.534644189317295,0.4315369296089079,2.1978467996843905,-3.2443950089163867,0.9724307780891273,-0.14764002798961315,-0.7488324838745813,-0.25349569639926645,1.658474540195931,0.23696221420203445,-1.585517564359587,1.8756121539065789,-2.0561707708850423,5.059973252155706,-3.2347742509729924,-2.2220063574730404,-2.1798519965602297,-3.641221847226548,3.2473278641032373,2.501374890308905,-2.1548998552477507,0.8317441233245828,-1.0481225864012014,-1.1643117822489322,-0.6029308996837757
23.839610933234084,11.137778592892662,-11.837446307155819,-1.8766073028122683,-1.5672183275694787,-1.0877745061025526,6.098256548126296,-8.50994714831652,1.6805528828817953,-5.451446203311841,1.2752206792842362,-5.501176947976691,-3.0283538399057983,0.8472739945371288,-0.8489359939688002,0.7506835059789049,-1.6653591685831057,-1.213250225377816,5.118050716373844,4.573969529501451,-1.8952956304811281,-5.506188581208678,3.458957129278252,0.7722029326613347,-1.388970332695164,0.8809672353645897,-2.501512929474628,-0.4640364246784413,-2.6197299845261695,-3.2298792568885175,0.24254213019355758,-2.1036619473642317,-3.5996841629016254,1.1698867857297532,4.042520263451976,3.1758147521743822,1.0021516540398017,-2.119737519331749,5.941358282585145,5.521124278847515,-0.16408930403471578,2.3350714593722475,-4.057799166152074,2.108075352645902,-4.1272055841358775,0.25150488177967617,0.011481295580734852,-3.7130302183177593,-2.2574058427427715,-0.46778339054441365
34.39860009742523,-0.6653153073062201,-11.450768111859736,-4.140370622656345,0.7793959724084843,2.94524375532862,8.455450022203271,-3.329163399840164,-3.434885845576304,-2.9769668121605557,-2.4972858056214062,-5.385584317002394,1.9278679634766247,0.2656460536968885,-3.0280792964755414,-0.16007049151118968,-4.420384831952112,7.9508172978248295,4.774626150761781,3.338505878444726,3.3472029933700096,2.961504725529152,-4.72853834218792,-2.0419361546867285,2.020497017160479,3.2466973230247715,0.7564537411860505,0.1813975812497728,3.6131201347179425,-0.25634237333339194,0.20056552375991932,0.19128138263498584,7.062972554855869,1.7511605395291148,-2.9106215060657608,-4.027080635225235,-7.6603408703271185,-1.4168298152183443,0.7809086449533755,1.7870384470066283,-1.5594821575084237,-0.8372841459096896,0.6302951323595353,-2.005177820306999,-1.3466539997268154,1.2425977289767969,-4.645177642863789,-0.4609435173940182,-1.6313870144375535,-1.8281355398597106
10.581123290070694,-0.7431465420838761,0.45300407376495677,2.72412387990984,3.1277852059898197,4.492186301129987,2.393869990969251,0.27004891665196384,-2.3450289247013014,-0.0022056556674286965,4.797588038252268,5.542043026389752,4.790458412402914,2.6860281514522,0.5253647853742843,1.7606423142982608,-2.718121176008963,-2.850408431975194,-1.5985142279714117,-2.438604379192694,-0.22174963066573808,-1.3386559556177962,1.0203822432937844,1.642961138105822,2.6828681683749913,2.4585647796171637,-1.4731436709564698,-1.5397237637860843,-1.0114302130005177,0.7347263756997595,-0.0009251551724490936,0.6286043500135726,0.3040196466914502,-0.2502704835068491,2.1626264709955607,2.335124416313332,-1.4474209054855063,0.9105732793277517,-1.9909434903739136,0.09206630929728851,0.9514899611838482,-0.5152101291337892,0.049764754782759546,-1.5480267114565391,-1.5001045908715342,1.3921705169677778,-1.5551694346557108,1.3199690549122014,0.2901244988580078,2.5445029594797783
16.73675603316606,24.468864067460395,12.779936612432016,-2.4714668492769123,2.365279557434369,-0.7860085978744281,-1.131519693258489,-4.604464659025563,1.7487272121451416,-4.212893528366516,2.3760104036438516,-1.5143591506239855,-2.8074907076746856,2.980287059819943,2.8475341312500615,-1.133981847913336,-0.6311036014731366,-0.8179750047465588,-1.8913245170985964,0.5855498309001586,-0.5695858935070716,-0.9641241912687686,-1.0042132608803735,0.34603561239482444,-0.8108993228669867,-1.0830179777458777,-0.0801695628949799,0.530311017540311,-0.0006473843851456107,-1.0283706892379847,-0.19264088005154706,-2.0130118858510415,-1.8552134682245085,-0.7626229321381233,-0.877621815182464,1.4594322706155882,1.8061022693480586,0.2989463021544442,3.010823083235806,-2.0221707272863743,-1.4423626381690116,-0.14721560348180246,-0.14574093791824483,-1.7171559785481416,-2.1764443840632057,0.047493948302812505,-0.46543000509292143,1.4067296629339896,-0.5109582285697561,-1.1299350639964678
20.127065281989303,-3.263725828952684,1.8284896411644467,0.057958307263169376,0.2180886076429865,6.341052137578184,8.134978899620002,-1.6611505480943798,-0.8184089758551425,-0.9849734018849682,-4.5859041213041944,3.170027560170383,0.397401727495491,0.3069135770791632,2.0163721311504705,4.314960535203604,-1.8773496131824072,-2.357882175425223,3.062051340009008,0.7787837246609335,2.116375471152276,3.260205201262729,-0.47578866271794645,2.4524366545704117,-2.9691181820517425,0.4989452986403802,-0.19420107960625577,0.7984285060325724,-1.9797291899923923,1.9786721516133141,-0.7939337561404491,2.173965786150066,0.21680593882376498,1.5048123822066293,-1.0723914438761704,-0.1124705536695802,2.309917618799298,-1.521290952763954,1.5068003630445785,-1.0664956084448929,1.4924615188688484,2.614217777952146,-0.6303552306910438,-1.3333595945839394,0.942161195196078,-3.4734765467666735,-1.8182886380964152,0.6841915301668358,2.840889275738306,-0.23236274520344202
2.6342387856258846,5.004153267855199,4.575325395097256,3.2327979143350136,-4.586417820318797,-0.50965614879908,1.1541265005100598,0.7051661933247709,1.8546842838490796,0.8928731691161129,0.06028961895132068,0.31325685653892943,-0.21206838106767184,0.397771380853033,-0.7985215755165191,0.034955327154486404,1.6759393549563637,0.7804064278239883,-0.09856256981279277,0.1151431283625657,1.527036063440569,-0.20156058440378027,0.7130989029064214,0.511127515325039,-0.743669656753698,0.3864091735475369,-1.533862811435639,0.25483902599066344,0.0005581083294750044,0.8875162292319354,-0.06913526253502339,0.3833760862437691,-0.371388038004037,-0.24783810699418063,1.2666040945081605,-1.3288612012849452,0.12361520116383573,-0.9998919306375046,0.40826115440932625,-0.23023101104264665,-1.5574257323215075,-0.017030980511405114,-0.5036419560145389,0.3704846073756406,-0.4237687476600202,0.7819503212655968,-0.6745340567793885,-0.8636457922295728,0.9169015175774538,0.3472303549408362
26.472238364799058,-0.4514376742388133,-5.311781774811701,-1.9807416279183212,-7.338701264207913,1.0383128282984315,-10.221773948140095,8.03019828238067,-11.36394537187785,4.52554981738339,-3.5058388709936454,0.3837665349132151,-8.44994105617874,1.0839225392003378,-5.253798848779011,-3.8921322733284,3.2553702296783147,-0.6300287031222538,-0.44731981092913675,0.1591408858604949,-1.1257423427434932,-1.0453735724224367,0.3193124359561049,-4.3338143087765335,-1.6692489761158658,-0.7878376623927015,0.2707701415748593,-1.2523188424796845,-0.30986521167446224,-3.953264789684716,-1.1613325783113284,-0.19053709715435752,-1.173010077227174,5.171329343294056,3.758019275183532,-0.35743869080346946,-2.324382085517248,-0.29495534877174706,2.490629265174547,0.7916085515290556,0.2716613407947187,-0.9668216307871847,2.4138141605600634,4.483401776613779,-1.0315461320409314,-0.6302960100577586,0.8521858245294779,-0.5488421431158592,0.18103208412380775,1.5333016634636893
3.713237808515995,6.147266175683098,4.936781725177004,4.540338826784677,-5.55865273615091,-0.47340218468925355,1.6800767085571195,0.3022822809596971,2.323778602853835,0.15893840819257224,-0.40923729327590425,1.7521069539130036,0.7688528521818938,-1.352801632138169,-3.2427419664000823,-1.0381841527730824,-0.2491209467028599,-0.7686175317812854,-1.9259237483003544,0.6571375027348626,-0.17892605131534411,1.5075064066106902,1.604053560275761,-0.8415787070653895,0.8181167010739999,-1.5659569109318758,0.5612026026295226,1.0815710108312473,-0.8093561089152029,-0.4462591787558752,-0.3783336982203276,1.5323796688287326,0.7332539381526644,-1.0317436095472823,0.8131829386941588,-1.0158506766853983,-1.2987985728022513,-1.6760388395951225,-0.8437206505644108,-1.3542436196665553,2.1806153996708604,0.8326461592691263,-0.6969525490696754,-0.053637964847760095,0.29384134878251056,1.3614493632624,1.3719955659828271,2.100310134085677,0.9431060494574754,0.8711875705936978
25.708102814852683,2.5361344068339955,6.722014516976115,0.3344329707360907,-3.8125157109316175,1.296259142009744,-1.8958546756301173,13.870766487660427,0.3331058894132377,1.498083937837397,2.2685088332345456,3.8620310708980137,-0.9544928627730587,1.2057916714401697,-6.976174259994613,-1.2230969440226258,-1.033834438515111,-0.6673234489867409,-2.582091801764013,1.8231474836237018,-6.035255138864668,2.8800052830274,0.7108857797216668,-3.3265021550052434,1.9503047095211348,-3.74911094171393,-2.417075628588195,-1.2016416763212894,-0.4453367516699527,-4.713747510146517,-2.38656188594892,-4.122436772273265,-0.21426852194279505,2.7672136419440445,-2.1160801893208374,0.8544931429087009,-0.37433637212066073,1.9606531528411406,0.5711341201359028,-2.279341152155952,-2.624860989323909,-1.4661725903012537,-4.161523355467622,1.488271446449071,-1.8426883483802337,-1.8113200705994656,1.894024973382761,-0.4373548987877325,2.9691811665221013,-0.3601683625850963
16.287241044464928,13.59737136394943,-1.5498540378796926,0.5719535330450073,7.629162959391102,4.720802720203969,-3.9253512111863658,1.0999012299690532,1.2494247285094209,-1.8854883042578372,-4.0320779731536875,3.442010611378093,2.328857254434382,-2.5165313936155824,0.9629664484405365,3.2360785608930858,2.586331478105194,2.162386362225359,1.2465391508201502,-0.2888116376775847,0.2008881289199349,1.7198789667164425,-1.0194974482681225,-4.057957917967401,-2.2129032560412165,-0.2188989475670472,1.7982986530164933,-0.15483514579722413,1.8314209518046924,-1.987603474167151,-1.2916229517891402,-1.011934651870491,4.366426225279768,-1.2781758439039068,0.14519958899834645,-3.391560314485175,0.6126282333612388,1.9419039004766643,-2.5663754897931597,2.133070194992657,-0.31688355590654377,1.8618803653217246,2.8729506406692553,-0.7851436673332288,2.190650261249166,2.1775714831393094,1.6124420855248929,-2.0381532429695493,2.3709271399677325,-1.6970049867640817
1.8260225870461044,3.905816503612553,3.3827435916133246,3.442040688325428,-3.653194953377476,-0.8569108911943558,0.41743892362453094,0.3439354663004788,1.4553284024448152,-0.2677045108467754,0.04536470489252653,0.40010182741407463,-0.039670606435518785,0.3399897860043584,1.7165836971433488,0.054600675860465346,2.087225521334008,0.6453372312578756,-0.23031314160708133,0.6089494104962953,-0.28449014367534964,-0.35267863732355986,-0.7676892068036499,0.02133406999162535,-1.0290323175665348,1.2951501043471016,-0.2981877150312069,-0.35879189842025444,0.6865455386711241,1.061515436582965,-0.5057324167612429,0.27086194013820175,-0.46609487674994,-0.018604471239621292,-0.7708568838669225,0.16703832471133673,0.5430810675894393,-0.12019370109214383,0.4036535709706879,0.02747612690493037,-1.026438232480967,-1.638940658733148,1.5494726433122983,0.7620118340811197,0.18280381901025342,0.5284643166161894,-0.33581058546155496,-0.0058557338750459265,0.042765953409296315,-0.13163773574631626
26.12586979830384,-3.0521863274600465,-8.660877785788879,1.6096329480005755,-0.6987284896139285,4.789702422169259,1.1053913047612087,9.962153472610803,2.0261327990042064,-1.720885892400001,0.12392960237742634,-6.510946845211656,2.2468667436287757,2.1004481525535468,-0.8492807565170066,-3.1326787768569635,0.5706336770426286,0.7258887008102141,-3.0701269680246033,1.4231034223258097,-1.201683682909046,0.44857587519918285,0.41995096135446497,0.3449144624159878,-0.8366734713324481,-1.4410190619725671,-0.6377663276890397,-1.3606685396216638,-0.9967868681996296,2.9688231725140026,-3.0767019487042897,-3.4901345701339093,-0.528137304252873,-0.2785384717168632,0.810819911483244,0.37935200765667165,1.0593754367565502,-0.6235683418157854,-4.2586679283508095,-1.5901057211877379,-0.33700617861611404,2.4521252942907603,0.6843467291264262,-2.1865442873288607,1.374805519192153,2.9473877480609816,-1.643368982714993,1.0807048419954357,0.13723603773419957,0.7977462892753777
10.192917195696724,2.6759918802526763,-2.973977306525969,1.4801255683054637,-1.1522776319799575,3.53110382023113,-2.659190909463071,3.0130125910420626,-1.4559784731639303,1.897293369254976,-0.4128940343382577,-1.9767616268050876,3.397789490487837,-2.0542093477071353,-0.26112652193986596,1.0857739271971971,1.0526411803114604,-1.374298666536664,0.3118198926849163,3.723986072090881,-0.43216376246779553,-0.7279190046968966,0.5962694979051375,0.22175342024511643,-0.005333527174626429,-2.044423613025332,0.38835821207226545,2.136558325811179,0.20690865246243687,0.6023674438630056,1.8601312978395301,0.510985930266275,-1.0979744123575643,1.8703096170701874,1.8845520317834759,2.4677412310651103,0.7270489548885632,0.18690617378188845,1.4000297117007974,-1.013104532073759,-0.8454064604193887,0.8803608798163507,1.3447497814517497,-0.9326175343367442,-1.0752522925912817,-1.8262194290868938,2.5175548778933465,-0.1787723060239665,-2.071072723775488,-0.01966917979457145
16.115128257366194,21.606570146621483,10.586606017688384,-3.9444066600932857,9.885925336513237,0.18899323492256642,-5.4341495200180665,-4.346543161186205,-0.9476670074426852,0.7183324644244775,3.6972502192986574,0.535580759267714,-3.714040014287359,-0.9882555159085188,3.704785330326982,-3.6795100895608606,4.5764046749437295,2.221597041144685,-2.017522844187976,-2.4530223587959115,0.2531714738415456,-0.20968022227398408,-0.4880607408217361,2.3348519422386738,2.1934587987902865,-2.081481018220227,-2.575770010888929,-0.6139161626086583,0.8893234670128898,2.6054665249352063,-1.8310638140161872,1.358786738322598,-1.6837643186267877,1.060312032392631,1.1763072665459418,0.6777149113514175,0.21846470498261394,-1.1266454896454923,0.9863187454585363,-1.6445632257819507,2.3843534223038363,0.6652505222711359,0.7590567776054,-1.145017950103316,-2.6013259457282234,-1.1953699746824182,-0.45476390701625924,-1.7709646963766017,1.5780824832510256,1.287473750144406
3.6818441474019736,6.895086175625147,4.595616245414476,2.601399695453366,-2.258478204410855,0.013234869354263712,0.3319722155758362,0.2861547589974628,1.8328060355900422,-0.913687305109431,0.5251515429711259,1.0907106411953555,-0.1533346740715923,-0.7165095049165273,-2.4616905822962383,-1.2973136615070264,-0.14871632108216756,-0.9744377960337368,-1.454870011078706,2.2237885770953003,1.471739109979948,1.1966691710822328,-0.40058716624898383,-0.9727664959930853,1.938870092829791,-0.21035416838117094,2.735626513192105,1.6598625673126135,-0.39340443166574485,-1.1434022249015061,1.676799883948331,-0.2770228207930014,0.2131153699915403,0.9617771430494079,0.6680449269221052,-0.5554194950301696,0.3729094815819695,-0.679416556816723,-0.17573417839117006,-2.2099864819955126,-0.7153489754411216,0.7291962108857982,-0.31275881074954426,0.7897989009315568,-0.3212671828296516,0.3195154513753438,1.50187013793506,0.6889996891774637,-3.140034930055759,-1.4064986858292015
4.465978901182092,5.084760654636636,2.2809429024854397,0.6384229942026142,3.7746332418685666,1.458070696098544,1.4269503434217226,-1.2825136950851435,-0.8763678124953715,3.1701046372535435,0.38221013566658485,0.4738956722755875,-0.3025250104335714,0.7872137028659028,2.23658649933753,-2.328394363497868,2.0681366080357297,0.7055848645375206,1.506867347820215,-1.1976110235547528,0.5734770148562041,-2.3451264201369235,0.45629735640343383,-0.9211456717832366,0.22226888875881462,2.681590483319301,-1.512820779785603,-1.8151050840395473,1.3124134800777856,-0.7298377270883243,-2.178632827047866,-0.38534098316536464,-0.12605139472624788,1.258131784832835,3.580336283538979,0.608555610935439,-1.0355231813102141,-0.5237623257967617,-0.2574769440952013,-0.7632747184154882,0.29246060799329365,0.6789346644684299,-2.0934556007935234,-0.49970309058606793,1.2477567462449526,0.7256654733688765,-2.320271554394271,0.15163024085519206,-0.012148673406759736,-0.8540635810785763
9.551317139267265,12.35600348401764,4.923643700621179,-0.3837835036348751,7.670424964987899,2.3361093270400395,-1.702611732776374,-2.4922948025070735,-1.064964232269407,0.40760169996213935,1.4996636441966602,1.2069969054924374,-1.1924929769751083,-0.24897983307785232,-1.5563114883482179,-1.6470496493964182,-0.8872341180154664,0.1638188576920996,-0.347150847213556,-0.878826076672817,-0.15389689795622308,0.40492949671982076,-0.4319395081617685,-0.44173107320713745,2.415078805193822,0.794439308546554,0.20473313166320975,1.1452962708108754,-0.1371262541438344,3.271117011681091,0.09271630693052646,3.4120925117501884,-1.0154668209757616,0.5091823814000309,-1.0197888538565727,0.2687687055701788,-0.4279446616945873,0.6192812228158102,1.3769517627730614,0.1712586440675271,-2.237541803258178,-2.0503263667737603,2.1786705080914115,-1.9602255096216963,0.33401488035885063,-1.4709989065115936,0.23877459897947984,0.7461815891168092,0.388301015255232,-1.1747169635915082
15.417865325465417,-1.2053508448254724,-6.938039857030463,-2.080122432945789,-3.289686120845803,9.4511975872106,1.920845589647259,-0.9331678019705065,-7.8277622963891975,0.10409386721031835,4.03485468714841,2.7003400395650803,0.8499757478999606,0.9420295567551005,2.8114713757115606,1.7489038866976439,2.0043227034695894,-0.670909366764188,-3.47041932568538,1.016182430275003,-2.488793994767168,0.6982980738570632,0.03247923983232459,-1.544696199947568,0.6517596238566832,0.03484611548098876,-0.058063783292048976,-1.7386206496709173,-1.3397291461497696,0.7338219457830932,1.3272048709002027,1.7921186199094052,0.21284876898508537,-0.24207535446576453,-1.7432743004410953,0.2892417602309504,-0.9338268622248205,0.8830686102923878,-0.3535682521918842,-1.031087084619209,-0.6136215644428025,-1.7503804692999538,-1.0791931812732432,-1.1548590678002097,-1.8498466981341817,1.1755547965617072,1.3736181765782685,-0.8210432398881862,-0.1117746312678049,1.342109745220615
15.771681337381766,-8.546179421802973,9.872308449603835,5.486168518159251,5.241904274715973,-7.028998988557287,2.9601115625867425,3.30813097734794,-8.382367548291539,2.1569135768632703,-2.7599258156246247,2.3090806998435167,2.925099617549326,-1.3072218504702715,-3.5795347118613736,5.002557521648703,-0.5597922882801245,2.8131237892297194,-0.9790198757841704,-0.025376467147309956,-0.7669329258536699,-4.448813311478366,-2.1511652581059586,0.0077666463369091,-1.872384735094465,1.3329791117893592,1.1481080342722172,3.1069727881339224,1.7120400751312985,-2.7889766020982263,-0.3284247994724606,-2.1038305619046636,-0.39373670165111246,3.468174024183753,-2.928904998422499,0.4486409820713988,-0.8003510796101081,0.21389315634974837,2.882657020690413,-0.4829897959047429,-2.6237248726769957,1.7639889421427306,-2.786388343963401,-4.389153378656547,0.2846929600303615,0.562734024788651,0.014519667377427714,1.1895874217138394,-1.9594390797644547,0.8724234285928019
19.564257615321615,-0.08259352355035543,-3.087597845667349,-4.603070034423013,-10.59867773845516,-4.456471846115006,4.312969442075078,5.1568720484320725,-4.564837019513451,-10.610531504236054,-1.587883327738399,0.1797973020634998,1.273991537136125,-3.1183230800402213,3.807920374617443,-1.5565749683473875,8.512594423678742,2.3947431604800187,2.5772503391780406,-1.0113423042250962,-1.0512122841647336,-0.8432134270386257,2.4731746498632203,1.801615962386225,-2.5928558228863974,-1.665075151187239,3.0709009795774564,2.3735113436767827,3.1196572568901053,3.696455009700187,-0.8942241250098667,0.7310130569769355,0.4965565529363003,-1.229067445405985,-0.9715494255203967,1.4200282172192107,2.3144398953332264,3.156644126611865,-5.829866672103436,-0.18779455242010096,0.006474024249634391,-3.6370699650610847,1.668213658995311,1.9067833247737962,0.068837495681382,1.2575465587249504,-5.262067672040885,1.428791973396133,0.8546327131227532,-2.3574946946003372
6.656942467671355,-3.1548270967861907,6.2226148046155165,-0.7159484098968032,-1.4561295230871063,0.917717098750555,0.9323973168448803,-1.7483883192465535,-0.01508639794353736,-1.175716649650909,-0.9943450364930883,-2.294765983921518,-0.4267109348537761,-0.18374227187098224,-1.6566436044938566,0.7132711984508534,-1.2629905344946004,0.9266746734419874,-0.5929173528132481,-1.8143444807021383,3.3335299285855653,1.7799577489298195,0.6791258630914657,-0.4419358417860523,0.46851266369027106,-0.12437910773829247,-0.8270950027300115,-0.6622390526568274,-1.1296380251178022,1.871929912005457,-0.458649686903609,-1.652665106451893,2.2915468984506626,1.3852828662124999,0.5315155524139324,-2.8467555713849,0.8841276214847141,-0.363256676840367,0.8217665530754602,-0.2305245347890566,-0.34009396178615725,-0.04532657720632871,-1.2890064462635775,-1.3486473813552284,0.6770301338561553,1.2360141561733942,-0.4167052238654263,1.3036061183183718,-1.2565271246260825,-1.6863314954925888
35.37207407608054,7.575606168732113,-21.799667106235965,14.161543116133842,9.517102752353802,-13.382147698092956,5.980550153424393,-8.41252810162911,8.612672729397584,-5.846818392185632,3.319535345386421,-8.019408309047414,-3.8725207158004187,-1.991769425563338,-7.458443741671383,14.142942952498855,2.8636610595686087,8.203574842053076,11.70967723932122,-2.2990837163518663,-1.5776767036499555,0.7460600623221308,2.4028380187401917,3.2864710205130336,-2.0769460521828207,-5.63423302916407,-7.332700520982878,-3.1425674591179815,-1.6462193385828827,-4.174985938830281,0.4289539881583041,5.80280051733202,4.950797978078214,-5.677321255028614,5.246303525084923,-1.815448285458218,3.2651732198035783,-3.9986130887361373,5.788128138015463,-4.1101059931094115,-1.3816129593776987,4.970804421381136,-1.9252742474419788,3.721923867667058,2.982910963696405,4.045316423550151,0.2023785839151826,-2.7847419344927857,-4.326581820616025,-0.9936602925268507
36.42810755521772,-5.963429779329903,-6.555310108003441,-8.393313011206265,-3.2103049827875028,1.1670325690315266,-1.455450749101777,-3.3987256445282386,6.630169580681755,-4.815049851970211,7.217189885494771,4.764664675386995,2.9363470754264553,-1.7522391014843488,4.062093575849894,-0.6310293971408449,0.1562201754690653,0.006158001903158683,0.22787737851144896,5.236040235177833,-1.874288033228487,1.3135607049894948,0.907008608138433,-1.0217419938919143,1.293333006145095,3.0315089493177947,0.3980844001003433,4.253117257751168,0.8386726545330222,0.25594443750138796,4.56096231298404,2.4584157047334187,1.0897470924655623,2.5667720134181957,2.281875466226893,4.825720412379668,-5.6671637318037025,-4.386679912197435,2.0185666789323236,1.1780025680660278,-3.233072847033382,-0.11760398002406247,1.105517734723021,-2.055444226077171,-8.78352060970547,2.3232514323469,4.255961295737056,0.8105744861747499,1.1340105934815727,-1.5478940429511983
6.827094459618288,10.85910440074509,3.1013428932001696,2.578631758546166,0.9514798878173572,5.3323630272793805,-1.165973863103274,-2.2222266237377175,-0.2357289693403867,0.23339358462644322,-1.4709334683324184,2.7780679341707017,-1.3872089933272944,1.241246003235225,-4.297457404162341,3.1348488386058553,-2.5749662141627834,-3.3041864842066153,3.3643645549547974,2.0862980962038082,-2.26380912301546,1.5802016691367282,-1.4787844942645525,1.859663749283329,-0.049471525747526515,-0.7855390115998735,0.8196932230497834,0.5445881286119943,0.5480102890449247,0.7836794331189462,0.19520211241823052,-1.235500783904994,-0.014338495588761387,0.492296516839169,-1.3506445281705162,0.3609215633051977,-0.26844687463271094,2.6790175883280796,-0.845502450221141,1.433276812273252,1.1894972014336074,0.6064336024145949,1.1335265995301933,-1.2336768019992868,0.5766471716413433,1.3976689927897017,2.0295491757438726,-0.46456677576400135,-1.345636662699782,-0.5395054040703943
23.237073088410927,-11.725546019017983,4.994788385495402,-6.207051912743415,-6.952452234879354,2.1292643711528285,1.457596174901874,2.726355859899809,5.04083480890233,-1.2788833154191295,-3.061801431021463,6.3855676712056955,-2.8698871926619,-1.9856235380851919,-1.8481875116217246,6.027596040806133,4.91317754596821,-2.00520087302725,-3.7385016745242337,-4.108822902335352,2.9426035235783496,1.667782966666852,-0.24785120870866673,-0.33288107862702243,-4.356138060435259,2.993864429117316,-2.6728607643793234,0.2685942276307456,-3.137469757455488,1.9873327545225568,-1.6363926170689111,1.617391552620029,4.583975576145196,-1.532705065826128,1.6850324857210173,-4.382986751253555,0.34117081912608,1.2783074285621825,-1.8082769694649974,5.321467479417056,-6.321484226649955,1.7937840084966077,-2.9259717409745267,1.1581934358215529,-2.5282896256772496,4.311606488843496,1.5750281370703623,3.385373679718069,-2.176269461975873,-0.02431125088495345
2.7649521646604853,6.093854424587326,4.542606523255218,5.788139351821405,-5.740282191797002,-0.3719427102942272,0.7508612830300379,0.11572191047375358,1.1303639849559588,0.1051110987987049,-1.5173438662001564,1.057491183110507,-0.08693913980328219,-0.009790675106911173,1.1435858600287219,0.25069593794219114,2.0983554098639416,0.16912376699050785,0.801567767898993,0.014892136306365322,-0.7741745780022121,-1.0987868548146453,-1.6972073627728599,0.5832431720707034,-0.841060107589346,1.5283797681582874,-0.9098397758455258,-1.0191421924437352,1.4102144498184028,0.94760615869803,-1.380020495681109,0.737983535758736,-1.4613207245390734,-0.22304903890287658,-0.92795249479482,0.07150144536586049,-0.609103718425797,-0.8652343648985922,0.98013571986949,-0.9238621568857478,0.35813413737854316,-1.1097787367827423,0.5095015464686727,0.3225906310680632,-0.18872975949908644,0.2485029105220007,-1.7329399978092477,-0.3843993310603316,0.42027498321919093,-0.17293473182772698
11.398240627492674,2.9992871424495084,-2.988076267590856,4.536114966479867,2.599859916089577,2.426228904812463,-0.30275767499720113,0.1666250668445037,-0.5055903267573398,-2.4501152869022853,-3.2511737547994297,-0.07980178297281415,1.0586023680472287,-0.5119415707205016,-0.7558073642699571,0.7441565434549837,-1.870518894780628,-1.2673354540841775,0.6632035689237108,3.278389738955081,1.1488080956338307,0.7921602737737163,2.065828245390975,3.8962442218455657,-2.8408673169775884,1.4519856650044085,2.3205752907523975,0.3478441980122226,0.8145787363690745,-0.7384900108516959,0.8352173201019603,-0.15645303793029852,1.0003102499293297,1.053283768892299,1.8399013846601537,-2.5190766573465004,0.7836953711045008,3.527641049986759,1.812428202186681,-1.5386857194495893,-0.28559133838247897,2.026190960766968,-0.07257738481403067,-0.5290792690192667,1.4996948552739733,-0.42470856144292707,-1.5459049316856532,2.4042660491501127,-1.7501331012010066,0.5189656977009393
39.5927481599745,-0.6160932795399331,-15.008884981605611,1.507913489237411,-1.6767518557746934,7.435772188316234,1.7440903061096118,-14.665115399752798,-3.9666225011228056,0.7488691132396352,7.518061381251488,7.1790817029451,3.77765954117491,-5.9517552988522455,1.4516847599863656,3.527617241472974,-3.3775297713959795,3.3720692203534126,-6.079985593011786,-6.594025877276066,-0.061303595524638155,-2.578916356615834,0.8184514035722972,-2.033998460911398,-4.134735306295044,2.4272127949278697,-0.5887536807418794,-2.524950688601189,3.441190032085971,-0.7819214623332716,4.20533444876812,2.43431189949224,-2.575058292378669,5.459202992488883,1.6346317386939533,-1.5213058942639432,3.09572891258964,-0.799429708857179,-2.066348129474042,2.3788040216987554,0.4629181833331144,1.201795995670984,1.327225077037427,0.9518800821746645,-2.486636269674056,5.273938479160509,-0.8754049821742882,-2.3550759306833284,1.6995017080889232,-0.0955951512562434
4.886039060552815,6.013636301837808,-0.11428357192203496,-0.8854049746446798,4.17750299281826,4.215196319833042,0.05363754726206343,-1.6741857677132381,-1.0078166742763524,-1.133279929555026,-0.5051911437489581,-1.0626553857859375,-1.1272963134381517,2.342291020297095,-0.08688262880103306,3.0023092470915906,-2.973186960411069,-3.1122699146106036,2.7801114247326595,-0.3717205654201987,-1.3551065157573507,-0.34802373064291203,-0.43707346283844195,0.008788348581834748,0.13159382331644787,0.8544883717146892,1.2768691042479077,2.1095468470042547,0.26699624797282706,0.0393278068684875,0.46922559191377977,0.17087271259534603,0.1046834863933782,0.3401412924346223,-0.5505875224621314,-1.0310929912941056,0.04670585175790311,0.710673027866918,-0.6735578096575782,1.5416556657606377,0.03318508686521874,-0.07435761434137747,-0.2773827547079206,-0.7764301021032483,-0.2727949511288115,0.045813114705507224,-0.3770902257332299,0.841427396604272,-1.2775551850195548,-0.7380967541634361
41.63735537053433,-12.379592009524996,-4.450089663879918,8.514398663208823,-5.0625880579762725,7.366340355675872,-1.7619334666699107,-12.156308691569475,2.0784501142602116,4.169064658307106,5.2410665564905585,2.479666450470247,-1.4925166765493696,4.173317908097996,6.949886208860697,-3.292585183720872,-1.514354675433893,2.6387095351744905,-0.9035090961797836,2.725763200141065,1.8058643394848608,1.001203323322068,-1.923895923269255,1.3324235539470966,-1.0798855919052939,0.9038518634214343,-2.053131152203047,1.1881507673330562,-1.7725910065527835,0.4120097331346474,-3.3558914999572416,-2.7541963770185607,-0.2260978064200452,1.5486923094105147,0.10746770650817794,-2.6972195553866216,1.2552172358826108,-0.014633752903624231,1.0720480215593566,-1.6204176115113589,2.197046986258572,-0.7147748210569878,-0.8549318632938057,1.3078902839595403,0.3370176366950522,1.0458588073770214,-2.3741123095045173,-1.0147925042191854,-1.7983556200129271,0.23575212404219603
2.5379265196905854,2.9229832148872434,5.607350421791928,1.296506618873051,-2.0979716011623935,-0.5330684199104871,0.7982581801371446,0.7914493334275693,-1.6982124893089203,0.39545974492866914,4.949559366575818,-0.651531597461686,-1.538839571677814,-0.3165493927161957,-0.8824064964668893,-0.06076158628905687,-0.6868637106555165,2.1731536734366794,-0.744330861525849,-0.10662558996949573,0.43205663860595955,1.2321840211351867,1.7323052566009272,-0.7142722086131414,0.702870107834212,-0.725608644332037,1.9838481300166102,2.6558345074041734,-0.4722110532924427,1.0812227893653854,-0.5166488788957193,0.17065653787477292,1.116574061428762,-1.206527205430661,-0.39822131851333453,-0.7175953152474581,-0.05263164026993733,-1.5139999409107758,-0.2556998464773662,0.5117331138883596,0.5858990612740959,0.20060646626210896,0.3482963423300718,-0.22322993556208778,-1.2502554703668172,-1.5847712945535513,1.393088518594081,0.3899415863426406,-1.3519731559780568,-0.08304773999781598
2.7343930120050874,4.68435645887869,2.1682976458581447,3.589714336422852,-1.451880967389826,0.8009999217337899,-0.4020849630026857,0.13053907083539182,0.03944484017460179,0.7271338545175536,-1.2464232203184658,1.5623091103079334,0.27796382790164753,-0.231486935129186,-3.405310383229341,-0.3076369325790109,-0.7757805955071947,0.152781454332067,0.49392826283249786,1.2369901593177122,-1.1908066159586186,1.2872285224037963,-0.17334272134893053,1.3132345606664257,-0.24936748873140274,0.018601667102106242,-0.5467105294735487,-0.6429694630187417,0.20019198262422525,0.5730230673129805,-1.0066036973009098,1.5694633392026875,-0.22866969155082056,1.025007177325152,-0.2962600610861505,0.5170749737319131,-0.09197404334941507,-0.22354755388924322,0.2530598734312872,0.36850334864310713,-1.3629770695236865,-0.216498814830534,1.1648345933359572,-0.5451185672373023,-0.06195240865757717,0.03992340634931908,-0.04763122193146904,-0.2986486558733921,-1.0149831451102478,-0.018463165433566242
34.85619119956173,2.326662167485302,-7.066826523388024,1.250113216984241,-4.632776997496148,6.041233607395984,-3.6097014652994552,1.9912513282407556,-5.35865305352392,-0.23662683249080796,-1.203829534049765,6.659257843694477,-7.9045867507988135,-0.1578682491772077,2.578811512706619,1.9954911401387605,-3.6767794091607686,0.9446690469604035,1.255479043764305,2.2607747919508157,0.599934519986306,-0.32763546312794845,-2.3821111208429486,-1.391120906017982,1.3896312601583967,-1.8215163734350062,-2.512134285754364,-0.2069044432687953,0.8677431402517628,-0.4264060599922594,-2.617861687152642,3.7567106263466243,-0.08685805637046157,2.7249536913164496,1.3869713010616032,-0.1730243720145035,0.4620748416325503,0.3545769376198986,-0.985975866842938,2.1643959988114134,-4.016242365173097,-0.9266065400779031,1.4375050300612535,2.788682725963776,2.081728146796305,0.03041688540712828,-1.3035464694530212,1.0641716837247,1.6263424745560706,2.7786718375120953
27.5140315196899,10.139846684363828,-3.151261596536333,2.5102648288897025,7.713915812132917,0.2645158694770149,9.341656221707698,6.452079971448493,-1.041333302027818,-4.1404265591779,-6.321779681797834,-1.8327926920109268,5.552108257361418,-2.8392682258464657,1.5364503522278703,-3.990527988479929,2.0000934496743854,-1.0710623960600225,1.847023808011692,-1.1381355507061137,-2.9297628610069864,0.686663518169017,4.587847729045102,0.1587918522669528,-4.708505636213763,1.638058987459941,-1.3272811204821968,4.884216016859153,4.086985737690995,-0.08102133524093721,2.092400588203134,3.2004027324099047,0.3867349535003983,2.6066540977013557,-2.966780984497687,-0.5149863037757073,-0.6538942674929249,-0.5832955095034091,-5.390453864760617,-0.22187070270060427,2.472204854266103,-1.8680779618223866,-0.11464803446548583,4.392577837082346,-2.5007003050850805,-6.393668034602768,1.2378161319005725,1.9703237914138374,-2.7297862556023134,2.6362155344943266
48.928323810767694,-0.5072724686062314,19.819362263345024,-5.6209547138961975,-4.585377721944728,-19.54603731785934,-9.434677700370617,-0.3082173206382506,-8.085760767702373,2.5937037189581407,-1.3141730565510856,-5.809674640244598,1.988940104497352,-3.9538272758652893,8.02162634058304,14.432302140247705,-4.378303100528242,-17.374622524441918,-1.2065552597874198,4.574063182932945,5.542421783084245,-1.5637748435706595,-3.952084929358367,-11.847233017410899,2.201359286577679,0.2954869230201951,-3.836459094231212,-3.4342598849669566,5.491902263735327,-1.9579795144954535,-0.8141238047765107,9.493675948985251,8.893547289806857,0.4695278519896515,-2.3167204313669956,-2.816946373833036,4.291867543821153,-1.7202935020909134,3.9718631331972767,-3.518983574528213,1.30626870410986,3.2487802859799637,-0.23380433703293302,-7.011051088524241,5.989901020742517,4.4242664493441755,1.5926439451094034,-1.7889304590619872,-1.956162836380581,7.983308429677694
1.4295544339429658,2.643930119874646,3.7563713894721027,2.570626362025741,-3.8830827463961692,-1.4882332437584902,0.8741974294879904,0.32762722666022287,-0.2764807057237568,-1.480776892066907,0.7303581012138768,-0.5457362335611883,-0.2637834129585558,0.16208933220055893,3.191582354576378,-0.5233166607172585,0.27353655042928354,0.9131650259024956,-0.08259899028337286,-0.20157386449847656,0.6680271427045372,-0.49880263681289916,1.3163060759934333,-1.0603977490204046,1.0092041101881697,-0.11299654896831031,0.4271113293754825,0.8686681238076965,-1.1002502676224075,-1.096825750864458,0.749089355486491,0.22710643368941125,1.3976578510854256,0.08762604481312507,0.34465170565762554,-1.0604346809606673,0.9335544345958462,0.27642893898396503,-0.49581560488043547,0.11304820652399188,0.336801964590146,-0.10004644372685315,0.23749146378574043,-0.8460726819450499,-0.12503981804413605,0.17206285459240697,0.7729353532927661,0.4581567279688312,0.033611608320676334,-0.12845818396179398
4.318682800333798,6.0442000767920945,4.334721897783079,-0.5352684235605227,0.4691532328273129,0.14538145930255258,0.5238063924554965,0.12369354198816901,0.9857985435262926,0.5987871095195818,1.6217883778621172,0.8471490294362826,-1.2500717795829923,1.155846850471848,-0.5605473928549729,-2.506381049644689,1.6649495911374954,1.63870881077913,-0.8720875915077362,0.5751151388512992,1.7770299912925047,-0.37028521613458687,1.287557168698949,0.48575310710022207,0.7147418760850424,0.12618005684104394,1.185970992734247,1.1800186442791296,-1.9613212076798507,-1.1962874334402582,-0.0013450330816327516,3.084002587940694,-0.24762337480135865,-0.11775826962090025,-0.1299408594379285,-0.1781959855867712,-0.5023913353945455,-0.06297348856544233,0.5966589182387291,-0.8356303755481442,-0.04720711885509854,0.3531382682006411,2.2182087860675237,-0.9562524029500343,-1.0491260618493887,1.0917032654259415,-0.42848531413171365,-0.4783470275938838,0.9153522650019745,0.8733507844364116
13.349078863365925,0.3225076505107295,4.129361984500808,-8.307530486368886,2.301533672878631,3.6799706398687495,0.49322894380204474,2.2812343543058473,-1.2199894215712748,-0.3883081623262833,-0.22913255699244303,-3.2948039641355744,-1.0420731307871454,0.8809042010676398,-2.964081536757657,-1.114451592411525,2.837392484334317,0.6957001634640069,4.205359195589878,-1.6335536136415798,-2.17783220025795,-0.4506280873322634,-3.067101645236747,-0.5757896143068962,2.685614811524791,2.1984640364528767,1.1843856480991248,2.420800418867107,1.6269981537068314,-1.9151920425282654,1.6041162846245414,1.737238642720421,1.7401343581155015,1.203760036014934,-1.0878654427521832,-1.1523604029308854,0.9153782481058388,1.1690441988086215,0.7886414026594486,1.2260885693992132,2.5801361924893653,1.0749557515790649,0.6072621645622303,-1.6564486996563903,-0.5585830296088744,0.7581470850257191,0.6309724865782987,-2.0751594519599745,0.24544194911923387,0.1613308003189754
31.838829753115448,-14.20989868487666,2.5576585216698478,6.823474136508788,-4.023275280909711,0.9624110755679883,-7.8067805801916075,0.195071645818104,0.006732351234370548,-1.1176814145053608,0.915925207106154,2.9253992983923256,4.794472813385789,7.017157852912689,6.4090047576561116,4.448800098630351,-0.8140178396698199,-2.5529071772708893,2.8314188818906763,6.0043327096597965,4.202747732892917,4.361474461369229,1.9285872301625877,-2.991898213100086,-4.7446523703563495,-0.8948273572266356,1.598076328176251,0.4295333564909275,2.9812543419736173,-6.231997478598937,-1.5710587051434306,-0.24573106477428253,-7.47692736560268,-1.088533146788745,4.849514408474677,0.5417074276219225,-0.820258095307106,-6.189500374961704,-0.21061432829737947,0.7955028967687929,3.7373301651690567,3.4098127550489563,3.979709505330689,-1.6754339417589654,-0.6073908210170679,-4.324650624408381,-4.220663351749334,-0.8392944504843849,-2.3175491048323047,1.0573712073161814
26.333885078953813,-0.2480813355302367,-7.141820125362572,2.2938015930988827,-4.268454599005839,4.261118502652232,9.32135147491055,-5.746924895617768,0.45658796272740054,-1.482838348463114,-2.292513317685347,1.8416795932120333,-4.279514848923141,1.5583732873001075,4.5149362662287755,0.7583592736885463,-0.19793056359829486,3.845029439062645,-1.2096263015097795,-1.0189723559651134,-1.938056670846875,-0.13390847819957152,-3.2381421264209163,1.791631553458758,-2.560712366290005,0.2980550338807928,-0.6696584084238859,-4.395231163247018,0.7094094467929997,1.7012109685481018,1.948911863955055,-3.470823604320021,0.1412552110225715,0.2295059333908811,-1.0062073289145894,-2.7796885078914704,1.236301126648464,1.1909930254693806,-0.1700141672486154,3.591773005392045,-0.6056522011960579,-1.4028692595678451,1.3642143601340742,0.33677266904232595,0.6546413127433078,2.5999488205527927,-1.6941126363024859,2.358471660230534,-0.44975281113748294,2.1917862394143923
26.5808581649063,-4.714581218142973,-0.28286725121415457,3.9611594309260463,1.1610362975440185,6.550504743064549,5.841825498840206,5.305372608956361,1.2750870041477955,0.309016247460871,-7.009867192756702,0.07948746881120156,1.8853790652250062,-4.219793971317227,3.282206766991644,1.3065669804820594,-0.16166304709782242,-3.6862606691511117,3.2870447988920866,-1.266427062428684,2.977595021490828,-3.7798237646274644,-1.9594515690989869,-4.315071350647783,-1.750114634866443,0.8310787353521867,5.252940549356244,1.354277878787682,0.13604035273209347,3.390787037624019,0.19568243952374248,5.039733878264205,-0.5057158467623925,1.8414748407215729,0.9892558623723923,-1.5020599145898281,1.2997393050241646,-0.00998262294699154,2.684854929228889,-2.5475364533633735,0.7514607452726323,1.5185490983421182,-1.2921690601127929,1.8188901169671476,-1.864206015996191,1.2369166096359248,0.052479953134596746,-4.104455974072258,4.604298417398356,-2.8398440607401296
2.899958972301064,2.107976648009106,4.25438121090174,-1.9514615723522484,2.0403204371455983,-0.35180265227232005,0.8367764857720768,-0.13607022481695744,-1.4629741570793284,1.1834871526157404,3.9796120707310965,-1.4967645685653548,-0.3806643194576909,0.9004557048389474,-1.2418440672281879,-1.254097962161033,-0.1970550747133368,1.0464871447103938,-1.1017629275035357,0.6652354758279843,0.09853602780323306,-0.6231338078173089,-0.7906873105671692,-0.13960209659974346,-0.15494595936159233,0.1407233153754909,0.47301603774928724,-1.1159274457433166,-0.1279947538580376,0.3997624149954865,-0.17327315737037663,-0.29713603653945975,-0.10572863426819043,0.6699400289836945,0.5958571142015512,-0.31966982851789744,1.116078261378091,-0.6168565736302953,0.48335821944167195,0.744987458118728,-1.5906729404716689,-0.1016795922224672,-0.5709706306649139,0.8295478164733748,0.2362453575424523,-1.038495214292491,0.6893042845057529,-0.5533108485635776,1.168082789569012,-0.6228987080528664
23.93154232175783,16.842569852416876,6.35163769186971,-5.943688652764575,0.39748382902762824,3.783039035093409,-7.620374960126686,4.317841966901835,5.54076717410425,-3.156388101314566,-3.4129027310600883,0.6339443923212142,1.02376305019503,1.435807144521525,-1.0229586236105503,0.4054663185091194,6.374025356159664,2.5798160568059476,-3.933039299562835,-1.687269320034885,-1.1728329072917278,2.908339407048409,-2.5589327412829252,-1.7044151411414887,3.5987558927560057,-3.388311347253156,-2.2939588082395885,-2.1619366164598337,1.7309660774813225,1.8007147588375028,-0.7951354445102484,-2.692426381746062,-1.9781766150287488,1.1869155380129381,-0.3544718330715696,5.272608797805941,1.379780979635112,-1.0511139775415401,3.548275561653219,-2.9652731824732657,0.061198672148261135,-1.5991775131977952,1.5471941342340494,-0.48626469729727606,2.765716002307922,0.05741021432794474,-1.914943715212042,1.8177702844696284,1.1825716003250997,-0.4242955330627507
30.580405067925785,-11.067668924262069,7.022619453337738,-4.308195283414086,-0.6996051537349293,1.5569409206827702,0.46813312868170637,4.910571282915613,-1.8136728661646218,-1.6673429623126,-1.9799683121989542,3.0772934575777353,2.247855552323542,-3.601121073495883,-0.44261081536219493,-3.8228015689830044,0.5588541307498212,0.6403158178811484,5.540829573472104,1.8458735223349867,4.851222687664524,3.51182150426627,4.122730637175719,1.5728971102801252,8.66148490543797,0.25400176588824563,5.930849029900027,0.1308785641462733,1.8183517890754533,5.941459647280444,-2.3266346877883826,-6.2010002569500955,-4.417604370976587,-4.500415416606854,-0.1143312520593528,-1.7701626697644157,-2.522435382763023,-0.7743944504167284,2.408957602166648,2.120080507462795,1.9783285435327926,-1.2993508039287636,-1.6168594568691947,1.787201212097786,3.2246110732811966,-1.5584665538735996,1.3132121099234748,0.9957124901913792,0.46831705442768656,-1.3371197351856239
24.32784973754099,8.711909589380419,-1.2518343246902877,-0.779362765594548,7.185989680277981,3.397935413370727,-0.5217599995861734,2.4865783127968966,6.938957040633124,-1.6892099648915626,-2.5722973864273024,0.4283813429481622,-1.94118342549285,2.114962939912578,5.073582807285781,3.5364104827428924,-0.19471042215553425,2.3041943109408134,-2.3616670946161857,-1.072874335405659,2.72629846188887,0.8413046343903874,-0.9542209803563734,-0.47532649745520666,-1.4373023148536872,-0.9973702189618432,-0.9679592323847872,0.14289364295397186,-0.9253007463898594,1.018485782845926,-2.6169650110968328,-0.36951447608245935,-3.5299287787490536,-4.516653210442983,-0.4115245539497186,2.6814798527926276,-0.821477717117244,2.752523547948601,2.4670450836455986,2.597035487591045,-1.6229312249277288,-1.7858248701460782,2.9258125358992944,2.0333391840974,-2.045804350494808,0.8638211190073413,-2.082466335030129,-1.6177049525400853,-2.942282821951519,-2.2839062499952085
39.096423836497664,-11.015124628599816,13.515277278701218,-2.625915624133525,-1.8132404233621815,6.155629927216361,-7.417919939896381,-1.9853664605921897,-0.15380596198481344,-2.6059205503307736,-2.2723754166273857,8.941374161361882,0.6651866962763964,-2.5383145511206595,3.0552124478355456,-0.7636238172066756,0.5113844781968281,-1.4101281303528914,0.4659268737566841,-2.0588071093852873,-1.786957514548464,3.6493376069905765,4.5881355691908245,0.9511675913547571,-3.2965408487035877,-1.7279057179765185,-0.2721856712510884,3.304336353483023,-3.9732469654752474,1.7643620618087943,-2.7050658712127933,0.9603501561013018,-1.1959081007352843,-1.616605307745086,1.6558768907982795,-3.738692812466578,3.3307184464468054,-1.4753193016349602,0.509590912025115,-4.04589117796921,-0.5924610411693743,2.6509851713719934,-3.273482800144552,4.039522081046999,-0.9058372881669858,-5.359980177542256,4.337804926799339,-1.100597415323824,3.100252994899476,0.4976182550212438
9.85767223124701,-2.121224742084431,6.13057234691009,0.7148068741494848,0.5685953223080591,-1.9589808584878419,0.11768481535046682,7.198574166221716,0.5753391055305848,-1.210026339473657,2.308934129483947,-0.7376056435646084,-0.8942574151150505,0.7840504354671967,2.879449810313023,-1.1388859562086628,1.1135788231386032,1.4173588327967601,-0.9479067445411129,-0.5513884616559364,-1.5496207717994093,-2.655789656361375,1.589952453304327,1.0784981827700548,-1.8417630095505682,-0.9243022700853445,0.256213457983568,-1.7606144941238973,3.0820503520527924,-2.002016671507243,-1.448303242771443,0.021035618400115363,0.9185857221757999,3.85346164283027,-0.20820387800106938,0.6727942393956643,1.096372505787471,3.460488816159571,0.4469964666620754,-1.207852291929773,2.209919270488034,-0.9160391101154097,-2.3242105672701587,-0.5627711338364978,-0.5099429315190086,0.6004555286768132,-1.9617815977176423,-0.2932496038186877,-2.084568691151261,-2.442018407813495
6.505686386585287,7.2501447304378495,5.191360985412259,3.9868353550195237,-4.959395328456252,-0.4624254382919154,3.914466829162344,0.09936327055365021,-0.3820349883354023,-0.7827909211095705,2.77101101754747,-0.7830072589405028,0.7488987600847669,0.9241122378191722,0.6352892969929762,0.12530719922852296,1.3515614546101649,-0.5248454353377014,0.691641812759372,1.035637639577995,0.056079486044050136,0.5629296696352316,2.0601877241991944,1.581855328063078,-0.8996973364509253,1.635849546048805,0.10545314548738749,0.07190182733819939,0.258256496274811,-0.7988770271655631,-0.4018032487290757,-0.6303668888066303,0.1375238966111002,0.1974457929555895,1.551091032099451,-0.6972471190427523,-0.06467636048153452,0.15647141209308735,-0.610674285330146,-1.7842630732491767,-0.5973496007518588,-0.29584175866954066,0.7140087612023706,-0.6184875625794584,-0.11679106200508393,-1.001120064512163,1.0853646714230285,-0.28496400277630973,-0.7765540750585165,-0.04734696629997846
17.870046535306628,-1.1166145219624695,8.097187088538991,-0.6594501016010788,-1.0842080160246685,8.761167994488417,1.6341775434506336,0.33321858258483916,1.6712067724070516,-3.69632098185959,-0.31328619217289766,-1.5127696545521512,-2.791035379170073,2.455005611231952,2.110074464223613,3.223172524232681,0.9977956892563018,0.02561968024925587,2.8393109559904564,-3.6822003868952544,1.6917963444385316,2.1511298276028503,1.826550288293907,0.9108880956018263,3.437467760455389,1.1955203312970584,4.479597582980558,0.038130691650828386,2.243616184399033,-1.8211062802376805,1.6074557707791186,2.1019025128980786,-0.07498009105902326,0.013933763444157865,1.8069370935274176,0.2208656710081046,-1.12296605379569,-0.4062538009519342,0.37276688788867895,-1.8519074694818052,-1.2825378826253533,4.264805881058547,0.49478561114462694,0.8399666607154732,1.0193351713482424,-0.3360045297359452,-0.46305773858431176,3.039422508637162,1.0174971997316664,-0.45165085518928705
8.851255882617872,-5.900434586886618,1.5528093412506117,2.4401394039879696,-0.052176255257186374,5.0794080986242305,0.0835469282729337,-2.689849049086658,-0.5442062644888985,-2.6087555317388618,-2.3626511702150603,-1.3111148592982034,2.2356787585368108,0.7115328233173104,-0.7305833829126652,-1.8431783592482787,-2.473225995603777,0.9094370292225917,-0.15905252140132137,-0.32952325731097043,2.9015647258755495,2.3981102241272927,-0.5732658120960483,1.8905426770463603,0.6131138065281398,-1.6729374720846941,-1.5670853808323157,-3.766237377650901,-0.1846835289444445,0.5839189143894021,0.04278969485788553,1.018749083705043,0.30997743559528573,1.5087863549263127,0.3573074360605153,-2.7943823353325072,-0.31186631669384707,-3.179399099221452,-0.31654006890160424,-1.017798766651308,0.696789283534075,1.1671573109171112,0.9002089881110377,-0.5042519345754959,-0.18917295580301602,-0.41431065303907494,-1.087944733660662,0.07109539255868473,0.7335310989515977,1.5912289482097701
20.798096853695093,7.840568498857997,-11.68269418184441,-4.421284674998984,-5.382780525412577,4.844408331705606,-4.95684981627386,-1.0284897800143655,-10.438866373709185,-0.25856164516109104,1.4975596312717563,-2.3680462260632344,7.228982207367865,3.0780851786584336,0.5720711645459786,3.839603173990095,3.1096306804181304,-1.5884616858574518,2.7105502592044526,1.8201001981894929,-1.190880585345686,2.201100232479326,5.01589093270886,-2.023224832574921,-3.949451270991481,-1.5377579512375281,-0.547808538521254,-0.09914871384828497,-2.230282629441647,0.4552786530491659,-1.268806213869243,-0.7767432304177673,-1.1916306949067872,3.330605678030393,2.5077913993430485,-0.8237709923213634,2.0628116145236572,1.088041801976127,-1.0069625010866226,-0.41547121600508446,-0.1795062193041863,-0.07759970338183608,-0.7611535566849593,-0.546281945853594,0.6536809071803763,3.6303098986510998,1.3354082192622778,0.08948709938838162,-1.6128871744007836,-2.1412485738618408
3.7425830272100042,3.607483576022196,2.305016814915528,0.4954277617958314,4.143936811005248,0.8131749398995559,0.23649702470087852,-0.6882827214867205,-1.4131968191629414,-0.027886795234663975,3.663330257991664,0.686850929617251,-0.6018115562854742,1.68672658278907,-0.06973359170153873,1.3566986101883005,-0.7638966328883376,-0.2557472574362973,-0.13032302801061682,-1.9737659991186953,0.4658679844634628,0.9076308323522445,1.3773204497128606,-3.8388523551637177,0.778698476003461,1.1945556661041716,0.6724065741980686,0.33046238036781383,0.8050604647392794,1.122316988182039,-2.5507096502794213,-1.0832183773147062,1.2936341824408042,-0.158282474895064,0.979079064058112,0.8269129270730622,0.765586212345676,0.7248982720118768,-1.5009765958021262,0.1698885437571751,1.5048826335276202,-0.6306592108021907,-0.09712826234860382,2.3415776676893376,0.8198163017143953,-1.0699543513021075,-0.027811915233303064,0.2835264135510935,-0.052555577859170734,-0.330175598060867
4.661497233629879,7.076972770352041,7.876392406475176,6.377182173865759,-8.250273538424038,-1.5336705768432366,0.8613142621917315,1.861782961488677,0.1868375130103776,-0.9915195077955505,0.8694687757029637,0.4213278593767369,0.39334358514726225,-0.26255608430910304,3.1448171890533105,-0.6024693121382582,2.21347129396879,1.794745769528546,0.34463653170420017,0.7175135063221658,0.683171206700385,-0.5579018469409932,1.2503718469767382,-0.2780759357618946,0.15093714042289968,-0.8122966619203902,0.4060062607871835,1.4084165576641956,0.47914718535838985,0.04049307930735563,-0.8893114187441922,0.9671653339876535,1.2218963127893652,-0.6562104524420124,0.06231569550744043,-2.269283346145322,0.39796983467027325,-1.3343553863328756,0.3442682502546395,-0.903410297288685,0.4198492414793059,-1.4783660065942357,1.1150423241258094,-1.6947920709480078,0.9451075889517635,1.374954142223217,-0.9396374473816493,-0.9170207555448436,-0.11341492481334092,1.002269861655994
7.603930274099577,10.979536977990765,0.8724701704645159,2.2939293397614158,5.094983757523136,4.767206608474981,-1.0644265968841073,-2.1298123737801493,0.6304509091255264,-0.4406229098857398,-1.3850118373849387,1.941634905169952,-0.9784148616636159,1.968972188862979,1.088015722426825,3.5557719054601775,2.2202527933361242,-2.2334708862821726,1.347442361360155,0.8299965015593563,-0.2427865763395099,-0.33104192865124143,-0.13515825997959696,-0.568015909050708,1.1108642461363498,2.7120472426631643,0.23706360824902728,1.532445923885048,1.8722357168280688,0.9921578074333388,-1.0492231892905286,0.44075841638327873,-0.7151755567530723,-0.569776961814262,-1.1031904376150163,-1.0459019912733378,-2.4906135153334525,-1.042244532124968,-0.9892479723361878,-0.19001385275707544,0.5531421841455878,-1.8549694101593173,1.9115122248575123,-0.5431752361199529,0.2068179718931279,-0.2930929165797863,-1.4209960894430287,-0.6373256600483452,-1.121705977074628,0.44421613106874747
3.275163239521827,1.2036639188818314,5.907576733328532,2.4370313465480997,-2.27812593779633,-2.866175632036228,1.9878738160045744,1.8649489048634058,-1.6110506724644142,0.468866677990327,1.2554282118411533,-2.051833393285702,-0.9070187039366426,-1.4202648216498284,2.6358190530321814,0.213362990277361,-0.6476576101256939,1.8401450811828646,-0.5471825855503851,-1.0719738586676906,1.2444994931851614,-3.2020742212686315,3.4058747315679656,-2.720788440462647,0.025242428530454858,-1.070315090404918,0.5552739712920423,1.691677921842123,-0.18780820707027768,-0.15883579912842133,0.6584322807412877,0.45114715050042775,0.2737320025561125,-1.3937706865230641,0.42660286649475,-2.668372293238538,-1.6746980318220954,0.8612851204836283,-0.2215665510896687,-0.02654156775013898,1.4023884716484036,0.40010902126047504,0.3295862544645313,-2.175972960864676,0.9286690444925405,1.2119679050507728,-1.0101007573420946,-1.0335907374324222,1.5175091789418547,0.8068709741453128
13.39286569159022,8.545883740369051,5.25031963971648,6.049317928015163,-3.3959792356134084,6.568519103525714,5.680758617257793,2.574051674016417,-0.21645137219042587,-3.4107914859729096,-3.1563857821515464,-1.2466644611885345,-1.5404466756430955,2.2987864995914453,1.9343190637523398,-0.6555742739627989,-0.10807017634593064,0.6468672031057496,5.991697869322699,-2.074175941985471,2.4494296225296894,-2.1392563324023266,0.22512142881759994,-0.9215082824312187,-0.9868873166282469,1.4336939525150336,-0.5280647599243116,-1.1348618079629422,0.7720967087210726,1.4625093609811564,1.595693352265572,-0.2275432308898348,0.13140091388451997,-0.7572422972237149,-4.0586020617850185,-2.4144549913530104,2.502598954678121,-0.41260033711389604,-1.2403652288213887,-1.9116215763322066,-1.468283421455964,0.10096150142784832,-0.5221906680179562,0.2558885183597998,-1.4685564968695934,0.0012616983415117689,0.6382122943041839,-1.317757645899027,1.7510403448279483,-1.0972369843174477
6.5898971991380675,10.17199185474944,2.3751212375971793,-0.6814674505594482,0.5199137323755876,2.2991076263548065,-0.14543665163595543,-3.3956018252770415,2.9666271227698395,1.7043851047471663,-2.6325140341642563,1.8974777397806426,-0.8658516304917572,-0.773521515777959,-4.627149891131255,-1.7325612654052895,3.223967508304915,-0.47649845618616177,-1.8229476797739765,3.861041492289412,0.28170270759765037,0.22758360722691545,-1.1469097988388388,2.4560493556067526,1.137254129747966,-0.8444693794118295,0.8803923085485968,0.33366444888655583,0.2609782039273424,-1.6417277375245014,1.2691061152928849,2.190299824253546,-0.3941084357102414,0.8388023079229328,-0.5936029131112898,-1.3747193545805527,1.3885254760069314,0.7641943948201271,2.569698936185703,-1.3548607971529623,-0.8844902039811889,-0.08241526846771974,0.9839771475688974,-0.22020775845176604,0.9152888355784146,-0.3904406664401957,-0.7527515113855265,-0.04436827682164929,-1.3859309527425117,0.18478969037875304
5.942062834519386,6.091207795367852,3.0917513338482867,-1.7281938886704298,5.483532660812297,3.7949536914212385,0.029515171228436166,-0.04153220667843463,-1.3060430378584913,1.0964371658285654,2.876957558548054,-0.4296440890179284,-0.5687862810524646,2.8849409373584707,-1.076645396218407,-0.7573392080031556,0.4989072827241374,0.09446634975505513,1.3211840177553362,1.246244003517135,-1.186851790222887,-0.04943511842772538,-3.0504748776185795,-0.2821614580695656,2.3685107200582722,1.2896908255254615,1.8333265878325262,0.7209753693431705,1.440916261334061,-0.3429697563774816,-0.4692617185185376,0.01088350059483334,0.15436366377461824,1.2582858424105592,-0.028863929510617448,0.0746289486743883,-0.015778471518564534,0.5353007659796396,-0.05736251301020667,0.47767327366583523,-0.4980580552301017,1.4966092599973901,1.2444510350421194,0.6268482046168183,-0.3512166754174335,-0.7635224148638291,1.0495959835535564,1.1830939087963954,-0.7501698878693908,-0.8462014248310452
14.111484547681876,0.770100226796272,-0.467619670672351,1.8989042989986191,1.2262177238760144,2.8444020515895296,6.790458899269262,4.892235640374995,4.561703387764802,-1.319162742633114,-1.946517161142167,-0.525947877395191,-1.0167008370813087,0.9209648639977676,-2.9439311104441703,-0.2727615739117576,-1.0528973704322329,2.5050932653912223,-1.2275881936046562,-0.1743078180603671,0.8347665016822767,-3.883384831650311,2.0999302048659207,-0.4655885412331116,0.5760785299239922,0.48139502061370565,-1.0254167981606352,0.6037959083937133,-0.7709849989195714,2.707907877024516,3.333139870042133,-1.8203617892315394,-1.2063066421180808,2.3014947088436624,-2.0237338368433515,-1.7489411751020656,0.8702241818782612,-0.7302145397305273,-1.6175648088483663,2.921031266046052,-0.5380726966151936,-0.2798147111910563,-1.2973749328227953,1.8380963199816842,-2.1876449344832274,0.6515458397692586,0.32367691675383664,-0.13674153139829315,1.6501881598455264,-1.4048969948318666
8.657796038782468,5.489164881858853,4.820436747773466,-3.684877717407927,6.115955316888774,2.4322889282356575,3.2406994608011246,0.34584438239550996,-1.186877736055461,0.6468130213120941,3.3896691212874783,-1.7731745983617484,-0.706915631642594,-0.41094670720008714,0.64716304514841,-2.1437650698633237,0.2962396825970801,2.339752696175946,2.250815064244346,1.5369209829055037,1.1219795845437832,0.4243576499613544,-1.4728045225080793,0.10855565694391506,-0.9795165139614194,-0.617425764249477,2.7874137963459686,3.585020555901938,1.975289973443807,-0.38063394994916777,-2.1712950193499907,1.6503416859715316,-1.9931690134222717,-1.080337439585719,-0.9602769241010195,0.4114971629913907,0.3090304375151187,-2.165025305350947,-0.1316294820913677,-1.2886751001660655,-0.1689608052679289,-0.7626078607320461,0.8132826125104184,-1.1038336670842865,-2.0805533255039657,0.5995728687176062,2.8940480055604336,-1.329184382316221,-1.454844588949443,0.19206666605970724
1.5872409468901063,3.2207948604176417,3.092689035969839,3.39803723656341,-2.5318532735868704,-0.10241994714950735,0.5813627639702319,0.355951847244928,0.3314441067358251,0.643473627156001,0.8124972918959072,0.9077514876082552,-0.5153631311202159,-1.3978618569469086,-1.8412649432572499,0.16750466502954858,-0.2465706816955155,0.9258407146374226,-0.09183465250686637,0.006960271665816784,0.5069969262249733,-0.2809327860602643,-0.375645820826864,-0.40553639766692917,-1.0220135874095617,0.952024490461358,0.34595255509542205,0.04667519138955786,-0.9436524077730883,1.7941039950318827,-0.8610774490641485,2.135662725698207,-0.9291598692995509,-1.5370157896955914,-2.144769974822211,0.7089002664316923,-0.1902605751348467,-1.200502046999091,1.1923106402777985,0.721262461070759,0.31382356962569025,-1.1036057384083031,2.709812396425225,-1.3454063967568464,0.04354169932617357,-0.08169149820945218,-0.8528706332929602,-0.06342827836531557,-0.17751703743644684,0.44186838944953316
46.886163609313854,10.71122468680434,-15.713992340643426,-6.9512499921945015,-5.7754121980497395,-9.798225337350765,-6.229130755749364,4.721428476454679,1.5782568908824,-6.077461457759652,-1.9885969494141995,1.1525064155171931,-4.6469348791735525,7.031500460564739,-7.226301236448208,0.5914358101588397,-5.058299923731258,-0.5179557106637211,-1.0786118002963845,-2.1442694345205284,2.740705905511802,-5.119665689608516,-2.168293158290856,-4.147100702445794,3.127463804962144,-1.2716161534704835,-2.344814962942478,-0.9996361126682745,0.007655762748571826,-0.7577145722771014,-2.3944955972376865,0.22414102942155623,-3.058557979689477,0.021290108873194047,5.724241173442396,1.4996384018825446,0.3663006118332625,-1.5717963702798898,2.691683981297179,2.019540440002649,2.4583435191799183,-4.814942059596441,2.430763677435382,1.3013124776640974,-2.7240215426691576,-0.6729615460003993,1.831399371149574,-1.1780682780600327,-2.7034752235197925,-1.6499900141635186
7.605123447547294,7.304261591185986,8.781225016545793,7.176789610208253,-9.9699834124052,-0.6174432727046639,0.5192878170113916,0.5400062779268995,0.8472026201002011,-1.4159861431450291,0.8427168917559158,-2.182706413989618,-1.1661290552845622,0.6545839824801964,-0.0454346342019718,0.3946109772784065,0.7197366986831604,2.720536452309311,-1.1558717677751504,-0.2528529042351878,-0.622194457316128,2.762093159758531,2.558720927052955,-2.1700585377181527,0.8676391074851564,1.8108332931938351,0.6041930803150898,0.1567967359303874,-0.8119342889909806,-3.07250387845039,1.1285708842233948,-1.6934286973181354,0.8376021103587387,-0.3507974138509209,-0.5222016670542529,-0.6534117542503206,0.5940784679407389,0.10107319571238554,-1.8731731598141728,-0.003822428452176674,1.5977695370639566,-2.8501435192344373,-0.09608339225139984,-1.6886046206443974,1.3359571673946515,-0.43126388616979705,0.40018853083136624,0.4935333096342045,-0.6802009697859093,-0.5513142828374128
15.008391454589471,3.040746946499099,-6.015790336472394,2.7003744626032415,8.531143316114726,-0.9716672220076594,3.8979155739276536,1.6648006443415446,1.0384618102199905,-4.298322916337956,2.820166703936941,4.915422114600677,1.6267202800991132,0.6044751441424456,-0.20961080374593177,2.277515791744971,0.25053255799957924,0.15151126489180383,0.4216280264530756,-2.54083533145808,1.315892850791801,-2.446915848328834,-3.0650749745095456,1.4529588656646184,3.1916250471930523,1.3051724753831042,-0.4379697032703215,2.17744370929813,0.34717609749622913,0.8335115283174208,3.711240568242092,-0.7057125337195016,-1.0430254415521896,0.8799632503455636,2.520284689209933,-2.7782140737712457,1.5021660992507904,-0.18604813340722032,-1.0671127439798298,-1.4550764578313407,-0.4167632245802495,-0.9663802005364055,-0.47295366959026097,-1.1826898586703738,1.3670601007008027,1.4254140382528575,2.3453005441161823,-0.8962097837068643,-0.3279743368450372,0.733104118910112
0.9207627550363232,1.700159885650896,2.273383067221918,0.6225164197941027,-2.0540802513686685,-0.6110382773109794,0.4370988855604372,0.16542868033128963,0.7909020469706064,0.1689075474332466,1.321249486727264,-0.07695654763628203,0.13319721484103234,-0.5117788343933538,-0.5621940049606063,-0.10139437518853178,0.2196859278791808,-0.015665960104849108,-1.3302056309701082,0.2645652868316207,0.9294359816010614,0.823224803922445,1.688498748037215,-0.6215423509479321,0.40457220856867654,-0.35117318054480995,0.24761097219700268,1.261142432253566,-0.30849380727590725,-0.20881277193217235,0.33456663839123246,0.01773895726800819,0.4445181658686449,0.029377906878763287,0.27889936853536484,-0.9428804068075102,0.40451944336590273,-0.19471961121780995,-0.4151350387148537,0.09842987302126294,-0.25135161785412485,-0.031169183154458373,-0.355488370932633,0.3631478117839998,-0.3096162435069346,0.19755882581296005,0.8237261772545154,-0.1781186229233589,-0.2797151356955384,0.5711948044106627
19.51430413966673,-10.533751608177575,3.295367744033887,-3.00276175119137,-4.101722600889457,7.516164561820409,-2.197240714241193,8.192566759602958,4.503453230440887,-4.0692658636559615,0.2607744469668814,0.9656152826686694,-1.2530705020324076,-1.110978028635587,-2.5016861059756517,6.761430476793335,0.6689128852363241,-0.9447145071818829,0.5821059460561655,-9.484479550085723,-0.7128283570314072,-0.12233417415860995,1.33372070656208,-0.9556069398406813,2.8120479022572695,-1.4201782071867195,-0.34701675960604045,0.7754728512148211,-0.3434241981068505,-1.416710716937466,-0.8610818453889739,-0.4505224045924082,1.9457504161104033,1.7867070494298392,-2.6061864316671937,-0.48331634733886214,0.060457534021378656,0.30546196738820275,3.041237386752831,0.5934348950690699,-2.5582761116963475,-2.231407369775218,-2.156791388828406,1.4864187338558508,4.368965690112802,3.781594834613898,0.6847311255321196,1.3370661635756207,0.3171960408539567,-1.813047989173556
2.4955429466672165,5.159804716931259,4.136397977059254,3.2967824844399374,-3.95340499111633,-0.19252960434084698,1.031660268364476,-0.1532801978704822,1.8344161832499117,0.57543756367895,0.2585772909110915,1.33689555819762,0.11273498481644015,-0.06857579159754865,-2.208778705275874,0.09491717571564318,1.6519515491646046,0.14021112520753215,-1.334143240955785,2.027543761580993,0.6625051628652301,1.023526408545099,1.155750155038291,0.5733547254710836,-0.4992083278312207,0.8560989781462496,0.38235030453196395,1.0608361537245008,0.9899427684006658,0.3517967301688837,-1.0386789257758515,-0.6650686845325648,0.20180842878124497,0.31623348730233336,0.2703088625570278,-1.3983801378629295,-0.2014658645996048,-0.8806722787864321,1.1141661988388916,-0.8687373081734103,-2.2793517286301865,-1.1932214004968666,-1.3397642914991157,1.0527471999657831,-0.1576405689665388,0.2212485052592551,-0.5039845200507591,-1.64393823826047,0.40253897692981017,0.9044525823030072
1.652178083975465,4.102801224198207,2.920999895362096,3.565900404527358,-4.838822240096508,-0.49286719309424276,-0.14468988744745878,-0.3632701910112833,1.6068709764368487,0.03750121343219237,-1.1756059675209074,0.45839147315033724,0.6938659569653383,-1.7751701866924896,-2.0237204266623166,-0.3268038065635137,-0.15416710963880065,0.22642276945770842,-1.2509745095791522,-0.22516712012579815,-2.452465773353137,2.1781612208218575,-1.2691498401149457,-1.0350129672043495,0.366743216495902,-0.13155266253467002,1.9300009132897231,-0.3323494521251001,0.29640763747141363,0.2939435450427771,1.0536638632157507,-0.23723205297180675,-1.2182833071790062,-1.018754085852675,-1.6467328510633457,-0.3006379084216768,-0.516806445361378,-0.6717214143117578,-1.5741259709620063,-1.351559518186275,1.0256087848041653,-1.807569798505014,0.004127744766711572,2.2676215298775797,-1.536693090239914,-0.3701208838992361,-1.114421788771693,2.016756390373536,-1.4367695331346924,-0.045966789947335315
7.917582407646705,10.892119507119883,0.5176429285256199,-0.9348160193174305,4.5868905118746515,6.285204229868367,1.9604251663713117,-3.32420259443917,0.08987049936207281,1.1700535750250363,-3.1753747367624277,1.0758240819563236,-1.2250700169682112,3.797316690414455,-1.8911094118765486,0.6372160686643782,-0.3901706625479533,-4.293229610944641,2.359887622795461,0.6804383765163828,1.7345208003375305,-3.1419764314789846,1.3351338456094528,-0.08813478547024534,1.3128848618937061,0.6453052805704756,0.4243542077456325,-0.2105012101262628,-2.134196662055532,-2.752561660832634,0.34853761250797943,0.46205623569387666,-2.068835729832257,-0.18698941453310952,0.7514620975653415,-0.38525267804323254,-0.5241778017430176,0.9105756765119771,-1.574049286465673,-0.8227412832285141,0.10905814381365064,2.4073674992791667,0.354488169686796,-1.5559883961691947,0.8428485307792244,1.0421687961748933,-0.13355296045556542,0.6152168520824673,-1.9369557866155096,-0.6503259333785564
17.44743491690494,-1.0087994379837455,-5.800703784782518,-0.3433572985748171,2.361056112209807,-2.5389664326971815,-2.7837665299285366,3.605733028485229,1.354943888389643,-2.865680414695043,6.839711144786129,10.572375632725237,1.3073919168566162,-2.648986007021298,1.05609168105799,2.4903379445685516,-2.803634011894841,3.4443798012187274,1.560257714925664,2.4362854392556903,-1.3886453988518634,-1.2867081361516983,-0.09607853822572188,3.5482940228254622,2.3648369005170315,1.1979813462814892,1.8608104178888807,-0.20460176056684642,2.521429300007457,2.294642429046087,4.401498104659315,0.6856131668293541,2.7768018567062493,-2.189885430549668,0.5889885168401376,0.5409986287750117,-0.5864482024692521,0.9334289510478087,0.617085568855015,-3.1314873666285568,2.0792840735349505,1.3407382021298786,-1.5673093169803578,0.42953650681078803,0.4628104765457489,0.966532181467051,1.3688689960028322,0.6507829806250305,-1.351699380761192,-0.7702259349890428
7.12332924878798,-1.4240150351702028,1.4686211924496697,1.278368857350721,0.01892768109999876,2.9835892561298722,-1.66634628914927,2.3554966827396373,2.2700281117988026,-0.8180218888947495,-0.47306606112730104,-0.30994867354752637,3.7190937433720745,-0.5423209956919219,-2.8497681257605394,0.671537229422575,0.04569415416913053,0.5930803509425289,0.6349550115481657,-1.0955937630743915,2.4644159090119517,-1.9063479364108884,1.259794043648826,-0.11340097117680137,1.8448213967521019,0.5714019610327675,1.2647052311255609,0.35974084076857005,2.1146963496007976,-1.4457129897068661,0.20816972646728127,-0.14056268624411178,0.17245782871422083,-1.3997783329909208,-1.5278573705874008,-1.1852489984946137,0.02691416007858167,0.5743977625916319,0.3294282414830535,0.3997229080391226,2.0929601724318014,-0.08712300617407193,2.400877362259671,0.3957938156870795,-1.2659835790668434,0.16981908911972238,0.3995184427108449,-2.21681065623357,2.308181353325758,1.473791738457379
6.130692117587954,3.707649622517355,1.4303187934149824,-0.2867840374443625,2.9441577707749724,0.7122579952557544,0.043570631128789006,-0.6940820114889149,2.0603323063827723,-3.2114552627084527,2.499730698913393,5.45510528166857,-1.0234334532197304,-0.9621231808484334,-0.9079725343002552,0.8743747795707035,0.3075223570202611,-0.434215056845482,0.05488422110346103,0.8174274296982635,-1.7631989455840156,-0.652467324364584,-0.42028216919913564,-0.07593145778385574,-0.9960155623411568,1.7858788630484106,0.8345284471917388,-1.0403858528857741,0.0990813909421765,-0.5956069666825783,-0.5974626481934894,-0.03895275231365353,0.30126182823158276,-2.080912096771744,-0.6874301508050031,2.274452678671406,-1.383678871258283,-1.665316316309951,0.6725069879708896,-1.6588604820184538,0.7867965122206462,-1.2155591807946209,0.8058882859671113,0.01704718290281898,-0.3547723184895044,0.07378520778617337,-1.1222500521194725,-0.33007126005893905,0.732258553177263,-1.1569367115760492
24.42092624084154,-3.6899550441266946,0.8349369239358295,1.7810719350060373,-0.8263429373303726,4.441366109875488,-9.941690497801876,6.701230592274983,2.4284378332249426,2.916628090481953,-2.4427827529991633,-1.0118013475976408,-1.4416890260255188,3.168688573656312,4.833182919791885,2.1114216161713664,0.7610530785814407,-2.7912293702048383,1.810630162364561,2.724641780538023,1.490801052168084,-0.48691976743369514,2.890960805246174,-1.4384346114104365,-0.2248153643022813,-3.6369722931261768,-0.961540160404599,-0.6049287156224727,2.4937816066670937,1.079598285198246,-0.9762694622244487,-0.4739746115143249,-1.17722725563119,5.247076952853763,1.4496501914138629,0.6500465062130738,-3.4754626081078683,-1.8989000382249823,1.078099799821378,2.361739359527372,-0.2756428597797148,2.4756004639529516,1.6833671192773025,-1.2500986542761345,1.1238068469882392,5.315980896711078,-3.2356293743805393,1.7219853995005894,-1.7899073250548176,-0.5544572520871434
31.90508551852548,-16.92857623851659,0.6071660006573593,11.109395287665631,2.98521916350088,12.178275938961695,-7.915542984336932,0.3426437423504261,-0.5075877871113275,1.2005102591776442,3.2087322834543355,0.46112186542586164,-4.20783590932138,3.542770481061384,0.38242878437369277,-2.607067740417107,-2.649230245155359,-1.3306070608897536,-3.580604469399895,3.3590420149483267,2.2788201203552267,-2.2159193370890615,-1.791995412556122,-3.5766393640851257,-6.730672649315016,1.7957733662032371,-1.3208121959857078,-1.566822404569221,0.6267331848305168,-2.5233727342098407,1.3767906937484917,1.234464369351647,-1.1784862767461832,-0.6669132912079412,2.596544889646135,5.552826538488855,1.541854121646156,4.509215528158131,0.004534926017047455,0.05869684518901577,-2.9653633301459923,-0.12362323849660672,-1.9674293067261566,-0.2375033337717395,0.11278214744909842,-0.28776584912248926,1.6811456087198595,0.7314611438224349,-2.843077043617064,0.08447924424632802
2.7792770532280224,5.677949832223423,5.683974023448123,3.16848502022798,-6.21311586065592,-1.8876563087705918,1.395727856064993,-0.49719021743042985,1.661264195976991,0.4068261840508224,0.5836616822299963,-0.5953815739589106,-0.07890144230249863,-0.6851217512553076,-0.5239688557207434,0.10707601805650208,0.6376368351774193,-0.1598463178945783,-3.2125300343553183,1.107131882782851,0.9924082552985779,0.2751184465707529,1.7803343328651557,-0.6760017815354091,0.7872967443727057,0.37656412949913665,0.12156718744599043,0.6825208587461897,0.2216472577716212,-0.9066511556028292,0.5812735333606646,-0.8548847834828321,0.03727235293994008,-0.999096645084153,0.00767878958722279,-1.115320587784578,0.7589340503252048,-0.6240523806976419,0.4956648813799217,0.2746083637431359,-2.5585432237837322,-0.549946169031443,-0.8023050405988859,0.6658860958526696,0.7342285602555543,-0.09893142635165844,1.4968585817732272,-0.3548613196287916,-0.30589733831401816,-0.5605596789991418
3.5273359379599456,2.333859263656444,5.827107567470322,2.992023760978625,-3.1348901621114797,-0.8732852184308177,-0.872589590015483,0.773592900237271,-0.7277943044615042,-0.7793276805456414,3.0668209378451747,-0.9290527180297147,-1.0800730998382264,-0.5820957291328084,2.7936183745204395,-1.900206995465062,0.7141486823100607,1.7004852819624414,0.5823189007360305,-0.777196065549743,0.09915654101066437,-1.716745299510296,-0.7796174126167467,-0.172139438150559,0.4792817650177945,-1.502704698492238,0.05239972884826666,-0.78818140277166,-0.3017120147738013,1.7617696546422308,0.9633893960008039,1.6516442946301342,0.18891040031663298,-2.035764626028845,-0.35195308940144265,-3.227124262242243,0.7080940458602284,0.8136106102947211,0.15764525750295322,0.023355866160135366,-1.1151518197242398,0.09273724634165664,0.966664808519484,-1.7620828268448336,-0.37201894872217167,0.1368469647998402,-0.03996505482172685,-1.0108198739022787,-2.0898415382008313,-0.2430984437869739
13.043034511876755,19.522479717288448,7.918105299971964,-0.4689842717241136,1.4639630248128461,2.6380626332468533,-1.5042539769562207,-4.729824120194549,0.931679340560126,-0.28526300084283895,0.004921572847914613,-0.7368775143363024,-1.0459876996594202,0.05663832929130479,-3.3966739554004732,-1.9267182170215489,-2.762171328717617,-2.7171748828589894,-2.5877687138166934,0.012766110033035627,-1.0633654017114738,0.8142502401260775,-0.1302241131099099,-0.31221841473996526,2.882545108035283,-0.6801459970794106,0.1357296837057435,-2.0901067340173114,1.8961662999510063,0.5159924994954078,2.799426184827896,-0.6448027362072211,-0.45723464967995253,-0.9689587061210221,-1.505880144086464,1.0240135540078612,4.06110505383819,-1.8919513799316885,1.5269102307619389,1.306325879229835,0.22060873522668034,2.2175692356902936,-0.6094250729012376,0.4516519099533333,-0.053449161328898376,-1.775066970476788,3.183491860167625,3.69051916138569,-4.467283064185406,-4.044300983458539
18.476455153325002,-5.69398093432569,3.003810827930099,5.260433159208885,2.199412494782821,8.63357780101299,5.905926163781778,-3.6947215041307153,-1.9858864796848779,-1.5227872384094856,-2.3280315048116775,-1.5559760756531793,3.967897449648885,3.5997154854816267,-2.6660600170833257,-0.703695003407317,-0.7359398991881572,0.24762791429494369,-0.752150518678727,0.7777565396382198,-0.4684169542030746,2.5116328521787965,-1.1649772198866142,-0.48819995879205424,-0.020554159013268847,0.4685555944017906,-0.37844797485581316,-3.491229987994066,1.7480287096289395,1.3617447373334275,-2.6741676579923963,1.960016460257738,4.522030497827305,-0.836963655364727,2.778260011715993,0.6627644981529985,-1.0869067050935113,-0.39248748114696924,1.398960180241225,-0.1441664712249618,3.6048210864342627,1.2478135217928825,1.625104569640051,-1.0898215240400853,-1.4848449651063982,-0.31610117269821775,0.25322834271753963,0.05059981320396134,-0.78847511450962,-1.3913289374554498
14.526563557259939,13.76030172597792,9.108009159792768,-3.47051108122208,3.990285157231559,1.7678472287815432,1.1782443205257207,-5.97733335845748,-0.7272520066808843,3.646791621490233,3.399570117152444,-1.8108323949089176,0.2009317985101886,-4.088179670932893,-3.0787945412203808,0.28859761181381627,-1.8686882993808671,-0.21687620495858065,-5.773737631624658,-2.22442122677003,-0.014766201700542714,1.7473205563931464,1.041819152114239,2.310370927677547,-0.1445560170864173,-0.21154713239379508,-2.1025679498684036,0.1524227219405521,0.16123212358380812,-3.1331729702298623,0.4510311004828401,-2.4098003112549105,-2.793360699672791,1.9475456566348799,1.9313753019657476,-0.04443609217414696,3.6591675889792294,0.6209155914168001,-0.1183612896061742,1.925693998933831,1.2596132193049046,0.37644525169749654,-2.213034500765874,-1.82071940664647,-0.2377118766016103,0.4745722991062095,0.5072099568606139,-0.6514364212766282,1.3754340405574157,-0.4362921753596122
6.3194708778370465,-0.4087671564797194,-1.6766311741663782,-0.6232132045312365,0.13183918696310343,3.768262121271125,3.3144017649635416,3.998760876260463,0.11388632417029684,-0.8999472990869858,-0.5191088817804924,-0.8403993356428648,2.0352816375335046,0.3515353483049453,-0.7876675949748071,0.7583677206125912,0.3811806979237756,-1.3645668164988065,1.0747433738151995,-0.6537820839635051,-0.23144397044454107,-1.6046367088193452,0.5212564495233525,-1.048926804023398,0.42261924279008245,-1.6986132271851426,-1.088366099961373,0.09517673842962482,0.20163551167218152,0.07324315085630195,1.896519128141418,-0.36638941907326167,-0.18167103532401063,0.5164385474583277,-1.155699323405011,-0.2280204820692429,0.3092531165826897,-0.8699482048289077,-0.6157493725256344,0.5461794115343885,-0.3597605734767132,-0.22230309149727484,-0.24133459086584486,0.1509898690651578,-0.4027782043415775,-0.1714777014718391,0.7122030698318883,0.80175755413757,1.0245637932593918,1.072629599434265
5.94452714975927,7.562761568811693,8.685355402273379,4.379769853651852,-1.4171629030221082,0.7471775960739191,2.9296220035637264,1.6166272582598131,-2.4650266220190615,-0.7307439293015734,4.990425510347993,-1.0435003782853358,-0.9439141401877801,1.909624370508005,3.6879639200595316,-1.1154775182867422,-0.09674009297057862,1.7555394912665767,3.677641115088254,-0.31672715012271124,-0.7025785868687296,-1.6122175665219265,-2.497952991317824,-1.1104058468549605,-0.21674679076859726,2.1576129703849154,-0.936264284872784,0.3092820036480748,0.07427549860057847,2.141833936516553,-2.2292814237923495,-0.5021025074846786,0.7933659225376966,0.6246480577722565,-0.8638591914497702,0.29177022347551307,-0.5608701287384223,0.6666504216662136,0.3890642745015461,0.6024551854952778,1.4845487061441844,-0.9418106902906564,1.7481696339733708,-2.3978802941187873,0.7738275799959171,-2.0827231616191653,-0.8134916489521913,0.20618645745685582,-2.2796237817791756,-2.7151117860377587
3.064764991231059,3.6371918091664512,0.17774229309671563,3.2007648413482617,-3.5682480957410734,1.924866574597601,2.178824637142414,-1.1865264464547716,-1.5377470520829242,2.7388772802749015,-1.6218784636629975,1.0968521900896897,-1.0531988538166852,0.14245276970991588,0.3969758294017942,-2.095511613827931,1.2009478640874538,-1.8475223746249394,0.0959016621124823,-0.36467314339255463,3.3558843739083777,-1.3853517986364285,-0.4629383357715552,1.8217107213051311,0.5519979766197711,1.4000682379887501,-0.5449652892301868,-2.7982373991760197,1.5218361833757608,-0.3935669758324276,-1.9858548567592131,1.1860873915667456,0.7089556571086771,-1.567177503358132,-0.9983943838919183,1.7386936484412323,-2.601111761802243,-0.20049999826203058,-0.33632165775161826,0.3292495606076737,-0.2237570102844325,0.5618449478165339,-0.8238558304934377,1.1819418402822484,1.074435228632246,0.9093460615951796,-1.3667007219023612,0.4519954146866545,-0.2311084091895191,1.3509942617060449
9.188563543655041,11.80440709368549,2.5250960298451868,-1.1445628202656875,7.194243696356619,5.921600792205485,-0.9441551582867357,-1.9228766609610615,0.5698327319388933,1.519634441449301,0.8837485196427805,1.834945628514369,-0.49659837167271537,3.102668772215417,-2.321429173476513,0.17028314142426104,1.1372535141539406,-2.916483120552464,3.9255086945469446,0.7385912022104402,-0.5365355881352574,-1.010170191773777,-0.6101744497204267,-0.681669219472757,1.5132729509337217,1.282132812961035,-0.33340229637525576,0.3657450036264241,1.017558695622824,-0.17973731312237418,-1.6150620787850003,0.610433546834035,0.24309537981340368,0.7437868981206467,0.651263486204249,0.622574936115881,-0.37326131313415933,0.3720092251342412,-0.8662051927518299,-1.5148558561004006,1.4609052575498427,1.7504703286660348,-1.3594282361894525,0.6395870524076878,-0.2346270890923592,1.147327608660653,-0.510288412529601,1.779801206136003,-0.804518127138677,-0.9139336299893703
15.286387057012284,-8.35194533726481,9.818969514155516,4.783907663376613,-2.579179004811893,4.232693166144103,-0.9421047474733685,-1.6372099959205384,1.8765187867477378,-2.8721190836112553,0.7195097859577895,1.9055660909934935,-0.837129882049285,3.615953527272583,1.5115298979657688,-2.446417403862552,1.541465506678535,2.9029316061412,1.0479755736959255,-0.9546679041470882,3.15758605143619,-1.903664957506842,2.0774169333708614,-3.6458691154767866,-2.230805573728498,-0.3479938019439246,3.946759802869678,1.297040547830209,-0.2064155005204485,0.10393255566588905,-1.009137567993473,-2.3089169547785167,0.6089319686487917,0.37768608246015134,-0.981871305696665,-0.3426417356790692,0.9880985216128632,2.574965196097089,1.7430970848783816,4.8368210612438105,-0.47841722603688136,-2.818719223865037,-2.106209397720246,-0.23125191437527837,-1.2176772291106526,0.328221526565733,1.1644225264503432,-2.8767721638773223,1.4618261813791444,3.4322609052474005
20.900999108714338,6.822030851682893,-12.592775066348693,6.761596507700539,5.146480477714644,4.74934259931459,2.1962045845298306,1.953552404567338,-8.623590937280179,-1.0717705599185114,-0.04051133136697527,-7.613689494649474,0.13211362957285047,-2.367500665123248,-0.35587520668222916,0.418879287593936,2.297355708655559,-3.755347931653393,1.047134338289375,0.6870565528118151,1.8963584271630973,-1.9199533572410705,4.198236275682084,-2.296733846137025,-0.5447274257947812,0.1108765360340842,1.8725358986347524,-0.8962844989451204,-2.5641121347280507,-0.2901420994085331,-1.7674865210925508,4.066075872647664,-1.5337041912574372,7.54715748560877,-2.880880923981231,-4.062040838417777,-2.4536618553610783,1.1929911359319436,-0.9370615199189188,-0.574612107175088,-1.5378998265287827,-1.5689187584079485,1.9199926188121672,1.0286654411094456,0.8742544394392047,1.3573781814149815,-0.25363210998679375,-3.0459127099402097,-0.39642820897305575,-3.1096675277292833
5.514399337806571,7.620215608345045,0.9803983355038846,-0.2806145354953393,3.1644132980697126,3.5173629414094982,-0.909406009665892,-0.9095156488226458,1.1069134742482856,1.542873659650317,-0.5611069641689239,1.4540303094042095,-0.030215247794356012,1.115694866214927,-2.3773488249652264,-0.1734552891955038,1.6720382774571578,-0.8834253823026238,1.4637061576746193,0.9892930696689962,-0.7287090918004262,-0.8306813395169214,-0.665440012916464,-0.739187122093071,1.6950792984868563,-0.9589928370137585,0.2307316517383763,0.10435210168306858,-0.268720905453832,0.6184010979933763,0.32846174807825906,1.0158798213497522,-0.5207426619832749,-0.47597588336980684,1.8497924020731618,-1.0786927707324616,0.0021715454365431874,-0.7490670997223025,0.5155695861163182,0.010660329774487332,1.342781862723506,1.2386595947527717,-0.6835304161829558,-0.04969629139994435,-1.2698049539216103,1.1286417997204083,0.7518189641480689,0.2626550305149209,0.4754474393327108,-0.6063444634917351
23.68174755898678,-8.997907123118942,19.59488543296814,2.8241578935117895,8.793673594915962,-15.3143354383159,2.9558774459640436,-1.6139413395419324,-5.83053960473763,1.3902105791109158,0.8670808844239486,-0.810309332091193,1.778631989854537,-4.473553510179746,3.3680898091678237,0.5535711399279966,-3.773363811917377,-0.9232506517325889,-0.7307304894917963,2.2804185163096737,-1.274092168818843,-1.1820998097673374,5.604545138033534,0.022697515060985385,2.1619143240768257,-2.1106183620517016,-2.1755289439857917,-5.0106460571187235,4.505931675898508,-2.656606255086434,-2.778568170441989,-1.1631958168333425,-2.897626486600521,-8.69303132010021,-1.831112910303701,-4.13422153604544,0.006232351210394227,-1.5567069899844994,0.7173539930398374,-1.491189997985389,-3.7546726811261752,0.33543985360969986,2.770690372410394,4.935514051442028,1.9616350515023795,2.433690165808562,-1.626553807163789,-4.313864188324809,1.0676748399610925,0.709265706272367
11.571621074848624,16.927110289956527,3.7854399410974664,4.0856837859127495,8.177454126600992,2.807472876614121,-1.541662745147067,-3.611343929707243,-0.1313659391951283,-0.03726845812787269,-2.5147863852258774,3.5899710618535785,-0.8230851468577118,0.8567926814460698,-0.37724417763568097,1.5675363055286862,3.211191316326281,-1.708605441972419,-0.7918006966682081,-4.283633871692287,3.6933311607738397,0.8463397348180478,-0.3053009300011931,-5.134112464764177,1.3534754809264662,1.984222067642731,-0.9142960811419001,0.8035890250001512,-0.6336860450016135,2.795461233354086,0.24820774304922344,0.265808742512451,-0.6064199097234684,-0.8421823452825957,0.10582889903539047,1.4142059446714725,-3.415637742998678,-0.20154393708933194,0.19989459810346888,-0.9242357767589937,2.0134302170542973,0.3477841705487982,0.7017971788643211,1.3407257403076813,-0.07509643439257441,0.9162346729174602,0.23226532221535112,0.2605243231778678,-0.7476566007615226,-1.4958331573491983
23.874384508166553,5.0549195879002085,-13.098896903897481,-5.568863137622693,-6.130085798985705,5.07625598545707,-5.901400643540542,4.326065275584963,-4.853521058104903,4.014860614074794,3.7319164063243377,-5.493048309975089,4.803801094288945,3.0093477178301353,-0.7688320727797301,4.087466189173451,1.7105609496528684,1.2831452101459226,0.09481542024635958,0.6851822797661808,-1.1650006207556247,0.45843402163264113,1.9750427324308975,-4.058175457745129,-1.922214521181794,-0.15267250757598017,0.35412895309020875,1.1480473795124746,2.99655108205435,1.7443759232076324,1.7554488985847074,-0.6880126356680161,-1.3387414400042743,0.6036969537030381,-4.67726498651009,-3.6434020703165526,0.1774690965494513,-0.8964485757426504,0.8964565818702624,-0.7823217436193228,1.8189422555703767,1.2859005500649534,1.3954514192249856,1.4775117868904366,-2.867202020910642,2.507342341975761,0.4367244636333878,-1.1174262769470311,1.2563353983211403,0.5936905430383814
17.48773770029163,-0.620454371673625,6.574996651946872,0.6261755016796586,-6.672986538410463,5.657135070766566,1.2490615271039203,4.965890192261502,6.033069417082972,-2.296591664674778,3.0557407979051066,-4.4436994697020005,0.6242674557471157,0.03741160914874114,0.13085460125327497,4.37017277294156,0.22355761847956868,2.1280688164020383,0.6757013920144066,-3.356665453646359,1.0596212340472642,1.7984422623457008,3.443364600095531,-0.024137295961031535,5.132021110738956,1.7296444706975476,-0.14605023481782659,1.143345233878869,-2.260333575556582,0.9891660757570649,-2.262984795261672,0.39072233449191107,1.5880134580431626,1.530272938313638,-0.5529586606513266,1.1177467986987053,0.6405198763829704,-0.29874151933213,0.13342987446054186,2.2585972561067518,-2.379683481971032,-1.457050437663928,-2.2909413943174752,3.0583728098486542,2.4057030003789626,-2.1655562163398177,-2.2567153596140277,-1.0209561456774778,1.7250025312369406,-0.9364100301807186
33.39469668584661,-4.414221824993122,0.568989638415269,8.948876800477436,5.604888268345018,-17.863249074332725,12.939997470868324,7.9557713537628585,0.4183260402288522,10.008559211706483,-4.079644686913165,-3.056228428781997,-2.203079482917798,8.369409337378846,6.901402861660488,-0.33641036015333514,-3.197042478638776,-1.7100453092204404,-1.006346107504017,-5.560413198711416,1.5937715830125658,3.753180242038863,6.281343902158236,1.9897215313055059,0.4463399034041522,3.338710748255722,-0.11478438488108118,-0.8055157820459735,2.801969801927598,-0.04225392094173919,1.2168053626738102,-0.7786560908858939,-4.868399337281225,3.8823496011418213,2.12077979042593,-0.0037012872632705696,1.5647612609942234,3.2229462595937126,0.7941108057284083,-2.812686478808374,-2.012971316059345,-5.474213858631512,-3.374746403247025,-0.5330345098743549,-0.6750923650165365,3.555077769432943,1.9879812219799855,-5.318510279173484,5.0739295575017795,-1.1996696464929568
20.60405127875411,-3.3007944119643966,-15.061907623063945,12.779283791441292,3.0391270804704758,-12.37979759853693,8.107215584498366,0.21058582719499863,3.520363089501207,-3.5756408373034843,5.315481150518183,-4.953558859102119,2.1068326638350077,4.837412912147397,-6.556725670349964,5.25846315682174,2.6367195911697734,-0.5904755970310798,2.0514373941104744,-2.460501443283625,-0.746962102144146,4.683785354761827,-7.64381866055515,3.0591111788331222,1.932739429137497,-7.092558131323125,-2.2603373460768994,0.9632167252961019,-6.888096712660874,-2.082190012421402,0.6453369812481108,4.013626833580756,0.4773075447254689,1.4623410277424447,0.12984381346387983,0.9303618408043547,2.244770253971459,-1.6467867527213134,3.342124266595883,0.2888358105276613,0.028528363212585034,2.9756958970609544,-0.431281988781378,-0.2001905810630926,-1.6138956452739546,-2.3211527501143165,1.3595749029277182,2.826735564493042,0.5779941237083773,4.013350605917499
1.8660404478307855,3.527990493390435,4.7387332803229,3.9465921167537585,-5.076181495181248,-1.6167052489146783,1.2058719792885972,0.6890831813372922,-0.5219631562929258,-1.627256269344013,0.9513997044634194,-0.5300284683626797,-0.6857169676829202,0.8633570152239627,5.3650913646038125,-0.7227261160259357,1.5347254190862114,1.6899815131841385,0.5190124902315569,-0.8002624759281898,0.1307818882399654,-1.7783226259419187,0.3444526825245086,-0.1453033062775172,0.5465870735731825,0.6626123074247232,0.0017394721818427827,1.0528845475188622,-0.3259451128201514,-0.2699554110097633,-0.16000420662626716,0.634247831799724,0.9515385029056302,-0.7340386905258042,-0.38854798361644577,-1.0300008931962161,0.6113487068505281,-0.360794221951772,0.6227389881911394,-0.08907607432591068,-0.122366964085876,-0.17479505911243068,0.5016712002596998,-0.8424972114490004,0.12726417143649676,0.005331016484493856,0.28194066076379665,-0.1773518706359112,-0.4034881681132777,-0.20182390105874343
8.012314284814723,11.413531089350103,0.05013567386201373,0.0014061927593094214,6.117550961092248,5.30488738019094,-1.1142988529767832,-2.9889155921003443,-0.20968109948601743,0.03660101767575491,-2.8344037578271397,1.7004599340083795,-1.4511357627919175,2.413620510595402,-1.504475895295048,2.6605252700963744,0.4160433091805949,-2.2591955807524045,2.6039890204501326,0.6327826361576161,0.8634411437821612,-2.1853146921627293,1.3077946997008765,-0.16934761080711702,-0.550843122818168,1.314550044643012,1.5572101925280604,0.24935374132109922,-2.217120976056485,0.31377360131848486,0.9069403793532677,1.1565802715857192,-1.4601133067472198,-0.9116460882277967,0.7225597635921353,-0.8496992915849078,-0.5410351585634425,0.6144902142159321,-0.42440315830683595,-0.8320682990632076,0.7933525965406649,1.6146439572868543,1.196262037943793,-1.0645671826485044,-0.9203127071415224,0.25745894493717875,0.6590649787725886,-1.2330396551101166,-0.9976577139410254,0.7283231768031757
28.479085388660796,5.44560300251338,-10.889707643407537,-8.072691725430282,0.4388887198123561,0.6770191136254142,1.8446855810071066,6.666086127448855,-0.9324195878520131,-5.4356866638535575,-5.011238840312004,-1.051886769215531,1.955923320718646,1.3801810109594956,-0.5234263922335318,-4.177691139719912,-1.9270762702169029,-1.6912789499742438,-3.008395747034335,1.3610669056331866,2.4152717956696392,-3.4151786128235284,-1.9400794043500678,-2.953617401308526,0.9758335804285333,1.7151802951982262,1.13040066026724,2.5225896232180647,-2.3976354658392913,-2.2387423661597814,-0.34328728830464783,-1.471535113534014,2.5475030716508527,-0.04237654654301587,-2.441286489468005,1.6001388214895689,2.6734250660374896,-6.35367348827433,-1.1070868859341805,3.8250015879658563,0.6752510632441269,0.702350919499643,0.24759243988208213,3.112300653352196,0.4096458982144934,-1.8691829432789309,3.38836597858013,-0.49265707583213075,1.1672265860053526,0.15016663993313628
47.24923354510069,-18.603300965402617,1.3040018642848528,13.739024714507003,10.836558501503777,4.005461515793251,-4.045740387993949,-4.835804224111991,4.439284575797062,-3.2935005653497273,-3.255265891852547,0.42029838385656915,1.089932828835384,6.718342703636293,0.6247720887452357,-6.104262707163306,-4.355290820203288,-6.278383226662592,-3.294662155642337,2.5861942876036985,-4.972054345166505,-1.8516026855169927,6.503584158953905,2.401607887053787,2.5631739646739975,2.3813624301176413,2.9428998953122587,3.824963692192177,3.630177243049304,-6.468923022819484,-0.7776462274155778,-2.987086303040993,4.090737205069367,-0.8072948355536491,-5.768984099781254,1.94617918611093,0.14778246199794642,-3.0328643900334793,-0.2047095438044617,-1.9936008386302688,-1.2361832109082027,1.6409158845018808,4.534764522800356,-1.1050956348737628,2.035969298068444,2.5429719710284484,0.4127339837906854,-0.2186114173739777,1.7847670605886443,-2.483995161038492
12.50873205693296,19.76084814078554,9.019001449451522,1.3964660412610543,0.8001799500099719,1.1216245777185305,-3.4733931259658246,-3.5064485505394676,-0.31638102588497496,-0.08331080648264094,-1.1940295840371036,2.9155799272984697,-2.1138199301279177,1.2904467483864135,1.7440635507858206,-2.523413531926179,0.6377842689941312,0.4358974812298158,-2.2913284120885176,0.9114343610249794,0.7103434642291386,1.771568902805333,1.3413849076794009,-0.03761236032671039,1.7669874881695056,-3.7446825551461633,-0.8147993214325583,1.4455838687200289,-1.3776140907958414,0.20261719610213172,0.6099107089239217,-1.2805219583584007,1.5444322580132863,3.3205806365641006,1.403738957686496,-0.5750868053193698,0.6171842177045141,1.3934387780524007,1.2617015619133736,3.947782631372236,-2.614254625430041,2.034837347649009,-0.33293823927447747,-0.31484207585512763,2.9199561540895083,-2.7204150694635327,-0.14521242029899684,1.5003187532808937,-0.9336030358378392,1.529400493511242
5.294172519675995,8.893487420213063,-0.5596722315997626,1.0544551946635436,5.548115031377954,1.7866474336182907,-4.07561099868693,-2.8290252667429567,-1.7757715029487091,-1.5161504832463553,-4.238620604781388,2.587366585580785,-0.11417364091168751,-1.1211699971082036,2.5680684367539834,0.2733561411056748,0.5327740931596894,-0.4189308722894125,0.14003714633294528,-1.3837162407208288,1.5620409399148691,-1.7898465872531606,2.2612186398089293,-0.7477470883150994,0.4185726963285846,1.816852310452797,-0.4898675354626242,0.5547065275092158,-1.1760273850009326,0.6660772953550054,-0.8924766752615085,1.9755132667819733,0.5010714074449367,1.930511227474543,-2.25808087399,0.2565777371523176,-0.19237001861782854,-0.47189443855037944,-1.5571105096333198,0.4597647810818073,0.5311259940595903,-0.2814981039177197,0.6788865666820498,-1.1503724493497787,1.7446605518750395,-1.803043009461943,0.16421778147606586,0.8020224978501062,-2.053618004246671,0.18104393212420847
10.685686083178894,0.3165621604357926,0.4793115573307162,2.3725216564265237,4.713387667145113,-0.9785125443095246,-4.978768687654547,6.74294618334673,2.2561012788336336,1.596122439706208,0.4479188500336457,0.14261714033161832,-0.5632922644323526,-0.4504793286933008,0.15492247290464556,0.4740266545145959,-3.302003861747555,-0.04639594567397193,0.5128108118245482,0.2965515809505556,-0.5897692495142961,-1.992927134153692,-0.8824431000592626,0.14226617391722404,-0.9581249290813809,-2.3210769910943423,1.1445685583545995,1.6625190728207344,3.0491583346520716,0.30619765597614296,0.8739671657249073,0.8659127468216377,-1.166853903421531,-0.5894359124851871,0.604157529576651,-0.6925961857441345,-2.2641429206466896,2.7911115651794587,-0.40868135410239037,2.1638991025073384,0.659295558251456,0.40541625362675393,0.9855013446383165,0.6464146815934962,0.5446467051596433,-0.504626000133071,-0.6322986637791153,-0.20856612036482736,-1.2014731283201736,0.9969404089538969
2.768411119170092,4.677354739984329,6.89554746225458,4.2540368508920485,-5.726366030120353,-2.5635820186720593,2.3518753097996523,0.7492813011678474,-0.8187826324315166,-0.672838614641549,2.554924282558018,-1.0387746216611424,-0.902884453303797,-0.46406663735182246,4.382898964575729,-0.8446724166778063,1.016654502695413,1.3077695567591863,-0.9012406658702345,-0.9909020463442959,2.4719779455349835,-1.1440620794707266,2.0134522736857594,-1.9346483592613573,-0.1079912332968575,-0.5553634347631108,-0.12394491495964732,1.261185209176095,-0.9924757216917554,0.7501481678293151,0.35321022511850186,-0.1579447398159361,0.23080958078930763,-1.2618066097365306,0.5183707094543499,-2.4397525858743374,0.6626442293562088,-1.8507808402106867,0.4875032288404959,0.3037240593266514,0.9908022893366234,0.36603877032022536,-0.43725395053273103,-1.343552224295211,0.324600002610056,1.196659165734645,-0.5972251861009719,0.09355291112325781,0.6336781980666943,0.2367844558845158
24.006275429069436,7.291980834552554,3.8118995976709917,11.58153097893532,-3.774794121782592,0.36716274375920477,4.102446043332303,9.605237846102655,1.9081847270002372,3.349048441721055,-0.1645196673459143,6.521725145108074,-6.140807869592977,-5.474650340774891,-9.463758795939805,0.6330547222667684,-5.366190749812007,-5.625174685072538,-4.932541353686304,2.0488287325213768,3.2105586938799564,1.3923560503021126,0.8413312270605423,-8.084229410989751,1.8320456729705916,-3.065132069657447,3.4778202350398644,-0.3604759218641107,-0.18398950813692905,1.1534895206291973,2.792893072537882,0.6134260140433069,-3.0789356686883025,-1.1977303943912103,-2.3914080413396532,-3.275274107090939,-2.904529836610729,0.9868525249596106,2.947115899551009,5.5872417008213215,0.3680184009745445,-1.5907006605623601,-1.7398865728119968,2.0297634733450307,-2.696878635536356,-2.975737452007561,-3.2694011455936764,6.446952310461594,-1.7291464103243521,-2.5504078575799527
6.589742811558854,9.858285956601401,2.716833880040549,0.1110747381480337,4.487317114851257,1.6510051917719926,-3.770228651011784,-2.609821883282712,0.18925635031770893,0.8574126916121003,-2.0067430193256945,3.917172998034775,-1.143170831495194,-1.0060026027720677,0.599310649037583,-1.6836486651245037,2.3484727288793104,1.2747660239555048,0.2682270642206087,1.1563687219319259,-1.761624632929998,0.2371992973762139,1.1103364627519798,1.2450553856675735,0.8907086657608259,-1.3131068836277742,-0.0017242408357024397,0.12771989307426557,-1.797975463329737,0.707546694223455,0.10007064396579873,0.6693396354030807,-1.4279960392229456,1.1898178157795463,0.006010110912180677,-1.4959837364400121,0.03153571971612103,0.5266957047930053,1.075901096871482,0.1909990884756806,-1.0894242531931893,0.9961218939393445,0.6649795485810323,0.4456818395392694,0.7591265109218299,-1.0459411917122927,0.48258001987865473,-1.070311605213947,-0.21890939675749044,-1.0897236445539895
4.832783930124799,1.287013762878722,1.0846100000983683,-0.008152951161489147,-0.1896487227123148,2.5398296370730575,4.048866776303949,1.057619219681981,0.24920788515414188,0.7429808054363669,-0.1704376123186226,0.6404475581315952,-0.37785967402109094,-0.05254349042961087,-1.788655669046655,-0.6866149812109779,0.6910345463084001,-0.04921717203010732,1.591456573842391,-1.3477444643041303,1.7585173127655025,0.9307073109091841,-0.19283165789388715,-1.0673323145520588,-0.6806602539907984,-2.0107343111327487,-0.24710263890976342,-0.4469102133662439,-0.12221099539273295,1.5525208392427268,0.5543289310022328,1.254996694123216,-1.174895751685767,0.021989817267535183,-0.7371256698120602,0.9002182855725858,0.725210480285472,0.3802252033905536,-0.6450887381390491,0.6582006812041217,-0.8943519535071752,0.319803960531024,-0.5923021673139196,-0.05139621582605155,-1.3921966260356853,0.7337895920341186,1.1791501690682886,-0.5677227783825621,0.37406165432500205,-1.127976870093799
4.188499286580323,9.444137874094352,7.484134271157427,7.879972486490486,-9.65410123365848,-1.0847973439294198,1.2684071505131689,0.0022822802291973306,2.3255639200943605,-0.3539977488604377,-1.5596364279416683,1.37072440316452,0.21691546986311977,-0.5397216590399365,-0.805388051180927,-0.5616749416975604,1.1123718019685072,-0.02042355507900713,-1.3081809558551143,0.3826731263801191,-0.8400367147840015,0.5999521908919753,-0.9574947263654087,-1.2508558817884103,0.6475748036172478,0.5780411909953208,0.9917990874534232,0.14870867218476175,1.1432597437405407,-0.08547063122700072,0.2476538537413812,-0.24159002629994406,-0.7002239479360456,-0.1466899765872345,0.3764232306382432,0.053223859828734274,-0.7718773653686861,-1.2839634568684897,0.4350102653501798,-1.2102500121337263,0.47949312659005794,-1.3954445262937687,-0.82712823358052,1.2326011306649418,0.24061322806856417,0.20109793322234093,-0.7774104571962606,0.487650660366948,-0.3478474419794797,-0.298627308821269
4.352305083757329,7.103498625728535,4.940131214034362,2.8821245881729975,-0.8292783836711575,1.679109323936915,0.12135185126875092,0.718344016795312,0.8422767092677279,1.8555603318614604,1.300405659814536,2.9177515519103405,-0.5914406027719493,0.14400405137355224,-5.6841808362512385,-1.8241376729744012,0.4390169076618502,0.593504353173031,1.080594157570061,1.7204637122500581,0.45394071890136345,1.4575542207630918,-1.1262484238875996,1.375608822404081,0.03425774946778797,-0.7026433904527802,-0.5673361479219455,-0.9924653233439338,0.09652349773700578,1.4632775502246524,-1.1614306934860839,-0.35070785781688907,-0.8679275460803759,0.1215182381620089,0.4506690051085759,1.0482964398011128,-0.15752287658054992,0.8080500964953221,-1.1853691339030257,0.8475708328366546,-1.319539114709219,0.07775966417717164,-0.2375678866769737,-1.1656471548417637,-0.8933182054918897,1.0305603765888351,0.17757182375277453,-1.2876404813363376,1.056446559720721,0.5552622166070258
2.1525879620858652,3.457585511604376,0.2540831281029011,0.7554864099233501,1.9527702323533713,0.2902822100070829,0.061005752697831706,-1.2417136602584629,0.9353016301924983,-1.517166392654397,-0.750589037759418,1.2355905493117487,-0.05856008906288619,-0.7529334834885528,-0.16085092600260376,0.9843292894288939,-0.15174307285534175,-0.18698166636524896,0.42858908502639426,-0.24998514304755975,0.456773274796189,0.04664682017451541,-0.6509467842186653,-0.9811838207713697,-0.7257953075678961,1.3505431477967753,1.0868277190165907,1.162900154000888,0.15846989627963728,-0.14100476430530307,-0.691242785068956,-0.12410140984266393,0.0684270074703672,-1.1983281581199365,-1.1233518368292756,0.624405960422943,-0.19059740169377914,-1.2137868288942868,0.5465321492316977,-1.525626504040331,0.9774339258876048,-1.1128111244237529,0.8372989630145128,0.3728236096335026,-0.4042181967020195,0.04682711414490957,-1.544721484904239,-0.9474062006165327,0.06816566526866963,-0.7528126103091235
38.25377110271928,4.9776687875732595,-18.57103043282895,-1.1869921258761877,-5.732317305623244,-0.9172702024406867,3.4864980166592723,-6.724108582904023,-7.184239047801466,-4.107938405838299,-2.241136417165996,3.498438901136339,-3.433774203642092,2.2282798786191083,-4.602852483261425,-1.2236136184954751,-6.5336679932406145,5.539360954299149,-1.6901859515187292,-3.899768634289683,1.4238077652894723,2.4830598706121036,-1.3708530023728578,-1.9096723265876283,-5.014556342427398,4.256142463580329,-2.022392808949358,5.413497077713286,2.45134888432225,-1.0682826809192087,-0.04067772388100077,-0.4898710703553668,-1.7756648360922829,4.699417901608735,0.44352083895004596,3.136020711768456,0.47118760958974515,-0.8026411883319953,-1.560527047024277,0.19915800979307385,-2.205730468412583,-2.6283184429041753,-3.6579097430394096,-1.0161479999621001,-1.9949770179129347,-1.2548921420760273,-1.0705929484901717,2.8360311626535237,-1.920826127081279,2.133212780679232
4.025468628097917,5.671874067774956,3.3527919287288115,-0.2341279626664119,3.738531774334759,0.3665556041143274,-1.9529219983461135,-0.4108396466979694,-0.7853294830193602,0.7800230408947236,1.439391617181185,1.5921958679256623,-0.26045899992272736,-1.7637929336932032,-0.9945600227285207,-1.6472141279982642,1.1127998892128788,0.7377969881242302,-0.07481265317335262,1.1527552785773822,-0.7376001938711361,-0.008721718868388295,-0.9554305500032819,1.3777464672219208,-1.4086296056299707,-1.5111247473319127,-0.4598831549110012,-0.1482190377974423,-1.2401036445322406,1.9001991384074937,-0.9867184497720739,0.4222952657911889,-0.47886032293351705,1.534824782101745,-1.0360202567150991,-1.188054979449258,0.4092770310400431,1.2685940829633975,0.7497452355949945,0.4229147658779839,-0.2196284763590363,-0.6608203147617651,0.18720626945271956,-0.33957556641157,0.2641920545604226,-1.089651596047,-1.7584090140220798,-0.21397631228649222,-1.1671551205576274,-0.2203680015443798
1.7527451966350607,4.220547572628882,2.407133521314705,3.94091975297026,-3.699175424376036,0.2683593505828953,-0.24911327116738863,-0.01304111322024308,0.6744610141620074,-0.6961828023957768,-2.235161652877881,1.2750037770607514,0.20723496803405772,0.39151570057441426,0.05533889154995686,-0.19008083249370114,1.0354318254908157,0.28867000371368307,0.7638232874665434,0.4660333620697899,-1.0976104922309489,-0.15673484568383977,-1.5926611212326414,1.5387203539580276,0.3950570542757712,0.602348383415704,-0.4416480238059394,-0.8181859003672656,1.0433441619971335,0.6007887651575288,-0.4165800074283177,0.5002786962515604,-0.9418508501765276,1.0508670047544346,0.2917781601332775,0.9805985888637454,0.3722752376892334,0.009347369364363256,0.06287723212018054,-0.3580757198584996,-0.5282404739708659,-0.21743227717534447,0.03395061470653865,0.0516675743558529,-0.03303315825920121,0.10543782830727352,-0.4318881895402351,-0.7445318317471022,-0.46726015748576555,-0.7024173203790723
6.759717347366044,9.306345944357014,3.236124588869764,-0.26770268209759296,2.803830311538472,3.519453165674351,2.0284764102576722,-1.332168669645148,1.4008936024329004,-0.059778333499161285,0.352898926978942,1.1650832546783305,-0.8735036859061738,3.5707943576464896,-1.8361616984158808,-0.41848585428994955,-0.34272714290764195,-0.9071452960891389,1.62815550342469,2.362781378927912,1.5707873635518035,-0.5787007845340995,-0.2292462251955149,-0.5646106185333597,0.5905613088816254,-0.14324441098553156,2.2125219825253906,2.0899797909544775,-1.1739377950402718,-2.3094400764889498,0.0824172836671955,0.323785140241476,0.49045061022201586,-0.33433842049025175,0.728044683054961,-2.1164841918701285,-0.25746022612099856,-0.3177655640275517,-0.42396197932755697,-1.3505246394142025,-0.3499504811564391,0.22574599142691293,-0.692200930786081,-0.07604213816948774,1.1655259093743675,1.9474369704281538,0.4170918962722594,0.5540188141480105,-0.6601054241928885,-0.35085665957359613
13.587929852446571,-7.49890074516125,2.5224896920379756,6.526767457704389,6.3908657092070955,0.03194531502542558,-0.5809609742395052,3.63984619208649,3.699259776659961,-3.8767345637229758,-1.4107566517033046,-1.944514625096991,1.3722115984789136,-0.6337529053120503,-0.6158627416814124,-0.2573694066000185,-3.817419044719396,1.416159100466736,-1.6625694562903037,1.6038311926992628,1.0883452709941703,-2.20217034167891,-1.3206317683468023,1.8643868031897322,0.5101325367710666,0.6447413831021629,1.0745403157877151,-0.26775370324560827,3.7799193823995627,-1.7554216215892215,-3.3250528947841436,0.30177522619486896,0.2625665238927104,-0.3143716509335732,-0.2995166984259801,-1.6165280452704733,-0.8130683959959627,3.042854346374125,0.8622066050088941,0.41181944933473463,3.2270728461435008,5.174664568198916,0.9015888860797119,-1.2431838099130172,0.9338290284712083,-0.558080994863236,-2.271265390739176,2.3956391939862427,0.37822597351655585,-2.059408799466512
2.101511311485572,4.423320367407308,4.1092949388486515,3.9679594156989726,-3.045372486607585,-0.17232911936703682,0.49206976845991446,0.3609915302173189,0.7941982814457119,0.981135246556981,1.3556074842315062,1.9620678802256346,0.11446232473288229,-1.7508427991152742,-3.6642830194454916,-0.4431771308779914,0.5069124197188363,1.233086487994432,-1.3088428384060844,1.2635731069120486,0.7619213232727827,1.578203300371533,1.4779296410921599,-0.9811404541059794,-0.6235911251956547,-0.33936056683497756,0.9533411719454074,1.4847870115740354,-0.3955965126036936,1.5104121210115098,-1.1720674840958474,1.8415978408403577,0.3533144241111636,-0.2755459969613173,-1.2504155095412692,-0.30613155807735215,-0.5684392408088661,-0.5615255187203542,0.5050503499474178,0.28670360879121615,-0.21221961823346158,-2.185281909572474,1.7400963817593382,-1.2081837589408826,-0.9991273087595665,-0.19547288291517134,-0.0005637452707479423,-1.0445760790973646,-0.22940091786375774,1.4136761940180804
9.24336063460346,10.13008081773004,9.876213477345322,-5.631901298011993,7.934200888241878,-1.905473622536791,-1.7487876303459429,-2.079613077013912,-6.012629742249751,2.0665730376360374,5.290154164072297,-4.100337916067602,-1.538945569476217,-1.7955491748031518,0.15918463788018694,-4.248047786692691,-1.8887185977614729,1.7432481554166213,-3.5195696227733606,-1.2329656706119636,-1.141916000661117,1.47453206197403,-3.0226916129573307,3.787495864922838,-1.1050908757440374,-4.562105466799478,-2.995706753008266,-0.5753820814536504,0.36627734182775784,2.232652185802803,0.003068895894383916,2.217669920723471,-0.9737182503375454,-2.1814257432401427,0.5548922675876518,-1.8006150632042721,1.968820146872875,-1.9432155166276281,0.37603969372839924,0.03730848339713899,1.3164068648018976,-0.803200550496176,0.7700544782067201,1.5268763801542073,-0.4872888215968186,-0.7141301915376583,2.3924060010086716,-0.10231836637284389,-0.8299343837688178,-0.5471644589361433
13.204929461848765,-1.7963301599723724,0.32852957532157534,6.667733280167683,5.52809519644069,2.5347016336130737,2.776055376799751,2.9874262666574665,2.4442147589400305,-0.4653583092607991,-2.835846277228335,-4.912559383130925,6.128356669596611,1.5332076504749255,0.7478086390302916,-0.12507310557247536,-0.30460557695764734,1.3527079270845026,-2.7650465088426652,1.292894484325196,0.4828986964320248,-0.18483116145573564,0.9346370140470738,2.0207450904104918,-1.2855392103621457,2.966735401934776,-2.9198146444517117,-2.518911284379298,2.1202802654976765,1.3779516934173914,-1.418248346880207,0.4323769284316382,-0.3382344132016717,2.7154349419363077,-1.905306064483832,-0.921948470235414,3.251806808239097,0.36294316389757797,-0.2064861179614208,-0.15314934489431273,1.2805036978099273,-1.2996887371459953,-2.019091672873976,1.0564627395637318,1.1377685177171837,-1.455786682842648,-1.1346851953489918,0.4007553996332806,-0.8281813510345067,3.081790717091408
8.161459015618934,9.898866767045249,8.85250344049276,-0.6109062529294913,2.488273647126147,2.0923008854282914,1.4463675866260273,0.14230520872661706,-1.3371586212436601,2.7057713045693363,6.567513790621768,-0.667764284930277,-1.009778950385173,2.418935153979029,-4.146517194387239,-2.161708471260196,-0.7234579311348228,-0.5422122127610056,1.0122080810333545,0.9719990701302788,-0.6022761505361284,1.1397074570430759,0.21173482125263743,-0.8703934549330692,0.7037764216438487,-1.2867218689104845,1.4304922611010973,-0.05629688490327779,0.21448990465442228,1.4584436420645654,-1.5854438672378768,0.9722479047649333,0.18172516826841945,0.3491231902128009,1.4130992474767523,0.5814260923111612,0.5302422555509663,-0.4608950469510411,1.2452472779040085,-0.0877386355268065,0.036408053902757864,1.3119960853356036,0.2313797847143638,0.6027508909344415,-1.7373935430910374,1.0000673489387326,1.3246370885709076,0.0764976576363256,0.36108018310550055,-0.5149804366080936
2.721360497462753,2.9228748669105133,2.3521872060995195,-0.17782732496900167,0.03002328871728932,1.8768510397973601,1.1622331705275497,-0.4359089617597744,-0.18757783366600936,-0.02349518503195066,2.599537392233039,-1.0897569601267099,-1.5127222338241841,1.8910113462603275,-1.5283986423394897,2.474594963595808,-2.8700317172000473,-1.3275875134342479,1.1102919558448217,-0.22841361906678703,0.48262806830761523,0.7778639575915812,-0.6691795773359772,0.8262673933378614,-0.48844029608093015,0.7117245462866889,0.7696163537480185,1.6297976194108013,0.32041396301292296,0.8386526309222917,0.0026691855603859452,0.04790561264649867,0.47870709653882815,-1.3302121048642483,-0.5435749125535925,-0.46553864818759644,0.43220307670967784,-0.3428777294614622,0.40279352913626015,0.857315411716296,-0.3012356555555265,-1.0150415640756176,0.5577088471308905,0.8440713628944438,-0.4880817364532162,-0.2876591605724608,0.6479630101618147,-1.3774413008561426,0.689561140489736,-0.5292628492067938
8.286589519356085,-1.724077421618819,2.4419240941913074,-5.332394836366742,-2.0270033152959934,2.716184956538487,1.3388900587628854,3.671435688738249,0.8379171060811621,-0.9043826313196339,-0.6859230563473451,1.540968871481831,-3.934696403824545,0.36011256641861805,-1.0501400812207795,0.35397312123972235,1.0334671412102563,2.66082517003547,3.1568109172230403,-1.7469759001661802,-0.5472176413978491,1.899484886700698,0.5875857542664238,-0.6485165732345084,1.4131352498708705,-1.993142142047133,0.7724417933872616,-0.08984424407356267,1.178260056785673,-1.7008868411999565,-1.8032779320511017,0.4559614241500673,-0.28997195861025615,0.040927621158289684,1.1601617177279544,1.1485460189072567,-1.0125970269739835,2.6686998185405226,-0.7004856989615994,0.245735718564271,1.0205387626813152,-0.6892556338514244,-0.3568189952609716,-1.0615138679065566,3.3631633624097264,-0.1839204520403659,-1.66950359803901,-0.6182337010765449,1.4582375423253844,1.4454457722380498
30.958053090025047,-3.3898809804631607,-9.084265043483375,-1.2110555156414975,-4.188739679824524,11.116275106886258,9.364577848226407,1.5475598404335313,-1.217551970770565,1.0214743341611938,-2.32736522589652,2.151081351344981,-4.127882855340181,-3.2235918816680518,5.249352503043328,-2.6215184504768945,0.6168884021769745,-2.7958213655549238,0.8082431363968497,-1.4263285650648785,1.7292795877355445,-0.28731454980762083,-0.9634589903770712,-1.340212511689454,-3.218153964167182,-2.225095454531992,-0.13630533862774125,2.143116779572466,5.2800091676713565,-4.9627653464274495,1.7628036671230523,1.3881545409608866,-0.0806919835426202,-1.2070960591471325,-1.0994369120419198,1.5393447410321133,1.6374929638391325,0.20333224626175594,2.427780125126728,-0.8714384232149391,-1.6140095211585908,1.8492018705369249,-3.4820701932229037,-2.5411602717253636,2.0734816469795883,-4.191110790332192,0.010789380768578716,-3.0186785713122313,1.9686370547226617,-0.3014595242926361
7.717670260780977,-0.09353644051327983,0.8291492402819918,1.252444368466627,-1.875209704444756,4.040448124575875,0.21224745900898567,5.007788466112918,0.6438633091731519,-0.6413284096848504,1.2896050580926464,-1.7375666771027864,2.5974778795144857,0.18628006552813947,-0.8654848339886291,0.6134752316447861,0.9211202906719781,2.1413593732299985,-2.244410278022425,0.649378632893697,-1.7280573226458227,0.15683966480233147,0.8470779566168525,-1.4950707508825625,-0.7194625420165608,-0.40273975533537754,0.4928714200616977,-0.14469101802138085,-0.23394860252710364,-0.6313938614688391,1.8161576675488582,-0.4841778446362841,-0.4569400376615324,-0.5936942786789163,-0.2372148444943644,0.5941071888293176,0.6224517089358472,0.2598643834980781,1.3395293482608746,1.8602502504327598,-0.09816694462325071,0.7920163372221176,0.24488414212664675,-0.3586668196525428,0.3485148645505971,-0.9515716771849527,-0.86303499671387,0.5613999648522175,0.32251646050770244,0.7904119197728696
2.668377722187138,5.2546650424467884,4.947544089448961,3.8319676273642505,-4.101331284953535,0.048431756484960425,1.0246501014888882,0.5132626835438022,0.7949994765737485,0.9274815029489507,1.117823100614305,2.127185301313975,0.1006925686770978,-0.8060621365874405,-3.2654148094375217,-0.8441953291828863,0.46490285104741275,0.5791526044826544,-0.3579459062010817,1.041264789625581,1.5262891906881018,1.5488749690093828,2.658142913531645,0.6984057512709694,-0.9204258844098382,-0.32575001533416825,0.1973716965220398,1.9134085748366514,-1.1868150757052658,0.8590248832740335,-1.679839159190601,1.2135008665368452,0.14607376235668026,-0.443867411677586,-0.031405440040904065,-0.9366981554284332,-0.12124581233639066,-0.6479188182259323,-0.7067006236252036,-0.4478392407134303,-0.9811116453849289,0.5424057951688983,0.8224487007131307,-0.06490204509068509,-0.5529422896200724,0.4004865141845493,0.8523885536970545,-0.21405988367588602,-0.5821762615378386,1.0692000223989249
19.654246292394813,-1.2829439830582006,-4.067340789115491,3.4967151049347955,3.4835181585352446,0.15134853339505006,0.9773841166384265,7.235216946252511,0.3442351020064276,-1.9365390770005164,1.6830675189793056,1.8377416518071226,7.228208719272552,3.106327846190463,-1.2426735304883216,2.6227654543362076,0.9438076741590018,-1.7381079150794267,-1.9531312064982662,-1.1988251371982326,3.0624085069460216,-2.45950346953579,0.3296149683141304,0.7764952903528188,-0.5106865345602456,0.3851756257408094,-1.7657740918242462,-0.0005957749637787169,3.001950864035173,3.5381155079385773,2.121525305748409,-0.03473670379812699,-1.8223411545405397,-0.006916429339278274,1.9461879382799885,-2.258897657110758,2.812551266985766,1.68613759775491,-0.3840396085020872,-2.0319753401038816,-1.7722951238970104,-4.111819181612176,-1.2101986317549036,-0.370326333804979,-0.5594382185273921,1.180832670317445,-2.316906474852292,2.9164298900063113,-0.7393623846266527,0.673417946082023
5.8159326611228925,5.881766448197676,3.277050588817894,-3.2433709706146656,4.224157073742014,3.3163025950282403,0.907602971574509,0.10520541069396852,-0.22656877649147422,0.5667022399959785,3.515297296824405,-0.5420210254654135,-1.0903686715538954,2.4831969722683063,-1.6857677837338567,-0.8636822285168844,0.05504863013394656,-1.0465164481486011,1.831805143257235,0.5525331004846916,1.0872330542008166,-0.9792905080608243,-1.7984181606223921,0.2923365885471547,0.9042122144493823,0.03566259878215927,0.09561684026208228,-0.31637268607760577,0.03749857560045933,-0.38266833044566007,-1.123194417635689,0.4331438623703095,-1.312844525962904,-0.3240797751878746,0.1687911489377738,0.5663272033398928,0.23131043535438853,0.14576443583415444,-0.4390645616298759,-0.27269485985059005,1.6011774624930637,0.9539888696063157,-0.12140330313166947,0.7049782395645268,0.42667661870022744,-0.207710485759374,-1.9576226088081952,1.281570244662111,0.28449689259574795,0.5939259857316095
5.310078643124373,7.6632351222343615,7.32310619751728,1.7835774179022335,-2.092794337429667,0.7505307948992176,2.2193007186339955,0.4936710953240442,-0.8174133933090918,1.2292755211924875,3.106804285599867,0.8818074464576883,-1.5090444800535867,0.019144652355829073,-3.28167942987397,-3.2513154008941796,0.04153174253199493,0.6484031284169401,1.3812020475159776,1.2470906235560637,2.4335288604700827,0.8092762345365329,1.808994668173316,0.010587946436360685,0.26082639478750747,-1.9508134588218229,1.8461586487729256,0.9614157341366948,-0.6857392340968493,0.8688620008872543,-0.16136232126180447,1.0552586190199067,0.978217756035461,-1.1628929836962514,0.28346222771044766,-0.0016278212762415034,0.13081091549916382,-0.9168178786057508,-2.6275122711171894,0.4811597355735635,-0.17564352741610972,1.028822469759822,-0.44378936305464384,-1.6388639814372832,-0.6969398907401675,1.8917677090189384,0.780711166091469,0.23572593775232442,-0.8653264524887079,1.2619350363733113
5.883571410548666,0.4409709311270099,4.284232504612435,-1.6632812672174133,0.02625187010831198,2.5258577237684676,-1.1476372182835048,0.9454168030642043,2.011016391129269,-2.0949335511945804,2.2824879020237185,-0.9175806982141697,-0.3539539917066448,1.4779071497136773,0.429520609188044,0.03268517269710437,0.24533251738712092,-0.19943621754387025,1.4390721569710947,-0.3369530721422886,1.152506446913387,1.6980690914407224,0.8711635593692247,0.7735933570049284,2.04335057457771,-0.1819163785491048,0.7162693215384104,-1.0980666866362054,-0.08668202577076312,1.2860202061380621,1.0602378618533275,0.9764578444248344,1.742649343877749,0.7250354105340613,-0.8115786461802286,0.8204403776245369,0.042078032080895666,-0.3275599329733432,-0.4145542736198431,-0.1716484113452728,1.4082307060299872,2.4054248885783673,0.741387263544699,1.1542827658982688,-0.3891426547521438,-1.090598837002174,1.2065709845565213,2.683081045007449,0.42537133622299167,-0.7157855702958741
11.24664236751979,-0.7891399828627313,4.016925914460424,-2.023051761107862,0.7996716661745115,4.733753422698103,0.5679101279613252,2.4140319074106444,-1.9709362635077219,0.22708590485858773,1.40184775269015,-1.4957346286594715,0.8664241639494411,-0.9284770312290926,-1.1784914368462156,-3.404962634212157,0.007695965933786408,3.439705429407383,2.33461878016134,-3.03600484987263,-0.5648159574756686,-1.6154861529253153,-1.1680067094231468,1.1718438521838277,1.066176504059218,-1.672817261752673,2.2215217611905946,-2.0550368201997795,0.31452512217771317,-1.0523648793616336,0.01580937248865455,0.8055186535128014,1.0108417066512592,-1.5731419830758004,2.8890418943236154,-1.570671044324754,-1.5749909911039808,-0.331096729463473,-1.2106679623838466,-0.2954540923776859,-0.4974802039237005,3.3673913921330687,0.4238047037927186,0.016060610987876575,0.2674406183685353,-0.16648568271663772,1.5620193796879867,-0.3084556778695208,0.7186947819808991,-1.4339014854454422
15.839526366135871,0.9073484088805448,-10.548570010850407,-1.021872220949414,-2.8686181707753566,7.073116465118922,3.8397554261324283,1.8646336725887516,-8.416155336622957,-1.875778537817106,0.9379979971292582,-1.7840135053259536,1.013994767732982,0.6218666716628519,1.3166966532935018,1.62053599705557,2.3249341721279095,-1.8084878430889746,-2.7128064150181075,3.0875094784544057,-0.383286518330067,0.7090386346793305,2.3159303874724677,-2.395585885686055,0.7390944184769779,-1.4630118529711245,-0.9193239317952815,-1.2253274274423709,-0.0774609949829031,1.2823703623385374,1.4530693419067338,0.4702596271630118,-0.8991891342870658,2.1544408760863254,-0.07295518406537754,-1.0282397316341192,-1.632881026660073,0.533981517318296,-0.3501843018541597,0.3088187597685459,0.44980006909738596,-1.8168221668985645,1.4633667776584438,-0.8507959043385696,-2.3686365241772465,1.522616279325149,-0.2860443681129378,0.07482610065879558,-0.27874732281218434,-1.5275188011351284
47.98224341339139,-15.690260025990252,15.032424138858685,0.5586550344502796,0.0717202810419372,-0.13945099043914067,-0.05758856149328673,-3.1936127997008334,9.058360296322942,-6.980935823602765,6.097354091156093,-8.488460492977007,1.9903804102260498,-6.787575765831127,-0.13703099546856268,-7.207830972371614,8.228741893341923,-1.6075577034736384,2.4629980062081147,1.4796971002519412,1.5994638729722628,-3.6376613271057923,0.1646453109606834,-5.094237865148611,6.87821452320999,-1.2413149234665923,-3.773894281884986,3.5864441144335952,4.777076458751523,3.904282172494793,12.638653472545068,-5.122811682217698,1.7240224144193328,2.875786039093984,5.103006976212534,1.5295135966738127,-5.481468879506368,-6.288660965594508,-5.941854185685292,-0.22866760737040903,0.6522131554324528,-1.456555176510054,1.971997241884174,-3.8550622993067303,-0.0627097256446519,-4.6613291513410005,-12.071065143303022,-0.9760433947352556,5.461182456869518,7.7432512068555175
24.376882379868444,-5.5485535299639235,2.0373303361749096,0.7293021257902705,-2.1294698947123942,9.362499172898055,6.642205735373144,5.562467271667097,0.5021936530907307,-0.05423069454009749,-4.6497065509954245,3.525369398827615,0.2612464455504091,-2.322819752343449,-1.3726788883183785,0.18263504184534884,-1.5118870217755407,-0.8930373462040899,2.1481902237545616,-3.077908588581275,0.382794757488633,2.5853037599458997,1.5000954903524768,-0.6625765319237069,0.2636938074327256,-0.9895328635839438,0.04316182290870674,-3.3512955896029433,0.06768638640528013,0.6450562079303725,0.254248447530675,2.0142214459370944,-0.9877436682201743,1.259926229428542,0.7353184635824854,0.8743448704965912,1.9192294328429225,-0.9319822814541909,5.0709484701355025,-2.971710789672189,1.575103341027596,4.5730973105543935,0.23942389960910687,0.8199070100103775,0.16409436312578402,-1.5978803968876059,0.808898700539407,-3.7105807999826803,1.9909217153181764,-0.37717559616259777
46.42631205357213,-2.458388991458254,-14.565323763163583,9.3720902098664,-0.6806596345368563,4.4751233570931666,-4.640768542955603,-5.949840486477528,0.25901194765496705,-3.1632368095366243,1.0642660626549763,3.538026047399596,-5.287646089671173,-1.4987805176830014,-0.7633995915803894,-2.896550865586538,-9.920994217985019,-0.5784519571573977,-2.7599656162018,1.8860120997666114,-2.1650024517898165,3.7284831628123776,-4.1088044288329515,3.4462049127760355,3.2972686888797123,-7.375620053766692,-2.8831759442835017,0.21950689112869548,-1.4684268267419707,-0.9037529932344531,-1.6100452972379327,-3.55208528555446,8.03631288697685,0.6310080286414481,2.2683607719023886,-0.17068629764465593,-5.728553772304572,4.020093867054133,-3.3239680406970336,3.001787609019273,0.2262071255848951,-4.422519226740449,2.89434065536359,-2.3865060318076052,0.2449490096604629,1.8797329376917054,-0.9371136252277362,0.8336663539498849,2.9182239343642005,2.104155330735255
2.9086995844648897,6.244780807869585,5.055619748638554,4.854484580145463,-5.221697662592352,0.17265316346400839,1.3042802979258297,-0.2328726212144226,0.8484574959973215,1.0671166642930434,-0.09287376845329331,2.231054524769333,0.23077895761496894,-1.7355823131017953,-4.124964249352871,-0.3199047890515707,-0.8887316605532701,0.1218867999677708,-1.3285256717015992,1.0727635720388184,0.8595454811977694,1.6528638379732428,1.963002413719516,-0.1387707607555834,-0.12093968348314633,-0.9578930030648762,0.5908714961491346,0.6959385891729257,-0.40461351156054426,-0.7659649559449705,-0.05165595374134879,-0.09205030870475824,-0.09907146868743066,-0.12803567203761054,0.10332741247432672,-0.721138530874886,-0.2192254790035969,-0.09495671552972768,-0.26853148507192115,-0.016134310423610104,0.48882454356374994,-0.5351645123207341,0.061788549748498144,-0.3235523801317376,-1.123160847700463,-0.3634427660836188,-0.2671823833308127,0.02746221280815886,-0.5223854281691651,0.5738010640933536
27.277935348652015,-0.09437485551454783,-3.326619746984765,5.192828937650283,0.3510349687547888,-3.015360747667388,10.836931335076986,-2.2177978407194656,0.5451627697123969,-4.7105772795593595,-4.033255428948675,1.3102165523653584,4.109393726231249,7.222990582847924,5.271656582528852,-4.456510406348529,1.190331275548068,-0.2397093977039955,1.6562247686685954,0.07730460379595178,-1.3225323008207341,-0.3152193888775368,-1.3091959301062361,-0.8416266844872277,-0.012554483489257029,-0.5043424516126871,5.616390140802476,2.523476215204405,-3.189498540183128,0.7853689506225278,-2.1030155711440566,-1.6793765857983918,1.7285614852364652,7.928021816596164,-4.6598509511294015,-2.9893257955366344,2.285690578843203,-2.0537754281489464,-0.05071479127823231,8.195936830214873,4.3920527572429835,-2.785937251273121,-0.12609943117568112,-2.281211536832066,-1.9842760629814538,0.7923686525295484,-0.11046000508765863,1.3314504448280404,-1.7087050545309688,-0.2792814112288584
4.649786229091967,9.536801582193794,9.033923142477935,7.78931369632288,-11.680078517365512,-2.267111191548588,2.331164751267383,-0.7870766434568154,1.3928262589868394,-1.0650800678185395,-0.5090850379291703,-0.17090411892300572,0.07400923738787468,0.01121882895170645,2.283297288318525,-0.12058671859492387,1.78920777527979,0.41104299439093406,-2.061347643519785,0.12937024894450144,0.468734288564222,-1.0548313878925457,1.4480469352503724,-1.552640287720393,1.7826416825815994,0.5602452044019013,-0.07835148941081693,1.1952751097899228,0.22903938129124612,-3.694840998712934,0.9423294121927848,-0.878062432192793,1.2928281441650096,-0.3481401435679231,1.0944753975221766,-0.8924997198228216,0.6844646501549037,1.215188553483268,0.6376101095513368,-1.105973673008335,0.8135291921376808,-0.8120456666285468,-0.12166918820991376,0.4466016236202044,-0.23399282253034584,-0.48665119017962233,1.0218055662347587,0.3381258781580519,-0.8730645615803909,-0.8186779923845018
12.122193688676186,-2.2682509643089306,4.799486786730291,5.018819022460855,-3.5706751002386925,6.401837780023081,-0.36303394286450236,3.8995412955411335,0.7389208349804223,-1.6277522406126912,1.198418420637474,-0.28118278886236914,-0.835777939908064,0.511861855340026,1.4494388669406404,3.3773672246877955,-0.4860446825693363,3.0606849284059914,-0.4853592191407706,-3.038797196796751,0.4648645969625562,-1.5709440223570823,-0.18608932299930148,0.04866466777431622,-2.115887202380275,0.9443101661484343,-0.775902570746565,0.7598428391758159,-0.676714462099071,4.31433490286088,0.3031710891088988,-1.9103936894592826,0.7971208481451179,-0.5746169890628577,-2.0555784112077427,-0.7432693350747049,0.18332115232005197,0.4380454663567488,3.0609378429961502,-0.9069229093988447,-1.4604202432798277,-1.3223909361479513,2.9285984641123903,2.0183708469715738,-1.228531767910354,1.6632049104650792,0.13370152569771698,0.04119053410240797,0.28748971593706885,2.4186072794554754
4.007966912486323,5.947356778628496,2.5501808355435744,-0.494910189483853,3.7312613615942745,0.3704968386680597,-3.9654700808378625,0.06569874401585787,-0.4182038769573459,-0.3211176942700246,1.376610321626188,-0.20664895329451252,-1.671393408300297,-0.4503709766793399,-0.3042550560253404,-0.4140149609871442,-1.4106525797577385,-0.1793416687394708,0.20813415168414234,0.5134993236942971,-0.43473403331793053,1.0927329410933229,-1.9678484450625646,0.8323028364563785,0.9124286996457236,-0.2678106644744518,-0.25175464528414926,-0.06473006859673809,1.35996912428994,1.61441888466736,0.24712327362609177,1.2400009129387808,1.1100169496951389,0.18165139559134946,-0.6688865823175117,-0.42341003596563864,-1.3347310106807757,0.550061004979078,-0.8068157037132788,1.272067372558062,0.23084400698059182,-0.7793905277256472,-0.2344356243916063,-1.020774012511415,0.011540345938619162,1.8533770492540516,2.152653696742189,0.5625751760108642,0.19094271547887598,-0.1220865076570316
3.3030890725010207,7.137696162166431,6.3121321576334815,6.354551194754133,-6.062641748535901,0.15421657632774544,1.2380976739457985,0.09994531218605152,-0.05057461652009157,1.1062541807545392,0.0721215611265997,3.0145288899378757,-0.6864678837589703,-1.7210533388957119,-3.621411046228782,-0.8755390502287462,-0.7183202471186405,0.5957477015889804,0.05055303508920728,0.020785078004144877,0.3812189364326787,1.8401154845756598,2.357140251418648,-0.05627899071554171,0.15923259466995277,-0.726548236814182,1.4310130840340738,0.48043841969712275,-1.8998036262690918,0.7903300588115725,-1.1740760185487293,1.8250387809150934,-0.3858687765504127,-1.1954049290972897,-0.8414086757448717,0.19623546501756045,0.03042649089426469,-1.0857038865838493,-0.2918647783495557,0.8512584123931006,0.3959644339107066,0.39507719300165584,0.4387613364906219,-0.9237942785414447,-0.933537263356717,-0.9265349089636554,-0.7928858378537275,-0.22919083778053145,-0.4083949268242737,0.24563481445836793
16.357086516796777,3.1877272923830917,-5.115204867545901,2.015758275955085,2.0316419616965335,2.1632428592468305,3.8077496003068205,-1.838508140376303,-0.09394720382610194,2.799983302868156,0.9772145376278062,-4.410146625692745,3.627731906898276,-0.8986348129986532,-0.3066567376916953,-0.9134011142141218,2.2370021825965023,-1.530843104715811,-0.12804379477497663,0.9104663343575061,-0.33854591406722756,3.817860512533594,-2.164478976261074,0.9363418571791864,2.4584445179683687,2.5429324562745075,2.411005051793017,0.9477289690605926,-5.37205746866652,-0.6474842019174116,-0.23405668317966877,1.4231947641087395,-0.8461274597182051,1.038375118794146,3.1641159759531727,1.574678711850058,-1.6532230104586694,2.7443900733250532,3.6708689632416185,0.9508556089445404,0.3887992166870021,2.6948252842630582,2.1989064115797676,-3.5486821290045243,2.413182851715027,-0.22899645718240966,-1.717041001129503,0.6086857130530016,0.6129961116679675,0.07488866432734753
27.48671280021253,7.662249316348991,-12.69486957047134,-3.3611351736432624,-7.8874123341478315,6.426514596371223,3.482491675146131,0.07172302422303356,-7.125119879882976,4.086335996688424,-4.468056733601503,-4.666371978714705,-0.3636029521133971,-0.34599443717881273,1.020823729506192,-2.892126525978538,0.5861495307629121,-1.6198303429543042,0.32846944510343135,3.250405384556383,-0.9396212381114557,0.991406624722463,-2.009986390660086,1.6399404580371035,-2.964023929687409,2.212252953504211,1.10799802625857,1.2435960807350253,-0.5107258282086367,-0.25844252089677283,-0.0447602400733903,-3.103198311036123,1.1468888255477019,0.9198616003200635,-0.8496501346733127,-1.0161344246815183,-1.3309290098745719,-1.67971239550054,0.8391368593485435,0.49112679034612716,-0.49750807084474946,1.6638469296999525,-1.1940940962962232,1.4884183715276382,1.7712336767783998,-0.4411055237525388,3.7802676258997137,-1.4715728616714836,3.021714564294932,-0.2736007739274704
50.18958163565979,3.732436691893236,9.435476341769355,-8.099891413640998,-10.893403302099127,-5.048725254589433,3.686451254724627,-12.984127746638082,-1.4120778733218193,-8.53287626818196,1.8870441645058977,-1.1226552724855379,2.134442205140136,-6.2177367969474036,14.976296455728729,1.6501128119155477,-9.096853810627696,-1.4272482730541096,-5.698708622232273,8.504709166252633,4.017029087129575,-9.170003237625131,2.4252458318069983,9.04759606022436,-6.082792149769124,-9.791180836506719,-2.5818642826721696,-2.361204547528783,2.433672842035324,-1.7476670931184803,-5.637146391401917,7.068615668822119,-7.184907509045283,-1.6639894499896148,0.7416081358122755,-4.31460131962667,-2.1588519552920937,2.602646047292929,-2.361395113840281,7.607506964304902,3.458074293665344,0.9483390419592855,8.926913732905168,7.678260367805768,7.042278920697346,-0.0868653820596991,6.54766504244174,5.01525539559486,4.950396771734235,-1.47252441595337
7.131808590349605,10.618731248586656,0.9161332318618758,2.6809265423054938,3.975843006478752,6.019870495164153,0.16240772813618123,-2.250562904776393,-1.1154659120914396,1.0691598324205245,-3.2732458711663908,2.3471998836273777,0.15033213560915223,1.677871066116327,-2.894063686943272,1.897641776615697,-0.8200808418128822,-4.0693600083899755,3.438585713493088,1.1157963264843116,-0.38319964375247884,-0.7676513971705459,1.3285171113496337,0.5398584212884284,1.0433254004510295,1.6303988050907106,0.5960391464610983,0.32274447884904445,-0.7942363039341465,-0.6873517453602559,0.6159403628013882,2.386434461018111,0.4178407532199349,1.5533213762125124,0.1481266885043969,-0.9985575157003683,-0.7096279315767939,0.3825177503269351,-1.0462833768850657,-0.23319786025255015,0.8067344481855849,1.2421026173743575,1.0998950565176298,-1.0188325758646628,0.7037554143920163,0.44075601548786575,0.27592354502314553,0.8255276234919482,-0.9384563281663125,-1.0615172621783366
6.207317393907109,3.144793242003002,-0.679912159060122,2.4557807322547607,1.6268578965830738,0.6119440702020043,1.0263160932101554,0.9242882467410745,1.94264005197279,1.0712621444015948,0.2105603398782721,2.533659784914094,1.9115186836275557,2.3122167947035805,-0.9170730534262049,2.2500586774860656,1.237897762230563,-1.1719225833484141,-0.20087316679683784,-0.15741843694812824,1.7273503889031763,2.266760101695076,-0.7823291967550512,-1.734366770952483,-1.117524312199103,-0.14092932209250675,-1.3867045357657026,0.44957113354346173,-0.3457899488390144,0.6170913664690293,-0.1278143938756814,-0.5520465079072525,0.5440494195751162,-1.3179382600122365,1.865632244749112,-0.5964050089389195,-2.134966897394664,1.6006320756193944,-1.3158902183628851,-1.017099542858176,1.5075917244672519,1.2493834548944476,-0.4805171408717509,-0.16639394524384427,-1.2495384019351732,0.5614335157484004,2.0468098530431833,0.12092314332369475,1.11342394032081,1.3101284726115807
8.041019172251243,10.328814308517371,1.4583296353905717,-0.06263615016825963,5.465929546267211,4.103476599026021,-1.8258941295575029,-1.9392029538437687,0.058190355291021234,2.34204992263598,-0.1777274713071229,1.5151727140831903,0.20452578304074853,2.3613851041707745,-2.9771611018096493,0.05987899825097742,-0.2119361742765578,-1.3003804737212037,0.42391798974514283,-1.4354758095798263,-0.1275409765747307,0.8648090274302694,-0.617825648351319,0.22422162461288553,0.04398593125417094,-1.2930139870106627,-1.4380498465735543,-0.2802646341127436,0.36336735932954906,0.6119268467790374,-0.1109055596136127,2.051700162796576,0.41686778002483815,0.879848869588208,1.5714247787193723,-1.0757375392360484,-0.06079580734829537,3.2986106835719826,-0.805540386704033,0.4401667631150125,0.6322782856710346,0.4669667590638944,-0.633995924016421,1.345324805984309,-0.4005072909435193,1.2653269292494913,0.6643484555313595,2.297391927266016,-0.4301977771847812,1.252549520224422
2.523834281844458,1.8241135902464878,2.6869191102193124,-0.21153993689053352,-0.08264174854500422,-0.9970635330048988,1.3226461291516105,0.4541151603569812,-0.42814687996466094,-0.2227844317988212,0.9678341581209531,0.05339625120695368,0.39154673948363894,0.8069157593451534,-0.5249187876601504,-0.8374337043860121,0.3105724216207449,0.8634504994431902,-0.8197222631762682,-1.1517877958484573,1.3852241517830728,-0.17582817760906977,0.11486668135805711,0.7168546161238223,0.2270832136115612,0.2137466913461437,-0.08306310836851598,1.3279174957599031,-2.4100080079228663,0.4850440534254743,-0.17722739681472283,0.6417543227204012,0.5294525992561996,-0.3618476328247181,-0.571572368778575,-0.6713029118316449,0.18566240928700228,0.19919578899383433,1.2251030881478058,0.09349506849025171,-0.21623196096043037,1.0221099530904763,0.3258710045781395,0.5599800292126536,-0.3067273572761289,-1.9186900044270954,1.0511113197428974,0.19087025705579724,0.2296414433225088,1.613899799799595
23.002292837518496,-4.087602615211347,3.0255118449585776,-3.2834593670538696,4.010768936667962,-1.0906234571094873,5.70284564702868,5.646570936845766,-0.9224372047429699,3.7241038535753996,-2.661179414442123,0.9664675069916265,2.693351706614669,-0.37621029952840024,-1.641548171066617,0.31917278795967186,-2.7195852505832256,4.595134084363353,-1.5129994408381275,1.2755633492197591,-5.213392488208109,0.9267158780215761,-1.1107481664665428,2.044573438684664,3.4391816206474117,4.013271236849847,-4.3923098621257175,2.616698160810056,-5.821148642694123,-4.759419258522858,-3.7939681945280768,0.7012922628806371,4.87556791631403,-1.0206495366221857,-3.395796797362533,2.9753222625145,0.10611712801177137,-0.15036775404334812,-4.1879872834518315,1.725121613159376,-0.2148081469403843,2.083646406258135,-0.2944201457564013,2.4033944750895153,-0.6131617820752758,2.0279100607971987,-6.35222584117091,4.343700208160339,-0.49504868230944377,-0.0001959311250732121
20.493889152141744,8.133127842342184,-3.0207615505534426,1.8733686390917808,12.001648155270868,1.290632097609437,-2.6493486990017057,4.850079321141222,3.2448730254180544,2.8620268146343415,-1.136601126145807,-1.9409770107731799,2.094902815526765,-7.427245687946833,0.9869575045136858,-2.8041620164624206,2.0821810444155355,6.1099890632389675,0.4382962387705511,1.5004807057224965,2.900923784376187,-0.2084301594539658,-0.028736812604892692,-1.9956872572730786,0.4684939056691755,4.637674773226415,-0.056616244555131146,1.5927682620187071,-1.9997918303936,-0.5460793997471434,-2.2726968041097995,-0.6631783684082924,2.793197625710694,-3.9755892763289475,-4.103801621605896,0.7559376350250899,1.1178810613898111,1.7615019707994977,-2.267195549753019,3.87848602616374,-0.21909271126676505,0.09294240898012585,3.598528629003626,-0.6229955552701036,1.8791516569263598,1.7045697814378964,4.997461539171592,-0.31320410618060246,4.497706902115803,0.44235346758307315
4.0317196692121,1.5843715789753976,5.167304501928563,-1.446227276977155,4.074355034292733,-0.9827262658659434,2.051817798462479,-0.10505177423387635,-3.1008009608521823,1.297013491419073,3.2709482959235308,-0.7260092152284381,0.0066591920021000645,0.45596952486069336,-0.8837558833168191,0.5643128411702958,-0.9716511947398517,0.8451659370558857,-1.2316981114771886,0.016675560739542877,-0.2369219950076702,-0.29687507748366887,0.7353572525688928,0.43463277980787307,-0.41734394990505624,0.6243404779349526,-1.3170599964533807,0.298572271005704,0.31425620547762073,0.6400633189420089,-4.05196246967556,0.36877597855551764,-1.5554754065991272,-0.8603321704640682,-1.22295795407422,0.8611429774048438,-0.8388101221331659,0.8681310412106236,-0.7076214034732418,-0.38749054196082483,-0.35469845137228556,-0.553436097903742,1.63342684928281,-0.37988461787325056,0.9373136636669516,-0.4502022573381199,-0.3044362182625366,0.8706878474333621,-0.7131866618005378,-2.4775432638014268
26.479370349444245,-17.01725502104726,-1.0444510366553925,5.7376261518705585,-3.226464079625114,4.798300407033124,-2.1558325265600806,-5.147285298438644,4.745851773481257,1.647349452560631,3.420633873737947,1.2739622748950046,-5.137609049690738,1.7113915340064314,0.2587595575441906,0.19709426550578715,2.7793255528295244,-1.4972511615057085,-1.3766852700557268,-2.1450983593140034,1.2516755737047447,1.7142425263213257,-2.6278640841898246,0.6538387919449548,-4.6780273522582565,1.9324737277318866,-0.7561867808772611,0.6008982537290287,2.8981991614141007,-0.42755442572659613,3.62972300850885,-2.164001314314201,-0.267950317005364,0.9094752440363862,-1.1862918229578325,-1.356585807679066,3.6993057547612707,2.6586116259460892,0.44062264221468483,3.4997310149338006,3.545889206835544,-1.5869214397287765,-0.0845656978485142,-0.13362613097948106,2.406331175542804,3.4359464841933756,2.0272951032764457,0.9849104597735212,-1.1552939440156949,-1.6179620740323393
7.693908616697335,-2.6612076558123863,2.1002062583153043,0.6397587601943957,-0.18032617168444998,4.417940839763407,0.028327084563180893,-0.7747947909877628,-0.1838444306135275,0.4403124043229072,-0.30167193100560036,-0.4983977501537862,1.61425399081501,0.9472623890163314,-1.0868477953112294,-0.8311627012291173,1.2404276910088667,3.266264043924255,0.2785115839151845,1.3321932944333408,1.0420072280531563,-0.5927015251250244,-0.08924876573491447,-2.0218569485697486,0.4740213691335654,1.1874267285830258,-0.2601197138516687,1.5135755133660693,-0.5908973041413574,-2.2275276595031412,0.9728449575524013,-0.14909410313693006,-1.1696638812461888,-0.18365702102335363,-0.9867851406449863,3.6172447686283036,-0.5602705880873833,-0.485883107443705,-0.1073807277372949,0.7904532793374954,-1.709203999789799,-0.16106789236302277,1.7709821163042574,-2.0237167754249796,0.40517450337794214,0.6026529999417529,1.0989777307396027,0.611237826981377,-1.4762681165844322,0.8144569655661152
10.16162570801368,12.033421447677888,5.161887106276711,1.4139470907194662,6.2548590554986285,1.231658196612253,0.20691261285659446,0.15017617455935073,-0.41867241823505263,-0.8832908115843041,-0.04907192955328943,2.0757914641263833,0.008771099089480316,4.782259882429532,4.363179290081606,-0.7566148711168504,1.8870913098657753,1.0306875558992161,1.9430321599560925,0.3993881037248646,-0.3651149229708898,-0.2789049753364071,-1.7996248561736239,-1.6469239149637673,0.2292815141092983,3.501454128688974,1.822424870832689,1.7020243130960409,1.3530449044190873,0.009445837527962964,-2.218888669477389,0.6126505871602789,2.647553828342342,2.234833491588725,0.26372702325496833,0.025248646943290418,-1.8409049847319519,-0.39363989229987406,-2.2606706702565966,-0.4915423256038896,-0.5441329330932405,-1.7937707635603273,-0.1266648947887692,2.137318391624257,0.5660544796276961,-1.2581665390123222,-1.2350168973643687,1.0627888437785022,-0.014741452464186289,-0.41646822998247346
3.9306030568473327,5.190774075314462,0.17594026151791117,-0.04083130930602215,4.335803543661938,1.1111146760395512,-0.36758467072400647,-2.1155126826743023,-0.8888516430891528,0.44151405091667373,-0.49953260517927467,2.3819647742154793,-0.9067199515749036,-0.8122250434641352,1.7571210275495357,-0.3599662860066288,1.4695858926179561,0.506647771989282,-1.1387226244410453,-1.5348018664395715,2.245184274878944,0.17049198463714416,2.9331430192511334,-1.714738461721366,1.0664374091224054,1.284250116501782,0.6310083062586402,1.3647179025029104,-1.0820273874120234,-1.4399527957233587,-0.6275084869300709,-0.3880104678220665,0.11875345894608463,-0.10458274592870563,1.029253071372649,-0.4862143305294729,-0.6901627198701941,0.20317041174688238,-1.3234523871489825,-1.0575990386697498,1.2211962380910366,1.3772482710931149,0.08562698806265878,0.6270364536153732,-0.059735869169375844,-0.6634364771468104,-0.382586753083789,-0.3738192627396637,-0.8121011888769356,1.1226096371724568
10.965601919491569,15.757744266388732,6.727789257471015,-1.8867875788082604,4.290308750042693,3.2299755044898752,2.616608216488198,-4.034349814992955,2.9499498437221927,2.63165004847239,0.5307354640752122,0.365741571395353,0.18366136955077644,0.7483935262164743,-5.1256261572164625,-1.6587696353908352,-0.16760836474999052,-4.438558314049813,-0.4773893666271538,1.9126185116596452,0.9543268551872769,0.395426850276432,-0.5086523571270992,0.44406384973566937,-1.5076919917896836,1.1538783847749774,2.7226511209376487,-0.47452313081395425,-1.4952512608387662,-2.8936058643604348,0.5306390097526156,-0.10666024577612943,-2.3415163327998676,3.3735628546232133,3.428807164825109,-0.12546293755402527,0.48450796246807004,0.9000402292675259,-0.8196808875753461,-0.7723439857381251,-1.4129476736977566,1.375915406936597,2.9313214246796866,-0.8372871475514279,2.0287933610691042,2.3490604210979793,-2.419391628141444,0.3715581784975568,0.5214174851434554,-1.1661399623466688
12.516200603810729,3.1223589565791245,1.4298284022756484,4.494176194882053,6.018901947485381,-0.5988701183365488,10.62066281865071,2.621843909894049,0.10211660414280238,1.1194042830935065,-0.502343506163957,-1.381192579954072,3.3422363206397425,-4.36279624163426,-2.7118593951181413,-2.1059956341096013,0.24276528869314107,-1.2825209135706186,2.208654217290134,-3.834362789501937,2.9986674950575525,1.1592365709042496,-0.09838953018228191,-1.7174455967664057,-0.5590175647135631,4.810201946504092,-1.4375004258741972,2.999987124636929,2.9602476094017347,2.821490664152228,0.11147795286590623,0.7971567213134687,-1.6263198684183613,0.677830286456008,1.204067232028678,1.8059599166631095,0.9130130980871597,1.1244857936240344,1.7591811291758375,-3.054706322981531,1.6044816503374495,-0.48819116347347546,3.572997976013004,0.3918213536433118,-0.2982231211846582,0.009126684754816927,0.24182925349368883,0.792356374110182,0.17481681251715853,-0.011375131794692295
3.922698217695798,9.066484731961767,6.227617156857695,8.107319554519792,-8.750882172481223,0.26371828632857164,0.2735405944049156,-0.18608337885643672,1.2609467584253002,0.06210917428392382,-3.106975309653626,2.3895904920554236,0.01923893403334942,-0.8309520194231049,-0.3178135906490043,-0.9565095680428636,1.110939644340414,-0.5439502954474948,2.0723357129511255,0.4089404760791505,-1.4238931256790353,1.0241196898858682,-1.5731301778174083,1.7771553972164518,0.2842295854926721,-0.14105095666112077,-0.9920327763464669,-1.4183295434425351,1.2111928096638713,0.38703549285931993,-0.5202720571603467,0.32871823820269297,-0.7116883248107939,-0.4557577076067538,0.4987822432672522,0.07189179924775924,0.9882983622574997,-0.27718749788374686,-0.36722799674000395,-1.3081901741443858,1.167090930595395,-0.7215549441236724,-0.13777275813604517,0.200836790205015,-0.841965560169111,-0.4144026613815763,-1.4896205588056737,-0.028476486850574467,-0.2602917134263125,-0.6814768697017763
22.288970058296915,-3.02204980418703,2.5904681283895004,-11.914786310823047,-5.531737603375597,-1.6915100067648015,10.40810409676212,0.5216032375620976,2.2669620004352464,2.280881401696828,-0.038548779597367355,2.456140052938454,-2.0908725397761727,-0.3399734458916164,-2.136950017586069,6.298872036852221,3.4809741346486422,2.151130190059297,0.49865889237222794,-1.5463582899337776,0.6102466758937211,-0.04256113524084204,-2.7099965366801957,-3.639080851500562,1.5195625000519106,1.0603477752720285,-0.9050701826252571,1.799912046087799,4.269483534234352,2.074601781492205,1.3008818809033547,3.771519772503477,-5.549349774383832,0.0041606534765358805,-0.4145394712987175,2.555499957253576,-1.7601099309439003,2.634310232097051,-5.162453117344596,5.340785678689208,0.0674841232504319,4.6006056328681115,-1.620267762411359,-1.1699106509979187,2.517337832458012,-0.40049426174492564,0.43412277719486914,-1.7593174101643878,3.477369404233112,-3.2232337801294477
21.186202145204412,-4.579557908834845,-6.41579008586139,-2.1425264513090485,-5.901954200090705,5.371144786718218,-2.9596096557788076,-0.2804440722205337,-3.802018438339036,2.892068723361087,4.1539679643548535,2.866349688888075,-4.16351960393721,0.34569239370340243,-0.6232880960194803,1.672075390525797,1.4098468785849594,-1.4829331119849878,-0.6856554975193461,-3.0305949138141415,0.5394187627631898,-1.2563743449791527,-2.0313993475472656,-0.630423625174858,-3.3012504318956806,-0.4890594074086372,2.3588558526334094,2.0259717786401814,2.886431248246135,-2.8607399120907537,1.2992326759434911,0.34399729409411123,-0.1755925490348583,1.4185843547026804,-0.8432061864676323,0.3403647366675991,-0.9087270038176557,0.3533144049728789,1.8345997956584048,-1.541218412343675,1.8549055193659651,-0.7825028462889536,1.3679961932796605,-0.4937754007148921,1.0175127872693774,0.6643920594321688,1.4396785582877736,-0.17955400470298227,-0.47136621232297216,-0.1540397791561795
2.8812028998750847,5.944762232860569,6.4692802654687664,5.674493223422611,-7.161149897964491,-1.2837515467609797,1.4262865742375996,0.944295089686435,0.08932109379740541,-0.35441760911074116,0.34037478687598255,0.007519851386274867,-1.1229833806037435,0.5121336969624777,4.256163267066694,-1.159001261248973,0.9027288567138637,0.9888435954556316,0.4805019612751577,-0.6564241088162779,-0.3092430185387976,-1.8731127054447176,0.4508363943638811,0.13947848718146644,1.1835622411643065,-0.11938093236258074,-0.7904631717401907,1.0662076443970565,-0.6788108113901771,-0.24520455648276285,0.48579589945255325,0.8711348791427906,0.29943142468745976,-0.6945993233657426,0.6565911511936537,-0.2687432822120025,-0.5052352290135798,-0.5141977060648979,0.7614334184283966,0.06353520656130268,0.19949267008114524,1.1410332338635039,0.31812078599193155,-2.009123663354343,1.3396158918958572,-0.12221488286973334,0.23175639528784453,-0.99902193452178,0.029386275723576008,-0.1737810016541631
16.52977501110759,-7.323338473430594,0.9813622166076141,-2.3783067400265088,-3.012582119483278,6.340985579978926,-2.6164649027417806,-1.343149559423366,4.841194248751435,4.634117629584669,2.9787966959138052,-1.8763467425571632,1.865755762388287,0.9802808562346851,-0.10160442836020314,4.117979332684406,-1.0516674869273455,2.9389385779060686,1.7907327399563175,-6.716641875124762,0.4292053175078693,-0.6051723528394517,-1.5036921313011222,-1.8976853333687704,-1.2766615875041085,3.177334458259525,1.6392291705337243,-2.4721951474769526,2.6441332093943823,0.10997365959972227,1.1514026553501813,-1.856350089560126,-4.510703513683656,1.3818252576328476,-4.040676142750886,-2.3810841378641996,3.027070063619688,-2.1909221682427695,-2.622735566466873,2.484364146390705,0.8759242859234516,-0.762606947678638,0.142717992436932,1.4792952817259695,0.1649385240700035,1.764816972003981,1.245665648098793,2.1380461342287065,0.30096042586551325,-1.649574024324076
8.177598724661431,-0.0664316793070274,1.707758446809341,-1.259541377696446,0.9148659011189996,0.8092147436047608,-0.4444067037907449,3.9368475546508432,2.2128256199939114,-0.38082962747160093,0.2680568087811984,4.083853231819063,-2.9605938015482387,-1.7146459035852235,-0.6914219748701095,0.32476038045859007,0.5743707187975414,2.7830521926770175,-1.023738767550866,2.0305996733666416,-0.06601930394265498,-0.9369868447190486,-2.4556746214344223,0.6252688762771011,0.16864430434444577,0.1494466387949086,-0.45352241474088006,0.4957168666467644,-1.1791475509209632,-2.075509408000724,0.31886979219762085,2.1726563302106974,0.4299388358373779,0.5211915304031233,0.1313593715858204,1.4168584636725203,-0.5167552366202179,-0.3497048861382105,-0.004584622279380057,0.23843689616911518,3.1641141383857905,-1.0346060274966475,-0.8011390424701887,-0.647424035235315,-1.7606238304882946,2.173128286358992,0.8272796192335717,1.1035695369740972,0.19457174785916498,0.813182711555653
10.996212233323877,-1.1252622377461932,-4.630244591683245,-2.6110660102853753,-1.9392796075677985,0.6890763200626396,1.0606444557626626,3.137464513573189,1.347433749340252,-0.3878144704688733,-0.21054401562879996,2.4761856063083845,1.3484902015732716,-0.7259580314989905,2.5699373329785864,-0.49946694974276745,-0.2384411718446478,0.03495165203594508,-2.3352025514560624,3.1472443483864434,-0.3900203019539402,-0.7190252722720143,0.5207226882004499,-1.0616041658719597,-2.4974819716798113,-1.5298942097673423,0.4009180742232723,0.024393650268366263,-0.7101340080552625,-2.237074441332579,1.402879566058003,2.314890730124463,0.320395263576046,3.4565022623284727,-2.802863407475187,-0.5751091072135461,0.2935611455362678,-2.059266581598532,-1.8276276047018027,-0.16059228456360075,0.2437279143254411,-0.6722119780899449,-2.390708723246629,0.6896513680638127,-1.6670573885275397,-0.2036224786618887,1.2408138184588247,-1.8474490849882756,-1.1826035841206164,-3.4225752168137644
7.875117842843284,8.515104688100328,-0.575157436602447,2.3322786483074784,5.328388202370587,5.136921250325251,2.444729795890542,-2.722201524589899,0.5906765009717267,1.7949985630593863,-1.167746584401714,0.7953973059960672,-0.304116197954057,-0.44460759325812566,-2.0167637856209137,1.1732770865284086,0.19016810116359628,-2.932352562732508,2.4982326873707064,-1.0554410985521774,1.7926393688362312,-0.6179746652275908,1.063711956916224,-3.0921631491433827,0.41648422120721423,3.6406665345025813,0.33371433594474764,-0.34764492487917675,-1.7166806969493553,-0.3738910641978993,-0.9993211101388063,1.607357679224391,-0.6201201399774621,-1.2736226474106702,1.8689461042510143,-0.2893724116325347,0.42887294434893686,-0.39344797836354806,-2.291781064903508,-0.8173730745824104,2.6861551339801504,0.7487511108475237,-0.31482332100620397,-0.6839270643435914,-0.44402249079286626,0.996422508544786,0.06624543753702548,0.2829133802927811,0.14842793898190595,-1.3545603608208978
12.988420489629918,-4.252780966010301,1.263016181188918,6.8944425103132705,0.0776237263806927,5.757920557931994,1.220337835550897,4.002803649290902,-0.24536262538735368,-2.113523603338232,2.057804296422052,-2.048940376896675,1.1320969407248642,1.2344317179960889,-0.6456648129292792,0.6883301160621202,0.5030574755237599,0.44602514042261615,-3.094522127721656,0.615512828648548,-3.3196913389018206,-2.632412609108922,0.4524339334922692,0.35134032802916365,-3.876452609590153,0.3826902735548662,-0.8410336570291298,-2.0697721978870605,1.897085559773361,2.557949103012524,2.3020111258824496,2.555167399594905,-1.2241600109393909,0.03733505994554076,-0.8162610256800106,0.5635134318728354,2.729697562076828,0.7850261154786875,0.3151662885298241,-0.9425406213060981,-0.5458064159637072,0.30695271366051435,1.4353205688425565,0.061952052100948674,1.6795148569230727,-3.412508894763447,-1.5040636906387264,-2.9132797050991384,0.03898212699927617,3.9979050546580956
10.973615655019563,-0.8864459942097872,2.6986204606874535,-0.21499761891354457,-2.3987009068593603,6.547916887273444,1.238823353135216,5.352172423570298,1.3596491275745406,-1.4995895468596618,3.2746946778895345,-0.5854131238093211,-2.980551507649314,1.1199880939457263,-2.340193809347513,4.478253171496639,0.20341624505505032,0.8937273998783395,0.6300045694341534,-0.8299579831420878,1.32964885840745,1.360547884905787,1.2853509407298123,-2.2646494104616153,0.23359488312273557,-1.7007264868652994,-1.1083597202545172,0.10650941971580953,0.39610727313980754,2.913364422112931,2.1655264089083395,-0.9196290457036895,-1.1553126565027754,-0.18516542837382274,0.6546165056719611,-0.6099599157689264,1.4630497162335236,-0.35530389174592636,-1.6266193274706253,1.915667790128327,-2.4340525273140434,-0.5345322371141018,-0.5642351525206437,1.2938636590750163,-0.4599232690953071,-1.6186233070430476,0.5879917922679293,2.47305468886712,0.3982750990868102,1.9281205687943845
8.73301927787857,17.053846605919876,12.051624691812858,10.317343663977288,-13.153743030185092,-0.4311055354875242,2.665905056609448,-2.8686365057174243,1.609596831073581,-2.5567103053880675,-2.0259643046048375,-0.9999119056125495,-1.5330779438913562,-0.6768808831032619,0.5876163616027685,5.386646823952214,-7.145735192815339,-4.838878208286502,-0.05464970739208419,-0.5346252310037604,-2.549170910959504,2.789171923145507,-5.122377648989348,-1.02891423848944,-1.7742656009949842,0.8736153898202265,1.5169121477625467,0.002645488172135557,2.8664820031807325,-0.6384814852437857,3.2232274593054506,-2.5447112209999934,1.2422217452323117,-2.5102445569200187,-1.2811859240928292,2.3684079615760583,-0.17324470754188354,2.027369615473322,-1.3555411457727986,0.6579607067707011,2.2030581522265473,-4.132852195940671,0.7327951832208193,1.2920944142921187,-0.3735776631112395,-0.510905277094623,-0.8735959846499405,-1.417480146491292,0.0921687815617132,-3.130732743041558
2.8367789250066533,6.299981315007005,4.940846418148523,4.251775137742901,-6.592412529500275,-0.013879848278149911,0.8840534349219351,-0.2800754213969043,1.833255187255552,1.1423400952459986,-0.5054685521349088,1.1439404989257183,-0.2728376676610075,-0.6805119971024272,-2.005716626566996,-0.3262312617038261,-1.1413228717236303,-1.0216349791852726,-1.7326333650147283,0.8417400465339606,-0.8648297094148453,0.025919703873904736,0.7302748628466064,-0.05071577840362371,1.0282445045325201,0.2978190646182537,0.15106280320748486,0.6521347712362728,0.5146064607327419,-1.3984596465835104,-0.5132433970714323,-1.1333503529510103,-0.2869666876296358,-0.104209332581604,0.03674553838218298,1.3595135759636032,-1.3485966818742057,0.8555543833447904,0.17136900093480717,-0.2382662473391099,0.28382510450011605,0.3885536903193889,-0.35153565828699224,1.3584332347372556,2.3082955422936533,-0.8286823914382642,1.1350636712420588,0.10657560311397402,0.5040618815807457,0.34182464829921944
4.1412896747288395,8.916615519631193,8.624567309556834,7.876339874480828,-10.295768446177338,-1.119588702651411,1.7147738335236746,0.8040014850280336,0.9193270031176046,0.06719816391894115,-0.4116131449504408,0.27504101512288476,-1.4845107589195212,-0.44750377570420996,2.1359317498050454,-1.315174880501272,0.3536282171684171,0.34381510490753964,0.19263823449162598,-0.8708645396700189,-0.024334452712703458,-0.8790952561649406,-0.09744421534636294,-0.3828946389741201,1.2582661922921958,0.20189224496778685,-0.012862001597336414,0.40570535063435625,-0.9948618569420563,-0.09889832585987679,0.06509877219800148,-0.275521909948814,0.3666942246428044,0.0024282880337822277,0.46042017186791045,-0.0038992971832944034,-0.6634172706169311,-0.9150539454045248,0.6298795797360993,-0.7177566055702415,1.7468958805659975,0.22321003120685068,-0.8902430062602102,-1.0079745219873764,-0.18212270292195526,-0.6579425827679855,-0.559426895297086,0.09922311303030573,-0.18027164098395154,-1.1578518730819647
6.997688142483509,1.1256492494578922,0.48937460551115036,0.16440242908929548,-1.3272679238124137,3.964195653911499,2.368615474659265,3.238372417221353,1.0039163874448775,-1.2021586502322217,0.7847004619452856,-0.30753296412402054,2.596588288582409,-0.20670632680315226,-1.6277720808523706,0.102397162000464,1.8813772936976325,1.6692091573391927,-0.22625037768652356,1.2325555094509018,0.08071035579187325,0.5735576289506445,1.9512919737344223,-1.1853680728277425,0.11529808787329787,-1.1618253861025867,0.38852596682301604,0.5816359988287152,0.39681364098152766,-1.3327972800630716,0.9900158903877977,-0.03468390575647401,0.720302052152293,-1.5516869016301198,-0.567408335948372,-0.07902287837767549,0.6589615398284684,0.026079151567530837,-0.12066583306664347,0.39637113280771064,0.16930148292723374,-1.1353588533636165,0.9515583445994811,2.246078972990711,-1.3257986037435967,-0.19273786944427473,0.6308982861309311,0.07516358344261365,-0.614658757046262,1.4538120638614571
26.562478469901805,-2.5208580448045845,-3.83484202133817,4.958412232640444,7.818315030358635,5.499019348336177,1.7131628806458647,6.322545014911164,0.8537013882635216,3.608288303413695,4.040383599282464,0.2651032740117645,-1.4835938842686132,-2.22627491555012,1.891165730999472,-2.046001823174259,1.6150099223717698,-0.650665322453466,-4.362220236820774,0.18880881709295816,0.0107120982935901,1.8338192503774453,-2.2192092483086694,-1.355457081449591,0.40942881294367645,1.721388996808384,-2.140952789030079,2.7677669752117575,-3.2379833361780745,-0.1399418524546885,-1.6991831519605982,2.2442688316587063,1.7695422512323409,-1.0478960208661405,3.0378477084374476,2.1505969072939877,4.11107345521443,5.285062098931285,0.7112889296735714,1.7609612514275814,0.0463215914628593,1.8133468466234994,0.49297763060569005,-1.5034898123691236,-2.2858208047572184,-3.650586552985689,3.232381192682173,-4.858630479051684,-0.9338536479178335,-1.8534668478939664
3.829437081022166,8.264211243060204,7.432492810802574,7.655499786713078,-8.483524395587608,-0.9038810922333904,1.8427271931815903,0.19118015599930688,0.14919268373713623,0.24082968603202404,-0.7672731296701385,1.2952328567017337,-0.9715036203906194,-0.9241133086689899,-0.6736655034578312,-0.5183447881609295,0.20755427418634564,0.19547888822308535,-0.5288386462943008,-0.4630974562376342,-0.35753737310394385,-0.7716508836394533,0.02261270926142145,-0.4869827257780174,0.8752207247623511,0.10664693355757993,0.0572466307696573,0.06595566184930024,-0.2151318548928478,0.7233309975148097,0.19223684822253162,1.9397265166298088,-1.0885137606758195,-1.4507523943784688,-0.5093473406371147,0.04274881257813287,-1.5008452184579393,-1.8669931037449583,1.5344398747283639,-0.3829908175614944,1.255654141848168,0.5828535870048692,-0.05463456527033844,0.12054447173984639,0.7485976234901054,-0.45280634875737497,-1.2551352593724738,0.5588147409627983,-0.9555316677390502,-0.1360742439175101
34.330240966245825,-0.9929373258755725,-3.368565863378399,5.000361764958541,-6.5847042445584885,4.369683811416457,-16.37963272420791,3.9741881449649505,-7.505226660573462,10.011232158759796,-1.0567331596186191,3.117565464807487,-4.912197261858156,-4.51734118547891,-1.5808643157531215,-7.081743642047591,-2.736708818239323,3.4512154401194977,3.2216970351617507,-1.20413829548991,0.3933213897799398,-0.3214071685642752,3.4968958720121037,0.7316287801355127,-1.5413321613977673,2.635758939302837,-0.6082596928816633,-4.129412488938925,-8.323184209444278,-2.905765362448049,7.743015186740245,4.322423981746424,-1.3659859195854784,2.6143047067369016,0.4204835188199808,0.1385601251319507,-0.33485893086105756,2.34012595714878,-3.560073742138739,-5.453059425207221,-6.427010390292284,1.652767390821309,-1.631420578961222,-1.4139343031195173,-0.08792474895270026,-0.036340355964861515,0.675448047027429,-1.3461811191947073,-4.7601031784540755,0.596901062877938
6.146699762790455,6.069927579699643,4.436044087884024,-6.054373335481957,4.233576168371072,1.6473236904745612,-0.1622851472055239,0.006981804125455904,1.6240698216133427,-0.6710057041437827,5.217327749728611,-2.341990541708927,-0.7427168486252147,3.6762925050521087,-1.4272473260437266,-1.0601796149179328,0.1556528680239346,-1.9745391368019078,0.6329112934812278,2.139157382860145,0.06884397997460456,0.8592320451519626,-4.223159228794135,1.9715663924229374,1.435980296306171,-1.4282048415951447,0.3831377245744473,-0.7641458886988086,1.8268352204362148,-0.1211496064245211,0.28843314975312934,0.1531121720704987,-0.41210232154719023,-0.26736264608205573,-1.2946447166551056,1.5941142886742798,0.26416309228656054,0.10843689631411346,0.889001982293045,-0.5570968569124874,-0.04066387099571167,-1.3334853434392038,0.018564590042290052,0.8539087013650568,-1.8089493801635363,1.1915492249446222,-0.5819822395874665,0.019804742499449635,1.718803352561962,0.5523221051852081
28.335795198592713,7.4041818576859235,-11.480864956691871,-2.990333109938799,1.6955428304829696,-5.105677169264235,5.082359422740334,-2.2202496342673683,-4.104067369548309,1.045017586348935,0.10833627037491178,4.721694340226485,0.8618066792468616,9.153098865248943,-2.5450538948145156,0.34683515525868414,-0.5332880774958924,3.624684584606277,-3.877682526742884,1.687027869831884,3.18038365352207,0.3899425607917093,4.046084726790014,0.5237258320071556,-2.458021436994877,0.8941513285394785,0.2018534751216945,-2.707807727065544,2.4324775302085913,-2.1623552092788563,1.7196326181395607,-1.2039306390313853,-2.08522127525097,-2.7283801163020676,0.4447873325358125,-1.4769728795905162,0.9278744239029496,1.4625049006427402,1.7409507588770443,-2.7406428032113332,0.4310540841827109,-4.528911713881238,-0.6111119935618314,2.0721707201202366,1.5689621175307744,3.551306515468442,-1.4889216882196756,0.1886683927737871,-4.687367846799501,2.2904077456077667
4.344288603773856,6.425374017551474,5.599041912318337,4.561713924272273,-2.5188537609953614,1.674804559129489,1.8879260408720149,0.9198614787245333,-0.272588960671858,1.143357974417276,2.2320421893756235,1.4671664017107249,0.46420359170226744,0.6581751877440283,-5.336577916333111,0.09599506433662996,-0.3654041278518686,-0.24080424172159443,0.7974541154630204,0.5858692372997648,0.5677321763004858,1.1998397895114383,2.1637837968508036,-1.5883411624393469,0.8053929166521719,-0.4771666036584825,1.631058681586913,-0.2661735331845112,-0.8683298885970034,1.9582527528475273,0.16218736067585604,1.6847398464093895,0.8603641536304494,-0.5038364525794837,-0.6353379199219843,0.3283820493610676,0.01955393869048115,0.23513466599888666,-1.8254685833772215,0.16536110183196756,-0.7493561087482461,-1.274756799970973,1.8241669373302776,-0.1338144862327203,-1.8117750457238497,-0.548220769690398,1.293437154133185,1.069410680896779,-1.1299901353962636,-0.3079071657451502
5.78672814171988,7.099635621895869,1.0124583924232864,-4.0044687886231,7.478352381644534,0.901185587623317,-3.2849231268200674,-2.363815835298107,-0.20759169419421353,0.06663379574378608,-0.2835016300212276,0.18764787565696078,-0.8490364183705358,-1.1252908923005907,1.4552046518986599,-3.2439025391206706,2.2092375011177374,1.6255763520096265,-1.264968940977472,-0.10067628671684864,-0.07988323660091973,-0.6508931923067998,-1.4495556681181558,-0.4451750214585989,1.568596856906331,-0.9982556083690285,-0.20457797708445735,0.07009710308955547,-1.0837831009107033,0.3542803370928871,0.4813051300705095,0.6812201737562313,-1.15851251926202,1.0447338551406928,-0.017018193742027364,-1.428514147754783,0.7595429715443501,-0.93657412852965,0.9144308055831073,-0.8533533279668445,0.29734376926901185,1.607887068305261,-1.0530918710317154,0.7502291048544402,-0.37918551025028924,-0.8437920910944466,-0.870034331004973,0.6040298643945194,-1.4099371835852206,-0.0006851172416679208
8.93898094633271,10.934901400142618,1.4065402244969158,-6.360960576541867,6.2026104216612765,4.746945615388085,-1.7090022332455914,-3.4888776117434745,1.4271133950402097,-0.628121272057441,0.9781215748226213,-1.9186865624780145,-1.282924373979621,3.4510671514750046,0.5805164271129383,1.1698955140521456,-1.09964947404315,-2.3480232603145836,1.6338900377376395,2.124158087684346,-0.4973068920555008,-0.6383901922685844,-1.59762191885712,1.8998368489489925,1.5541868100055591,-0.8287087478009002,0.9643958163876556,0.5739027922786748,2.0712107727374236,-0.7784011733385047,1.429774592346014,0.23994959319952958,-0.00022223714057262312,-1.1725415284603131,-1.7992585555839853,-0.5183872069341371,0.7720818128519844,-1.303853323297865,0.48180977743903913,-0.24959752574360816,-0.3943862929562809,0.2509742540877241,0.1861377077448959,0.2355838973035171,-0.24662773162092086,1.3534770407156758,-0.4767272592480041,0.4891266733593553,-0.6497490273475168,1.3713421593518114
7.567056337504951,3.82966094192552,7.2976798043374655,-4.826166339407039,3.510587796519611,1.5405329586181953,4.6594837992664395,-1.7077168049347824,-3.8156500923843453,-0.8062505377596435,8.196465062770926,-3.159384931012432,-2.2717327662566786,1.6320461544889302,-0.28947969121426265,1.9307893707842074,-2.307942456754378,-0.06832273338422026,0.18803255721219042,-0.9744313046956036,-2.504799039844572,-0.5714159273128305,-0.11264924529261594,0.8000991224623726,0.1414612907073537,0.3527171665447042,0.12881661521124443,2.7466933262520747,0.8605266316605973,-1.5437196288119188,-3.1494135459987675,-0.5850232551776624,-2.7464415974059904,-1.1614654700241238,-2.0728901430612003,1.3009186578553804,-0.96156715599519,-0.34770707692011843,-0.4000485002681381,0.4498006705312682,1.5468565678276354,-1.8500480965980344,-0.10953137927431261,-0.9393269272109792,0.4420463829989926,-3.1869723393064358,1.387347161519489,-0.4387083667770698,-0.09022890973235503,-1.2079040866034327
21.97686381863749,-0.2480455671765262,-8.142358362145519,-7.152987449828663,-0.27427436729695154,-1.1660532265488301,9.961538883327778,-6.372662297743654,2.5690801612097376,-0.300454373906931,-0.7330335378830682,3.0692322732271275,-0.9627541717925421,-2.3030894673329625,1.903545409745746,-3.3756144575780938,3.208203480197157,0.4358710584615324,1.6206618265566075,-1.344132847666316,-3.9713293212060568,1.294322332323668,1.7288413659661914,-1.3671164310649189,0.13569331382920846,0.6705903756912218,3.8347225117901758,-1.8886717348668203,1.970140669926793,0.7912222093444012,-1.0401132617190725,-1.378577230087665,-1.0174060067261868,2.663014453591825,-3.2745693497610535,-3.3721614900753476,3.821870364501051,-2.5428801419227303,-0.6582209284298204,0.7096265835363973,0.7561366206957848,1.3757336131958853,-3.6448540692080273,-0.6280607692855666,3.9564221611215613,-0.5296895075379887,-0.4644455542239333,-1.9245184549965584,-1.2289856255025253,-3.332711062016626
51.4675916911841,3.870920199622907,-9.992696730836661,14.235757142320958,-0.5013450461989124,-2.883842429735415,-5.021612712704415,-1.1851891079533963,-7.09472033114082,-2.292258270067152,-0.7026799259756751,1.8350271711374373,11.553342059238238,1.5861125560654887,2.8210829253696046,-1.1745716866239224,-6.789469265304259,-0.2547608251377018,5.585412646708311,-3.7234731602572717,7.926049383301086,5.41044297300343,-6.571295229715393,3.7504570874191376,2.878447227828514,-1.659575725051472,-2.3157961182929463,-2.4621640036620054,5.736130245287555,-3.870637267759565,-3.916043660145271,-3.3592008518152303,-0.3048545970889048,5.228314803051246,-6.054444368185766,-2.5985263333303497,-0.3238239690044913,9.801074206952187,3.809817023127779,1.999439836033061,2.6286743249407793,0.2101799713127407,-2.2989342339839856,-2.204545313819856,1.1401370241143323,6.013554673125235,-0.6218474484956337,-1.1675661462669116,-0.08568434260110833,3.1938736114545474
3.2076474136988593,3.7012351338563914,1.822235876797389,1.5721507025623063,-0.4078401557202016,2.6755877723648793,2.017775018230181,-0.3241626050935383,-0.09861591540630653,-0.6980876659359572,2.0254870860738485,0.18661429429257598,-0.45123230593019087,2.753355721234329,-2.126832324786499,3.0778186713900997,-1.6248173454218953,-2.1521854241063307,2.0340134621109964,0.048272291301236836,-0.1081412259133733,0.6398282967143791,0.5390864822727689,-0.6982718562133807,0.6758828903997067,0.16943397581107636,0.6378407683965858,1.133010190008929,0.4936762259652159,0.5463246893977023,-0.2974836961815178,-0.7786502665128923,0.25632990547253653,-0.9593172455126265,-0.8616344284559673,0.08297175188238626,0.35140222680501976,0.18455610197606426,-0.7531131153840795,0.8059505632502746,-0.7340625465763636,-0.6177904383751474,1.0263907969858872,-0.578383059441658,0.49901270889931315,0.2597348030253968,0.5915782494326438,0.4455547133457086,-0.42465490750819146,-0.35734298590010766
24.363206152309402,2.9069329216063258,-10.384343379434513,15.313929655753938,9.541865461317862,-5.235891331870554,9.322335445091891,-8.511215897219994,-0.5867696510010758,-3.4469509092743458,3.0053362539793564,-2.9799359375786416,3.267449653069605,-2.0756634212179503,-5.690719276904531,3.8767487679456276,0.2488184013918172,-1.1834766083093786,3.2014223947364804,-7.669727994616503,2.7790418446332508,-0.16618897237108665,1.918989249396741,-1.3566152719958113,2.878753671290334,-4.96890461684195,-4.022010523228115,-4.372675149379128,-5.68202025106021,-5.642647032778383,-2.2004455073941944,-1.2620894454990697,-1.1551358348294098,3.7237555499501998,1.2968759638237208,2.403652384662527,2.9257338114656224,-1.21418509263263,-2.8024435768920615,1.8688592642934942,0.35689366784454696,-2.6681630808697636,-1.789176286467894,-0.7196336477790268,-1.7885041774778647,1.2857217232377467,-3.7619410491647787,-0.42787393569229015,-3.3090276809298658,2.3591951334861614
4.798363897366206,0.9997450226822054,4.390592841732313,2.149353379398037,-1.5157888408651172,2.477343411428337,1.8654301874468893,0.92685299607926,0.2375869212803995,0.3827304258076842,1.9973966626306898,-0.2582122184649947,0.6172593355404655,0.7804158538902219,-2.419857214562446,1.7120623952210408,-1.2115585292786422,-0.5268823216249457,0.22257558045758116,-1.404401540365435,1.419347637449489,0.5948099682899999,3.0090885192524843,-0.14299751335537847,-0.02537931335912108,-1.8375662845747236,-1.0686532723692648,-0.2406109549266119,-0.9776433518246042,3.366312057141154,-2.226329801400994,0.41750107369730727,-0.42428905501070463,-1.3216756951505615,-0.35560227249045484,-0.7029807262026425,-1.1829530337413199,0.3200721322434803,1.7571881151074604,1.3353745989659493,1.543324987242523,1.046518004960863,0.22349206857125908,0.26706231682351544,0.8441139455243165,0.05353714261643494,-0.5282289934317813,1.0286964831310725,0.37210941266113395,-1.3740299683256123
6.019923027208948,7.143318844368332,1.360593330691931,1.188120483901912,5.42216712158779,4.171381191605251,0.45061392128874467,-1.2872551300032926,-0.8905692904805422,0.9183493381838351,0.7977527427244278,1.2027145364185836,-0.6068851022528274,0.9262684740053272,-0.8703551406042127,1.711505472289327,-0.015131743127173913,-2.067698701265917,1.7098735412864867,1.0638239907502494,0.32037067997593754,-0.9063893802617904,1.1783701515625202,-1.995797632690993,1.8746024754587611,2.090376599070117,0.10972924398206382,0.9261211545583706,0.5922032710592976,0.8225734663239115,-1.1697021091150102,0.7485177148795409,0.5970236400661766,0.6815510032416539,-1.0710259102113837,0.8904208881758551,-1.2475297948100956,0.7826638034002966,-1.7926737440813898,-0.20465359748368486,1.7907886707638316,0.0304149088401916,1.2028339471619394,0.35424699781437274,1.9593233933963696,-1.3002524620168927,0.12163296809621044,1.5432091403571935,-2.301705994178655,0.029793577639880886
3.170051295491158,7.5972590086145795,4.434045946082812,5.095524703793414,-7.236584175595674,-0.22584344006626833,0.338990736196773,-0.21129249966618519,3.2894867197417246,-0.0707509737219682,-2.3699311477134684,1.3569229535508542,0.8027005740995017,0.06947120938569296,-3.0094566982897577,-0.7497057117926234,0.9858253102918224,-0.5963542862222667,-1.0120921561882557,2.4167488305511857,-0.9139788230361221,0.6753038787110811,-0.9107255981763899,1.2028332637088432,0.25258681525738297,1.596012121108258,0.5192450359358812,-0.4555451427792857,2.518628246549012,-0.5462484866912521,-0.20363709523487739,-1.331479062348127,-0.5174894334668197,0.6282260170398968,1.0011695058700374,0.4847348013028398,-0.9387387179346411,-0.9313513213322046,1.178583498826001,-1.7721009242972083,-2.3005077543044083,-1.2360170974882467,-0.39002152853663574,3.281332037724704,0.48827530641284145,-0.6534389878266904,0.9795703585406254,0.8193989726242028,-0.8055328663776571,-0.020150059570483325
8.845771251151897,4.090418545741768,2.1608012405709642,0.9949603217740235,-9.53460927115888,2.7996305724522967,-2.6601380154835614,-2.897890828718975,5.947147465826949,9.887431367818733,1.4950526083540672,4.018478908368993,6.89362502671331,-3.1015075458322676,-3.254050872576564,0.8235055176114494,-3.620753975825469,0.32828002970423936,1.9509637223845404,-2.383695891143031,-1.0638514266431545,-1.3378262099330125,-1.8535471991087027,0.1563755106816084,-2.800261142581698,-1.1921648913988774,0.506217539355538,0.33305035687447593,-0.6755761779172266,-0.9863421134983683,-0.8337204610751012,-2.2223039986042044,-3.9441872128852746,0.6397097493565652,0.14326028504917526,-0.8176043634343211,2.5810686165469034,-1.4198550687728715,-1.3600053903722547,-0.6470261926413635,1.0038186673744316,2.279307723860577,1.319268332250788,1.1352506288066915,-3.092971496136886,0.8898723231621506,-1.094704736804161,-0.6026364791062545,-1.9159814420619818,-1.2554415007333373
2.218254951576746,4.335227851955185,5.716907901404963,4.070851820863213,-4.336207247875625,-1.2161768074381616,1.5763511764799358,0.03206072674704871,-0.5777786709207593,0.31118643334764545,2.188087085537593,0.13516258175050777,-1.1462942141977461,-2.359906114356702,-1.0983378872855507,-0.22313415545965357,-1.320477411112772,1.5122647794141453,-2.542435926485271,0.6932670404645588,1.1640438467023349,0.9710460935346393,2.587235477012023,-1.8902747979839751,0.32235361031060883,-0.7695294310878924,1.0862893505829856,1.9352305890850716,-0.8430585552158497,0.7355692815086612,-0.7609008484209028,0.5945089768441674,1.5378628657229387,-0.9564209048914802,-0.8276895047153667,-1.1283751359650513,-0.4265685619459655,-0.0830857175096604,0.5169965035333524,1.2618432371504338,-0.5062844993548649,-0.7767739557031693,0.8009622130464671,-2.498127337717951,0.4084202842394371,-0.18999436182087445,0.5384983408781645,-0.22488369089465315,-0.7255912875132482,0.20976616648426638
49.61550898465296,-4.380355072435552,-13.021395383611877,1.349748285345723,-4.850579536593349,6.866230656226199,-4.388944556220005,-11.138322496537505,-0.667913619891193,1.6127424802874855,-1.8687844420908213,7.852074413427191,-7.088600186538598,-7.703523036809418,0.7630198487956438,4.372315589986032,-4.367754181103162,3.5615469764561656,-2.8252913884877406,-0.23456611062144472,-2.8109145195786693,1.3438455876451598,-2.2073642325937044,-0.6263619316441715,-0.9829196792780404,3.6852709475006193,3.414032962422329,-4.0806340153977345,2.6459549791682213,-2.705402349793743,-4.588606860854268,-3.0664509800097957,2.6517867229511998,0.4916965951820492,-3.048689223768566,-4.963985255246335,8.703538828858361,-2.544434569796109,-2.546981619026405,-0.8984291087938981,-1.2447486765813363,-3.805840818844478,1.258593081126498,-5.802498281600494,2.9897124831967354,-6.84203863608501,-2.332558724357113,3.297080043536275,0.41731382497429914,5.62116945854336
35.502523821050524,0.41925036147539485,-4.401114574741615,-9.724050804398171,-2.6536057265430912,-6.818745249671279,6.958861126412865,-7.330387828191366,5.927678202324017,9.43394346600915,-1.8092330532047087,2.0149511103038313,1.0211388423885208,-2.809285297004853,3.207014621478818,0.8097875165903243,2.5376986521215197,0.5749319983469839,4.894754150709975,1.7714259370854757,-6.785037776646021,6.189202153559215,3.717220342444499,-1.1295535172721336,4.248215371887107,-3.649057385853742,8.62338785391282,0.023753062490019683,-3.8363323242598746,-9.014759943410201,-2.684801138791136,-0.7343636754466338,-2.8224710074964956,1.4399764162686965,-0.24774360674112758,1.85006854580821,-2.873127856386443,5.074920795557911,7.515028411256441,0.1266733594685966,3.11512316064995,-4.534635554196921,-1.9254938519492235,-1.3001113075220343,-6.179886683823359,-1.7239626471323333,-5.102313631875282,-2.394265580643554,-1.2808835102536718,-0.303473353201962
26.372309563358908,-2.1964856000621062,-0.9915163384226098,-6.803542302832936,-3.165258069594348,5.726871832430214,5.545585396339706,4.295042621523682,0.9439749682796139,-2.5045843945578774,-0.09722686360527927,-0.22932461690915162,-0.11221062285899974,1.4234910010856672,2.4360434224817133,1.0915017647565026,0.9709441459735271,0.12982378270398454,0.22627863214732014,3.426282272615965,2.616969047420997,5.708049711648132,2.1391918729510437,-0.599368524622932,2.80209477132548,2.2739835710641065,-2.3267733684028897,1.9643570837139464,0.4406543397198748,-2.3117280833679494,-1.3539077434911038,5.908174278434007,-3.1070364187750568,2.9306804654731184,-3.094043323664428,2.615505755935949,1.313468706315668,0.14723969218249333,-3.3229336483454013,1.7183163896646647,3.5869628031079026,-1.7144013181792905,-1.841697740040015,-1.557578162854876,0.8281746151872984,-2.970835172287261,-1.2648885518856425,-3.151696290806705,-2.752050974636919,-1.9192091969655234
32.29649559763133,-2.3661325801188893,-14.019759289638763,15.179580980128634,-0.01081096046146707,9.057335166303762,5.595695512813383,-12.098711320424814,-3.3187631761558603,-0.598411680041165,1.233617277228797,-12.018353668766057,-9.507770662876222,1.2350184004902474,-0.6486798870895312,-1.7941161338701321,1.5236685034314912,-2.1377466833771948,-0.3514938896536148,1.1510795099047668,-3.1564601562042425,-0.9735805435430319,2.9218135143811326,5.768913876654448,-0.31849933094243543,-0.20927068208854904,1.5281114915423692,-2.0594835183406315,-3.1474852249126863,0.49921671305366977,1.4858900253963148,2.656516367019635,1.5767865167912747,3.8696910457393607,-4.030295263176805,-0.40418400990216646,2.133708788092199,1.65126632290467,-0.5547082447386562,0.225758084273201,-1.6654728107165824,0.9586909915394917,1.3924075043309436,2.4957103534595015,5.115375609730148,3.3108258391418,-0.2881298008477131,-5.280402722870624,-1.0945022629831849,2.15908625561923
2.985637563748221,6.425953458508222,5.2981403636065405,4.461350500250752,-6.507559383822459,-0.3983596832882379,0.32951376890672485,0.19629846663145312,1.916823930986355,-0.3408390762361334,-0.4150655680698832,0.4336398861695889,0.18750958181158403,-0.632788816028176,-0.419931422143093,-0.15605661266390566,1.1798671160815632,-0.3577529609304391,-0.41780412982686976,0.9600221775484258,0.8355071802911842,-0.2393349124289743,0.9049606458223542,1.7394239042001671,1.2699882630430217,1.1236122490022467,-1.9633126578049365,1.2678835229698266,0.4640895840659347,-0.5081472891820936,0.3027494328364938,1.2532193267547873,0.15277157281489356,-0.3457752359101973,-0.027359861002095726,-1.7013550360975314,0.23741541087980772,-0.7217944596214931,1.4871074234198982,-0.2332277201091458,-2.3258696456922237,0.11611556634784952,0.23706991783064724,0.609135666285253,-0.14214609918728058,-0.36746221858842265,1.479504414166596,-0.35767876702117063,-0.06580510473389933,0.6514468559929203
2.61131967478336,5.583535573210226,5.034852981835661,4.964530512429998,-5.332092947417778,-0.2353094848842115,0.33361655667749424,0.7404912240671564,0.5674848685477352,-0.014523114088310168,-0.81711594379435,1.4584979792948127,-1.008621763866805,0.23185590962682792,1.1703683187549418,-1.3375356667369551,1.1024309164991255,0.33054928769296993,1.4379928753857372,0.4534350810880697,-0.06241341355708013,0.3256963803129519,0.512655063304861,1.9776716778634826,0.6099552812033457,-0.10565247454434645,-1.79355098248839,-0.315680435865068,-0.24841566845940333,1.2602852654994856,-0.5749588385233082,0.1282863703692329,0.09301645908843342,0.45068343323431037,1.0302873846508673,-0.337903564613029,0.7295978757962862,-0.12949533824279252,-0.0530698428061821,-0.022839910625781272,-1.426285270538603,0.8824604629942604,0.44157314935887415,-1.10090594811002,-0.061678547112564666,0.5207504359940124,0.5376752352425995,-0.34297671680808606,0.499302977051721,-0.7726763244841734
3.206052079887432,7.196061252170207,5.457659821374622,6.5213742074958585,-5.580161381927806,0.2994133143139085,0.8607552405339478,-0.05399783339183737,1.6416743201529669,0.6044897108578768,-0.12729845509210808,2.523620937039407,0.44676299612781817,-2.418879208226171,-3.603460618204452,-0.6043208564930508,0.3456143095770161,-0.4814636693059483,0.04280119977099672,1.805846678533194,-1.1023366256076685,1.9218026890911868,-0.08351542139664403,0.33983697098129395,-0.91267694079963,0.8972168973366689,1.3532943308985286,0.07011351262574073,0.6654939997297424,1.8843013309120318,-1.4169894103478686,-0.7866988759355691,-1.8840924838767168,0.07935734725195254,-1.17216720959614,1.625242405739635,0.08654010254076261,-0.3682408569791549,0.7970264252264478,-0.7808890241850509,-1.1525497980897956,-1.8247300489562632,1.0415409931631547,0.33966860022889406,-0.8949203141517797,0.3880262422864323,-0.7771854653744666,-0.857982782320718,-1.0485058640690685,0.6838419034696261
2.5726512986636925,5.694923813549227,4.169246076492673,5.259029251491635,-3.7780132849029227,0.763421064341207,1.0318916081916663,-0.23583296282141358,0.6417875489094785,1.6069310294208943,-0.1262999340872409,2.5618474692256625,-0.35134165678578516,-1.5665797081861008,-3.054266044362712,-0.13737236132738528,0.46997729122493714,-0.4235659803601544,0.7126313820472399,0.6429426706651851,-0.0002219877768523948,0.7615870906932231,0.5826542481400476,0.19220304412688147,-1.6662128649763912,0.15851862888777438,0.48939891307258143,-0.8880850577237649,-0.8871779271098507,1.543150089580814,-2.144298260928596,0.9412882519209802,-1.1232448186893953,-0.8915383407662647,-1.3966304423875033,1.264933335401018,0.5605161310625291,0.08324960440240615,0.4461554187758325,0.2912740174595433,1.3161299781553923,-0.14598664205726503,2.3294138362004255,-1.1935500875695897,0.09346482148921738,0.6002986617899075,-1.61699826013922,0.010976423763796539,0.6963558102455963,0.473181115445529
2.245694161196522,5.569564710658002,3.026356029639821,4.104269382238604,-4.1292546726764074,0.841038688592232,-0.5049894878511224,-0.09106864676953863,2.0909426095754706,0.6178025301435249,-1.3910760057929135,2.6872592828591997,0.7901048946407879,-1.2863782687084702,-5.17810821773236,-0.30329034752341755,0.13377732768749384,-0.7319711429304027,-0.07290223281544203,1.899632135388366,-0.7951866403913692,1.8522103617683277,-0.3789286867294493,1.7083968113857535,0.12788836428487044,-0.21411923557393725,-0.01639601340254057,0.48634561193840875,0.3730495468188603,0.792868956842757,-0.39889940422073256,0.49331860483382095,-1.3865306707421146,0.24999101552088254,-0.39578439074603156,0.01885815124853584,-0.668146826845621,-0.18472897467389712,-0.35893565276879164,-1.3149809842896956,-0.8210998438822913,-0.44149550903451795,1.3137516336363193,0.6984931103834716,-0.37998393206693853,0.10100247219021699,0.5552296156238359,-0.6531707046018475,-0.46937011093717573,0.5335143139873882
1.6244154899406387,3.535402491792817,2.585527245729442,3.395034781271761,-3.4542707057868562,0.19402296275648878,0.30108612972924137,-0.44733834761958013,-0.020138224376273967,0.06530478678532906,-1.0652788575229224,0.48420233052969003,-0.3310465138928531,-1.1220495731716058,-0.9491582522866426,-0.12921815339380432,-0.41948167395515723,0.016699778599823828,0.25137562249393,0.2600744019907686,-0.1424644056409257,-1.07605995076139,-1.6536375801600545,-0.19257210776789022,0.06186739175425046,0.5366215703750059,0.5359336900613696,-1.401258901289206,0.1537312729431392,-0.4378075157873043,-0.6680890222892318,0.7409000457424161,0.036239904119496597,-0.08869377953267238,-1.330297492764036,2.443046175041485,0.04384949321212611,0.831410272896473,1.487627618400336,0.5111586723961916,1.368337719977995,0.15689728218257792,0.9636559393537654,-0.17499839133766326,0.2483431380402546,-0.9356852896917154,0.19614599500998775,0.3560557857992106,-1.705494444103369,-0.6602264155653639
4.0345962758736444,0.5633280157864466,-0.6086065991050414,-3.342190793632726,-2.9392286525841365,0.09472863830854011,-2.0898476971129343,-1.4489769162859647,3.9877437089081496,6.626528427365125,3.2169148817297732,1.2551628779138109,5.670822596055704,0.17965447292483572,0.6049955772557634,0.11418353733443509,-0.3224877073641815,2.305661492038157,1.4602446714776445,-0.4844447291064872,-0.9512907126156536,-2.723772123969931,-1.2897654996153805,-1.1558635684897896,-1.9112620144279509,0.4817856319047741,0.499831569219215,0.7799501738043382,1.4529756088618093,-0.7980346945997763,-0.8275182351706355,-0.7015809007410597,-1.0072882687665978,0.8064458806082577,-0.859320265983634,-2.0255429105948823,1.96531408568358,-0.9676244334066422,-1.9859605578015371,0.7244671812636244,-0.015182322199277981,0.010579512370405553,0.5408387384846067,0.44427427095756655,-1.644460341084067,1.62083645343878,0.1828443824960834,-0.573822935726715,-0.48760283366333734,-0.12700501315144974
33.741886389342056,-9.371153712496696,-7.202458593673882,8.470519603130809,2.560994192223027,6.045893031396631,6.647251986610442,-0.6681241686660129,3.926728507557477,6.0862507466200295,-3.063667808667687,-5.673951797309873,-3.532592509467513,0.15062904310219627,3.712886644331551,-4.093614264121074,-3.9076107449331756,-2.427878363488203,-0.49930008578813134,2.1417770006005163,1.671400341557232,-0.743535142847198,-1.7091406076452664,-0.25558624179378736,5.527422631529664,-4.685347211402466,-1.3092030177565546,0.5710500234569849,4.701136192149363,3.188319425027606,-0.19245971440698284,-1.6273534839832005,2.2104697914168496,-2.5724888687903182,4.943276640995932,-2.9469003923763153,-0.15673929671829823,-0.31263469324623405,5.261555817539032,4.133776677335987,2.108533279381981,5.0969041262857075,4.330638351400055,-0.7181031707656191,-3.8892286483971397,1.2860328776174754,0.5254581672215134,-1.3765341267504634,-0.11717665482046324,-1.8060774598148523
2.625029771498541,6.371109952165062,3.095347554284051,5.118164570722465,-5.36270433810006,1.1989396175751463,-0.043573745860595925,-0.8114731195180565,2.0994845427216275,1.6598143113680357,-2.8808630447453725,2.4150307803229634,0.7296013102025845,-1.648769252600832,-3.7520229082620933,0.4024590028957672,0.7021374148995088,-1.1447430531988836,0.36914979372428863,1.1992472111277475,-1.8197954774295655,0.76130046421123,-1.8484085354053184,2.077257060841315,-0.24431266336230228,0.6019426877853902,-0.7944178659603958,-1.1822609091147125,1.8910082986470016,-0.2721869320208199,-1.4575370438005826,-0.6277700403595597,-1.7422666827723172,0.043221055199272884,-0.34505344334531335,1.2106416106175726,-1.2799656023645287,0.3927662962159576,0.6953313873178444,-1.3371990498813617,0.36806293764696985,-1.047566422885783,-0.05784650737499719,1.0647022458122377,-0.5876197821071302,-1.144427351248989,-1.2476936095950941,-0.9533679068737245,-0.13054865139735236,-0.07713926569879148
5.493517848889529,8.598602929797657,1.2344900464558657,-0.7479431810827506,0.969781160063617,3.101578485849789,-1.2889627722113481,-2.4996478360405887,0.26641703130823846,1.3132722900700973,-2.1483202715127465,1.2776865984075088,0.08659156505400972,-1.2954752530832971,-3.211907759569025,-1.3978087182006482,1.3421167477317342,-0.4968534867657603,-0.14608272042904547,1.8925647679087545,0.032077303700571304,-0.24206619135641805,1.224305130122298,0.5408981472746652,1.0849260915120085,-0.5733600101336486,-0.8460742020360693,0.23055968004958863,-0.7633365995330219,-1.53645792247633,0.5533519653547291,2.058260644469047,-2.3391636739559143,0.6787792472371569,1.2614689828134147,-1.3127590101693856,0.7764494259574783,-0.4330711223593074,0.8457918779159161,-0.45534824095065135,0.9158931040260279,1.0151238859866905,-0.7082228656487743,-0.6432717371962496,-2.2348876816512444,0.5074590098036631,0.44742267093760574,-0.35982642394280356,-1.9598233796071678,0.6569292146090187
2.690371152724529,5.234581580585549,4.936567233002335,3.952581252503995,-5.351621103014537,-0.3513726312919003,1.1438600443991152,0.5036360157604018,0.25025032816917936,0.4343617731006519,0.037331791971174866,0.6070816357142998,-0.4022690212359621,0.12154619991964843,1.220543357185011,-1.0606344442317472,1.4370618952937415,0.8768541626036395,0.906761386164325,-0.1265770692629461,0.958525153422392,-0.5799523462518443,1.3986590883515269,1.3782694399098832,0.1441536586553514,0.1612072897289059,-1.6863286308754974,0.8121150313765448,-0.14472971113485256,0.3441759253498835,-0.7387050150351904,0.06072020735358763,0.5787096137646016,-0.5238702641045414,0.5659443445776182,-1.1087621495496376,-0.5362100240668979,-1.2501152524295864,-0.5240560065102555,0.3027919870791746,0.10022628036747733,0.15832513764753528,-0.633879215041752,0.448634059260186,-0.552774619638538,-0.9728011069008473,-0.3123949822358406,0.19050302755269943,0.2007573549862106,1.1424082425179787
3.4908521510721577,4.261817772981008,5.561351013559561,2.016954757700298,-3.8745971351621145,-1.8993969332830178,0.6574272226848781,0.9764694280615688,-0.7266550430174563,-1.1014640907521722,1.598810698423549,0.476076043437601,-1.252265075235167,-0.04747177946930836,0.9877324345353387,-0.9550686987682887,-0.04633138057277364,-0.18556502886927254,-1.049790308246233,0.14955773434041725,1.587568920250802,1.315146538303302,3.021928632755244,0.40797685447707266,0.0994995131627001,0.5782908128033574,1.0436112843230572,1.261007129906086,-2.171228025482683,-0.0274864815534716,0.5067701726761735,1.2204510156007655,1.166732691602208,-0.30881607603195965,0.6392477836056419,-2.0306126026941493,2.4481458512483663,-1.2109797924613197,-0.07638115299460332,-0.9343905048610303,-1.3700095601897702,-0.18176306885550753,-1.3858568022818694,-0.1688442047176555,-0.9797022384743145,0.4701193093041448,0.1198501353851106,0.10245590400825198,2.4027602907574894,-0.5958354235713325
2.3980029274666155,4.781819796192506,4.049472310489047,3.1625599705863565,-5.029727912608084,-0.44595971377960136,0.9152387081129314,0.4298663739210933,1.4604974290401926,0.6259829751146355,0.11549415214035774,0.07884918712657463,0.10174915389414244,0.5374421320907267,1.4038452195847282,-0.7801085107788108,2.029326660925305,0.29763372553912176,0.8051326913300547,-0.4217121126504917,0.46779511343004265,-0.24587925919912024,0.6586261475716639,1.978286915308372,-0.3111342976205323,1.1393509278648533,-1.786425886485992,0.3875734175223002,0.7119815076292568,0.7788060290727906,-0.5656750036761076,-0.6132535699565086,-0.9219518836517321,-0.4888445314688701,0.8801184655267775,-0.04312967372049029,0.0004919921079483691,-0.544065742580628,-0.22501787640109783,0.6524186940767733,-1.0949231097093275,0.3912371847726803,-0.14874643168727164,1.569863820473639,-0.483611049883375,0.34236445349544997,-0.06605090767360772,-0.5394450770476279,0.6030826624096361,1.014663004536263
14.837263195925258,2.6256299048308955,0.22114299129401016,2.4982294219417405,10.41059182157975,4.631878573215246,-2.5331580667433844,4.587291881424176,1.4178247024071722,0.35669657590245196,-2.048550289722051,-1.6402159812541335,2.0995416741606867,-2.8090512674217996,-0.049069446852270104,1.5923039339471394,1.584549066507293,4.080975746469789,-1.3744207952514154,-0.6629355487289178,0.040226461819255266,-2.5170084544477653,1.766935752415196,-2.0446881771029526,1.05045237789973,4.399151892259252,0.41799490671423806,1.5865911411870206,-2.8062847890070994,0.7572562799370125,1.3503957017138735,0.07599103740414465,-0.1690504976426898,1.9448348865870817,-2.973494142504293,-0.8398438381790252,0.8429080465068559,2.8763737915732666,-0.4381989595234793,-2.653162379749465,1.0251252197420873,0.23299987905599784,-0.49801400325883693,1.4572926801391648,1.6590207296208732,2.1079065350384,-3.076278113075485,2.191923861144181,0.8276296284348788,-1.326334964231783
2.8218579833742607,1.6390990306310553,-0.28773867991353197,0.31472867852994746,0.4877667658398871,-0.14727187583982715,3.2899613328815986,-1.4388673238217278,1.6826784881370593,-0.401911589753831,-1.121179436079833,-0.8335384721388406,-1.168579919351764,-1.9303307229056192,1.1925304625137085,-2.750533661683391,1.598515693915723,0.16527732237411108,1.1837427389208894,-1.5061119791887947,0.4462776605292741,1.4807099571874556,-0.2802761056515681,-0.7339851845440493,1.397496697955892,2.5968102244290945,0.4840704142292688,3.3173812582340934,1.697399609326864,0.8399390976478404,1.0264431048648284,-0.46298539670538674,-1.3471393377724041,1.6265325281559817,0.5137148143614501,1.8844359873519467,1.3068959702039034,0.42402600155689596,0.023762444173854147,-0.44202122088443435,0.15087686800230357,1.0984918397859804,-0.4003000985899398,-0.2916977798243459,0.054476988068079435,0.12143461864474281,-0.2679794305371791,-1.0656660218546923,1.1554768436392089,-1.6963274140822755
38.15154089667896,-6.423715550551757,-5.107564508492178,-7.448433950093167,-0.007818725360009715,-2.0861515716057335,3.545058772682407,10.552190537553388,2.295184213045535,-3.887875263723277,0.33426990560975317,6.311820961027646,0.23287249046819336,-1.8055668301838717,-0.5802830876969821,-5.648831670084293,-1.0355225163842618,-4.968844440278557,0.15710354776469915,2.091883948560137,1.1874024878550071,-0.8670352805816691,-2.8001642103295437,-2.463408316376062,5.897058087817396,-0.44505003825049605,0.6171545708071429,0.5150970491636206,-0.5151721525859287,2.757045966900659,-5.749640738118057,-2.9330004629325614,-8.901749702597924,-1.896258291325632,-1.1260864410657851,-0.7729460264836296,0.7381532839792762,-2.136827787114479,5.570595702197306,3.214337927832138,-0.43456351739084387,0.30717375068751784,5.88936107779069,-2.1218373441688887,5.853453226793165,-4.631129091997371,1.78091556374896,-4.352773637424811,-0.853461138341889,-0.6703335119055054
1.4665359202762824,3.0945567781889904,2.1874321523259845,1.8762259113983868,-1.8337280818613235,-0.03475974020666614,0.03624492531020595,-0.5804967398771912,1.3564557498300636,0.7944679324394435,0.4365449698476302,1.065933231222731,0.16836712124003006,-1.579286337910099,-3.7668590915133593,0.5210634983578184,0.2470809721714668,0.03526018305359463,-1.3488262879622228,1.148233245807579,0.5702927625032159,1.3800020570240048,0.2267736427066338,-0.33602589742083555,-0.5600317358103203,-0.5447919774678676,0.3210427032329254,0.13264032777462254,0.24683362309168091,0.8451424644512548,0.035379990761271005,0.014032662455505218,-0.253887377794731,-0.10222102488161969,-0.7178977259919441,-0.7093664457670416,0.8757544366585267,-0.4924198305035464,0.3943706482401893,0.42694401571979607,-0.3460344208910936,-2.0718215116238503,0.17331052432512806,-0.2576844740115494,-0.5959356047952311,0.1892892996857809,-0.8342240826043094,-0.8885966276812385,0.3163764685225206,0.3771451695285646
18.279907410336456,20.379946093245017,0.9692498960239754,-4.06299849608186,8.195803455987605,6.535197492610234,-6.657020435499247,-8.14725715563022,-5.260094963168481,0.4982627061020101,-3.7978719457109555,2.434197266928872,-0.13471194397275943,-4.065063835483923,0.21355351413042611,2.935736514939329,-3.753776983506908,3.2946548203056922,-1.064353022407759,-2.6153650220132056,-4.241990152218454,1.2576387624595426,3.3832507189594754,3.418475273238969,-2.675909496072273,-6.695112378395537,-1.8829337728811206,-1.076457731117137,-0.11161714093726438,2.2460238915647386,-1.0298333226327137,-1.8689681486768495,2.0836730022312597,-0.22128052636609347,-1.1304401477981394,1.4212690003350144,2.875028990569896,2.970057823905046,0.3468899840119347,4.080458181733904,0.04175051854589412,0.6123328377266215,-0.9821764964627097,-1.7247082751812828,-1.557387544818132,-1.9655373339252518,2.73254627301709,-0.5891985765126577,-0.3711730112849414,2.9211175111452707
19.42652827330805,2.5145286430672873,-12.496159966488156,1.3049542564497143,-12.574372099404423,6.444803669200626,2.2888967151166937,-1.3852368062570042,-9.962172403361262,1.134785262496348,5.068204030848454,-8.28153616951076,-0.19719412129784097,0.7652295215287697,-4.415267506021124,1.562480797315482,9.212981050925947,-1.2967003693993846,-0.0030556949451937543,0.6469463560198732,-1.639647179175415,5.690935945038921,-0.36008287555870233,-0.6280242345241313,-0.017139767899376046,2.721111452756054,-1.5351383365655968,0.415228716750847,-0.5760023085710874,1.5159927207822774,-3.9247423105544983,-1.9565420556366044,-0.9759080470387934,-0.11473355818613543,-1.1788380703190295,2.888718407126987,-3.5603449233487794,1.565366430910998,1.5135452368394784,-0.6267110510892595,0.49947570094081006,-0.5140967118470362,2.2593552780232597,4.871869652996567,1.3033208394120988,2.2137703576590146,-2.7466427914017766,-0.11066291792493255,4.2630524413968,-0.5645848317761268
3.184097653725407,6.70390044946534,5.6948932915633454,5.241259841341824,-6.125849274049575,-0.7656243752714039,1.457095939815816,0.695199285757118,1.2416179371161442,-0.004344223417268894,0.2890892894431618,1.407592749769043,-0.42630333510235524,1.0545083048328954,-0.09119912417488907,-1.3379339951452305,1.3106437404535491,1.6175525606419556,0.2254082888718924,0.24736232073406833,0.55706340432806,0.2799100279801957,1.1653111092962487,0.46192042377194503,-0.5163963041973207,0.298339883566742,0.6013846303205902,1.3705122368905909,-1.240492419370331,0.3986832895448946,-0.25118845029207987,0.5434708474335371,-0.1909434794627468,0.2042474487963905,1.35130471302469,0.5360940670857287,0.05760677119824792,-0.9486036757560606,0.4752795171494854,-0.1316330974319384,-0.6190241874687219,0.23660748233608997,0.540961804950098,0.16867381489548955,-0.02096051101401958,0.31156145222339343,-0.1377110150207497,-0.17277076203202302,-0.6495079838721265,0.5288843957793604
7.180964467291882,2.4560449030171463,12.155544152544168,-0.09962990497090352,-4.408805278914342,-8.145317648098136,5.913177014944071,-1.0203581488110502,-5.6282231860134235,2.7799925377136168,-3.6520022506843786,-3.5996721154466687,0.8335534319600959,-1.6916391375614497,-0.7463778361316888,5.232439295777638,1.0546023706908862,2.893788208210496,-4.98456383248716,0.7811303041514497,0.7661582972143959,-3.867087774631254,-0.1689023646378709,1.651699854337542,2.9270063671348225,2.8685103988654093,-3.584067735581539,3.307177264184361,-1.6988262988403608,-1.4521773326649365,0.1936411466827447,1.4073442827482934,3.282775994095221,1.7693659139980238,1.4683986190242762,0.031243880037769983,-0.1299095325270087,1.7170318100969486,-3.797251391885308,0.5097364257560342,-1.962635763025699,-0.31423216374609686,-0.5675476575597735,0.13451759292849108,0.17594287038185763,-0.964951410303496,2.2192732712527286,-1.027293958387579,0.032979395625268026,0.468861453441256
9.212676313946977,3.033396669316811,8.647188637827721,-2.637379554133237,5.03342401077777,-1.8018979229728946,3.871009511687161,-0.42732215625885106,-3.401882502829454,2.421025786356844,-0.9985128238269525,-1.8920607277046506,-1.844554388897174,-1.6317789620856331,-1.4708594478159287,0.9775876285088536,-0.07748123105585525,2.277832537380359,0.9362280396976085,2.2637936298486148,1.1339214640071238,-3.4459817841100717,-1.4700386611094385,1.4057236672712088,1.6362397103575976,4.219925229241821,0.8128367738025094,-0.08619352066452564,2.0521723853028777,1.1864837356599072,0.012616181054260489,1.7668367367858502,-0.3947711213028052,0.1017271949332964,0.37475997944421835,-2.0614800796699333,0.6173223507935863,-1.0850423892748524,0.5976078080387822,-2.3557873559547535,0.522150508270204,1.5974847317514471,-0.10655089251265118,2.0913652927893907,-0.6330869685390395,0.10727228840804504,-2.331372864502935,-0.694526115403302,1.5346341788049251,0.03071372377168352
22.11163806033552,-4.048969359661573,-7.157956900817297,6.962893504983973,-1.5861911727476854,9.015647158234279,1.5038528961247892,1.1321024200702017,-6.106246237752022,-1.8770905455976163,6.2395939900094675,-3.0494574211673173,2.3642643167470627,1.533143256793573,0.30197758085771564,-0.7902632832029661,4.162001861796879,-1.3936311857114292,-2.932132536550535,-0.2677178873594929,0.2855352526508193,0.9925707152187677,-5.226791522557851,-0.25976574223820614,0.06249093126878785,2.7288384314919476,0.8690504453853214,1.679920303133848,0.03233761438249272,2.258203477391432,-0.9398110244653034,-1.0139862042493224,-0.2783073205718699,-2.4716693893751307,-1.9197157490167651,0.7181486272855873,0.7582398442620638,1.9986558696447807,5.24401066640569,-1.6762866235722664,-5.054187693905705,-1.5409565269141139,-2.7297635863061025,-0.9024193283072112,2.5656938540216663,1.5453761555413967,-1.1024220272174237,1.05552433147903,2.7337799396293287,1.8364879242032608
13.574639046104263,9.34226428033105,4.034462572300716,1.260878129980306,-4.40457613752251,4.609402956537427,2.241394321117146,4.3800535233965965,0.9231490260491163,-3.5529976540866306,-3.387605184233653,-0.8193772787842057,4.344461985881245,3.5885717529884222,0.529622126228972,-0.6114869249673436,0.5146115347229103,0.2938195242740811,3.4933329077714808,0.9530316925328275,-2.075798399405379,-2.6734617786917863,-2.7514251630570152,0.4614365294062968,0.9867342897763628,-1.238613925352455,-0.8859450671899878,-3.034326894183946,-0.07432419243736166,-2.1745311886257896,1.1209202647984782,0.7627492402077063,1.4455094670155884,1.5657428472432886,0.09611088886790797,-0.3371834625400602,2.018073070596611,-1.915196129916482,3.4791896282498738,-0.32878371514573257,-1.2633864438044853,-0.10872555213900878,0.9609297843196483,0.004786585910005581,0.9602832876389861,1.4414718066982792,0.5025638588956511,0.9447051147526466,0.2984081041074176,-2.513349191862557
3.19704006454451,5.840497382680256,2.72170622457959,3.726337388261334,-2.588930255236068,1.8909793798500587,0.44792050308918685,-0.32286888820870396,1.4374010789838478,1.744802969579673,-1.1511795928854425,1.8870481367487613,0.15294665907820562,0.401007150963168,-2.9926527916785344,0.9564973901497018,1.1628720666293628,-1.4622187815394587,1.1640684986328478,0.560057546390255,-0.8536406760685895,0.41307468813474607,-0.7453898832572536,1.367503264082492,-0.2598357261244276,-0.18532396735694034,-2.224838336203712,-0.16902407603037573,0.7861015715654638,2.0124630667776433,-0.8538564294329778,-0.5519305854929069,-1.2771000036326006,-0.662672775639071,0.0610306421000391,-0.41362587070663964,-0.3995677803740973,-0.02323271866891563,0.1543273338746189,0.08940713396974384,-1.012405776485067,-0.3843686417339241,-0.20790516257437006,0.6335037097937671,-0.09793364191420798,0.2250879321878903,-0.4311969860550914,-0.8322558601663699,0.8521159255157,0.054284361518097346
30.4710811818703,-5.773809668655177,2.8519235706434882,-17.360558147136764,-12.735745022153544,3.2289444734652766,-8.426405218565304,-7.272908375053457,4.851044243852806,-0.5722316669511974,2.0450064375925097,2.5594225518767666,-2.5805642646972204,-2.5465949215564665,3.6389927832132174,2.483259107627999,-0.871319850022915,-1.251244619420382,0.9152072078951451,-0.7716233974153974,-1.680801537157264,2.45303549127633,-1.325327388590381,-2.2798500008455775,-0.1005482881597276,6.019584812297245,-2.692102811600125,-0.6075405919945217,1.5487836460194961,-4.997385389380759,-1.4859662075617122,6.095257366997067,3.8273851381411035,2.9495898065742487,4.3060654040837285,-1.4737159714058583,1.0432943993731123,4.84573569214848,0.21163996583388622,3.5330313599455305,-5.6963163331926285,-3.709032502417191,1.591561960328964,1.0027551359766063,-0.0002715412451416155,1.6555761988893294,0.34236048365739347,3.7437529437043997,-3.4415828537066173,0.8899870097119766
10.220428166915953,13.68328990024791,9.009960428344927,0.797759320358789,0.26185943799236805,2.631398480958765,-0.041910342671056866,0.7259112357769706,0.8269758533191267,0.8791778948822705,3.6219657126303035,-0.42952733883469396,-2.276250451653086,7.105059599530589,2.05799242535523,-1.2767041758748099,2.2441194279146965,0.4752467018214559,1.6938133664415715,2.2553610900981456,-0.32080328248818474,-2.140441656877114,-3.872934872921684,2.023395390596603,2.2349478488634893,-0.6068504675879957,-0.2449624761580005,1.0706743812559734,1.6191364387344487,0.907453697575793,-1.014992467816309,-0.5346558510629391,-0.4840871803089989,1.1903412534853588,0.5550999077058048,0.9123439413525141,-0.2556416647093088,0.3559352934571486,-0.30941526554367615,-1.5207057600525538,-0.1643929334810188,-0.6092697241200355,-0.13142400260406378,1.460751969253963,0.4640456896501303,2.0607292767512555,1.5350098185660919,-1.5783600159285835,0.06013856828217784,1.3287689945982322
20.595033053400286,-5.81044114134571,4.060706519183747,6.385443815176792,4.0185655988452345,3.2263488682389068,-5.738193181892218,5.196661329431598,8.363388844521804,3.0615189387230393,1.051190196176744,0.8971463496325177,-4.2005017724386375,1.9882183999114873,6.328847291837826,4.430028063175749,0.1361385517058411,-1.9434017650758575,-3.0769616415493473,1.6242533472511789,0.62690663570358,-1.9969696256190805,1.7034771461582552,-2.3458741943870915,-4.2608672842420585,-3.3322397666973513,-5.928363790879148,3.612277225422554,4.414327236918779,0.6665331332837942,-4.627830457414653,-0.2688555014804489,-2.7198991240422923,4.519550912911528,0.7705533524993078,4.179184130114083,-1.6320762591810178,-2.142255069870845,2.899323707399432,2.283060445225609,1.083487385519447,-1.6209018106049327,-1.8666154989873205,2.143757612348208,2.6173591944290626,0.45019997312053595,-1.266368160723759,1.3558483201316482,-5.747462622245298,-2.072241146540952
9.369371611876891,-2.8518045997900137,6.821079297670547,0.5048954752611091,-4.822000957083453,1.7428090465793016,-0.36076633265938374,2.7894962818335083,2.1867237302406926,-1.8068033608852656,1.1329323798291855,2.001796822854371,0.6842638874482937,-1.4671001124770104,-0.10888425187911782,2.21128358878,0.8121962070391511,3.1508825831302105,0.34761015064245904,-1.709655560923929,1.8599062418435222,0.11027425765637064,4.614569640263335,-0.8093051710711154,0.052308496388403763,-2.858084500620025,1.2567089021944713,0.15575524068005825,-0.9314808526753441,-0.16973899345184057,-0.4548451545934731,1.6510800638160779,-0.09832381363416601,-1.8312316707077922,0.8263824753428457,0.5374541860691895,-0.9855028140410717,0.745285924256797,-0.7171299456936334,-0.2904026821562541,1.8655646592798913,-1.6979009820739017,0.10518863513045851,-0.9932424828509498,1.3890709578016391,-0.6691199378715638,-0.10613576990950509,-0.9191957753213812,0.6993631944158233,1.8875716598750805
5.528570526863667,6.650140829497102,3.7434063443370498,1.1774824855033807,6.870797138044841,-0.6391945404778137,1.2566481030195669,-1.064415690716314,-1.5639074565851905,2.5414102005662755,1.3510231871580263,1.6810513853238938,0.15225190429876162,-0.3747106147726346,-1.9735214520561353,-1.3709914191094563,0.6484873194981298,0.5045596203454064,-1.458027229145239,-2.692340959156445,2.5373816652792014,1.2988335197479142,-0.37621678487893423,-1.4144188535043152,-1.4467578741369258,1.3240763509068385,-2.893149681572344,-1.8510840940143969,-1.1014450754395217,0.9425627171413711,-1.6117369613353507,0.9188665156205915,0.1082909736010581,-1.2078715371977478,0.9357875189484225,1.0830071950607225,-1.4280880775048668,1.2060856714978112,-1.179309975793437,-0.3075279759064864,0.38267052667845974,-0.6686325479361773,3.491403062795732,-0.5507557362007399,1.9932545151539685,0.41418138334050947,-1.7622491552825674,0.8893016508857886,0.10558702028697631,-0.847188784750464
20.949708300820056,4.189840351468357,3.514089439202369,-0.36784371768824364,3.337843545808271,4.818766699152978,12.027910304733485,3.014384572602205,-2.263745114435707,-2.7651068125705294,-1.2451179054212569,-4.204945754922992,2.0053532613184735,-0.16360684254395916,-2.3398323841915016,-2.36964969322084,0.7697425777780178,-0.1929963453488759,5.63927382775115,-1.823499216142041,-0.06762797558019595,-0.722204123254385,0.877497712667558,-1.8335582363153151,-2.0656799006202786,3.2990325808140946,-3.316081040451413,-0.9319051733581711,4.137934562024025,-0.15359547752525038,1.0267373671482671,3.5669059865009975,0.040742257967419704,-1.2286543555312293,1.447233602157958,1.1563396654150246,-1.6189572528018756,-1.9877526554311378,-0.7151482259934098,5.983369711860264,-0.18321021328910359,0.9567502044868809,1.6547428178040815,-0.5462103058815247,-2.380964736498398,-3.71895822104247,1.4146902563161539,0.5602985562357574,-1.2355474696558404,-2.2003935994734327
7.353004616874121,8.842067229991974,4.52484240000876,-3.0525716595126875,4.529505277534455,2.7268981852828973,-0.06904050577906884,-1.6595396566901408,0.0591291407341884,1.9179916569933073,3.6184878200438626,-0.575264549877578,-1.4245158413193892,1.5054287571217224,-1.3293011730264146,0.9293160327798387,0.43211905791040317,-2.382211686770103,0.13136474394647224,-0.22698029757521224,-0.7482604257299073,0.9518066706855557,-0.6814569799054813,-0.3995023689306675,0.44962998523005826,0.9964913449903614,-0.9262558350947871,0.002143521890955763,-0.6875752010023958,0.6740629528814273,1.0850961966802024,-1.6157867025783679,-1.6074941590201972,1.0285908710480016,1.0056688571231422,0.3480733888642512,-0.6504558512704632,0.5264845590903562,1.8214992743221101,1.9810412955064391,0.8240444272278112,2.527927470108559,0.1279471395309415,-1.4919402358285663,-0.21785349801281312,0.02441634291680872,-0.3077321360414168,-1.052441059152293,2.7337339421143274,-1.3975939132241089
36.69849378780502,-20.853451402439863,10.984489941231024,1.4749567811048732,2.408068964374539,5.5350658745108765,0.3987135865369256,-5.85773001120503,0.8606699343779396,-1.6441559733505775,-5.858434730775145,1.698986293649399,2.726294512564042,-3.4964717396506413,4.625264648045575,7.05690560778063,-0.35101018897847747,3.561285689985231,3.886303293357392,4.373600390077892,-3.0576456114216253,1.6805658166262296,-4.151729346714081,2.038001564134402,0.3858105552506955,-1.7688088137217848,1.6728103696052095,2.773191173758712,-2.582862677520679,0.040746754073511623,0.28223434449257523,-5.246977256499775,-2.244426295211734,1.4081191669538353,4.068815174974608,-3.2011077005635356,-3.3007985080238784,-5.882253276129167,-0.5088191033220342,-3.404976231710971,2.200380394343565,-0.8581915013976305,3.7691809999380155,-2.3406371571661655,-0.11347439326596903,-5.6547131280538405,2.3360537609639342,5.087915952424362,4.967028866984463,-3.173836004282404
3.559419992958741,7.752187813723188,6.1555551649427285,6.628669041858705,-7.756902203804526,0.0013949064204218098,0.8830609525128366,0.12753757052173245,0.6339195419163743,0.9568785534302708,-1.5545300670966675,1.3834100515918397,-0.126448668641973,-0.34017480418258583,1.158836671057918,-1.073667815802354,1.2566125469748897,0.26117634620933033,1.450069348923475,-0.3516694091978787,-0.48977508712272033,-0.04741307904498293,-0.5855998134096099,2.833561428241455,-0.26078343080288136,-0.05356672443589783,-2.388720949283823,-0.6026583106211538,-0.1371697574428825,0.7020521693939682,-0.268316149874421,-0.8640414138176613,-1.152481629986296,0.64801048480906,0.8215368812765477,0.26327043766904956,0.14787970365397507,0.9769861633980941,-0.05559428971289604,0.3313132148721221,0.6634449774299552,1.3998496327677024,-0.01586918057788489,-0.10675433864691908,-0.8797802337537081,0.06443504927781452,-0.23195213673868864,-1.249959042525205,-0.27926738924045535,-0.9261101821351865
2.6136470167410337,4.891890019398184,5.657640153715733,3.2593384017514473,-6.21230922597053,-1.8559980420391733,2.289021089109146,0.56079369629322,0.8898745575542794,-0.8900558402998577,0.7556352356429137,-0.9179865703715099,-0.7887461769175439,0.8588269860319482,2.975613024186573,-0.7674927632263918,1.498945765532119,0.6882616843402893,-1.3150336339088402,-0.17839862768646447,2.6487573453384927,-0.7844856675522556,1.4856593223907701,-0.5600004167454403,0.9600194403228215,-0.5511988429438985,-0.7088803347967794,1.770200658193228,0.035349810824254035,-1.7899844743989832,1.2198414144248229,-1.702003284533592,1.1852404138926964,0.8256417806336044,2.6621207874031736,-2.0521504354049522,0.3268667303119128,-0.5304667862294649,-0.4494766571264862,-1.0047432105599197,0.7572507932276633,0.6019868802604089,-2.492091943154965,0.2821043463016704,-0.7189340468498813,0.005237356534298021,0.5646222594835888,0.5771009461100727,0.3907447488515887,-0.21735572964742045
25.49132419346123,-6.033834933939599,-6.234749662161859,1.5854878918335946,-6.668041823311716,7.562887274763187,2.376462191824494,-5.323217957556706,1.5604832860494422,12.189778171089841,1.8496281226209685,1.3460045882815126,-2.3996883375727776,0.8725126041280518,2.336368136500496,-0.7553245941951636,-2.3561414569030847,-0.15963408072168228,-1.6721412648296803,-0.2737342182457919,0.6045446022328301,-0.8198149635873212,-2.5304943557635826,-2.8452132681999704,-2.1104806807378607,-2.02333733762736,-0.9122492019540919,0.0349700821987759,-0.5791461095099658,-1.905650042360464,-1.6720557328379535,1.4326833787899875,0.7127985128093728,1.8221278671838055,0.08583355205116666,-0.974461040720331,-0.32847290393705164,-1.6947314150224335,1.4070603680897142,-1.6442584536889249,1.1584500260856792,-0.4110538604955587,0.20445530311637725,1.7132583875496574,1.3865012486752883,-0.07784010038085698,0.8908408892532087,2.053689713713933,-1.4563841510716768,-2.1060992466087214
16.400756900449437,3.087601816372211,-4.613381091345161,-0.4738346132546058,0.8695424317408801,4.213694776696638,8.249350834980389,2.8316882766363216,-2.275433490117791,0.5491262311464118,-3.434309656002898,-3.0075338522094297,1.7181574313733254,1.5006066738186035,-2.2013025065254976,0.31742166598458765,2.0951301453703364,0.23657954424276512,0.7207674176411969,1.2475289274495864,-2.523547230114472,-0.22355969700117484,-0.4809882194798224,-1.6194826612469648,-0.7601831022355341,0.5665097221229093,0.5190489616284735,1.81219998400443,-4.955748492623192,-0.14735892459482502,-0.7760070718908365,2.133426614111209,-0.7619811483559819,-1.433438833880206,-0.05144008603685446,-0.752539285134285,-2.6710245806564292,0.5812110642686595,0.4057609700045985,3.1702815536231332,1.1218571531495845,1.0945838821386475,-0.23694135167311808,0.1957864986525838,1.7551590924124494,0.5662209081107281,-1.0268014496643403,0.7607206361766045,0.3418658942351518,-0.5631494387881392
1.8143189443120342,3.026486408879176,4.935089930561897,3.0426770107907926,-4.0137966828691205,-1.821601643905738,1.686766064122191,0.8913233199502423,-1.0062570152838137,-0.5588594612793208,1.8283535033814702,-0.9379678713375603,-1.0010338084954442,0.16109759842642116,3.5670234390533055,-0.06246556892942831,1.157141136723847,2.1909716471851275,-0.6339961381662425,-1.0545746255204342,1.3480395789362607,-2.0815495824983223,1.1640329414193014,-1.2670163840119448,0.06718665184473838,0.73555095807699,-0.16784971449052,1.6400326508152845,-0.746876283312136,0.6856732261040119,-0.22681148565356152,1.0161131118152633,0.5367459368766575,-1.393758802248597,-0.7991868271344353,-1.454617859693144,-0.6375662849814586,-1.8847461990537764,1.7195764812121552,0.2618446688589342,-0.5651191157775713,-0.38881467094296435,0.12194673473517556,-1.3603506661861438,-0.1292876628719251,-0.34691153599062874,-0.0998885285817333,-0.39528602158516124,-0.7335617221889759,-0.4331448179616457
54.69396473862377,-25.655869028718545,-5.509241042192521,8.084891439271647,-13.27582535134888,-10.331309162218545,-8.233728907076818,-6.556038316272218,-2.4146028592518034,-0.08582516645331517,2.496400701827474,-2.1847242516032943,-0.13651704819810861,9.47786357584171,-12.747840532025421,0.10610016183992144,8.02836622875343,-4.694555670807866,2.8957389127161877,-7.133571266454865,7.100171425249437,-1.6443475202226785,2.1900293953355563,6.499249614452895,-3.1406239552583433,1.476468667851835,3.4573155991111673,5.3732743314504905,0.5335121644497632,-2.599267188182646,-0.2500496046996488,-3.843509795432995,5.281025054672918,0.35604615328096045,-3.1117051014427535,0.654230887390715,2.9698062466121877,-3.2241542131681475,-1.546090923358436,1.2292921516113278,8.270515774310772,3.725112324718849,-0.08686236194490204,2.7411788112231696,-0.782509350291948,-0.013023032795754785,2.6970480901100684,-0.22351592277602617,-5.198165325832539,-0.21567342109550092
21.344506639659084,0.4854620788753663,-4.29490339571266,0.6757888356925227,1.8381946528013362,3.594770149219395,6.172159741373743,-2.6922470959711666,4.407495390797026,2.655660483428409,-0.6630625138319471,0.9633321518321686,5.94450930931205,-0.6651172331526521,3.8016645437353866,-0.9429215804229975,-0.9060458522285281,-2.864317187058342,-2.998571966986004,1.9367952093662848,0.9293519907173522,1.0915304178085001,1.1560307366668083,-4.44132813611504,-0.9644025757737735,-1.557659144283213,-1.0628149485328158,-2.6833623584649042,-2.0473407935370536,-0.8346591442762364,-1.9904871139575058,3.536758524208858,1.9534385524001758,-1.4263633845581152,3.8195971623593503,-0.35552824641025027,3.5545089917758648,-1.288808814951028,-1.6114123093616435,3.002629906262799,3.778008900020646,0.6868266366763562,2.7081525735886025,-0.13470011187301156,0.031046940741501022,0.15946875131409058,-0.10078269219260466,2.1426522958859224,2.5161906879535128,1.3731606896805233
30.687083641133338,-16.58064320170026,1.7138706618229471,6.004676656480452,4.127922328590991,4.157211004953011,3.404003685320153,-4.987225125105548,4.097560340556543,-0.05864019429104722,-4.238204317989372,3.6534496434327712,-1.6093457063371464,0.2919180572332264,3.4033717316855503,9.428258135116517,-0.04853038888112779,-1.293282451820646,-3.18227632431959,5.537549240069189,2.543573038504143,0.9019352638321205,-1.445492585405836,-0.036941626408489414,-0.016332550575576768,-2.590025405317651,1.8305241370847867,-0.20185520906254195,-1.9770251677894242,8.017391186058616,0.3757624352248463,-1.988418460964477,-7.433778138055266,-2.2365575444598194,0.9521128347391868,-1.079814564528982,1.3900642014149127,-0.4689864711758025,1.019096575271506,-6.371131917126891,3.9126539118426895,0.1969233310326981,-1.4592355456482267,-4.338003770440707,2.320385416287547,-1.697735949829338,-2.3811234168130486,2.630207387644253,0.5126740115134418,0.7440505255394756
5.647634669048444,1.0900129399142549,-1.671111030557773,1.600144257237222,1.7165960411498324,1.6061192884958841,-0.28525573614771355,-0.4150310918046101,2.2718059936035244,0.7925955574101609,-0.5149559949006226,-3.21134691786768,2.47171199301523,0.5144186620278159,0.8699518014900097,2.382172740954888,1.0129300949597475,-0.34888879530138395,-1.2796360399112434,0.7845802327236963,-1.5008497659444902,0.23771360517898676,1.645140106966982,-0.8043305482530825,-1.188313923769051,-0.8566879435425995,0.314116476907645,0.7772710444588722,-0.03813681932307837,0.8319915327201715,-2.130221387341959,0.9511307842875626,-1.1608259856993612,1.3279985555933536,0.3932307628265704,-0.8202335327566458,-0.5822083676526878,-0.15801657069536934,-0.6743998212339921,-0.45540783930595813,-1.066620280093177,-0.7726285981163368,-2.7393883707339004,0.14524614330198907,1.1834112129629197,1.7204317467986556,0.02805595259356941,-0.8913016980734023,-1.285429926575765,-0.22042256410066208
15.577541272916054,-2.12339588740656,-5.402975415400355,7.576186427103259,2.9812221014359963,6.452619252177406,5.172219441614839,3.8696832273186264,0.755267310109532,-3.931021827710581,0.172232885951878,-2.0023762925042927,4.284720172087339,-0.9437689005816411,-1.2906031355034915,-0.5121525946020826,2.6161645876241804,-2.2980478131406814,-2.6723702827475426,4.876424741860705,-1.3254570882160857,-2.1525603629125785,0.7592079008486525,0.9755794948651662,-1.0535605667146672,-0.2201213560307809,-0.5105339448809204,-2.229244533991551,1.1987483693036491,2.30558922211293,3.118466719428211,1.4731327358231587,0.7252581348037301,-1.8093216019150886,1.5653735836044909,-1.4720995878743748,2.8810712337229103,0.8748536325153036,0.7480143121776203,-0.4449719108334638,2.4786647619917894,-1.5388006678473596,0.0641828531929639,0.8945311930774773,1.057171292541567,-0.45969231656023357,-0.6519420795780224,0.4267533240312923,0.8810679531711041,-0.21290554958483454
24.02104764964936,15.396598718210718,3.3322561059434324,-2.5029110587291887,-8.028379469908451,1.087057239821206,-6.4765823712337784,1.4187993048205565,1.8725153485650905,-8.72218977274257,-6.437853023494638,-5.507728283238928,-2.7615317371274344,-7.6078045010810955,4.483895235161566,2.8892971651663095,-5.621994329715258,2.030137047118177,-2.165755465346768,-4.004051317843255,-4.399787696031457,1.7285831093994606,4.737797603784813,-3.7990355527271302,3.33719421061416,4.2726939052433535,-4.423210326304453,-6.677646726508393,-1.978316013564938,-0.16011598920071513,2.6138349774046366,-5.176877200472563,-0.5292332172538841,-0.7621115132442509,-4.561080554180608,1.327420205487714,4.5098845775856296,0.23342916254109064,-0.9589198435046411,2.3821894826420094,2.9538795620727063,-1.029909708046481,-4.666882053662887,1.1662952208249544,1.3636485048639062,0.44766745229336924,2.3849870497258756,5.2112557892005675,4.890589192216888,-1.3435124573769002
7.419845272336158,7.1893694121373555,-0.6543663670010229,-1.8557445817141145,4.282616025541591,5.397148762237239,1.6827820061286995,-5.808322443865648,-1.1130332582165974,0.3162289868782693,-0.006726403677097592,-0.6278723789667062,-1.8033644802665358,0.8305422631184597,1.158684915924507,2.5996014510181675,-0.0703682459068109,-0.6111306942948509,1.7434953401428934,-1.0510141580224615,-3.040389305350495,0.29602222224550034,2.728539834940081,-0.8265532736996865,1.9941508408965762,1.5649271342014301,2.6858204123078533,1.9975229641605687,1.3320771522406294,-1.0158601078810865,0.6027333859281058,-1.5928960535749777,-1.9793105454144575,0.3019400900237874,-1.423973042602148,-0.7655058497837115,1.346033460747306,0.3840951904297286,-0.4772539576899242,1.5011926295314748,-0.36480942926646037,1.2382514620447227,1.114311736930342,-0.8352196318681159,-1.1419052046069886,-2.089665444914862,0.5940769852796307,-0.6185043376950556,0.1479357519002771,-0.1711828543049183
3.0622402662136903,7.336337158943328,5.108429272946459,5.743842656903894,-6.7204403211802335,0.7080863833626134,-0.21380322115481792,-0.39014648034799115,1.8756704012803591,1.448530570740005,-1.5806656756534718,2.547455442403004,0.48469117427279074,-2.6184886765423703,-5.504294838123094,-0.4588272466002946,-1.2441336157460612,-1.035540231605023,-0.6349023111561793,1.1157407417302625,-0.9412411550580988,2.2951458593935175,0.2237246034177657,0.4390920678084441,1.1184898473423197,-0.8523915596005146,0.06193305304665997,-0.32653645998817316,-0.002070300635718475,-0.009201984890537581,0.045674836602007496,-0.07545138504212745,-0.5079029750935452,-0.038186530350239695,-0.873667226614159,0.1756559423602226,-0.33347553288805776,-0.016477315479396376,-0.6983970956839867,-0.3150954940173959,0.6538269324291051,-0.4222029045774071,-0.21406871326249916,0.11256909336893048,-0.7177135761726934,-0.7374842139163301,0.2541706339854457,-0.14160287182772363,-0.1339891474139345,-0.2852884846307478
30.019884155233562,4.100608050583287,12.154472797520539,-10.381131589729264,5.689488817833539,1.7927305189376224,-1.8004059077454582,0.6966891715798136,2.5641789193484037,-1.1829158920013079,-4.356198371575482,-1.2425184919705328,2.017821542066205,-1.2296785304388789,-0.9465687765578968,-2.2117599252234843,-2.4034843134808797,3.2614789656179193,-0.7720719795788298,-0.2787421714053608,2.712207884831532,3.3938124471011792,2.7305268185866485,1.1297503516808587,-4.291841272334685,-4.940025650645339,-3.205385277015626,-2.0887559581947173,-3.1584324052302892,-6.725452858882855,-1.0040361821614925,-2.413462341985446,1.3131668987872498,1.0847220628696554,1.008642856397604,0.019472477388312592,-3.1931308033037173,1.6930329547056533,1.24114367370745,2.613084132312138,4.10223142764513,0.5690150926568531,-1.5718698216567715,0.09032653384895717,-1.0561292316401538,0.3597397393583701,-6.587709489793985,-1.5725915019438415,0.1437929860939724,2.1599113824304617
2.2286391727288475,-1.7076518237113956,3.1562494273339774,-1.693713996900577,0.5995824141960892,-1.9280017548200759,1.3688968950543272,-0.9495468521291514,-2.140722200497605,1.1401887355851772,-2.7978617384480398,-1.4070862892331417,0.20443882098305255,-1.0888730295349014,-1.4185546681842345,3.5766846633458016,0.2883281490496451,1.7689773876778436,-0.3400800365086981,1.9321215354542776,0.44634690403732297,-1.3821308629990323,-1.9967615457762204,0.9490575426852491,1.0594460684013427,0.5033893739754158,-0.7939142996248769,1.387547808457755,-0.640901739057515,0.51704300360362,0.2974078185254154,0.9437060559116761,-1.0132015332044966,0.3002800388229667,1.2280286589702982,0.7741029390411198,-0.889019145448073,0.9989994673431437,-2.0564897267914386,-1.0015873308288856,-0.7143806018149954,0.9336456945404139,-0.06007739048886518,0.4183697872147686,0.7432655921399891,0.5774242411723276,-0.5861704369803641,0.43776278512927147,0.9498448799607278,0.3377562062710334
3.0016770838771816,6.526715485732982,5.237902902546949,6.701147010218476,-6.074459493469724,-0.08048391218243515,0.6311547253069716,0.6088704951155437,0.36063026692638056,0.0822999008645752,-1.5401739084435118,1.8802926408861496,-0.6060241893777394,0.3903263176750919,1.7407870986742102,-0.4224403713047001,1.3134987051012748,0.7307258459523936,2.2011330613791316,0.09726853015503722,-0.45024319354388287,-1.2641868784311057,-1.9195838115440638,1.6690868934463645,-0.6491620984637139,0.6349700248096695,-1.6646377932710155,-1.098086163827722,-0.13221393346867627,1.0822919976090017,-0.4206931289317032,1.0536573475880644,-0.8062857776490162,-0.45393621267750356,-0.6897166702302403,1.2715216509911753,0.7304160976949681,0.1465405922561258,1.1184403647920476,0.020262456960827582,0.6469827276936541,-0.13654520689434346,1.4973582012054079,-2.0339399238284415,0.10775508572846593,0.4918932836882275,-1.7981485401392552,-1.057791940903096,-0.0975499321088458,-1.0619149771089558
2.338694409961292,3.156990362395187,3.7609369488280393,1.0351846146336756,0.39677734806313386,-0.3838228567690084,2.3602587068093275,-0.20100942940660033,-1.4616464664891158,1.4466397070362367,1.1061427645764477,-0.0384636534228352,0.5973856177396288,-0.8560635567422336,-3.4821755250114537,-0.7286424150116456,-0.8008580536058529,-0.29625705029653415,-0.46723566099857905,-0.3981209684354547,-0.14344514974052444,0.057349485149270796,0.22571876283915882,1.1129306896131577,-2.260765611440961,0.9136977713279816,-0.9834292931049808,-1.612595924223423,-0.07414449400207462,-0.3794501394899755,-2.104967882863036,1.1684785671489175,-1.1279730464868045,1.2166363774966826,0.8513728473781965,1.7416472910496434,-0.4441633388409858,1.3342393298638124,-0.7738648093612932,-1.532051117953023,1.5892477242045697,-0.33452157253814224,0.6581948597363234,-0.8369085926141726,1.4295120989166503,-0.13244412365219632,-1.826562178969724,0.9183637357442073,0.30414871680493616,-0.1720406039927469
2.849651848221306,3.4441363256272997,4.345781727367429,0.9795867250760759,-1.7421911308832314,1.114240362842398,-0.3732490071240879,0.879901543338689,-0.5610604700610023,1.1030321583687712,3.7391050947003794,-0.44631891286400055,-2.2186775434794574,0.314163691947474,-1.3744236672918924,0.08194154377651024,-1.6644798373474767,1.4181520421492029,0.6089888084228277,-0.09249490802196936,-1.3563078502456827,0.8743958874212302,-0.710253562551742,0.04979581946489771,1.677270358668291,-0.2327260931360447,1.713074820363952,0.3647291232506982,0.1711191922948313,1.1838477254456463,0.025542147438871843,0.2620263245735965,0.489008381744576,-0.5012265741310971,-0.6391805215787273,1.2687764531000882,-0.8437468873933712,0.6280438719375202,-0.24033889389634622,2.119841398372588,0.13977957080205117,0.44084812119458217,0.5293871948141965,-0.9256443468862392,-0.7311100009533786,-0.6129142061039046,1.2854633147170365,-1.6604408223015947,-0.3890788634675021,-0.30606568106252935
4.394887543200553,6.021621111812562,2.148204576115032,-1.987184752251312,4.172649854810281,-2.5432757359754077,-0.740694052363063,-0.9394078852640688,2.544712534789232,-0.3918239591338241,-0.32824367364510787,0.13040975497661977,0.10708473800142544,2.995903645923083,0.7703519384050557,1.4300063492936086,2.366209779023911,-1.166150393632932,-2.975869334731571,0.14735780315045227,1.4007367413640976,0.9690059560358426,-1.7149903055166074,0.8862057165156699,-2.9453882899555834,2.3905749769134133,-1.3299989842305568,0.2494241839240842,1.5084790016701648,0.221132030201627,-0.9801809561660884,-0.8191804967943435,-1.0563795576248678,-0.500303208254457,0.2727499358040054,1.9922306986549048,-2.20198635186515,-1.4086602688219907,0.029513134958429915,-2.4451548718461678,-1.0306279086004573,-0.8085604342384161,0.3305095174213959,2.4955348693750663,0.5362542418280202,0.7835940020830683,-3.1072942428618546,-2.929914876679315,0.39107873642576757,1.4255219987841583
8.202441909477203,4.678121621119125,7.302603001472559,4.8417928761754006,-3.132969195013793,-4.956321943864173,2.3209446694356157,1.713054745473572,-1.105221647486634,-3.443177800650701,4.667087630773147,5.763240385449396,2.3362938661160513,-2.2391135076589346,4.6545605469923155,-0.9719244466177612,1.2290019810427417,0.46488628729740883,0.668830234647765,2.7687633577713004,-0.7500410068524773,-0.6702230778491969,-1.0624297521479975,0.1339126090512106,-0.6787194846410375,2.339496075784438,-0.5705104331863864,0.20056744493169704,-1.1179180295877773,-0.1288344087297959,0.17842450109387653,1.228933868005249,1.8742594228744633,-1.5001461614801352,-1.0454465145916434,0.4299393393600842,0.7927966247479232,-2.5278656285149346,1.5373887940113973,1.4950992613988991,-0.29771863545993604,0.016356198635767497,2.6224425294800024,-2.7573715792322036,1.4058646468108136,-1.4369398402929,-1.1002387633845405,0.24921994084404964,1.8152090200920683,1.8057566200193083
4.834861827557186,-0.2133777441680498,7.490122204310573,0.7295638502961737,2.4433618159033608,-6.3073384554277965,4.606462704596399,0.12645290497437045,-5.159686109087304,4.671307863692697,-0.3828448152217586,-0.4567351217133104,1.1517425463866322,-1.9398309336371868,-4.105933228622557,3.369886322795283,-0.4701534126917155,1.9362417741987452,-2.8113858384188357,1.567102294319823,-0.520946168974782,-2.7873718452237006,2.40262713840087,0.16089039170457448,0.09556859134152806,1.2003304890551676,0.9977466348267381,0.9377214505506098,-1.2261148386808756,1.1178071982468714,-0.2908995883440468,0.8296413583023659,0.008679626565592735,1.2692895653245364,-0.18964013799387325,2.334079754627036,0.3269757965340991,-0.30661864176575154,-1.297536527358153,0.4034012625691267,-1.2066247434387887,-1.8514078247465093,2.9025393448772423,0.5545174478663818,0.7664377256526486,0.8741741908217706,-1.17404782782156,0.8607870914251387,2.337235258695856,-0.0007344502801134856
35.74773688218634,-3.3313467636561565,-1.804838232747022,-4.8905778613972775,-1.341326092801528,13.906408801911905,-1.1182115032502546,-2.919948134388209,0.7627287352171492,3.8607277513565506,-7.549447401227622,-0.23727661658485638,-2.7783265517452134,3.2295799748471166,2.147881869625391,4.533509370535105,3.3410070978476774,2.7042728232514954,-10.778821135200111,-7.0357495405291,-1.9722728143090098,3.9604429192346804,-4.2249635281554845,5.766581775926802,-3.9185252408139952,-1.1861781561267724,-1.6803625317350859,4.9318534697748815,-0.5446071691657532,-1.9328762038773166,-3.2897285782524652,-3.7651551647643005,3.4050211199974605,-1.9777883021983926,-1.0662388536663632,-3.9315690315629817,1.0067467344501495,0.17627357681434083,-5.485432497479614,-0.6270399090876665,0.9084102276427775,7.2192960793965195,0.9227180572834088,1.1648333056945859,-0.5978440074397042,-7.470067880275687,2.7960603556924934,-1.5131264209895852,6.598230566459221,3.2839155508271163
6.24470755669028,13.404485428666485,12.78938553017758,11.007772784474431,-15.620315943592987,-3.041303469461241,2.749710104925386,0.35214711211328387,2.3414412385689065,-0.644579995515722,-0.35252980420147434,0.1614225755522397,-0.7559526179623441,-1.412878191144104,1.8781689893621527,-0.3207799601411325,0.42886065531352635,0.03924348094894961,-3.434632896524142,0.5986446883744378,1.2719440388593928,-1.7206354336088188,0.26969547605957245,-2.2157089096548517,1.9714615029182783,1.256818481835304,-0.21561986336362282,0.2923744675491785,-0.03748562501737096,-1.1254125535706363,1.6797397073740272,-0.05500856390386663,-0.6826315842870041,-0.7054852049785887,-0.26536896334008186,0.1742670662871044,-0.018242026096597364,0.953914692891229,0.677093872131015,-1.411496922749165,1.4629373312365357,-0.279837479510652,0.29873196051301243,0.6337338206830277,0.6957532817715685,-0.40213061221265556,0.30717005924463825,0.7826265294618628,-0.7216797936837717,-2.230502214782824
50.90280240889384,3.942705203078447,-13.543572755193793,-1.1007443529171066,3.604567406863016,-4.931601678661607,2.785593168770971,5.048153793287322,0.26422166886976317,5.664586777084461,2.231841661332114,-0.3989662805159053,0.8352737219607674,-6.9418974210860185,-1.947363877021323,-10.349650884992153,-2.557047692886562,-1.6853695270430675,6.451472269738346,-1.040153987208542,-3.1580068002505097,0.7359292648386759,5.873512719567936,4.474397663252022,3.6166618671904684,0.14182623002632389,-3.381815890256458,0.31646635950127067,7.014215345185742,-0.5810241870002031,2.5460055802792745,-5.4840021839893005,-3.4505285022451813,2.326173790537462,-0.9545024970796432,-1.2128877745514108,0.5958187486354887,-3.5572905599765607,-7.06121130279818,-2.166830493458984,-3.0160394487550573,-0.22889643459515796,2.5582863913737133,-7.749731003694376,-0.3214401314600578,-0.4825413555776419,-1.6861784720994422,1.3480417457368306,2.437776468184501,-1.803693166148805
5.669270738466094,5.885440906467124,1.7421390314830085,-2.988109037083146,0.5859783013312362,0.556026750816438,3.0053525382414508,-3.242423519651638,1.4174857953564037,0.5266937433139203,-1.4741056238321861,-1.0815941855574036,-1.8626899962354149,-1.7574679167376537,-1.1159073423443064,-3.9714851546574073,2.2063079125581515,1.2328981897282247,1.189783279711413,-1.2860272684769052,0.646049636311461,0.403039564567051,1.8895795087648015,0.4459504521049189,0.2048956029277983,-0.3124041322370847,1.31115937361177,2.3476376666008045,0.4946729052417516,-0.9679500904282383,2.0771124781138006,2.3069418980022984,-3.485000914348515,0.09583838164930958,0.8859372136987689,0.35206039736734246,0.7169982658676411,-1.0533191820203351,0.5575040398656932,-1.0607113030640174,-0.8128935105650934,1.9930342984568958,-0.06605971951214917,-1.8080586904667735,0.41072984611584273,-1.3444334799514692,0.42450122321187095,-0.17132074281790988,1.92663327525892,0.9414195515655309
1.151153540811603,1.7932556397276316,3.5121971145715083,2.0134579969242603,-2.73103629215178,-1.6907656259294372,1.29640662292198,0.2431021883866515,-0.7719104440548331,-1.1255233473778197,1.66719694763453,-0.9168438499189124,-0.184958388333547,-0.5970806776076173,2.9220477647432945,-0.11746155500615689,0.4973274558832673,0.501884717517942,-0.8069576192644832,-0.12108452098700605,1.230935890022036,-0.6711389186928467,1.6507881633897878,-1.4940690634062639,0.46372584084036117,-0.731759530936604,0.33679548458120456,1.3297990171456546,-0.23138451380032538,-0.6170132611982467,0.11051073690352481,-0.5568704178092785,1.0224470754510493,-0.5791127081587661,0.2662095746666681,-1.6986896408331136,-0.06763629057990983,-0.2839431516815846,-0.46753271216577885,-0.7324864708602492,0.8141947871116939,-0.11256245661812242,-0.33340057754143226,-0.867101259551947,0.20002956784371534,0.21613100427388704,-0.43900364767354705,0.08503581957093495,-0.18082127217920346,0.053021153172558226
24.14343335853494,-1.9777805376416704,2.539517022369318,-2.673213466970638,-4.4269756597585435,11.465630813355478,3.769276921260967,7.204322575922034,0.03174852167583375,-0.06502594976515041,-6.153436728527336,-0.8185190827922078,-0.7608357108854097,-0.031054400499144236,-4.433180192115483,2.371380083743887,-0.6737934515615986,2.566301497493354,1.667589384828712,0.011860549189925212,5.347757689366595,1.6176632033297755,-1.9938955143039268,0.6013245417867791,-2.1599332892075607,-3.536798629789068,-0.30665506758493755,-7.024341306534349,-3.449929727513625,-1.7394760785238248,-0.6819023093016606,1.3383792575189024,0.1802221489809332,-1.5138113611930928,-1.0679370455283679,1.8481992653054784,1.6097814088280282,-2.9077224407626416,0.6970073305673954,-0.057517316352842185,-3.2879690435513194,1.33030643493283,3.9421934209503267,-5.738454163209422,0.6099819025955326,-0.8853421463875715,1.669941556444042,-0.40384632633264883,-1.0878764766372138,-0.24070132191785526
27.798366374685212,-4.860971951452048,-5.146883792119965,-9.948048968829399,-5.1470250632514905,3.355832446258378,7.082498862503666,-2.569116224660828,3.4136015821083587,1.2016605716781483,-0.41567516714812347,1.4981320297667724,-3.53150802802658,3.549528230676817,-1.6491174082125823,-2.4243813254012734,0.3216339385904712,0.5188322422202288,-0.4806834552733795,-1.4499564292513065,2.594613688006465,0.10524220154724995,-4.356176252618039,-6.530495456924544,4.302457532702337,-1.6136328565707694,0.8009020623452316,2.8504872231597336,2.805865753613891,-0.37478127833689845,-0.8714627506401538,4.46664027361229,-4.2775405911739846,-1.8153673437008875,-1.0859371217487293,-0.17788678678864134,0.7547182397348858,2.8210885742196155,-1.6596624359849816,-3.408960767921328,-6.2859437617656955,-0.42089171572343664,-2.7072565872285708,-4.88815676707755,1.452378492599261,-3.111562021005669,2.867517155613985,-3.454680539450306,-2.270580675474125,-1.9169995209307071
5.947709717005058,6.089984074248985,3.6882294669722433,-1.507164911297413,4.3092091806344195,1.3598083207389113,0.602940480261097,-1.103221748516198,0.2131245203423518,-0.0873157930990475,4.300139703151211,-0.3649889253520357,-1.0349162444570992,2.846852674568884,0.46359408970227245,1.6329574620989826,-0.05400440705932841,1.3624796540880924,0.13205640701973925,0.3905336967909388,-0.7678597345230938,0.10913804850967322,-1.0456922833278715,-0.31561703565641935,0.22318301243033672,0.7166227329800584,1.8290272879353489,1.0362290055689685,2.457231697559254,-0.13606494830827087,-1.8984362851840348,-0.5989602773830911,0.8381738503332545,-2.106771862748461,-0.23350979166515623,0.3282667705822123,0.4250927487441335,0.2650409351083013,-1.0212568702652922,-0.6586008242973435,0.8132926090257748,-0.7661112717380223,1.0539798175447803,2.545170760156137,1.3156260426044566,-0.8278800425197991,0.41356315146958755,-0.24084470680472536,0.053929508630875034,0.6052003313289573
38.854029610219186,-9.084788915608348,8.30457847374036,-6.278769479066952,-5.61533080211211,-4.949921416547834,-5.907677568850961,6.399524836447713,2.676161732971635,-5.190544688807046,-2.424759499806772,1.6991067847427488,-0.6484583554228198,2.9471986121695064,-4.023338761716085,0.09763869602899966,6.7317342069887385,-1.7866963182226447,3.865488728262767,-5.407138037816117,4.439567393367369,-0.6208501724533393,1.3675510886275746,2.907945222344225,-0.8446641000490624,2.375610351445058,5.547718016129153,-4.120575684149045,2.7077439766221363,3.83993180045565,1.2817024087284792,1.734642823683541,0.820459602703409,1.1462662911629258,7.17619694234379,-0.1790313071744951,5.766663113063541,-0.43089089330647795,-3.656527532567407,3.359398205592753,-1.5603010900195873,-1.4147539884046725,0.978199969003847,-1.9024440795879496,-1.8920377166388538,2.377343593116494,-0.036998867148536785,-0.2504876198461521,2.648821536635247,-5.71158433441224
16.06342347187934,6.795681498120363,4.355263442110561,5.769468598464234,-9.87843813296795,3.2679841186304595,1.9715049773218327,5.143130195785459,-6.883327125848973,-1.8668812174836624,4.1555709010604485,-2.79954220709012,2.9661925791129655,3.3322885855345774,2.470556591039249,3.920638535972737,4.034823673180023,-0.7389640387487875,-2.3631120566254804,0.14443588293384033,-4.362780694791586,1.3933256629660944,-0.16747310697242734,-2.9971966081022567,0.20638656909676378,0.679008938987633,-0.2008258108027885,1.0481174925641779,0.3874999855416771,0.013822425865394061,0.4468225418143905,0.5441141452252805,0.11935058684490119,-0.808119459474224,-0.2055027196760929,2.5913696091012652,0.6595154571769517,1.387209845770844,4.328964318291249,0.5102647724405309,1.732418292313182,4.263522238111564,-0.5866779458858898,2.4511948252554236,0.42942332025213226,-3.368932702093632,1.7444344995763683,5.503042068244923,2.606659836979699,1.535841469327698
7.565192871613714,13.658922245021717,0.7427993290731988,3.512536140745657,3.2927288289838774,0.8237739820282417,-5.290045264608312,-3.532993682764517,1.3784763141380243,-1.9466201444193951,-5.920409484628623,4.063528961473761,1.2318789374259032,-0.6742205046576004,2.926924821239977,1.3373253511283782,4.81937398562642,2.346984286725187,-0.9728330744820859,-1.124116386356183,0.36027576634344843,-0.7016861639423329,0.43809325501531915,-1.3366899793902494,1.138386365214413,1.8931750274067718,-1.6683837052047221,0.5783099955120332,2.2139426870457366,0.9556267110333185,-1.3299130490718276,0.6855325430355702,0.1172068561683158,1.8379656941912268,-0.5194627606348124,-0.7760540011932684,-0.7637034292215619,-0.8373731244085684,-0.30841895836013483,-2.2105727664033994,0.42566250442862463,0.29741353919016733,1.076336313242397,1.5551101003306305,1.2720942061298075,0.28869502199162195,-0.004928929020377115,-0.27597199010212126,1.1586263573659208,1.1262369127348
1.9512431920439912,4.345016624229421,3.172373809497634,4.167570284983938,-3.5542930670077353,0.3996596903115919,0.6631792810359226,0.29378134538316836,0.5116091355999529,0.6767474253480439,-0.6355722150040395,1.3462695853698436,-0.3076843637126819,-0.44858093398976234,-1.3122768473530992,-0.31516651640060767,0.24768858062811994,-0.46013427875543933,1.073246006654681,1.0570540851061887,-0.7418911124606893,-0.26996962288346804,-0.7141075022630338,0.6740266932943169,-0.7177178517865477,0.5303708485410906,-0.38211468142869165,-0.2877816386738512,0.6262715134599299,1.2591432456850407,-1.0202578528582893,0.4872303750384869,-0.7018501653625813,-0.7994102127946485,-0.6180707416196837,1.2359886700178395,-1.2419161989543457,-0.5419547382198286,0.7973253843384852,-0.8266277636207447,-0.20086390630558337,0.2517997872375003,0.712963503109916,-0.16021836905782483,1.2099022400750048,0.19691609619746403,-0.8894523880489658,-0.11426132992996255,-0.6184493461223345,0.4919918520338697
5.973851006796466,2.0427003593845683,8.701966125058771,-0.7039727994887873,0.40036670888331616,-0.438564596680026,0.3451599442993451,1.5299946772347572,-1.6611035204861622,-0.8819315711260421,6.053593813597369,-0.6945222966859133,-2.358841401879844,-1.4760167993734,1.025393014710082,0.20181989483985283,0.7271014741291508,1.223990916638387,0.02602831472437586,-0.9909080119478081,0.26263056083360015,1.8134903862033298,0.44231982703285383,1.5500537285641596,-0.6090193199892863,0.46471911474344285,-0.7702958020274046,-0.4024773205590474,0.74909768280861,-0.6604646560413001,-3.557082228910325,-1.0444792580961886,-0.4976735789246372,0.8407320322075487,-0.22194683283448235,0.21161620732048744,-0.2337846232152041,-0.18331200113623036,0.9327845199639166,1.168111685404916,-1.1100111138215247,0.2900831815474085,0.8610062914067834,-0.2481595745830979,-0.016283827855418764,-1.2745513205092236,0.3807364075334302,1.9805386204436426,-0.961216521489601,-1.8376871952043312
18.850772128720063,-4.88339911477735,8.108721022682655,-1.1971679670316244,-6.718152271128148,5.072076725297819,2.200114371785993,5.032485476705551,4.936658377685313,-0.532466009224867,-2.603377756133448,-1.7202304470252505,2.5444026237326205,-1.726708999856514,-4.298752712158415,5.919378941211984,3.464878666366505,0.8803078454878763,1.4216214121972777,-2.585412644832947,3.4495767485845024,1.2754434658806304,5.337785458857862,-0.36224917995301054,-0.8700213323707594,-2.808055552206365,-0.6061726083317542,2.6772845213239562,-5.561825291049011,2.4091864938977143,0.5952437359835767,1.9300171971097198,3.483108521772686,1.0140013860046384,2.912357984552048,2.4882909929310912,-1.0559713472637284,2.7786590800149695,0.5777867612156083,-1.6458603613624831,-1.9963524173758704,-2.761165625740861,1.8255362073402435,0.40699148182558154,1.0344250941045072,0.27287012138399613,2.8865340845434053,1.1554010496810139,1.2748566224510123,5.37561283239254
4.7177151087921425,-0.7503239394049662,3.216507417754975,1.055527264745989,-0.27324486092925826,1.6553335438210393,-0.828539178492709,2.781176325139751,-0.28864301314804275,-0.42522605470216995,2.0022167582342534,-0.2268073242152111,-1.6208866312068244,-2.0208036435225365,-3.377986907045599,1.0269815699898797,1.7636307371845246,1.3535876302896526,-0.8254448376698513,0.242939226162052,-0.2977345768105465,-0.7465265346842632,0.20336384464892293,0.0014395771420157022,-1.7395306701987983,1.3734018604720755,-0.8772265851683071,-0.444102634791773,0.475038916221338,0.7871400519156142,0.7200550078377621,-0.5362837812763874,-1.0899234325332636,-0.01646566432511083,-2.7268679642994185,-1.262362990463384,0.8301729613721048,0.5829043339149104,0.3999340046310921,0.10045083283634959,0.390303197292771,-1.298965700962421,0.7275585791605566,-1.943431237376933,0.3635762090980511,2.6039675038119587,1.459080833049827,-0.8396828558969693,1.4124946279758592,2.233794627773559
12.79643115930378,2.35248064743523,4.508585920835119,2.7098270532544255,-1.8059163662598554,-5.124840921044746,3.0149308732527134,3.6961048990348075,-6.155559174936841,6.532797218335343,-1.9575990405063655,3.7793968245958776,5.777634423301631,0.7886062914674208,-2.611581452084762,0.803454931553303,-2.479749335753712,1.4130575125508837,-3.1167472046675044,0.387954481715591,2.528479399932816,-1.5219621868811424,-0.7600070269712936,4.559239327123116,2.357798459839083,3.704716786559419,0.4207917513222129,5.590566540278672,-3.146145111409705,-3.324781216486382,-1.4165419708937765,-0.3601644224982252,1.0858389336519771,-0.09192988380473006,1.5712413444004272,6.0551761299487055,-0.42420370152657844,1.6964475979975906,0.12292297123389107,-1.0531714318822873,-0.14973854193604438,3.250340149242329,-2.0869509107954225,-0.251256696860614,1.522402222735872,-0.5720169457586188,3.293233040183613,0.4314837265330863,2.411529078804788,4.118166248615301
19.846230485560806,-6.630626433067184,7.814581912738481,5.04453258968949,8.485418746140532,-3.435961482922827,5.279681637144815,3.3498836298140255,-3.502977914992607,1.5220045862377922,4.284973411149338,-0.22181546963204868,0.7549800483259829,-2.2665077501293296,-3.002475991719034,4.971634683645003,-0.6807029570677001,4.277668943216384,1.4653152848145445,1.6204471481711205,-0.2107851797686079,-3.180715333807493,-3.6423466426092483,0.8406801210644521,1.8352383983400653,1.9468485668379927,0.40415182803193206,0.451051491339614,-0.02790544200190806,1.7325538823921238,-1.2488077967822708,0.1091517645813731,-1.3675452305914457,-2.9421180885401865,-0.22894939818403004,1.3339422541760708,-1.1695705056191428,5.346307494313743,0.12203935950496195,-0.9517316244764231,-1.4007041414878407,1.13114572575083,-2.8871785527185585,-0.8192075380619068,1.679130026509569,0.36716718691463723,3.751949077174316,0.7020341626846758,4.184042422048522,2.061048937443543
6.158891625365145,7.632204829510372,0.4754534852742401,0.5215189054434319,6.571007326196592,4.187601907737779,-0.9432239418844328,-0.9738897886111617,0.13845119052918825,-0.16944919453189863,0.4833491875105392,1.373871116731103,-1.1922492108557041,2.049471826708373,-0.45465380919921894,1.8067555274643323,1.0008220559232484,-1.6254952679937191,0.08097164546083807,0.16419709958522594,1.0103937194811063,-0.2931626283977428,-0.46985114004780065,-2.3095517029055546,2.741655027025583,2.0937546705723826,0.7641179919679351,1.2557087353688494,1.293093494473802,1.044337370293218,-0.5532365675458637,0.6362174323009573,-0.5389428887497147,-0.5483957952226167,-0.8855708799787214,-0.18231970480568166,-2.272140231805112,0.24588320832034014,-1.0809966027753937,-0.28948782796019656,1.6277778170908528,-0.03282586225283701,1.4890734143132909,0.13900414004566664,0.48031156081397264,0.3915415041425585,0.38126631968759306,0.8360881454049727,-0.7286460651632614,0.07120106329878834
45.10385982114032,16.705887455452398,-10.723774256973037,-7.0744956702362565,-6.806048291195119,-7.482424444697593,-4.321166458773281,0.2469570609433015,2.0277703787626242,-14.551192538685035,5.9007470615341955,-0.5302993316422835,0.19354144296800105,0.13514423338057768,-1.2821936455819787,3.1501129607972835,-0.16340223370551787,0.399960897191065,3.38554146171767,-5.604698334102277,-3.6023268326334454,-3.7351006297707703,4.282006258852273,1.0553886095324243,-2.2444789149933153,-1.9207510399310799,-0.6434325248997832,-2.2184829574329594,-2.137531970712376,-8.91671442858247,0.8830542259499193,-3.274326538385072,3.6755507545629853,-0.9802410945711317,-0.36226098632617276,4.93111676738413,6.413253205215698,0.037907393538828216,-3.340315619660921,-3.760705825729694,-1.284244425836647,0.7772301625089137,-3.7634315849412388,-0.32354336475379364,0.08542298299823513,1.4198808384390103,-2.2997732234516413,4.724766003058784,3.9506660022104785,-6.380521387866201
39.05436966215925,-3.927609085702186,-8.72207986995983,5.71749346940454,2.7514794090895283,8.511371811861107,-8.235778996547054,-4.156711812162307,-0.23718370653675902,1.9682129672854916,5.634624158253394,0.35591662057897633,-7.38592035390343,-7.4072425988241495,-0.2812125431061758,3.027322145119358,1.5882061656201316,0.3217913807040662,-1.4251615344889048,-3.116709229314298,5.124624216322525,1.1772371611004815,-3.634282361937373,2.2630860708313487,-0.8753362230099955,-1.5563690970503594,4.201008851803265,0.9367921921453322,-0.5510169244251715,-2.4523559385262725,-0.17762731867535708,-1.3896289117310112,0.4934027049146848,3.5984963496332067,-0.5998406532145373,-0.3810074916532237,2.1773971618016597,-6.386402463685683,0.7607328820794446,-1.494489103430564,0.23880396159006745,-3.467478549669093,5.420480105237311,-2.147396978844711,3.4709388455652643,2.1121032711792087,1.8865615229213704,-3.4232565550078435,0.6457637167562759,-3.7737935046242397
30.60793186803205,-0.3500934556020487,-10.171650927888686,7.551136069691994,6.876143909590235,9.238104709324602,4.610493281708958,-0.21927135283025778,2.888742336575533,3.8449734594329654,-0.8054507852964317,-1.6204021329540574,-0.3590425459139164,-5.012902291414282,2.4262299419334346,-1.1453979327219388,4.207882726523509,-0.32601539143237707,-8.459334335095305,-0.36732463438368684,-0.13277889264485382,-0.7517881822256803,1.897071053568006,1.6232893404324173,-0.2030603861063245,-0.7754048362039523,0.8782173686064999,1.8641750048038435,-1.0437527637657336,-2.989006928280828,-2.7948850782007857,4.627769777045289,2.5479200611860167,-1.2954981295115213,4.983908894995296,1.634137811884032,1.1399427185335684,2.9422224641902996,-0.24132150052139623,-0.9795240922040139,0.8950833192080382,-1.6371987680253437,1.042012912682807,5.685666993050169,-1.7731113541611248,-0.039114274450690045,3.463547960048032,2.8826618458411866,-0.9435016818456712,2.300880472564333
37.28779416387603,-5.011289187111945,13.175642258783329,-5.377354504720186,-3.8414146764362913,-8.484010189132722,9.280095024221616,-3.949712037178079,-17.688931677490302,-0.937309977266402,1.2338696456827472,1.2115980515985587,9.706861253311372,-7.993788393854268,-0.19670846619989724,3.923874320166763,5.440523780839141,-1.5061808498949907,1.7676469441564504,-1.9128426874742244,-4.6360431111941445,-2.9991624699308774,-6.639141760569475,5.311740828530249,3.7508548480937813,4.820167856979966,-3.3094938934441465,-2.0702649502666355,1.2717666738240254,-6.066832990419194,6.825783970598677,4.63205664646118,-0.49970353760439334,-9.37557467442278,-0.18521113115107612,-0.2393977525956179,-2.263448688902594,2.6539338851641183,1.9456975575129103,4.25116287397012,-0.42079756128904966,-1.7234817989159965,3.7692912208254405,-0.6320349537015956,-9.285497159693426,-2.3793878911395745,2.4027826791406417,1.486753468105493,-4.954435751266304,-6.990660879412614
6.2095260243298505,0.32012082572022904,8.13119280040849,-1.7782795380595189,1.8274052285955884,-3.0109620612618744,2.9619873583568985,0.09817984273767616,-5.023892388606697,4.647335240648496,1.0181415782261989,-0.6332733554135208,-1.6253899665225107,0.6461525632054123,-3.824077492006332,2.9491110099488296,0.7006759597081956,3.754586731046063,0.8949249805215399,1.760896706973548,-1.0785031152585767,-1.9009296914985963,-1.9324760002488035,1.111792683187863,1.091751008144698,1.0371061202170502,1.955433404050438,2.20423718845004,-0.9455276308576708,0.4637820910438517,-0.7019053532049147,-0.08152663395150442,2.3194498330034916,1.9423383409073092,3.397729492698513,2.234269026643867,-0.9385639217576892,1.6875396331866919,-3.045981637427472,-0.30716552859592455,0.708806000604254,0.33690404822568787,-1.7149208204748354,1.186328620052588,0.25815350263057735,-1.0855609137345954,-1.2405548703566405,0.028635337029043532,2.1436750468195025,1.3695045576310623
17.927587124648973,0.9811530215662548,-7.00688972923286,5.661592709124982,7.311351575539364,-0.9963650962999034,6.702171504327155,3.3124851427547286,3.53981283516929,-0.6655997957402164,-0.03558602383001963,0.35324016146414916,-0.43666506585621945,-1.6781752900916835,2.097707991368393,-0.3060989089078805,4.509011516435116,-0.8354370081337481,0.4240480608352256,3.1265783340863624,-1.3334936808275493,0.6338851047563092,-0.3427986937982134,-2.307822817835881,1.9539823917530694,-0.37319435182041616,2.6805413363644064,3.9413675088672018,-1.6452276670376378,1.6587490612630225,2.042809164637574,2.4355636011482913,-1.3651488859222514,3.489058851950711,-0.005910600851252085,0.8277985521240805,0.5945885493497843,0.8753272646827946,1.4696180724248444,1.6762899372774016,-0.3675448802600204,0.6498573218770551,1.3404052067545391,2.072810361925369,-0.4138167304793657,-2.9707474864762236,0.1792348306727662,-0.09090793747669768,1.8624373111970058,-0.4018779787220561
35.72909152253999,-0.4884892503327116,-9.81819629657804,-13.877004795222394,-6.4567554059813315,-2.8691701631242186,-0.6152215244563265,6.527979396775345,0.373705418362979,-5.746613605314292,0.6967866191518783,1.2803577907868076,-1.7433546068313444,2.9769788447446524,-5.08876020142477,-4.33040231308704,2.479183456257114,-0.9280816754071874,-2.189573060296461,0.11381167508617107,5.002259062658423,-0.15868705146985285,-3.1104632694811523,-4.592795099777331,3.8646053398260234,0.8126821364913904,-2.255210270618525,-4.878681957607207,0.7504498402105959,-0.7923384332213543,0.29459990800591773,-1.8437146403207958,-2.3674134004459084,-0.3095074314150543,-0.11968763201439475,1.4676838708510653,2.399287454635142,1.221966393400871,1.110910868036015,-0.5503508323114121,-4.3433846959558435,0.21098335656776646,2.277379717349244,-0.11345636641275578,-0.8119569750848978,0.28982246294210723,0.16737935068494858,-2.175121718756964,-0.3525277826326741,1.2337135654144178
26.051838636415166,7.992954917324763,-12.817287116031133,2.926506057909217,8.417305391026705,2.0441624179014486,3.9930481938386686,-6.323954002391885,11.278673022396383,-0.8751817276836767,1.344362748490488,-8.935166221627187,-2.024663329875973,-6.553657561423909,-0.7474417885952214,4.416499178964992,6.043887561043063,3.5501000777215,-2.216858318245767,-1.5921895961841526,-3.0784047535271135,-0.8181976724362661,6.821070790497686,-5.354474520533577,-0.0526470328308315,5.258127345169265,0.8317518014871752,-0.9567921049903481,-1.0682268880695334,-3.4324281672775596,-2.5370924926358835,1.5252343621386517,-0.6747948415168481,-7.820864641932449,2.6792630718364636,5.06713806820722,-2.754181534726687,-3.6791335997791297,-3.4590909775589695,2.727544278593631,2.0694444614742924,-2.926105058702132,-0.4586388369866202,-7.51716977879534,-1.7926945585042668,-5.969779782460005,2.5998432425763887,-2.3804560520427493,-4.645854130383496,0.15585862366049685
4.3384366530251075,0.7093083261911839,3.230144560193915,-0.08047012913594917,2.443693359801893,-1.2187327013055969,0.6670576557599455,1.8721282956379697,-0.26719169324840736,-0.7795651593321589,2.41485352508655,3.4759955463651213,-0.8921333924015604,-0.6085417053709545,0.848098287267111,-1.1911800341196033,-0.4311318620886685,2.4955248881686822,-0.20561666860304265,0.18495057541714244,1.205026015998746,0.15589626599426692,0.01165479311586387,-1.6460082173895145,-1.0743961671113686,0.8010677604136606,0.3084607901496455,2.264433051561406,-0.32353655294080946,-0.5816826148414532,-1.7234787682871435,-2.1229550111001836,-0.11659633801023245,0.46559294287492275,-1.7095782980258747,-0.6262259812671211,-0.6608325746726251,0.27703103854379385,2.144340671095473,0.037434296015303965,-1.033030812673056,0.6725367016600715,1.4993035884169177,0.513205515095899,0.03073433898282968,-0.961025630439568,-0.08891412162660811,-0.16856006067745677,-0.24431031321159385,1.8075512032652512
45.1931899905769,-2.9974138148957277,2.073467593671892,-12.632973269505875,-4.393867362652747,-1.8531244639465156,0.026390279846851702,-0.3899234324512758,-3.4051122515738452,-10.01798840727717,-5.461301722121564,0.23707714856175577,-3.3129306724218366,1.3722287147292436,-5.081461439785216,1.1158447358058463,-3.5197598631771574,-0.44628589178856193,-1.7156141394396967,1.2933589174146087,0.266763560781073,1.480656614843964,-1.4239912450593093,2.831234090351687,-0.3415481047723978,-3.431158937652842,7.435641980061143,1.1579169467802934,-2.7796184774039503,0.8464573604775638,7.526422864210193,-2.2261777010996275,-1.6936920394204853,1.9745703874545548,-0.167747325776436,-6.311518599425019,3.3527654374648637,-1.3002956374830803,-1.6533363097640918,-2.5006817117751807,1.754176499506405,3.9687289375272012,2.8223684377311518,-2.668176375995299,-1.2426625447604884,-3.653878488531051,0.8956841218423912,-1.3136448157550638,-1.9419966806164455,6.516719338923776
24.396066859279873,-10.948652364081106,3.2039388322645452,3.430169698819379,-2.905571741497446,12.564089494198218,-0.025170577816265083,-3.1309845799243314,6.39584421660695,3.818721835434664,4.649576035270209,2.0909806694578448,-2.567847156718583,2.27682934401044,4.996634492838291,3.1295338796670467,-3.59834409601412,0.20890633904505163,-2.4993058753810997,-4.6892194110178576,0.9767657499340582,-1.1493179452683426,-0.2390521449001416,-1.4627399976223423,2.1458279526991904,-0.5878507567732352,-3.495422593542375,-2.160450404931957,1.5899160460980064,5.090707129679684,-0.6730866149793318,1.0773041610997494,2.0530763849855393,-0.7757308438246031,3.3821149397732806,-2.6006842774317436,-2.9207183219491855,0.504906945680851,4.627204036819363,-3.281452752862081,-3.8828228425852487,1.7424974437219851,-0.4966082504044946,3.2136251510727725,-1.904390709451948,0.6630692289000618,2.6240311341444444,0.9905291980769987,-1.5301988355392808,-1.0288113106723844
7.710647548873101,9.733964012542504,2.520584875736305,0.5305821581575318,9.729971862127089,1.7574523159127242,-4.465709224997786,-1.0706320866772243,-2.1570816805916766,1.1702276131906377,1.112333398537922,2.3347484183217757,-0.2497821194387777,-0.2047343426112922,3.2583273627947222,1.3274494394078413,3.006908829694474,1.6680167694953558,1.0721286939857086,-2.4840902555191064,0.06476279949652847,-1.4148657194671919,-0.31344440212224184,-1.9680135519890438,0.9157622252096487,0.9548815110361791,-2.2103594815123957,0.8673348109504614,-0.7464356700960505,4.4971372179672775,-1.1657848841229266,-0.5726404335863662,-0.48549140405011837,1.3943251749792436,-0.25034833692201486,-0.9978084546737083,-1.78479559586376,0.5264992667868786,0.5212709385098899,3.690506736594062,-1.466985275485734,-2.050591270357629,-0.6515184777238419,-0.05858838225823726,2.141843259231159,-2.3332974475402057,-0.8733543055732187,-0.8616356898524846,1.0574519133815898,-0.4786385330471925
42.695300256828546,-8.575684756209332,-9.191826673127698,5.427392214965015,2.477129952254824,8.278923354584112,-3.217252296781514,-0.8315172097436778,-1.1537671582142315,-4.982465392131365,3.8478520196839945,-3.120952672022954,-0.6692657749582751,-3.494395109460796,-3.462168614291982,-8.071261321229542,2.551109079608798,1.9156962474121109,-1.2442985315553832,4.025278280355322,3.0961518866693547,2.700625787474603,-1.6426791247457349,-1.2444879279640801,4.819500842960374,4.878742855445583,2.1973044572613443,2.537414446684762,3.928919680938211,-2.6397110419675633,-2.251239521994301,-4.771272656622557,0.04231764382165126,-1.5289123235809194,3.366665955656445,-3.218080327547126,1.3757517243246007,-0.6446042038453749,1.0787482357803115,0.8043348862892068,6.624504510081178,-5.351767847854055,-1.4832021866938947,1.4257190587018547,1.610127037328046,4.956580100631259,1.989908527781396,4.503594236742601,-1.9239806759124978,3.685192816181191
9.599316378218282,8.759902238952511,-1.9701693230189545,-1.4638626111672575,3.3198126166810713,2.631122745604908,-0.5954770212464113,-0.6760496370085419,1.268719683226282,-0.6624444725315015,-1.4884511490915053,-0.25884973622509055,1.07266508512709,-0.18298181791678797,-0.05499853164603552,1.840077730518653,1.833407547381096,0.5396637524510188,-0.4086698118456529,3.1205082436432443,0.6428759452168407,0.42020772719481647,2.6942431442408505,-3.2020611535866754,-1.0223619289158923,1.2120468084015465,0.07886699331644886,1.3235150564416869,-1.8418477276675047,-0.3886902661590556,1.1744376403946557,0.463419081441915,-1.475890850385225,-1.3295138417541372,-0.8545956537187825,-1.7082837499389338,-0.9356297055695872,0.1657514049039701,1.6032979503768925,0.35030212232136015,-2.2687410656015983,1.0938329624271743,-0.12652389305561068,1.4248863189750591,-1.8427648704339772,0.5989210493841622,0.5367873717245504,2.042161493718279,0.6861695848843024,-0.3104582229209283
21.58603344201176,16.475725920383425,27.421189969485972,-1.2813526531444088,-0.44854744941172386,-11.368608877766192,4.021862390257188,-3.1687259574473696,-11.340708413124458,3.795739984068401,-5.625665924785623,-9.355282977088532,-0.3517611534829752,-4.758716536602975,0.9444189086654298,6.947286287892077,-3.4880315915021,1.3686327126228999,-5.27215441885675,1.3528744403163095,-1.4794995208330008,-4.47074533129521,-7.244466754405536,1.4280685792205463,3.933765967561729,-1.400106391459855,-4.159203275442733,1.7731702072242703,-0.8897249327671526,0.42224160212217954,7.984620513156878,2.061995127211273,5.631223763591074,-0.9419503542871359,1.5000580247805637,-2.997408417994336,-0.29921359657643143,1.0937847496825766,-4.4820643949124666,-0.8342548203888831,0.21866768193207875,-0.9545634602203602,-1.1589984834790978,1.3150092851640665,-0.024349116362278378,-0.858181207142712,1.1641192705755257,-3.864245933027709,-1.7546950780611055,-3.8109746238023856
4.671724635145695,4.95675292993729,1.6227242264850554,0.22953116356668224,3.7895561986273796,3.0339290554948946,2.627178544875426,-0.9907828399115316,-0.37762819531192726,1.003008253486704,0.8996083313357158,0.6533758363494,1.1766643453773187,2.291540481086961,-2.117975107318571,-0.06000106496560986,0.18872321405870637,-0.8121494938660127,0.7825119795427132,-0.04006759777044836,0.1098851594805776,0.3047233922687385,0.20022524008759202,0.12776129091192237,1.5086608482766657,1.6053230825630727,0.2629309407200646,-0.6296659262281379,-0.0031092916915368,-1.2448962446652065,-0.3405069291137637,0.8276044653893965,-0.7256686825898558,-0.23441445561350427,-0.28228907021621374,-0.44838502938312635,1.3030424541659977,1.3060041234777524,-0.5010571705113417,-1.0915047272726903,-0.7540335419952888,-0.9876436061422593,2.1732407637883213,1.173761824933212,0.6711224858175949,0.4199436994180138,-0.1960400702642573,2.0855499951975744,-0.35897507743952534,-0.7339675447788814
45.308082815866015,-2.0102928810667455,-7.156431208604792,-0.9480212778556608,-3.7351534690839054,0.8533055131527982,-3.61970988709053,1.9064786645428606,-6.191455618338987,-0.06603460681785511,-3.299319316326014,-2.1173442778876974,0.03813968086835806,1.0373270283369878,-2.1092158322430112,-7.025325346114352,-4.863831858564879,-3.746795058241261,-0.13101998180079366,-2.540574191570778,0.6713056897065683,-2.631664250119208,0.7798703568240675,-1.312778207569487,3.83916000017903,4.8304780774479585,-5.294344059404374,0.42286504898196275,2.362803216078117,6.5469495710372225,-4.475306181034219,-3.1594468605257973,-0.8216641460398315,-2.9286182949883477,2.8372465885235916,-4.727740001665545,0.06794085149932205,-1.9372718543702991,2.72565858808938,1.403459079492225,7.329163882442583,0.04471784974973181,-3.6818859765891743,1.0390965333321893,2.578258455377132,-3.4538158856551298,1.2312729106592517,0.6625310836365381,-2.940525017053546,2.1943314280153317
35.27916264565697,-4.517762166554592,-13.091480263682946,6.051665792261992,1.8608583604379212,9.597852242704594,-5.615043217280408,-5.346349653927724,5.516780333077532,2.5958621504315613,2.569905291090999,-2.775620446064309,-0.9097385810898929,-1.87520530162897,2.7673256616276243,3.8334306034386394,5.400360930737513,0.033330809083420315,-11.53648587089361,-2.140333726446039,-5.125983146825371,3.4856984181485733,5.406365441983696,2.6908129234630023,0.12170060645204694,0.1712666602685038,-2.346403021649559,3.748800543995223,0.6567656763875774,-1.850770859459684,-1.2887234577483693,0.9599972817744982,-1.940284737766158,-3.9035237502875537,4.687844997497601,-0.4148428839229088,-0.09097736541897473,1.3821724988281086,1.285448079257407,-0.8168171903669652,2.167136474227946,-4.152810298310681,0.26891588186880644,-4.3857951419979635,-5.9490301614673795,-2.9103358932794907,1.5752007119044198,-3.220608442320444,-1.6580476057919942,-0.3089056451475152
2.8954354450581254,5.756269509637682,5.181034003068039,4.5058752986119,-6.580698674085562,-0.9263083832717821,1.3249545169831707,0.019483817457104414,0.7927619641324983,-0.20843208545952657,-0.42165888040373634,0.16283288537404939,0.006221639831640383,0.7719967525431599,2.5693491498377705,-0.23749656219532572,1.622794179819683,0.5203516205524177,0.459044345889725,-0.4499914323991545,1.0948275295807752,-1.1566609316639607,0.3123355075161895,1.1790876149238096,-0.2393932798736138,0.3047970528849172,-1.9634666503729343,-0.040838742918408916,0.15191437029407506,-0.5300830042813439,-0.6048050260284236,-0.2511214688745712,-0.5779442416903098,-0.3182610447192333,0.6118152239864532,-0.21503336435761453,1.872171833707659,0.028710533950586703,-0.0893000983842187,-0.0926941824930753,0.6899021928674982,0.6075085665869269,-0.9395543906742172,1.270352553765584,-0.3782368304960606,0.4529417222017881,-1.0002705692478902,-0.42102922244869967,-0.295022372185908,-0.2902309294224654
27.32991542554221,-1.5255576881729138,-5.2927537608329525,1.6492378970382706,4.3848275264019785,5.4267391784943415,4.145590987762783,4.858122340762541,-2.56093108846543,-0.9829437406959598,-5.747873776937691,4.374192971849971,1.2883641297657946,-1.1729718680965004,2.536410965385955,-1.0963868769103784,-3.9526904312095743,-2.167336177765342,-1.8773455775870478,-3.795012740277451,0.9565142336260679,-1.6353502419881991,1.7371543599818786,1.519751120723372,0.5531361513985222,1.9965748521788285,0.6412599158522581,-1.8461719422039837,-1.18559512882677,1.937035338292603,-0.8943934836201892,4.406067474167874,2.9930963710791985,3.3848474112057296,0.09295815501434379,-3.707950062587468,1.6290822043683995,2.4604432640541507,-0.18238270382208221,0.40742514232437593,3.7083360999442503,2.564557604885975,-2.3083538656814193,0.5671738229244432,-0.059846902533456536,1.8270607807157826,0.6776650536739,0.3428705588190598,0.0986542633711115,-5.184211983737307
5.245323597811907,1.0124533049478253,2.792066457641247,-1.3018157305215154,2.3999399067656055,2.419390157781839,-3.154123053060224,-0.6592091536230039,0.5285855105060191,-0.46558979847931703,0.46027423403183687,0.030976262177351367,-0.41315109249322546,-0.4738754928609011,-0.5569691309272264,-2.522838807442016,0.3652595313143416,1.6324078015126573,0.10478246093463017,0.6440544805935382,1.1982905619203774,-1.0828248550687722,-0.5972516441548601,0.5966268087008141,-0.42433140591186325,0.148315568984743,-1.2005097769555824,-1.0636567185479326,0.013750344059893144,0.5345550875213244,0.04401933368696445,0.31519890484203916,-0.8405688271078077,0.3623809441852256,-0.06857650948121222,-0.8100837867420032,1.5324406881375978,-0.17494124336947525,0.6476178127278486,-1.7116393577637705,0.438925614244367,0.09381764922693087,-0.4524002207935273,0.9164712339228678,-0.7074966503091397,-0.700976029702199,1.0933865401579486,-0.31202504962206523,-0.5654157161308183,1.3093462877303952
22.382639221971484,2.2933692764636744,-11.181922275715262,7.907244608499285,5.737322582493331,3.648184937620779,3.3693515588708154,-0.8633049669309881,-2.4131369487707404,-1.581428906652957,4.017853716868131,2.8373752930344915,0.48258440935674396,-5.664931951506747,0.5747361123383827,4.0241939150283335,2.0524715842408288,-4.143175939279408,-1.1473162964012347,-0.08809225325737993,4.281251198816333,0.12990480498000412,-3.288746842480853,-1.4253054233065516,0.19306576260715558,-0.4003075896663715,0.6984013029686658,-2.722765800814863,-3.865351054557435,-5.149521981827846,2.3736611458110852,2.6740677572441416,1.2086433576738553,2.098310455038856,3.1174850278313015,-1.3972510638409354,1.3886892660543255,2.6296162870152244,-1.674282940378051,-2.455610228134159,-1.78180879184628,-2.7597257023732293,1.9561391176816243,2.9014028142207997,-1.3139889205774797,0.32587832878529877,-0.4281968494999317,-2.9711633201676566,-2.83139360545026,-0.4507783986188998
9.826349092125394,3.243400163497155,3.2835855175210966,3.4581742553561794,-1.652452660934288,6.054459179890871,3.6245478007606335,2.2453357094119326,-0.6252637033419183,-1.5418013642218882,-0.06491421921759762,-3.4583778876504603,0.8429678320143966,-0.23068641679938084,-3.0453691642832568,0.8916155402562813,-5.363518156391953,-3.0591614583468263,2.0927756196536,-1.5048699966403205,0.2823139244140134,2.0397490712535,1.6366066836434068,-1.2396711031460101,1.740406602393176,2.543181240498999,1.02940334264076,-2.2019642961433434,0.7703753660303942,1.0377339932554464,1.7650669784143678,-0.22113724852025884,-0.24451047253232264,0.06645358261799877,1.507809613284564,-0.19608928232268835,1.9975630223297385,-1.1974813609437742,-1.1698917752727098,0.23045996469476016,2.4903801024892913,1.315153758576829,0.9680078516124107,1.1362270862510646,-0.44598984511528894,0.02916906915352188,0.45246735157463824,1.921714046061746,-2.2221716743682647,-0.06716595400274727
24.38950179827871,-0.516769194957574,5.777606233614868,-12.868101890539535,-1.3680753475113783,1.8870475555565716,-7.194850725471068,5.992054501635778,3.4259179742488657,-0.9437103990074267,-0.47506184531756956,2.0656228571740805,-5.59018547322881,1.2338907948771873,0.9824621567521346,7.2146945218679495,4.364394778651361,1.19671457167631,-0.6260297488578532,-2.9955010276619367,-3.9745973658998377,0.36918072011119674,-0.9990691991129603,0.7323947012185874,6.210637631128458,-1.9968226538384082,2.2745294693292792,1.7171021224835783,1.6828047015013488,-1.0301887918033432,0.38984772864759515,0.42751039381989364,-2.6503295449743125,-3.764602560732898,5.886212870499002,0.6492012077113448,1.635766576733658,-1.535944540683181,-5.107916359629323,-2.6921453433890274,0.8712538121770592,-2.1862115119582697,-0.40187092460821094,0.037259249309847475,1.1007332314447673,0.8387985447948771,-1.498637526303181,-3.17037005199142,-2.2054857432773662,0.7861348871182581
6.841802545331526,4.033764962895367,0.2921434760527558,3.8590325377860446,4.869846257079377,-4.842620660032019,0.4944229665614854,1.887445594374284,-0.7769726239167662,-0.33542629993226547,0.286122616148041,4.0932766155158795,5.768094024541474,3.568745842445581,-1.758902394424896,0.9172826232648958,0.08522309237472506,-0.5703578064555077,0.11623561989620412,-1.761552459813234,2.278139165991109,2.657484110187446,-3.850299102383164,-1.2668722592743984,-0.5221423925148487,1.8434751007911934,0.7226222761453128,0.7873127629270744,-0.17211377274054696,0.02292657531382114,1.2526781537172071,1.0367905911401984,-0.2937051722872565,1.2832068077912981,-0.09970529607148937,0.49254919325395685,-2.298345388640648,4.487934710615047,1.0317082298660627,-1.4603191117621888,-0.5535635360008551,2.0556544534442067,1.2292793350717377,-0.5390978475999461,0.7587780069300036,-1.4262676781945471,1.8303980882029847,1.2659651247331476,-0.503226881744396,2.1298438266908826
5.548229679839552,8.891161367089843,5.681846327587352,0.07237493837570974,-0.4688944325182054,0.41535590745169004,-1.8813930792069042,0.0909354500477082,-0.0202990666022011,-0.31593809855569943,-0.19773367551093934,0.8588061383762209,0.049531265149028905,-0.20599147682504682,-0.9820291523889029,-4.339247839210738,1.5313062501272112,-0.7206417311428859,0.8838558928451474,2.0484888496814264,-0.908709730303292,0.3219311036291195,-1.30605686343462,3.0671441469440124,0.4707954909110051,-2.03622390543106,-0.8472740430063872,-1.3444327770368618,-1.1948416654404541,0.9437664609813641,-0.772893501614892,1.344175580335203,-0.9785481787194825,1.4003002769349244,0.395973787913973,-0.528739948829237,1.7724637617367458,-1.6278156641528854,0.9726910756757643,-0.777866955811007,-0.08996871697072695,2.012129612003357,-0.36409691776014974,1.0592208114348614,0.3602779799976934,-0.33118678684713343,-0.7966923454300912,0.6231324863881263,-1.2833315486497865,0.5490068484704653
6.21188514716836,7.360318899985706,5.499758808552945,-3.489537891488932,5.815624823337805,-0.36109618084323525,-2.4278472752662448,-0.9676311044878978,-2.282006272838973,1.5936506100641583,2.540949750905987,-1.3214863334488136,-1.1768424858196844,-0.8676578417388767,-0.47586755109624246,-5.333939219096691,0.9734734853384706,1.6492211271623916,-1.0021014299610496,1.4288043689824959,-0.8041055266123298,-0.480561590932569,-1.4135302387939983,1.6828356591785303,0.574399766436083,-2.096730603043831,-2.0562276373508745,-1.9020970502344534,-0.3542407403680315,1.404145506604399,0.3854252689172316,1.7678702720319421,-0.4130639612086414,0.9220110316240497,0.06694390365608166,-1.0022064716186188,1.1534839071735397,-0.5101106234577792,2.5505441842631487,-0.7618437944971803,-0.7940109452021735,0.3691418336995148,-0.4874694340558886,-1.4007371122339787,0.391833179509644,-0.5515246348224212,2.3278055797692514,0.7473214531891776,-0.8852680397223384,-0.4956744796073299
24.963676726863934,17.71273781002887,2.5106253523787467,5.775112223633191,12.851725020470887,-4.515463524518427,-5.449103685330242,-0.32976726680939455,1.4198588018386245,0.2902213715775116,-6.433588445183039,1.2539638965412538,6.814449477905482,6.4089234609747,0.4903499371408191,-1.594559584207824,-0.25456138568913333,7.061776040859189,-6.806502166721472,-8.157653531816122,0.7296755450230686,3.676716848146591,-1.5910887329896335,-1.313754913253868,2.2625415742258044,0.43301138689739327,-6.600392336199851,-0.0015337786607249049,0.37105909619403243,5.407448261091753,1.275706671637576,0.005189035095989558,-1.0775603181213462,5.990767820261658,6.87604003377933,-3.7223203079268523,4.534437726752131,3.6270104430414136,8.172591251034852,2.07657598544681,-1.3758682224413468,-2.0382130424162774,0.0956233987387681,3.0328893823596483,1.6668966361524615,1.4297078421310718,-2.391624215059937,-0.7391020711306757,0.33191507064871173,0.4308279246165939
15.392028194250273,-4.333382303170296,3.1679773072109696,-1.0304798151009622,0.12649569519515658,6.9009234373054475,-1.0961247666923666,2.7418257124423935,4.20590335252341,-1.204711020309179,0.997094883661602,-0.5091672010046522,6.357957241087226,0.8232125856876488,-0.07469215804089813,-1.4807608501636638,-1.0834612407793762,1.288039313397178,1.4521503464264283,-0.1602978535061066,-0.8326046151815509,0.22001875517218583,1.5396439982054573,-0.018571151630242644,0.6505235470669901,-1.6864684005425306,0.1672424929562808,-1.522960166337939,0.17281395086345283,0.3177447703605027,0.3146265319137076,0.1354082728535484,2.368925018927952,0.4930311209214676,0.3749842649573169,-1.4688094235002613,0.08165352474707943,2.0425231408509235,1.1611774536359971,1.3834407828336097,0.8693913418001298,-0.2110865512358553,0.8365856479892024,2.047058142817443,-1.3683615510121787,-1.138314678083871,0.17035595234722645,-2.109240862644966,-1.5550584210390124,0.9192557384797753
3.1734165158560748,1.0533087421911187,5.640717236874542,2.1526340219019637,0.8480906851894388,-2.687556529148007,2.0536621267558006,0.2541112984484225,-3.287435882685863,3.1073076575481045,-0.5112339943103954,0.43294271003448176,0.8808979051908367,-3.0518263675201003,-3.7797587853157624,2.2040346603498704,-1.1533917786365326,1.1833874227407803,-0.05988745044708098,3.031675366698918,-1.2857487183062999,-1.7417506523901491,0.7563102526477714,0.16877247013572555,-0.24406697709818645,1.1238500807629817,0.41784362462540603,0.5640490356834534,-0.3133412764696328,2.1050955044315267,-1.5174267898755878,0.625613023965051,-1.4820873446625091,0.9259951579353788,-1.2897064141544583,2.3245120264483705,-1.2232274330110002,1.870997971015913,-0.9244695955713761,-1.9682197937204249,-0.5236021832585175,-0.9875065056381969,1.6305504755661357,0.37820501384760413,1.6883792116528027,0.7962607994936902,-0.22404626571142824,-0.050227120791903085,1.0018893368186692,-1.0903754603456042
11.564648105723267,8.306685181693647,3.3734146544151424,-2.279597321608784,2.312371721387929,6.558384830897686,-2.0958774336081403,1.7245102845885913,-0.18552023882532417,-0.9664965568393616,1.8808867040870498,0.8877182504065935,0.2289658544380269,1.936488240795392,1.147465811478825,1.3925647098340395,1.548915049189425,-0.10265440128795614,2.956802928641554,1.6248256365780094,-1.6328775297867348,-0.361143878059492,0.34306246309821575,2.0236901313648072,0.7892673396262787,0.11281383021016711,-1.0845744473632266,0.27233789196028746,1.396727642397689,0.5145413475274792,-0.6010736535129624,1.0460995044189196,2.079429591865259,0.852114851019091,-2.1587681150021454,1.6188153251293609,-0.7675058365768419,-0.5132538235954558,0.7488115951132199,1.9910308868317763,-0.9197061222645087,-1.1691387888888651,1.0590886090042502,-0.44059053257955916,0.16590929010241312,0.3529215788043135,1.0379015867087347,1.6476645104866603,-2.3736683227631854,0.06988464201702113
18.30993599223038,-11.30775348054542,0.527662993815947,3.809159468576619,0.4004394196296473,2.259089181893365,6.371083712097004,-3.7264093781450844,5.817810106936882,-1.530924082366932,-2.301724366636283,1.0092640986220789,1.1696427253970048,0.9108037145461226,3.670839324141835,-1.77962448307328,-2.450813806917899,1.4121384578300593,-3.314005863696673,-2.3521966133059364,-4.556995595864871,1.3506368178586923,-0.9014696422604969,2.582849405292083,2.7390383830364238,-4.056341736060613,-1.188952038808152,-3.1291131767264284,-1.899548792514281,2.639250909172175,-4.148937649876705,0.21628410016672128,2.3753391320547723,0.4401416274841212,1.1684364187661884,-0.9165955714520571,-1.513978779067432,-3.1904358829060837,5.776811312963142,-1.4490159565366034,-2.363134995501232,0.9397331848207253,1.8105550624508562,-2.218857438583234,-1.3327038307149337,2.246783762165535,0.4899915020171888,-1.6288131947967126,1.409620689138896,-0.4138906703487044
11.090981539033368,-7.860753337438378,1.9932132933639877,3.270806287830945,2.167954884414814,2.372895478443151,0.05598470338191358,1.7093297334128021,6.48187643761764,-3.188692889985243,0.08520266039889096,-0.007087957947182977,0.14707714324490762,-0.7598265241106594,0.8152274591037009,0.11813582206997128,-1.9341833698425264,1.312985108399991,-1.3101332237869794,-0.159317406780422,0.07332239630167148,-2.186223900877981,1.3986280885912072,1.4500415203621801,-0.3472821086887253,-2.2519159970518374,1.1508712096812717,-2.8615906683538994,0.20491531177893668,0.6811623545447606,-0.7650480449126867,1.456240665495302,-1.5892006883811773,0.9930495191170956,-0.6343723571321233,-0.56409150004433,-0.38174342111999904,0.8580924849984257,-1.0900799194436115,-1.3307808015662907,-2.07849366799046,1.5364758844225548,-1.616948525930377,-1.0687515546752966,0.039089234289376745,-1.2232797454115694,-1.3052226948346473,-0.7576767527779619,-0.44064428230287533,-0.5765808563610667
26.95949826923095,-2.6171357224111187,2.2068897321265073,-5.618851121937059,-2.3184134706681867,6.025000601982036,6.7475845086526265,7.983484450192458,5.433865467028626,1.0118475197866683,-1.22810543747472,-2.5081969035831926,2.863032359153629,-1.7232509286411304,1.55159328637024,-4.653744490746057,3.675320933837617,3.624721694816182,1.0768212184059414,-3.098987184112248,0.7418280236960102,2.2325136033997968,0.8567464046175675,-1.3500324174375118,-0.08315803240815356,-4.12038675266301,1.669212577819137,0.5625344474729825,-3.0849820970331807,-0.1842693094026645,-0.30930439601117626,2.9284220250088975,1.9507142923327663,-1.6603929322240476,-1.7673870077099254,3.295261558779088,0.0012078395389708563,2.19479414416745,-0.663403541635338,-0.656405884601914,3.210974477910873,4.578948633445901,2.8743348462393064,-0.41452968025089576,2.304131309442493,1.3961610941513989,1.6857353592711415,-0.08756288004446322,-2.3728613797470715,1.2529657996920742
2.2236331116203734,-0.32854014416194216,-0.3232501950271649,2.249371759791487,1.003079976001423,-3.2031631208280484,0.2640612988138234,1.0575304521185467,-0.9331517722467211,0.5590428377755408,0.42554283492674694,1.5312650122545213,1.51148413635851,1.1619294649850866,1.2327866626144404,0.939471008941811,-0.28862281013861457,-0.6092245325145316,0.4129527526195492,-0.25391244900903764,0.8243445208772248,1.1287888379528868,-1.3855872694349953,0.5805342401331433,0.7683142297236512,1.3949952807145163,0.09229032511432123,0.6056461239365794,1.1492160388721904,-1.2761098180467523,0.31093341285256454,-0.16948304534071543,-1.0858078469306238,0.08117553237566055,0.16888333365554165,0.31676418999985545,-0.1512328559052672,0.8764200061752279,1.7412387333448534,0.02445364827926022,-1.8462467909390354,1.0315857333780045,-1.4898990496189741,-0.3060502367266729,0.3304916483447381,-0.2124460949932159,0.06514614413122977,-0.39193074448824167,0.04766554499908664,1.5792042229883665
2.471693849548745,4.822329771604599,5.141832628903461,3.8478098569024297,-5.450134785677336,-1.369552135913944,1.2093446962575,0.548588386428645,0.8158536973144396,-0.5622608976305167,0.6740185464231272,-0.40846150671168113,-0.6882516774805056,0.40421743294647894,2.1545989899515914,-1.132986850213221,1.3592632721568427,0.28147133623982973,0.045792063127331084,-0.29518693682995234,0.7398735951490458,-1.4873945808266358,0.674642537335107,0.039655101021178474,0.5123332406776596,0.8776068773584537,-0.2532773231965937,0.28388242828461446,-0.2568079871102903,0.16840516236972325,0.672390575592748,0.4399983466170782,0.12527622266959854,-0.5895283181317339,0.050910168804867886,-0.3877394353771109,0.244922406532463,-0.9644723517723683,1.0010266206899887,-0.2121832310795314,-0.758262187255166,-0.23460366842254748,0.13232483794227828,0.07520328246641361,0.5505077447917069,0.2198101251334067,0.06088357450018811,0.5018853516973811,0.5820686015090085,-0.00474769371738662
43.23440430153429,-4.251703840905472,-4.323738437200975,-14.596623481990479,-2.1351292405749254,-9.982772424745857,0.9418878201482712,5.161677953861651,-6.211184831703117,4.814504635059671,-9.710061462886818,1.2767879877735244,-3.842017206190521,3.5079501545285954,-2.932628010829827,2.763372190631404,-1.1041850222564251,-0.1340808921426483,-3.724827079749188,1.4901801718261436,5.067348781270852,-3.7064696452639696,-2.197557886627995,-0.15157653246132385,2.7907712517249323,3.611845681873457,3.6772675194080855,-0.06481039486746132,-4.782697744581674,5.227405685634358,3.841399403446688,-6.946501901526018,-0.15469474068107014,-1.3885377296794983,-2.032001385976004,-0.6365363184454543,0.05613561918399124,0.4313521416324795,1.003357572513646,2.263555724586167,-2.615766405083741,-1.9659634375294486,4.901947115082364,-2.7233835392480352,0.5542682906524036,0.38734329492087255,0.6486174557005738,-3.510487177975731,-1.9731426939345023,-0.6843761227484421
5.122373020864231,6.425122109189299,3.286750015596867,-1.998163111082383,5.724575129089852,-0.3017764026601384,-1.9242366052073547,0.006761042246397928,0.13620187680316498,-0.574326065826374,1.4349194134107544,0.15321042955787556,-1.108182586828241,1.61590042168036,0.6770978596700701,-1.9801985984631734,0.7827166263733771,0.6111318612744113,-0.018208409356790814,0.6741015688770615,1.4877656252383213,-0.14165699701290496,-3.321296503656672,-1.6839519271658943,0.2768201270639288,-1.1398768841415028,1.2453590639167653,-1.2254863554014124,-0.25609810811471306,1.7248972129295184,0.7477761170691865,-0.3944312446307047,1.3202333421733092,1.2521876581393696,-0.03147697689869683,1.7750449235403398,-0.12811788038467933,-1.1087346067641484,-1.113385297443051,-0.3711189153167388,-0.15361824585813666,-0.4308929215300766,0.17007774976729573,1.1082006204697605,-0.0824971265115795,-1.0132146608723536,0.22742263555326975,0.19477472558869127,-0.97630762869805,-1.7392177458393134
11.645834283361832,-8.184984644048171,5.612498846866923,1.814711772531961,4.911136819439042,-5.578198669369142,4.982395459416952,-1.6433856681290024,-2.7680712186643692,3.394562646965008,-6.710481546456088,2.033955977534345,0.5530185611042532,0.4452172490225643,-0.7282109219168444,4.131230260559913,1.6709825434953136,0.4989631823308049,-0.6824916341399285,6.2105465118193495,-3.3194195831934925,-0.5620343958339793,0.6495243024355022,-1.0656275976730243,0.48263980176714183,-1.1780089725094114,2.9313622362157554,-0.8142965973106646,1.0411236197606257,-1.0735453296483235,-3.3191093109514176,-0.49838276308681384,2.5514089848223076,3.130131974217825,-0.7542721089595954,-0.08182168920032039,1.4791986121235572,-0.5416402493164693,0.20491546910004801,-0.5381030962019271,-1.6344726952990942,0.22800655518023133,2.5272495110797597,0.8307817147048171,-2.0591137586132806,0.8409435843894709,-0.9018916736063861,-1.4885789450897895,-0.16042732632288828,-3.339178012563548
27.092659518422607,19.328239600924178,12.33406230223005,2.517933195471621,2.694819031675707,-5.20048622435959,1.6480392621538198,3.367157968174873,5.856628471917829,4.8717226758302274,2.297357244570656,-5.039039473701698,1.4381179404082103,-8.301001824135671,-1.3164697047582834,-3.4422706734895785,-0.15035808071081536,-3.0145783461990496,-0.31179278506620706,1.3999254252248043,-2.7357849185377066,0.3698139350183477,-4.14304894661521,-1.7243253283750493,-4.653367098707086,0.6857226385593618,-0.9758785375834271,-5.477987708937585,0.2209013430326951,-3.0570800241981653,-0.22245395484542296,-2.4239863807457773,5.956898747075489,3.353010368110277,-1.24471356066752,0.5389163903650744,2.8816657168320186,3.884841750373323,-1.032509463167606,3.070777821429279,-3.9400171462439,0.19829048956046297,-0.3763853002176891,0.4287010509495811,0.22751378425174446,2.6766784102499326,-0.8666512716856054,0.7256882459536445,2.45002432402183,-3.739938985270897
2.663259822368652,5.748226099858489,5.176471377992076,4.3355535732182275,-6.272023796239223,-0.9927976383041858,0.6757015421882921,0.477782389844772,1.501641543236208,-0.12061493466943662,-0.5739751186631811,0.1303255033827,-0.40013693471884054,0.926147759240832,1.6223871538322268,-1.0001126695409186,1.5539798508980867,-0.009328160244872472,-0.25218982111147015,0.22790200471849953,-0.052629192581599704,-0.5270287266318743,0.48290137192163907,0.39017451526621594,1.0337676945451681,0.7756079095561581,-0.7653588332923077,0.05075599468563749,0.5927932519793198,-0.24493462708335306,0.08066460286587597,0.35512057582255835,0.7028853943929044,0.2403759689174712,1.5397101868913454,-0.7383913685504806,-0.5369992048174803,-0.9728758355333629,0.21442949162629554,-0.43450890954453636,-1.0516734818626705,0.3988803747694201,-0.8779523891115838,0.5413994943465236,0.5626947779213003,0.3314901214656279,1.1444706771723845,0.29324864140633994,1.4275748593426056,-0.28209083813817226
16.690510529316615,7.147348758792608,-4.922079246567626,7.672666047742142,6.473149652908618,3.720123918917839,2.299744638027788,-1.5367301239489806,1.936032415191695,-2.2431844458529633,-2.8849785543596984,0.013063285164095662,2.3169247769190933,-0.6671218925202951,-0.5321134112684174,1.7225677212307737,1.5450530849802897,-2.7486468496291385,-2.282522137590138,-1.3076390188239813,1.360174657971678,-1.6658706527371416,-1.714303692623973,-0.1151767875278096,0.19695767874943543,0.3272200148133768,-0.7591246954122031,-0.8039706862728816,0.9880511545557147,0.36990908230815056,-2.6326712526229805,-1.4488893063829344,-0.3902996613745864,-2.876979801649126,-0.27661849873659977,0.015568444100110213,-3.7253937367039605,-2.0671872671035287,0.04867714463493211,-1.5621198772339204,0.35752464430397546,-4.471236873007374,0.16138608147883546,-1.7406123722088525,-2.3485792406371706,-3.583119468637045,-1.8184136104520658,1.199360876316617,-0.41525226099862406,3.3459870726305985
21.71433195421609,2.155270113059852,-11.128316466739633,1.1693617525764135,0.19150734562673444,1.6712708095210758,9.845614421603628,-0.1672872721520114,0.589837653019646,4.349106819300471,1.7435512146039418,-1.551022232888448,-0.9139554201734603,1.2052091735673325,-1.1048307139433864,-0.31817723986160684,1.7854397383539924,-1.130179195113458,-0.6211357563964128,0.8043037758613796,4.9609325715313854,3.1281084932825407,-2.385690030007477,0.3783892003116397,-0.8639110582068706,2.154042725263893,0.34028512711415504,-0.9346638459029193,1.5537198075611618,1.9540165827789187,-1.6207020893531903,-0.18694400685991996,1.2461785093390088,-3.568816750849731,-4.163075291845316,-2.4596872075192433,-4.144351343396194,3.4515169720987524,0.8171234144759345,1.8974371574973694,1.941990600965961,3.5870567960793984,-2.2688088687265706,0.9104157049136035,2.522620640324975,0.9134722691298841,1.280065984378929,3.5342707029242804,-1.9345351936672992,1.4687373199161158
12.08507051533094,15.475654329674303,1.6447142672129234,-5.759550751117706,6.207523433692396,3.753277540690035,-4.0274334721843355,-4.927632488828566,2.5496462907585027,-2.5393400445933074,-1.9948044459586258,0.17688457046316847,-1.3217982166857678,2.6674583031244388,-0.23499838590074754,1.3114886314176708,-0.31666690440405865,0.239120430472619,-3.627552881276757,2.053073780892105,-1.3690064317760782,-1.3761652630799057,-0.29372022315466556,2.214212309512506,2.64124344857304,-3.3061121861389418,-0.9233421193094268,0.31872677001327426,0.4609417380790032,1.2748400685493044,3.7116808975284132,0.3867525341717948,1.6425770120835324,0.018097399876805476,-2.2444292789911717,-0.1388300822792063,1.1126636721156558,0.6428000980271907,1.8109057647837772,-0.12611945887942055,-0.7393765281680246,-1.777937243045495,-2.3702804181002417,0.18982005965632695,-1.138124298952043,2.9292255820538,3.6293935413730387,0.9160070185200314,2.4096523926888125,1.2864182827741701
17.174140103466083,0.5124299622564623,3.052980324431042,0.4760614653711395,3.2213995538033426,6.638302897456632,1.5839774208965256,3.9415279717499168,-0.7685255726446693,-0.44700484420899117,1.9460123118916286,-2.221493986405724,2.05492784649916,0.1681351646629852,-1.4789588428882965,-3.463248924318921,2.5617691300432117,1.4352649679566214,1.7537858338980332,1.334203559583067,0.734928691588485,-1.4783993324696914,-2.906596074512578,-2.2785736075312117,-1.2054728838088988,0.6268659491305304,-2.067881854078748,-1.9159389954545418,2.1740795630449465,2.085507733249659,0.17392599226015562,3.2391651821778584,0.7286465535246673,0.16827436643408722,0.1989479953203276,-4.907445284721412,0.09578519358681459,2.747674815433172,1.9215873026623753,1.371065833465383,0.23316453903703427,3.2095632828725726,-0.8585103140774477,0.0674804413757239,0.25399914953887903,-0.5282081032960332,0.29764051774526856,-0.9679622029847312,0.46168187997019605,0.42041829951413123
3.0693444503267737,2.6565109654949604,0.6987347720120781,-0.24326100658791983,-4.143221603796861,-0.37916149934007704,-1.933641000089665,-0.35027968261422654,4.61107465038663,4.721752716720469,0.9634641012838561,1.1878908542514295,4.232269731364774,-0.9299482554103032,-1.9505111324244904,1.3261816552548156,-0.5722771830592173,0.5972867006292615,-0.9888054802767405,-0.1568578963065464,-0.6975121738284935,-0.062068443804985156,-0.4225315711283199,0.09539278816507177,-0.4242806792704784,0.2642949955339773,-0.022476389921610662,0.5893491511790971,2.128218383983334,-0.4549939708143363,0.7080001642963223,-0.7617839315807453,0.007011201568932202,0.9313300216937209,-0.5666289378175056,-1.2572776219024324,0.690046475822177,0.020220311387706795,-1.4562434719580117,0.7556829707182303,0.23799129602878455,-1.0217246110518294,-0.2776249656835752,0.6037735780438799,-1.9226912410842878,1.0689791460313545,0.8077499119165314,-0.957735392603227,0.454159121922701,-0.1481045404485446
2.866093519115078,5.233207348317973,5.360173281032645,3.9663981907178125,-3.8890698344682373,-0.6057066936284525,1.153679393646516,1.1707363731589486,0.7263728360474032,0.16754839591342496,1.7248060590938934,1.1831353942277811,-0.5663217380613481,0.3080858400423928,1.286749740845012,-1.2369851941691885,2.0155406356535543,1.2018640181430968,0.6925048246663594,1.1386211337685341,1.8623826381696569,0.16868080226725135,2.101588667587849,0.09354844120139191,-0.9569406336702317,-0.4078366257774682,-0.5784068474496891,1.7709937264776285,-0.6126930906437269,1.0324620408628842,-1.6426200628173202,0.2742279922374797,1.6200738737934923,0.10399779104074017,1.1519836269379533,-1.6334227681323836,0.4638601883505793,-0.35122074568481365,-0.5397542563394775,-0.5800189468002167,0.05159681701509511,0.5208496209067695,0.3154133234048109,-0.9805360744776136,0.04086427539987162,0.6184790276602878,-0.1431070223992309,-0.1948485023712666,0.717024212020718,1.5286901563388842
18.510247274759212,9.588550405150283,-12.306716298567656,4.384757239539373,5.5035116977988245,-0.7604254535049795,2.3562123798561885,-3.7211776023821197,3.830900455646935,-3.215504790862453,-0.5083507400880716,-1.617947912860946,-0.08368303875207436,-5.778793125747756,-1.3667883959290452,0.804969380972305,4.342745322361251,1.141712678749095,1.8477572621056098,3.7945014891251945,3.314308710448649,0.6378393197667749,0.5640804346959531,0.4195794658224248,-1.3787656130762367,3.386279605408914,2.9114417487301605,-2.5804141922111263,-1.8575686860281215,-3.5949071675308995,-1.2919954308990786,3.167980575304054,4.532348872798618,1.276864880704546,0.16697927198215745,-2.504360544378511,-7.680217413308547,-2.450482748269694,-1.0442186977904362,-2.2056274341853745,-0.22204149144770946,0.6614357689842112,-0.33580799946831696,1.391156179714796,2.7978785349158604,-2.0702661347088815,-0.645592839932963,0.7485030606095547,-2.474058512324068,-1.9142517871895823
6.898601812270178,0.3122887045110102,3.60772018936878,-0.16061176721921674,-1.674204162814648,1.8875803249587049,1.975471309616466,2.209499619726362,2.3862348578660617,-0.8762668957484785,1.5435915032051213,-1.1144785136362823,0.0038208735898842827,-0.5759686374796398,-2.8764631285895947,0.751657795665536,-1.4890309253617007,2.3088198130495283,-0.8325930845145454,-0.3266794869435493,0.7570399190889978,2.586402326072711,-0.9259289954891583,-0.30240905108256816,1.0763772659603486,-1.0953101984096327,1.1239589572239261,0.44602384921786065,4.778122392232918,0.34203651917587674,1.4557664408880355,-1.888429078981819,-0.9318823017116935,-0.44994172066284727,1.4369930412138163,1.6152657968879178,-0.6570883654228958,0.13316075891239956,1.6216502270394995,0.752038709536357,1.0340418779475888,-3.6656989700722864,-3.4428481464303458,0.8571386285493874,-0.20798827484106003,1.325589169428968,2.3435150697059317,0.15946587460682377,-1.283088492415279,0.3344921143521826
12.256003734453202,-5.184105645637338,2.4216639447201587,-2.2304873077468472,-1.4850155429148388,8.316007366870899,-1.6528861779371447,3.4355329613824876,1.4916227295884685,-1.810590718718826,2.1211576140440727,-2.1138836589347934,-0.1686075100276545,0.40175675348434803,0.168358027681017,2.9496693384779693,-0.4367083020731789,2.1600580757675116,0.4684209340091507,-2.8271696177399743,1.2983650053568394,2.705309972684964,-1.144330872563905,-0.4985750048822947,1.3727996700348153,1.6328574592545464,-0.5114102103602258,-1.730171672277156,1.6230654642623639,0.0055061928038028785,-0.4475105388272075,0.36674914991305585,1.2262691509465546,2.2657171486406176,-0.5920231082171357,0.4881188905863212,1.0359877272288713,-0.3892401128906527,0.2651584971729508,1.5516067836868785,-1.2657054139007209,-0.8783911315411451,-0.6018630703404961,2.2517439025031556,-1.6490167147138515,-2.3697397140095853,1.962120006650834,-0.5855667996028777,-0.5707702453155434,-0.2767659728806551
8.380136458107783,5.0073478034865015,3.5236337038759444,-0.44747582448366474,5.679491794048145,0.9048399722551072,1.9913943688099363,0.2514674988065645,-2.9273965514365985,-0.1694042510067379,0.2625847480692408,1.1025786577638472,0.6191535180795824,-0.8118163498110151,-0.48598355218798345,1.08429589941953,0.0830458140138636,1.448647953903378,0.7611024562133086,0.15744202453288528,-1.437497619986375,-1.0065675452886929,0.8170608604349117,-0.7355018115040951,-1.254002555749159,1.283142922476528,-0.2771888934359562,1.4431143908947075,-0.781206325700844,0.4836009563200882,-2.2211500374135573,0.7672239785307894,1.10420435141833,-0.3272304922477115,-2.0261929730832633,-0.6279819513399184,-1.7651958576198155,-0.3166396193938114,0.1337735229527652,-3.2461983732838533,0.2829503213419845,-2.1762388963825345,0.9498541341005748,-1.9148559926631874,0.6517605907434046,-2.2636542458740245,1.085402074631233,-2.21595001344894,-0.4891485193199755,-1.6135049232584415
8.533506811443848,11.18405213032544,9.994679386597731,4.416757977581705,0.18774150853139004,0.49366976251523653,1.4769369644421055,0.391847384691021,-4.631497797176777,-0.728964870231788,3.8786598375660155,-0.963806243716741,-2.420733887915937,2.681415794488665,5.617126279491401,1.1190659147985205,-1.1418682470867028,0.685656320316863,3.667964231186155,-3.3405779104050257,-1.0008358412962248,-1.4622205472768508,-0.02968467125848706,0.10367556737656268,-1.3030506091197545,1.967213156550987,-1.3706846786319629,1.015205781884854,-0.7989723267805904,2.0194575819605243,-0.4159459074280516,0.4248899898154179,1.809173933401042,0.17219944015707442,-0.17738987265320524,-1.4200026391068685,-1.946175018994873,0.5594580300040894,-1.0462567062357884,1.166563842061879,2.6337992903469685,-0.09218895045180081,2.992103384965527,-1.8640203133628157,-0.11032304993591288,-0.9016682328264172,0.3891228297747584,-0.8887502358069113,1.181018157579833,-1.2338520761691014
34.88800763285445,-25.227143159792654,9.44088294568909,1.9438362125261908,-0.44986387307221387,9.420105565791346,-4.917757735944282,-18.96622950010811,-4.376477682292539,0.44715843285018586,-3.972256524272506,5.706504624870993,1.0529313808982959,0.5739630608321138,0.5332815519896338,-5.716852642812537,2.475120369067696,6.804437144363944,1.9185469778374995,5.411626956027123,5.258035265738731,-1.8066900390068517,-6.690456737402316,-3.3907191627860396,-3.624982774479258,-0.39672096193707374,4.056162196171933,1.4349099934349607,0.04336238623165911,-1.882331867115804,3.462463059944214,2.6938652035290143,0.2550077448310081,-0.14979859466646306,2.3452988639336017,2.2592732051166546,-3.8847602172391147,-0.8255325062171917,1.1230125691257522,-2.2081468438638394,-2.680498659942545,-4.481996497474444,-2.9001282447763064,-3.801407380846825,-4.220595991527613,1.0861581722404186,-0.8493581143446697,4.812766500587302,2.197348798915386,-3.690390104881703
26.627495669357955,-2.6160350872974547,-7.628924499861269,-6.5858696302055755,-2.076315113862914,4.817600919098029,-1.1447998725477857,7.289945681153964,-1.127705960969995,-0.7842865778564837,2.1706430832094186,4.953929139438114,-3.8888733094601413,-0.2800033910448828,0.5032326388726184,-0.011622049465751294,-0.004407163455491192,3.314552096168288,-1.502468616650466,-0.4266694938955934,-1.70164146889941,-1.122526836069826,-1.121353674865624,-2.999291595511532,2.2548920642556074,0.8790521991124314,-0.9282888858709537,-1.5049818371363277,-0.494712231081932,-1.2347774539158776,1.4040767831669458,0.9846367476639856,0.3751971681752744,-1.1177015783200481,-1.146238870760383,-0.06632545996044459,-0.6360303810829724,-2.3290534144417205,-1.7217912681941834,1.1311956027923036,-0.2839468907723839,-0.25367820120628004,0.31145128413550804,1.1793944385981134,0.008639403065829887,0.7735959651093491,0.24032678341603814,-1.6397913550769483,-0.4299236238052282,0.807210892807042
27.734659340551147,-10.311843604109296,0.8662551854709024,5.090465263183235,0.7027136206958431,-0.5081591996438382,7.249525501457361,-4.5583329003736175,-3.279665906807791,-1.7246360842154433,2.5774866433072248,6.549991377378934,-2.932363154178872,-0.1581707582913116,7.209761518806401,3.396372172076373,1.9581031390820007,0.09078578993987774,2.852129268296882,11.291842254347369,-0.6556429888874549,-1.7564788622052094,0.5559961187134366,-2.612463718844481,-0.14363143252962168,-3.601709333828362,-0.8474207492181948,-0.37553092568857643,-4.532309348363087,1.9125099563170576,2.1774868923424817,-2.5307708573733003,0.41034047909115173,-3.1926659950787695,-3.700489306521828,-1.6663785706048784,-0.18276167692481482,-1.8120937233778918,0.850634785478448,2.4163595559195827,-6.576413390635856,1.7321726954612249,1.031004500638487,6.219612226935391,-3.453066410056407,0.12094453118150184,-4.710017212911515,3.2624639932327817,-1.7094039872679723,0.9553537386473868
7.235901253020677,10.253068862768677,1.1633912463364673,1.3620416640271267,8.276625282778891,2.716594178978146,-4.302035655495268,-0.9691054091248127,-1.8239042755131436,-0.26485725563184015,-0.9446205787837201,1.8403612641055052,-0.592066726850729,0.7814602039180081,2.768947166571774,1.2812312506761003,0.6490420549477237,0.4929154420752308,1.4325637128545152,-1.37939815846919,0.4563632258159876,-0.9895350276032349,0.6410663801672886,-0.8976701540332381,0.43506849868384767,2.5730938185449466,-0.8022797419695827,1.063149532834288,-0.6470174957429893,3.4854574416446367,-0.7726041775706887,1.9699013712033788,0.16418569675832978,2.1520064477250767,-0.8802715034025173,-1.6053947588244313,-2.4059793972419405,0.039850330800817346,0.4743803163646797,1.2664450760553836,-1.5028859870769664,-0.610520424838026,0.5476396430128904,-0.14568331256236566,1.8358549687386052,-1.0826336809641035,-0.1240559381273798,-0.47913740050413567,-0.9089787712542552,0.08147684235135799
14.76131942877586,18.855556831892436,13.150267636872947,-6.618999408970431,7.161657626532169,-1.578832225146167,2.4329844282225683,-5.10381033645629,-1.4335511427378653,-0.25700861647461193,5.9014507004461745,-4.311733140315329,-2.8620025897902317,0.5229253834446291,0.5906229192730805,1.7063396826230974,-2.1441977777927352,-4.497873319015229,-4.219005396741368,0.4518378816738481,1.3125822330555297,2.7146418872693694,-1.2482167875036376,-1.3041915457480975,-6.731963578720412,0.4377822485252991,-0.2412811230104425,-1.64434459210141,1.2775925618710153,-0.1978803334168896,1.8791884652356154,-1.4633693541852248,-0.49076274471719916,0.22048500831134182,2.6967873136275373,2.3099472908679695,2.876509489453198,0.6226166221631959,2.647124206473121,2.9834836263978888,-1.6868466976704393,0.9640374880173347,2.1757756357604294,-0.661722040911741,1.965510973380414,0.91896477903455,-3.358852982042581,-5.799980722368729,3.16349533613059,-1.664464844084473
5.333744123939194,5.100812571173086,7.251882501612974,-0.7782216465800479,3.5876783530362393,0.517973932356517,2.9062427192230675,-0.02920642788805411,-3.768251306704162,2.112372255939699,5.473628462884305,-1.7032126272625618,-0.23551591188877807,-1.2682252996591932,-2.0975354089179334,-2.253584494375334,-2.298053336879737,-0.8649417178289958,1.771229978222499,-0.6099717965027864,0.7796756443658357,0.07827639244132646,-0.3654168389562389,0.2945622487656235,-2.604509748420703,-0.6937683490377439,-0.0507309068925962,-1.6823544870382288,0.6746878607948592,1.637993984697121,-1.6779043573928987,1.9076377599848067,0.5408081511237143,-0.37261779732836253,-0.28121312293265643,0.4655404777455571,-0.805790083949032,1.7533563582788494,-0.9965087625335455,-0.946160681737323,0.8594631652351968,0.4495396204898081,0.6716168813123269,-0.2005025176965175,-1.0497248044129985,-0.5756711545858658,1.5787983588729744,0.029032926308020457,0.8617189835379742,-0.7414273412907192
13.844020909427572,19.583273003730664,2.5541033528603303,-1.031787955660307,9.828626329926589,5.5403365378750475,-2.8929902840219985,-6.6941708089828555,1.401914061778661,2.0489864762254992,-1.535903623281552,2.6381720345935564,-2.1634931095912364,1.3328830727063035,-0.032767431837008365,3.31114571495727,1.3486138081574535,-0.990005322584247,2.1349256422898093,-2.2642579578606354,-1.2922169064790117,0.5471789923844104,2.861055021497799,-0.44650051731157747,0.418145559520895,2.7298211824495633,-1.49205030902702,-0.5841276774543638,1.9691559798837532,-0.2251021067674821,-0.5167997991741475,-2.1799804215973797,-0.6766987737556549,-1.9334745085870588,1.2762064967973714,-0.5057954198238693,-2.0080790386914686,-0.8921096552130363,-0.08576280457214847,2.449496355352317,-0.4543884945405886,0.17644506386051123,-0.449166170515635,-1.1307151324579139,0.6399525253056492,1.2619649002253204,0.2790166871663089,-2.705819678035021,1.3128790126245398,-0.03199540414661639
7.222318295956543,10.091282512327801,1.26355760368227,0.12266836755783814,9.260311579791594,1.683845445000609,-3.7931141499833356,-2.4523831937131733,-2.1508792375149413,0.3385489085242731,-0.9029764141108143,1.8763314181318054,-0.5089744230964344,-1.8594834762232992,2.011864284608621,1.7092046267853473,-1.0913774258060254,-0.759734202561815,2.618311582366556,-2.276658919164515,1.5517893001395107,0.8784898591125642,1.40278056093517,-1.5210095847752447,-1.2894712318275152,1.6633580549962659,-1.9385455094128485,-1.6443732432718516,-0.29831134663233105,0.6222140073674058,-1.337823936129082,1.0940355238784325,2.8071886714883134,1.7838769889687638,0.7603269045305989,0.9362488087042042,-3.1781436452403082,1.8610638279094742,-3.099074061894809,0.9645968492612651,3.5323744057698265,1.4602114740271939,-0.3653457981936394,-0.8568451328192139,2.0916311449154312,-1.1952745252748311,-1.1121241260792067,1.037788014966254,-1.6959526467986,-1.5508483243815716
19.229757705841223,2.065092225129824,6.899996776815014,2.6690659627947166,-4.580914237956262,1.1353837068535024,5.311440203667711,4.584344227776996,0.5745088192313026,-0.8065329739315423,0.8341035357984048,3.835650750986508,3.3564727124427653,-1.0107319292831753,3.263181077189944,-1.537728513968356,4.177473911491619,1.0250843460510726,4.480315581235377,0.510245950431143,-3.16751564317271,-0.6952562117356046,-1.8077403405737575,-0.06618812209974512,-4.8878468598705656,-2.3257063024942717,1.6218427175665096,-4.109077332535943,-4.6439763109717305,0.9599885287570604,-2.791936364557616,1.443896006404683,-0.5684411494625321,-2.139752590761412,-0.4307583823079778,2.2808727940283435,0.6817957836612901,-0.40907704394497946,3.1269556226508723,-0.652324944746414,1.2658772801304652,1.6434701950915067,-2.3111119734928938,0.31842618383298416,0.37017838051038265,1.9520917888246605,1.2988704299794773,1.1923999304905304,-0.39156679255044113,-0.1505338217529545
4.769584441106507,6.129772327384379,1.384740374912508,-2.16969135688627,2.186901913287971,3.3790027299206953,2.676610477471323,-1.6861922651541743,0.6670373658918622,-0.13273351184522064,-0.7371288707929959,-0.7004018833485874,-0.20842212380697775,1.049632566035134,-2.0639236737698683,-1.7507677730035522,-0.5460833315178414,-3.1498907216646512,2.8449934476061407,0.9262999349318608,0.5439517223117156,-0.8315658948411508,-0.19595368927353596,0.726260892129058,-0.2926678137404831,-0.03493142141923494,0.8551576706396342,1.2029489434108174,0.39751110459165084,-0.8711243775927298,0.6705693604996811,1.8955826518344077,-1.840001454144961,-0.08550531766672126,0.9728318298110049,-0.057162630537641104,0.4497272367647551,0.7194772467283305,0.9468019668745601,-1.946350468378993,0.2957341771769007,1.9200029080110346,0.8293135850197946,-1.2674446064547058,-0.22928840014343546,1.0702007086041863,0.06453236478655466,0.12787429490151897,-1.3989648817661888,0.013419273646563812
15.365378246277709,-1.9654148914659664,5.046699986456259,11.444794334869103,-2.3355420863668828,5.796788327690861,-1.1284302759967397,1.8309624537698101,1.8939677336215333,-2.8232145499494985,-2.514136718969503,-3.1716995491685935,2.057895106994118,0.802908155582639,3.25666662541997,-0.7159739839136282,-0.21027583380740633,-1.7054696978640032,0.22051179914414443,-0.18924559432764987,0.8136552355668423,-2.852116029922673,-1.7553153952688774,0.6290671799190134,-1.9866980526223943,-1.569604204355675,2.1571251387352137,-1.2620264728749524,1.2170164740507516,4.225508388287479,1.6096718086571897,-0.48018490254985213,-1.294458816780152,1.0982715577219127,-3.3742535344686617,0.24295024882803573,6.137457958576432,1.9699563757232335,2.2923641157160617,-0.03678276000686881,6.924605603325817,-1.037406897611844,-1.9888604539401422,-1.8255099706322973,-1.8039721558020807,-2.4844078319134204,-3.826524995274636,-2.170568158595975,2.2895054424047907,0.5208521254572887
27.07247261018318,2.7670975904151422,-12.730322350819325,-5.733040935441098,-2.0234820902382213,-1.0138565217170405,-6.805431187403895,6.861487966637995,-1.8232194715968597,-3.2651629769094095,5.768349591660024,-1.0241108355311666,1.2284496310703314,4.711887555512869,-2.6675153753173633,0.7432085847827632,2.1158953364321005,2.1343579521741596,-3.253724771901641,-2.349171433547656,0.6276160865762912,-6.080049795012051,0.19709032988014555,0.5114822361909552,-3.273645541685706,-1.3464960648579636,2.0323542504843695,0.3566143472059324,3.6498727042245,2.527424692182203,0.084482938323864,-1.0221059578574274,-0.01583114187654877,3.9820413684363625,-2.623197895347528,-0.9952875839025449,-3.7938907310225165,1.1552818812239665,-0.9704008120638122,3.202314846613259,1.720323795787221,1.838407097726205,2.6722266220762996,-1.4771376542341914,0.692717683720111,-1.753377057674522,-2.4761646514852176,-0.3273332559334128,0.006328132913434148,-1.4191545941499337
